id,state,chamber,committee,subcommittee,parent_id
DEC000055,de,joint,Finance,,
DEC000056,de,joint,Capital Improvement (Bond),,
DEC000057,de,joint,Sunset,,
DEC000058,de,joint,Legislative Council,,
DEC000061,de,joint,Joint Finance,,
DEC000064,de,joint,Capital Improvement,,
DEC000066,de,joint,Joint Legislative Oversight and Sunset Committee,,
DEC000026,de,lower,Transportation/Land Use and Infrastructure,,
DEC000027,de,lower,Manufactured Housing,,
DEC000028,de,lower,House Rules,,
DEC000029,de,lower,Labor,,
DEC000030,de,lower,Public Safety & Homeland Security,,
DEC000031,de,lower,Revenue & Finance,,
DEC000032,de,lower,Joint Finance,,
DEC000033,de,lower,Health & Human Development,,
DEC000034,de,lower,Telecommunication Internet & Technology,,
DEC000035,de,lower,Judiciary,,
DEC000036,de,lower,Housing & Community Affairs,,
DEC000037,de,lower,Gaming & Parimutuels,,
DEC000038,de,lower,Ethics,,
DEC000039,de,lower,Sunset Committee (Policy Analysis & Government Accountability),,
DEC000040,de,lower,Appropriations,,
DEC000041,de,lower,Veterans Affairs,,
DEC000043,de,lower,Corrections,,
DEC000044,de,lower,Natural Resources,,
DEC000045,de,lower,Energy,,
DEC000046,de,lower,Capital Infrastructure,,
DEC000047,de,lower,Economic Development/Banking/Insurance/Commerce,,
DEC000048,de,lower,Education,,
DEC000049,de,lower,Agriculture,,
DEC000050,de,lower,House Administration,,
DEC000001,de,upper,Community/County Affairs,,
DEC000002,de,upper,Labor & Industrial Relations,,
DEC000003,de,upper,Natural Resources & Environmental Control,,
DEC000004,de,upper,Energy & Transit,,
DEC000005,de,upper,Finance,,
DEC000006,de,upper,Judiciary,,
DEC000007,de,upper,Ethics,,
DEC000008,de,upper,Bond,,
DEC000009,de,upper,Permanent Rules,,
DEC000010,de,upper,Children; Youth & Families,,
DEC000011,de,upper,Veterans Affairs,,
DEC000012,de,upper,Legislative Council,,
DEC000013,de,upper,Sunset,,
DEC000014,de,upper,Adult & Juvenile Corrections,,
DEC000017,de,upper,Highways & Transportation,,
DEC000018,de,upper,Public Safety,,
DEC000019,de,upper,Executive,,
DEC000020,de,upper,Health & Social Services,,
DEC000021,de,upper,Administrative Services/Elections,,
DEC000023,de,upper,Education,,
DEC000024,de,upper,Agriculture,,
DEC000053,de,upper,Banking and Business,,
DEC000054,de,upper,Insurance & Telecommunications,,
DEC000059,de,upper,Rules & Ethics,,
DEC000060,de,upper,Corrections & Public Safety,,
DEC000062,de,upper,Capital Improvement,,
DEC000063,de,upper,Elections & Government Affairs,,
DEC000065,de,upper,Transportation,,
DEC000067,de,upper,"Environmental, Natural Resources & Energy",,
DEC000068,de,upper,Labor,,
DEC000069,de,upper,"Banking, Business & Insurance",,
DEC000070,de,upper,"Health, Children & Social Services",,
DEC000071,de,upper,Judicial & Community Affairs,,
