leg_id,full_name,first_name,middle_name,last_name,suffixes,nickname,active,state,chamber,district,party,photo_url,created_at,updated_at
DEL000001,Patricia M. Blevins,Patricia M.,,Blevins,,,False,de,,,,http://legis.delaware.gov/legislature.nsf/Blevins_Patricia_AMG_3694.jpg?OpenImageResource,2012-01-18 17:11:05.080000,2017-01-16 18:25:36.797000
DEL000002,Colin R. J. Bonini,Colin R. J.,,Bonini,,,False,de,,,,http://legis.delaware.gov/legislature.nsf/Bonini_Colin_AMG_3566.jpg?OpenImageResource,2012-01-18 17:11:05.090000,2017-01-16 18:25:36.788000
DEL000003,Joseph W. Booth,Joseph W.,,Booth,,,False,de,,,,http://legis.delaware.gov/legislature.nsf/7f4f680c99e8e0d1852569c10055e9d4/ca21bfa03c7bde7d852569d8005369ea/Picture/0.84?OpenElement&FieldElemFormat=jpg,2012-01-18 17:11:05.103000,2012-12-05 20:07:54.996000
DEL000004,George H. Bunting,George H.,,Bunting,,,False,de,,,,http://legis.delaware.gov/legislature.nsf/7f4f680c99e8e0d1852569c10055e9d4/249f6323f6379872852569d8005369fd/Picture/0.84?OpenElement&FieldElemFormat=jpg,2012-01-18 17:11:05.114000,2012-12-05 20:07:54.997000
DEL000007,"Dorinda A. ""Dori"" Connor","Dorinda A. ""Dori""",,Connor,,,False,de,,,,http://legis.delaware.gov/legislature.nsf/7f4f680c99e8e0d1852569c10055e9d4/6b197cf2b4a02949852569d8005369f6/Picture/0.8A?OpenElement&FieldElemFormat=jpg,2012-01-18 17:11:05.207000,2012-12-05 20:07:55.003000
DEL000008,Anthony J. DeLuca,Anthony J.,,DeLuca,,,False,de,,,,http://legis.delaware.gov/legislature.nsf/7f4f680c99e8e0d1852569c10055e9d4/7b70c745d429341c852569d8005369f5/Picture/0.8A?OpenElement&FieldElemFormat=jpg,2012-01-18 17:11:05.217000,2012-12-05 20:07:55.004000
DEL000010,Bethany A. Hall-Long,Bethany,,Hall-Long,,,False,de,,,,https://legis.delaware.gov/images/default-source/Legislators/BethanyHallLong.jpg?sfvrsn=4,2012-01-18 17:11:05.240000,2017-03-10 02:53:36.299000
DEL000012,Michael S. Katz,Michael S.,,Katz,,,False,de,,,,,2012-01-18 17:11:05.261000,2012-12-05 20:07:55.012000
DEL000013,David G. Lawson,David G.,,Lawson,,,False,de,,,,http://ballotpedia.org/wiki/images/David_Lawson.jpg,2012-01-18 17:11:05.272000,2017-01-16 18:25:36.790000
DEL000014,Robert I. Marshall,Robert I.,,Marshall,,,False,de,,,,http://legis.delaware.gov/legislature.nsf/Senator%20Robert%20Marshall.jpg?OpenImageResource,2012-01-18 17:11:05.283000,2017-01-16 18:25:36.799000
DEL000016,Harris B. McDowell,Harris B.,,McDowell,III,,False,de,,,,http://legis.delaware.gov/legislature.nsf/Senator%20Harris%20McDowell.jpg?OpenImageResource,2012-01-18 17:11:05.311000,2017-01-16 18:25:36.794000
DEL000017,Karen E. Peterson,Karen E.,,Peterson,,,False,de,,,,http://legis.delaware.gov/legislature.nsf/Peterson_Karen_AMG_3634-cropped.jpg?OpenImageResource,2012-01-18 17:11:05.322000,2017-01-16 18:25:36.796000
DEL000020,Liane M. Sorenson,Liane M.,,Sorenson,,,False,de,,,,http://legis.delaware.gov/legislature.nsf/7f4f680c99e8e0d1852569c10055e9d4/394a567f51eac30d852569d8005369f0/Picture/0.84?OpenElement&FieldElemFormat=jpg,2012-01-18 17:11:05.354000,2012-12-05 20:07:55.026000
DEL000021,Robert L. Venables,Robert L.,,Venables,Sr.,,False,de,,,,http://legis.delaware.gov/legislature.nsf/7f4f680c99e8e0d1852569c10055e9d4/ca647e8b3ed2ed48852569d8005369fe/Picture/0.8A?OpenElement&FieldElemFormat=jpg,2012-01-18 17:11:05.365000,2015-01-07 22:51:37.729000
DEL000022,John C. Atkins,John C.,,Atkins,,,False,de,,,,http://legis.delaware.gov/legislature.nsf/52087754ec8b9261852569c10055df42/ad145ba757d8635185256e2900584dec/Picture/0.84?OpenElement&FieldElemFormat=jpg,2012-01-18 17:11:05.376000,2015-01-07 22:51:37.725000
DEL000023,Michael A. Barbieri,Michael A.,,Barbieri,,,False,de,,,,http://legis.delaware.gov/legislature.nsf/52087754ec8b9261852569c10055df42/2976fb2e22415dc9852569d800535ded/Picture/0.84?OpenElement&FieldElemFormat=jpg,2012-01-18 17:11:05.387000,2015-09-21 15:23:51.600000
DEL000024,E. Bradford Bennett,E. Bradford,,Bennett,,,False,de,,,,http://legis.delaware.gov/legislature.nsf/52087754ec8b9261852569c10055df42/2b81917d6343c78d852569d800535e0c/Picture/0.84?OpenElement&FieldElemFormat=jpg,2012-01-18 17:11:05.398000,2012-12-05 20:07:54.923000
DEL000025,Donald A. Blakey,Donald A.,,Blakey,,,False,de,,,,http://legis.delaware.gov/legislature.nsf/52087754ec8b9261852569c10055df42/325fc4850f2b10ff852569d800535e0e/Picture/0.8A?OpenElement&FieldElemFormat=jpg,2012-01-18 17:11:05.409000,2015-01-07 22:51:37.723000
DEL000026,Stephanie T. Bolden,Stephanie T.,,Bolden,,,False,de,,,,http://legis.delaware.gov/legislature.nsf/52087754ec8b9261852569c10055df42/a11deaacd840c137852569de005b764b/Picture/0.84?OpenElement&FieldElemFormat=jpg,2012-01-18 17:11:05.419000,2017-01-16 18:25:36.734000
DEL000028,Ruth Briggs King,Ruth Briggs,,King,,,False,de,,,,http://votesmart.org/canphoto/117701.jpg,2012-01-18 17:11:05.442000,2017-01-16 18:25:36.732000
DEL000030,Robert F. Gilligan,Robert F.,,Gilligan,,,False,de,,,,http://legis.delaware.gov/legislature.nsf/52087754ec8b9261852569c10055df42/2c1a3bf689a032b9852569d800535dff/Picture/0.84?OpenElement&FieldElemFormat=jpg,2012-01-18 17:11:05.464000,2012-12-05 20:07:54.936000
DEL000031,Debra J. Heffernan,Debra J.,,Heffernan,,,False,de,,,,http://legis.delaware.gov/legislature.nsf/52087754ec8b9261852569c10055df42/6694aa00deb46c93852569d800535df4/Picture/0.84?OpenElement&FieldElemFormat=jpg,2012-01-18 17:11:05.477000,2017-01-16 18:25:36.695000
DEL000034,Earl G. Jaques,Earl G.,,Jaques,Jr,,False,de,,,,http://legis.delaware.gov/legislature.nsf/52087754ec8b9261852569c10055df42/ae7620e710b22100852569d800535e07/Picture/0.84?OpenElement&FieldElemFormat=jpg,2012-01-18 17:11:05.511000,2017-01-16 18:25:36.697000
DEL000036,S. Quinton Johnson,S. Quinton,,Johnson,,,False,de,,,,http://legis.delaware.gov/legislature.nsf/52087754ec8b9261852569c10055df42/f5cee7bcb5a05223852574f8005300ef/Picture/0.84?OpenElement&FieldElemFormat=jpg,2012-01-18 17:11:05.533000,2017-01-16 18:25:36.733000
DEL000039,John A. Kowalko,John A.,,Kowalko,Jr.,,False,de,,,,http://legis.delaware.gov/legislature.nsf/52087754ec8b9261852569c10055df42/588ba79b1937a63a852569d800535e05/Picture/0.84?OpenElement&FieldElemFormat=jpg,2012-01-18 17:11:05.567000,2017-01-16 18:25:36.724000
DEL000041,Clifford G. “Biff” Lee,Clifford G. “Biff”,,Lee,,,False,de,,,,http://legis.delaware.gov/legislature.nsf/52087754ec8b9261852569c10055df42/d562d476f36e0635852569d800535dec/Picture/0.8A?OpenElement&FieldElemFormat=jpg,2012-01-18 17:11:05.593000,2012-12-05 20:07:54.954000
DEL000043,Nick T. Manolakos,Nick T.,,Manolakos,,,False,de,,,,http://legis.delaware.gov/legislature.nsf/52087754ec8b9261852569c10055df42/f96e37ccd2e9284b852569d800535e00/Picture/0.84?OpenElement&FieldElemFormat=jpg,2012-01-18 17:11:05.616000,2012-12-05 20:07:54.959000
DEL000045,John L. Mitchell,John L.,,Mitchell,Jr.,,False,de,,,,http://legis.delaware.gov/legislature.nsf/52087754ec8b9261852569c10055df42/2f059e17d4eab8d7852569d800535dfa/Picture/0.84?OpenElement&FieldElemFormat=jpg,2012-01-18 17:11:05.641000,2017-01-16 18:25:36.726000
DEL000046,Michael P. Mulrooney,Michael P.,,Mulrooney,,,False,de,,,,http://legis.delaware.gov/legislature.nsf/Mulrooney_Michael.jpg?OpenImageResource,2012-01-18 17:11:05.652000,2017-01-16 18:25:36.730000
DEL000048,"William R. ""Bobby"" Outten","William R. ""Bobby""",,Outten,,,False,de,,,,http://legis.delaware.gov/legislature.nsf/52087754ec8b9261852569c10055df42/a1a8ab7293609189852569d800535e0a/Picture/0.84?OpenElement&FieldElemFormat=jpg,2012-01-18 17:11:05.675000,2017-01-16 18:25:36.766000
DEL000049,Harold J. Peterman,Harold J.,,Peterman,,,False,de,,,,http://votesmart.org/canphoto/66230.jpg,2012-01-18 17:11:05.686000,2017-01-16 18:25:36.702000
DEL000051,Teresa Schooley,Teresa,,Schooley,,,False,de,,,,http://legis.delaware.gov/legislature.nsf/52087754ec8b9261852569c10055df42/d5d1085a597115e0852569d800535e03/Picture/0.84?OpenElement&FieldElemFormat=jpg,2012-01-18 17:11:05.708000,2012-12-05 20:07:54.973000
DEL000053,Darryl M. Scott,Darryl M.,,Scott,,,False,de,,,,http://legis.delaware.gov/legislature.nsf/52087754ec8b9261852569c10055df42/8f155fece668862d852569d800535e0b/Picture/0.84?OpenElement&FieldElemFormat=jpg,2012-01-18 17:11:05.732000,2015-01-07 22:51:37.721000
DEL000058,Rebecca Walker,Rebecca,,Walker,,,False,de,,,,http://legis.delaware.gov/legislature.nsf/52087754ec8b9261852569c10055df42/b03681a62d1272a9852569d800535df6/Picture/0.84?OpenElement&FieldElemFormat=jpg,2012-01-18 17:11:05.789000,2015-01-07 22:51:37.727000
DEL000059,Dennis E. Williams,Dennis E.,,Williams,,,False,de,,,,http://legis.delaware.gov/legislature.nsf/52087754ec8b9261852569c10055df42/d1817d885f51be49852569d800535df7/Picture/0.84?OpenElement&FieldElemFormat=jpg,2012-01-18 17:11:05.801000,2015-01-07 22:51:37.718000
DEL000060,Dennis P. Williams,Dennis P.,,Williams,,,False,de,,,,http://legis.delaware.gov/legislature.nsf/52087754ec8b9261852569c10055df42/5999f83ac2e4a5dd852569d800535df0/Picture/0.84?OpenElement&FieldElemFormat=jpg,2012-01-18 17:11:05.813000,2012-12-05 20:07:54.987000
DEL000061,Lincoln D. Willis,Lincoln ,D.,Willis,,,False,de,,,,http://www.delawarestatehouse.com/pics/Lincoln_Mugshot.jpg,2012-01-18 17:11:05.825000,2012-12-05 20:07:54.989000
DEL000074,Ernesto B. Lopez,Ernesto B.,,Lopez,,,False,de,,,,http://votesmart.org/canphoto/141519.jpg,2013-01-02 17:09:14.559000,2017-01-16 18:25:36.793000
DEL000110,W. Charles Paradee,W. Charles,,Paradee,,,False,de,,,,http://votesmart.org/canphoto/109397.jpg,2013-01-02 17:09:14.764000,2017-01-16 18:25:36.737000
DEL000112,Charles Potter Jr.,Charles,,Potter,Jr.,,False,de,,,,http://legis.delaware.gov/legislature.nsf/Potter_Charles.jpg?OpenImageResource,2013-01-02 17:09:14.776000,2017-01-16 18:25:36.546000
DEL000119,Stephen T. Smyk,Stephen T.,,Smyk,,,False,de,,,,http://ballotpedia.org/wiki/images/thumb/Stephen_Smyk.jpg/200px-Stephen_Smyk.jpg,2013-01-02 17:09:14.817000,2017-01-16 18:25:36.736000
DEL000120,Jeffrey N. Spiegelman,Jeffrey N.,,Spiegelman,,,False,de,,,,http://votesmart.org/canphoto/142584.jpg,2013-01-02 17:09:14.823000,2017-01-16 18:25:36.704000
DEL000128,Kevin S. Hensley,Kevin S.,,Hensley,,,False,de,,,,,2015-01-07 22:51:36.915000,2017-01-16 18:25:36.728000
DEL000027,Gerald L. Brady,Gerald L.,,Brady,,,True,de,lower,4,Democratic,https://legis.delaware.gov/images/default-source/default-album/GeraldBrady.jpg?sfvrsn=0,2012-01-18 17:11:05.430000,2017-06-01 05:26:25.778000
DEL000029,William J. Carson,William J.,,Carson,,,True,de,lower,28,Democratic,https://legis.delaware.gov/images/default-source/default-album/WilliamCarson.jpg?sfvrsn=0,2012-01-18 17:11:05.453000,2017-06-01 05:26:25.692000
DEL000033,Deborah Hudson,Deborah,,Hudson,,,True,de,lower,12,Republican,https://legis.delaware.gov/images/default-source/default-album/DeborhaHudson.jpg?sfvrsn=0,2012-01-18 17:11:05.499000,2017-06-01 05:26:25.534000
DEL000035,James Johnson,James,,Johnson,,,True,de,lower,16,Democratic,https://legis.delaware.gov/images/default-source/default-album/JamesJohnson.jpg?sfvrsn=0,2012-01-18 17:11:05.522000,2017-06-01 05:26:25.771000
DEL000037,Helene M. Keeley,Helene M.,,Keeley,,,True,de,lower,3,Democratic,https://legis.delaware.gov/images/default-source/default-album/HeleneKeeley.jpg?sfvrsn=0,2012-01-18 17:11:05.544000,2017-06-01 05:26:25.414000
DEL000038,Harvey R. Kenton,Harvey R.,,Kenton,,,True,de,lower,36,Republican,https://legis.delaware.gov/images/default-source/Legislators/HarveyKenton.jpg?sfvrsn=2,2012-01-18 17:11:05.556000,2017-06-01 05:26:25.876000
DEL000042,Valerie Longhurst,Valerie,,Longhurst,,,True,de,lower,15,Democratic,https://legis.delaware.gov/images/default-source/default-album/ValerieLonghurst.jpg?sfvrsn=0,2012-01-18 17:11:05.605000,2017-06-01 05:26:25.512000
DEL000044,Joseph E. Miro,Joseph E.,,Miro,,,True,de,lower,22,Republican,https://legis.delaware.gov/images/default-source/Legislators/josephmiro.png?sfvrsn=0,2012-01-18 17:11:05.627000,2017-06-01 05:26:25.882000
DEL000047,Edward S. Osienski,Edward S.,,Osienski,,,True,de,lower,24,Democratic,https://legis.delaware.gov/images/default-source/default-album/EdwardOsienski.jpg?sfvrsn=0,2012-01-18 17:11:05.664000,2017-06-01 05:26:25.846000
DEL000050,Michael Ramone,Michael,,Ramone,,,True,de,lower,21,Republican,https://legis.delaware.gov/images/default-source/default-album/MichaelRamone.jpg?sfvrsn=0,2012-01-18 17:11:05.697000,2017-06-01 05:26:25.873000
DEL000052,Peter C. Schwartzkopf,Peter C.,,Schwartzkopf,,,True,de,lower,14,Democratic,https://legis.delaware.gov/images/default-source/default-album/PeterSchwartzkopf.jpg?sfvrsn=0,2012-01-18 17:11:05.720000,2017-06-01 05:26:25.524000
DEL000054,Bryon H. Short,Bryon H.,,Short,,,True,de,lower,7,Democratic,https://legis.delaware.gov/images/default-source/default-album/BryonShort.jpg?sfvrsn=0,2012-01-18 17:11:05.743000,2017-06-01 05:26:25.549000
DEL000055,Daniel B. Short,Daniel B.,,Short,,,True,de,lower,39,Republican,https://legis.delaware.gov/images/default-source/Legislators/DanielShort.jpg?sfvrsn=2,2012-01-18 17:11:05.754000,2017-06-01 05:26:25.545000
DEL000056,Melanie George Smith,Melanie George,,Smith,,,True,de,lower,5,Democratic,https://legis.delaware.gov/images/default-source/default-album/MelanieGeorgeSmith.jpg?sfvrsn=0,2012-01-18 17:11:05.765000,2017-06-01 05:26:25.849000
DEL000057,John J. Viola,John J.,,Viola,,,True,de,lower,26,Democratic,https://legis.delaware.gov/images/default-source/default-album/JohnViola.jpg?sfvrsn=0,2012-01-18 17:11:05.777000,2017-06-01 05:26:25.529000
DEL000062,David L. Wilson,David L.,,Wilson,,,True,de,lower,35,Republican,https://legis.delaware.gov/images/default-source/Legislators/DavidWilson.jpg?sfvrsn=2,2012-01-18 17:11:05.836000,2017-06-01 05:26:25.795000
DEL000087,Paul S. Baumbach,Paul S.,,Baumbach,,,True,de,lower,23,Democratic,https://legis.delaware.gov/images/default-source/default-album/PaulBaumbach.jpg?sfvrsn=0,2013-01-02 17:09:14.628000,2017-06-01 05:26:25.836000
DEL000088,Andria L. Bennett,Andria L.,,Bennett,,,True,de,lower,32,Democratic,https://legis.delaware.gov/images/default-source/default-album/AndriaBennett.jpg?sfvrsn=0,2013-01-02 17:09:14.634000,2017-06-01 05:26:25.597000
DEL000094,Timothy D. Dukes,Timothy D.,,Dukes,,,True,de,lower,40,Republican,https://legis.delaware.gov/images/default-source/default-album/TimothyDukesbeb3ddfeaf2a6dfeae60ff0000a39f38.jpg?sfvrsn=0,2013-01-02 17:09:14.671000,2017-06-01 05:26:25.885000
DEL000095,Ronald E. Gray,Ronald E.,,Gray,,,True,de,lower,38,Republican,https://legis.delaware.gov/images/default-source/Legislators/RonaldGray.jpg?sfvrsn=2,2013-01-02 17:09:14.677000,2017-06-01 05:26:25.554000
DEL000124,Kimberly Williams,Kimberly,,Williams,,,True,de,lower,19,Democratic,https://legis.delaware.gov/images/default-source/default-album/KimberlyWilliams.jpg?sfvrsn=0,2013-01-02 17:09:14.846000,2017-06-01 05:26:25.860000
DEL000126,Sean Matthews,Sean,,Matthews,,,True,de,lower,10,Democratic,https://legis.delaware.gov/images/default-source/default-album/SeanMatthews.jpg?sfvrsn=0,2015-01-07 22:51:36.805000,2017-06-01 05:26:25.866000
DEL000127,Lyndon D. Yearick,Lyndon D.,,Yearick,,,True,de,lower,34,Republican,https://legis.delaware.gov/images/default-source/default-album/LyndonYearick.jpg?sfvrsn=0,2015-01-07 22:51:36.874000,2017-06-01 05:26:25.827000
DEL000129,Richard G. Collins,Richard G.,,Collins,,,True,de,lower,41,Republican,https://legis.delaware.gov/images/default-source/Legislators/RichardCollins.jpg?sfvrsn=2,2015-01-07 22:51:36.956000,2017-06-01 05:26:25.666000
DEL000131,Sean M. Lynn,Sean M.,,Lynn,,,True,de,lower,31,Democratic,https://legis.delaware.gov/images/default-source/default-album/SeanLynn.jpg?sfvrsn=0,2015-01-07 22:51:37.462000,2017-06-01 05:26:25.880000
DEL000134,David Bentz,David,,Bentz,,,True,de,lower,18,Democratic,https://legis.delaware.gov/images/default-source/default-album/DavidBentz.jpg?sfvrsn=0,2015-09-19 04:46:17.612000,2017-06-01 05:26:25.864000
DEL000135,Quinton Johnson,Quinton,,Johnson,,,True,de,lower,8,Democratic,https://legis.delaware.gov/images/default-source/default-album/QuinnJohnson.jpg?sfvrsn=0,2017-01-16 18:25:36.094000,2017-06-01 05:26:25.579000
DEL000136,Charles Potter Jr.,Charles,,Potter,Jr.,,True,de,lower,1,Democratic,https://legis.delaware.gov/images/default-source/default-album/CharlesPotter.jpg?sfvrsn=0,2017-01-16 18:25:36.101000,2017-06-01 05:26:25.858000
DEL000137,Kevin S Hensley,Kevin S,,Hensley,,,True,de,lower,9,Republican,https://legis.delaware.gov/images/default-source/default-album/KevinHensley.jpg?sfvrsn=0,2017-01-16 18:25:36.113000,2017-06-01 05:26:25.878000
DEL000139,Debra Heffernan,Debra,,Heffernan,,,True,de,lower,6,Democratic,https://legis.delaware.gov/images/default-source/default-album/DebraHeffernan.jpg?sfvrsn=0,2017-01-16 18:25:36.156000,2017-06-01 05:26:25.852000
DEL000141,Stephanie T. Bolden,Stephanie T.,,Bolden,,,True,de,lower,2,Democratic,https://legis.delaware.gov/images/default-source/default-album/StephanieTBolden.jpg?sfvrsn=0,2017-01-16 18:25:36.242000,2017-06-01 05:26:25.862000
DEL000142,John A. Kowalko,John A.,,Kowalko,,,True,de,lower,25,Democratic,https://legis.delaware.gov/images/default-source/default-album/JohnKowalko.jpg?sfvrsn=0,2017-01-16 18:25:36.247000,2017-06-01 05:26:25.840000
DEL000143,Earl G. Jaques Jr.,Earl G.,,Jaques,Jr.,,True,de,lower,27,Democratic,https://legis.delaware.gov/images/default-source/default-album/EarlJaques.jpg?sfvrsn=0,2017-01-16 18:25:36.264000,2017-06-01 05:26:25.856000
DEL000144,Ruth Briggs-King,Ruth,,Briggs-King,,,True,de,lower,37,Republican,https://legis.delaware.gov/images/default-source/Legislators/RuthBriggsKing.jpg?sfvrsn=2,2017-01-16 18:25:36.274000,2017-06-01 05:26:25.854000
DEL000146,Jeff N. Spiegelman,Jeff N.,,Spiegelman,,,True,de,lower,11,Republican,https://legis.delaware.gov/images/default-source/default-album/JeffSpiegelman2017.jpg?sfvrsn=0,2017-01-16 18:25:36.285000,2017-06-01 05:26:25.783000
DEL000147,William R. Outten,William R.,,Outten,,,True,de,lower,30,Republican,https://legis.delaware.gov/images/default-source/default-album/BobbyOutten.jpg?sfvrsn=0,2017-01-16 18:25:36.325000,2017-06-01 05:26:25.793000
DEL000148,Trey Charles Paradee,Trey Charles,,Paradee,,,True,de,lower,29,Democratic,https://legis.delaware.gov/images/default-source/default-album/TreyParadee.jpg?sfvrsn=0,2017-01-16 18:25:36.343000,2017-06-01 05:26:25.798000
DEL000149,Charles S Postles Jr.,Charles S,,Postles,Jr.,,True,de,lower,33,Republican,https://legis.delaware.gov/images/default-source/Legislators/CharlesPostles.jpg?sfvrsn=2,2017-01-16 18:25:36.355000,2017-06-01 05:26:25.871000
DEL000151,Steve Smyk,Steve,,Smyk,,,True,de,lower,20,Republican,https://legis.delaware.gov/images/default-source/default-album/StephenSmyk.jpg?sfvrsn=0,2017-01-16 18:25:36.377000,2017-06-01 05:26:25.788000
DEL000153,John L. Mitchell,John L.,,Mitchell,,,True,de,lower,13,Democratic,https://legis.delaware.gov/images/default-source/default-album/JohnMitchell.jpg?sfvrsn=0,2017-01-16 18:25:36.399000,2017-06-01 05:26:25.781000
DEL000155,Michael Mulrooney,Michael,,Mulrooney,,,True,de,lower,17,Democratic,https://legis.delaware.gov/images/default-source/default-album/MichaelMulrooney.jpg?sfvrsn=0,2017-01-16 18:25:36.423000,2017-06-01 05:26:25.653000
DEL000005,Brian J. Bushweller,Brian J.,,Bushweller,,,True,de,upper,17,Democratic,https://legis.delaware.gov/images/default-source/Legislators/BrianBushweller.jpg?sfvrsn=2,2012-01-18 17:11:05.124000,2017-06-01 05:26:25.746000
DEL000006,Catherine L. Cloutier,Catherine,,Cloutier,,,True,de,upper,5,Republican,https://legis.delaware.gov/images/default-source/Legislators/CatherineCloutier.jpg?sfvrsn=2,2012-01-18 17:11:05.195000,2017-06-01 05:26:25.634000
DEL000009,Bruce C. Ennis,Bruce C.,,Ennis,,,True,de,upper,14,Democratic,https://legis.delaware.gov/images/default-source/Legislators/BruceCEnnis.jpg?sfvrsn=2,2012-01-18 17:11:05.228000,2017-06-01 05:26:25.720000
DEL000011,Margaret Rose Henry,Margaret Rose,,Henry,,,True,de,upper,2,Democratic,https://legis.delaware.gov/images/default-source/Legislators/MargaretRoseHenry.jpg?sfvrsn=2,2012-01-18 17:11:05.251000,2017-06-01 05:26:25.704000
DEL000015,David B. McBride,David B.,,McBride,,,True,de,upper,13,Democratic,https://legis.delaware.gov/images/default-source/Legislators/DavidBMcBride.jpg?sfvrsn=2,2012-01-18 17:11:05.294000,2017-06-01 05:26:25.611000
DEL000018,F. Gary Simpson,F. Gary,,Simpson,,,True,de,upper,18,Republican,https://legis.delaware.gov/images/default-source/Legislators/FGarySimpson.jpg?sfvrsn=2,2012-01-18 17:11:05.333000,2017-06-01 05:26:25.614000
DEL000019,David P. Sokola,David P.,,Sokola,,,True,de,upper,8,Democratic,https://legis.delaware.gov/images/default-source/Legislators/DavidPSokola.jpg?sfvrsn=2,2012-01-18 17:11:05.344000,2017-06-01 05:26:25.750000
DEL000032,Gerald W. Hocker,Gerald W.,,Hocker,,,True,de,upper,20,Republican,https://legis.delaware.gov/images/default-source/Legislators/GeraldHocker.jpg?sfvrsn=2,2012-01-18 17:11:05.488000,2017-06-01 05:26:25.897000
DEL000040,Gregory F. Lavelle,Gregory F.,,Lavelle,,,True,de,upper,4,Republican,https://legis.delaware.gov/images/default-source/Legislators/GregorySLavelle.jpg?sfvrsn=2,2012-01-18 17:11:05.582000,2017-06-01 05:26:25.712000
DEL000079,Brian Pettyjohn,Brian,,Pettyjohn,,,True,de,upper,19,Republican,https://legis.delaware.gov/images/default-source/Legislators/BrianPettyjohn.jpg?sfvrsn=2,2013-01-02 17:09:14.585000,2017-06-01 05:26:25.297000
DEL000080,Nicole Poore,Nicole,,Poore,,,True,de,upper,12,Democratic,https://legis.delaware.gov/images/default-source/Legislators/NicolePoore.jpg?sfvrsn=2,2013-01-02 17:09:14.591000,2017-06-01 05:26:25.762000
DEL000083,Bryan Townsend,Bryan,,Townsend,,,True,de,upper,11,Democratic,https://legis.delaware.gov/images/default-source/Legislators/BryanTowsend.jpg?sfvrsn=2,2013-01-02 17:09:14.607000,2017-06-01 05:26:25.736000
DEL000130,Bryant L. Richardson,Bryant L.,,Richardson,,,True,de,upper,21,Republican,https://legis.delaware.gov/images/default-source/Legislators/BryantRichardson.jpg?sfvrsn=2,2015-01-07 22:51:37.207000,2017-06-01 05:26:25.290000
DEL000138,Dave G. Lawson,Dave G.,,Lawson,,,True,de,upper,15,Republican,https://legis.delaware.gov/images/default-source/Legislators/DavidLawson.jpg?sfvrsn=2,2017-01-16 18:25:36.138000,2017-06-01 05:26:25.726000
DEL000140,Colin Bonini,Colin,,Bonini,,,True,de,upper,16,Republican,https://legis.delaware.gov/images/default-source/Legislators/ColinBonini.jpg?sfvrsn=2,2017-01-16 18:25:36.174000,2017-06-01 05:26:25.756000
DEL000145,Robert Marshall,Robert,,Marshall,,,True,de,upper,3,Democratic,https://legis.delaware.gov/images/default-source/Legislators/RobertIMarshall.jpg?sfvrsn=2,2017-01-16 18:25:36.280000,2017-06-01 05:26:25.760000
DEL000150,Ernesto B Lopez,Ernesto B,,Lopez,,,True,de,upper,6,Republican,https://legis.delaware.gov/images/default-source/Legislators/ErnestoLopez.jpg?sfvrsn=2,2017-01-16 18:25:36.372000,2017-06-01 05:26:25.893000
DEL000152,John Walsh,John,,Walsh,,,True,de,upper,9,Democratic,https://legis.delaware.gov/images/default-source/default-album/JohnWalsh.jpg?sfvrsn=0,2017-01-16 18:25:36.382000,2017-06-01 05:26:25.890000
DEL000154,Anthony Delcollo,Anthony,,Delcollo,,,True,de,upper,7,Republican,https://legis.delaware.gov/images/default-source/Legislators/AnthonyDelcollo.jpg?sfvrsn=2,2017-01-16 18:25:36.405000,2017-06-01 05:26:25.758000
DEL000156,Harris B. McDowell,Harris B.,,McDowell,,,True,de,upper,1,Democratic,https://legis.delaware.gov/images/default-source/Legislators/HarrisBMcDowell.jpg?sfvrsn=2,2017-01-16 18:25:36.442000,2017-06-01 05:26:25.899000
DEL000160,Stephanie L. Hansen,Stephanie L.,,Hansen,,,True,de,upper,10,Democratic,https://legis.delaware.gov/images/default-source/default-album/Hansen.jpg?sfvrsn=0,2017-03-02 05:05:24.282000,2017-06-01 05:26:25.895000
