leg_id,full_name,first_name,middle_name,last_name,suffixes,nickname,active,state,chamber,district,party,photo_url,created_at,updated_at
SDL000001,Gene G Abdallah,Gene,G,Abdallah,,,False,sd,,,,http://legis.state.sd.us/sessions/2011/abdallah.jpg,2010-07-31 03:33:51.032000,2013-01-09 00:48:35.368000
SDL000002,Stanford M Adelstein,Stanford,M,Adelstein,,,False,sd,,,,http://legis.state.sd.us/sessions/2013/adelstein.jpg,2010-07-31 03:33:51.039000,2014-01-28 14:49:14.369000
SDL000003,Dan P Ahlers,Dan,P,Ahlers,,,False,sd,,,,http://legis.state.sd.us/sessions/2010/ahlersd.jpg,2010-07-31 03:33:51.045000,2011-01-11 16:28:13.345000
SDL000005,Jim Bradford,Jim,,Bradford,,,False,sd,,,,http://legis.sd.gov/img/Legislators/BRADFORD_JIM_2015.jpg,2010-07-31 03:33:51.071000,2016-12-30 21:23:08.646000
SDL000006,Corey Brown,Corey,,Brown,,,False,sd,,,,http://legis.sd.gov/img/Legislators/BROWN_COREY_2015.jpg,2010-07-31 03:33:51.078000,2016-12-30 21:23:08.634000
SDL000007,Thomas A Dempster,Thomas,A,Dempster,,,False,sd,,,,http://legis.state.sd.us/sessions/2010/Dempster.jpg,2010-07-31 03:33:51.085000,2011-01-11 16:28:13.348000
SDL000008,Art Fryslie,Art,,Fryslie,,,False,sd,,,,http://legis.state.sd.us/sessions/2011/Fryslie.jpg,2010-07-31 03:33:51.092000,2013-01-09 00:48:35.373000
SDL000009,Jason M Gant,Jason,M,Gant,,,False,sd,,,,http://legis.state.sd.us/sessions/2010/gantj.jpg,2010-07-31 03:33:51.098000,2011-01-11 16:28:13.342000
SDL000010,Cooper Garnos,Cooper,,Garnos,,,False,sd,,,,http://legis.state.sd.us/sessions/2011/Garnosc.jpg,2010-07-31 03:33:51.105000,2013-01-09 00:48:35.382000
SDL000011,Margaret V Gillespie,Margaret,V,Gillespie,,,False,sd,,,,http://legis.state.sd.us/sessions/2010/Gillespi.jpg,2010-07-31 03:33:51.127000,2011-01-11 16:28:13.344000
SDL000012,Bob Gray,Bob,,Gray,,,False,sd,,,,http://legis.state.sd.us/sessions/2011/grayb.jpg,2010-07-31 03:33:51.134000,2013-01-09 00:48:35.380000
SDL000013,Tom Hansen,Tom,,Hansen,,,False,sd,,,,http://legis.state.sd.us/sessions/2011/hansent.jpg,2010-07-31 03:33:51.140000,2013-01-09 00:48:35.387000
SDL000014,Gary D Hanson,Gary,D,Hanson,,,False,sd,,,,http://legis.state.sd.us/sessions/2010/hansong.jpg,2010-07-31 03:33:51.147000,2011-01-11 16:28:13.342000
SDL000015,Jeffrey K Haverly,Jeffrey,K,Haverly,,,False,sd,,,,http://legis.state.sd.us/sessions/2011/haverlyj.jpg,2010-07-31 03:33:51.154000,2013-01-09 00:48:35.374000
SDL000016,Scott N Heidepriem,Scott,N,Heidepriem,,,False,sd,,,,http://legis.state.sd.us/sessions/2010/heidepriem.jpg,2010-07-31 03:33:51.161000,2011-01-11 16:28:13.343000
SDL000017,Gordon K Howie,Gordon,K,Howie,,,False,sd,,,,http://legis.state.sd.us/sessions/2010/howieg.jpg,2010-07-31 03:33:51.168000,2011-01-11 16:28:13.346000
SDL000018,Jim Hundstad,Jim,,Hundstad,,,False,sd,,,,http://legis.state.sd.us/sessions/2011/Hundstadj.jpg,2010-07-31 03:33:51.175000,2013-01-09 00:48:35.381000
SDL000019,Jean M Hunhoff,Jean,M,Hunhoff,,,False,sd,,,,http://legis.sd.gov/img/Legislators/hunhoffj.jpg,2010-07-31 03:33:51.190000,2015-01-12 23:41:09.748000
SDL000020,Sandy Jerstad,Sandy,,Jerstad,,,False,sd,,,,http://legis.state.sd.us/sessions/2010/Jerstads.jpg,2010-07-31 03:33:51.196000,2011-01-11 16:28:13.343000
SDL000021,Frank J Kloucek,Frank,J,Kloucek,,,False,sd,,,,http://legis.state.sd.us/sessions/2010/Kloucekf.jpg,2010-07-31 03:33:51.203000,2013-01-09 00:48:35.362000
SDL000022,Dave Knudson,Dave,,Knudson,,,False,sd,,,,http://legis.state.sd.us/sessions/2010/Knudsond.jpg,2010-07-31 03:33:51.210000,2011-01-11 16:28:13.343000
SDL000023,Ryan Maher,Ryan,,Maher,,,False,sd,,,,http://legis.sd.gov/img/Legislators/maherr.jpg,2010-07-31 03:33:51.217000,2015-01-12 23:41:09.757000
SDL000024,Pam Merchant,Pam,,Merchant,,,False,sd,,,,http://legis.state.sd.us/sessions/2010/Merchant.jpg,2010-07-31 03:33:51.223000,2011-01-11 16:28:13.347000
SDL000025,Kathy Miles,Kathy,,Miles,,,False,sd,,,,http://legis.state.sd.us/sessions/2010/milesk.jpg,2010-07-31 03:33:51.230000,2011-01-11 16:28:13.344000
SDL000026,Tom Nelson,Tom,R,Nelson,,,False,sd,,,,http://legis.state.sd.us/sessions/2010/Nelson.jpg,2010-07-31 03:33:51.254000,2013-01-09 00:48:35.383000
SDL000027,Ben Nesselhuf,Ben,,Nesselhuf,,,False,sd,,,,http://legis.state.sd.us/sessions/2010/Nesselhufb.jpg,2010-07-31 03:33:51.260000,2011-01-11 16:28:13.344000
SDL000028,Al Novstrup,Al,,Novstrup,,,False,sd,,,,http://legis.sd.gov/img/Legislators/NOVSTRUP_AL_2015.jpg,2010-07-31 03:33:51.291000,2016-12-30 21:23:08.574000
SDL000029,Russell Olson,Russell,,Olson,,,False,sd,,,,http://legis.state.sd.us/sessions/2013/olsonr.jpg,2010-07-31 03:33:51.363000,2014-01-28 14:46:51.093000
SDL000030,Jim Peterson,Jim,,Peterson,,,False,sd,,,,http://legis.state.sd.us/sessions/2010/petersonj.jpg,2010-07-31 03:33:51.389000,2016-12-30 21:23:08.647000
SDL000031,Larry Rhoden,Larry,,Rhoden,,,False,sd,,,,http://legis.sd.gov/img/Legislators/Rhodenl.jpg,2010-07-31 03:33:51.396000,2015-01-12 23:41:09.759000
SDL000032,Dennis Schmidt,Dennis,,Schmidt,,,False,sd,,,,,2010-07-31 03:33:51.403000,2011-01-11 16:28:13.346000
SDL000033,Craig Tieszen,Craig,,Tieszen,,,False,sd,,,,http://legis.sd.gov/img/Legislators/TIESZEN_CRAIG_2015.jpg,2010-07-31 03:33:51.410000,2016-12-30 21:23:08.635000
SDL000034,Nancy Turbak Berry,Nancy,,Turbak Berry,,,False,sd,,,,http://legis.state.sd.us/sessions/2010/Turbak.jpg,2010-07-31 03:33:51.417000,2011-01-11 16:28:13.347000
SDL000035,Mike Vehle,Mike,,Vehle,,,False,sd,,,,http://legis.sd.gov/img/Legislators/VEHLE_MIKE_2015.jpg,2010-07-31 03:33:51.433000,2016-12-30 21:23:08.648000
SDL000036,Susy Blake,Susy,,Blake,,,False,sd,,,,http://legis.state.sd.us/sessions/2011/blake.jpg,2010-07-31 03:33:51.441000,2013-01-09 00:48:35.351000
SDL000037,Jim Bolin,Jim,,Bolin,,,False,sd,,,,http://legis.sd.gov/img/Legislators/BOLIN_JIM_2015.jpg,2010-07-31 03:33:51.449000,2016-12-30 21:23:08.592000
SDL000038,Jamie Boomgarden,Jamie,,Boomgarden,,,False,sd,,,,http://legis.state.sd.us/sessions/2011/Boomgardenj.jpg,2010-07-31 03:33:51.457000,2013-01-09 00:48:35.338000
SDL000040,Quinten L Burg,Quinten,L,Burg,,,False,sd,,,,http://legis.state.sd.us/sessions/2009/Burg.jpg,2010-07-31 03:33:51.512000,2011-01-11 16:28:13.327000
SDL000041,Lance Carson,Lance,,Carson,,,False,sd,,,,http://legis.sd.gov/img/Legislators/carson.jpg,2010-07-31 03:33:51.520000,2015-01-12 23:41:09.704000
SDL000042,Kristin A Conzet,Kristin,A,Conzet,,,False,sd,,,,http://legis.sd.gov/img/Legislators/Conzet.jpg,2010-07-31 03:33:51.528000,2015-01-12 23:41:09.724000
SDL000043,Justin R Cronin,Justin,R,Cronin,,,False,sd,,,,http://legis.sd.gov/img/Legislators/CRONIN_JUSTIN_R_2015.jpg,2010-07-31 03:33:51.536000,2016-12-30 21:23:08.595000
SDL000044,Blake Curd,Blake,,Curd,,,False,sd,,,,http://legis.state.sd.us/sessions/2009/curd.jpg,2010-07-31 03:33:51.544000,2015-01-12 23:41:09.744000
SDL000045,Joni M Cutler,Joni,M,Cutler,,,False,sd,,,,http://legis.state.sd.us/sessions/2009/cutlerj.jpg,2010-07-31 03:33:51.552000,2013-01-09 00:48:35.385000
SDL000046,Thomas J Deadrick,Thomas,J,Deadrick,,,False,sd,,,,http://legis.state.sd.us/sessions/2009/deadrick.jpg,2010-07-31 03:33:51.559000,2011-01-11 16:28:13.326000
SDL000047,H. Paul Dennert,H. Paul,,Dennert,,,False,sd,,,,http://legis.state.sd.us/sessions/2011/Dennertp.jpg,2010-07-31 03:33:51.567000,2013-01-09 00:48:35.332000
SDL000048,Elaine M Elliott,Elaine,M,Elliott,,,False,sd,,,,http://legis.state.sd.us/sessions/2011/ElliottE.jpg,2010-07-31 03:33:51.575000,2013-01-09 00:48:35.370000
SDL000049,Richard Engels,Richard,,Engels,,,False,sd,,,,http://legis.state.sd.us/sessions/2009/Engels.jpg,2010-07-31 03:33:51.593000,2011-01-11 16:28:13.341000
SDL000050,Bob Faehn,Bob,,Faehn,,,False,sd,,,,http://legis.state.sd.us/sessions/2009/faehnb.jpg,2010-07-31 03:33:51.600000,2011-01-11 16:28:13.339000
SDL000051,Mitch Fargen,Mitch,,Fargen,,,False,sd,,,,http://legis.state.sd.us/sessions/2011/fargen.jpg,2010-07-31 03:33:51.609000,2013-01-09 00:48:35.336000
SDL000052,Dennis Feickert,Dennis,,Feickert,,,False,sd,,,,http://legis.sd.gov/img/Legislators/FEICKERT_DENNIS_2015.jpg,2010-07-31 03:33:51.617000,2016-12-30 21:23:08.581000
SDL000053,Marc S Feinstein,Marc,S,Feinstein,,,False,sd,,,,http://legis.sd.gov/img/Legislators/Feinstein.jpg,2010-07-31 03:33:51.624000,2015-01-12 23:41:09.680000
SDL000054,Jason Frerichs,Jason,,Frerichs,,,False,sd,,,,http://legis.state.sd.us/sessions/2011/Frerichs.jpg,2010-07-31 03:33:51.632000,2016-12-30 21:23:08.643000
SDL000055,Peggy Gibson,Peggy,,Gibson,,,False,sd,,,,http://legis.sd.gov/img/Legislators/GIBSON_PEGGY_2015.jpg,2010-07-31 03:33:51.640000,2016-12-30 21:23:08.615000
SDL000056,Brian G Gosch,Brian,G,Gosch,,,False,sd,,,,http://legis.sd.gov/img/Legislators/GOSCH_BRIAN_2015.jpg,2010-07-31 03:33:51.647000,2016-12-30 21:23:08.577000
SDL000058,Noel Hamiel,Noel,,Hamiel,,,False,sd,,,,http://legis.state.sd.us/sessions/2009/Hamiel.jpg,2010-07-31 03:33:51.662000,2011-01-11 16:28:13.326000
SDL000059,Charles B Hoffman,Charles,B,Hoffman,,,False,sd,,,,http://legis.sd.gov/img/Legislators/hoffman.jpg,2010-07-31 03:33:51.671000,2015-01-12 23:41:09.706000
SDL000060,Bernie Hunhoff,Bernie,,Hunhoff,,,False,sd,,,,http://legis.sd.gov/img/Legislators/HUNHOFF_BERNIE_2015.jpg,2010-07-31 03:33:51.678000,2016-12-30 21:23:08.631000
SDL000061,Roger W Hunt,Roger,W,Hunt,,,False,sd,,,,http://legis.sd.gov/img/Legislators/HUNT_ROGER_2015.jpg,2010-07-31 03:33:51.686000,2016-12-30 21:23:08.618000
SDL000062,Ed Iron Cloud III,Ed,,Iron Cloud,III,,False,sd,,,,http://legis.state.sd.us/sessions/2011/IronCloudIII.jpg,2010-07-31 03:33:51.694000,2013-01-09 00:48:35.359000
SDL000064,Kent Juhnke,Kent,,Juhnke,,,False,sd,,,,http://legis.state.sd.us/sessions/2011/Juhnke.jpg,2010-07-31 03:33:51.709000,2013-01-09 00:48:35.354000
SDL000065,Kevin Killer,Kevin,,Killer,,,False,sd,,,,http://legis.sd.gov/img/Legislators/KILLER_KEVIN_2015.jpg,2010-07-31 03:33:51.717000,2016-12-30 21:23:08.604000
SDL000066,Mark Kirkeby,Mark,,Kirkeby,,,False,sd,,,,http://legis.sd.gov/img/Legislators/Kirkeby.jpg,2010-07-31 03:33:51.724000,2015-01-12 23:41:09.767000
SDL000067,Patrick A Kirschman,Patrick,A,Kirschman,,,False,sd,,,,http://legis.sd.gov/img/Legislators/KIRSCHMAN_PATRICK_A_2015.jpg,2010-07-31 03:33:51.732000,2016-12-30 21:23:08.612000
SDL000068,Don Kopp,Don,,Kopp,,,False,sd,,,,http://legis.sd.gov/img/Legislators/Kopp.JPG,2010-07-31 03:33:51.740000,2015-01-12 23:41:09.728000
SDL000069,Shantel Krebs,Shantel,,Krebs,,,False,sd,,,,http://legis.state.sd.us/sessions/2011/krebss.jpg,2010-07-31 03:33:51.747000,2015-01-12 23:41:09.742000
SDL000070,Gerald Lange,Gerald,,Lange,,,False,sd,,,,http://legis.state.sd.us/sessions/2009/Lange.jpg,2010-07-31 03:33:51.775000,2011-01-11 16:28:13.340000
SDL000071,Dan Lederman,Dan,,Lederman,,,False,sd,,,,http://legis.state.sd.us/sessions/2009/Lederman.JPG,2010-07-31 03:33:51.791000,2015-07-08 20:07:53.704000
SDL000072,Larry Lucas,Larry,,Lucas,,,False,sd,,,,http://legis.sd.gov/img/Legislators/lucasl.jpg,2010-07-31 03:33:51.799000,2015-01-12 23:41:09.755000
SDL000073,David Lust,David,,Lust,,,False,sd,,,,http://legis.sd.gov/img/Legislators/lustd.jpg,2010-07-31 03:33:51.806000,2015-01-12 23:41:09.726000
SDL000074,Ed McLaughlin,Ed,,McLaughlin,,,False,sd,,,,http://legis.state.sd.us/sessions/2009/mclaughl.jpg,2010-07-31 03:33:51.814000,2011-01-11 16:28:13.339000
SDL000075,Nick G Moser,Nick,G,Moser,,,False,sd,,,,http://legis.state.sd.us/sessions/2011/moser.jpg,2010-07-31 03:33:51.823000,2013-01-09 00:48:35.356000
SDL000076,Kristi Noem,Kristi,,Noem,,,False,sd,,,,http://legis.state.sd.us/sessions/2009/noem.jpg,2010-07-31 03:33:51.831000,2011-01-11 16:28:13.339000
SDL000077,David Novstrup,David,,Novstrup,,,False,sd,,,,http://legis.sd.gov/img/Legislators/NOVSTRUP_DAVID_2015.jpg,2010-07-31 03:33:51.838000,2016-12-30 21:23:08.638000
SDL000078,Eldon E Nygaard,Eldon,E,Nygaard,,,False,sd,,,,http://legis.state.sd.us/sessions/2009/Nygaard.jpg,2010-07-31 03:33:51.846000,2013-01-09 00:48:35.376000
SDL000079,Betty Olson,Betty,,Olson,,,False,sd,,,,http://legis.sd.gov/img/Legislators/OLSON_BETTY_2015.jpg,2010-07-31 03:33:51.854000,2016-12-30 21:23:08.632000
SDL000080,Ryan P Olson,Ryan,P,Olson,,,False,sd,,,,http://legis.state.sd.us/sessions/2009/olsonr.jpg,2010-07-31 03:33:51.862000,2011-01-11 16:28:13.327000
SDL000082,Carol A Pitts,Carol,A,Pitts,,,False,sd,,,,http://legis.state.sd.us/sessions/2009/pitts.jpg,2010-07-31 03:33:51.877000,2011-01-11 16:28:13.340000
SDL000083,J.E. Putnam,J.E.,,Putnam,,Jim,False,sd,,,,http://legis.state.sd.us/sessions/2009/Putnamj.jpg,2010-07-31 03:33:51.886000,2013-01-09 00:48:35.375000
SDL000084,Val Rausch,Val,,Rausch,,,False,sd,,,,http://legis.state.sd.us/sessions/2011/rauschv.jpg,2010-07-31 03:33:51.894000,2013-01-09 00:48:35.365000
SDL000085,Timothy A Rave,Timothy,A,Rave,,,False,sd,,,,http://legis.state.sd.us/sessions/2009/ravet.jpg,2010-07-31 03:33:51.902000,2015-01-12 23:41:09.753000
SDL000086,Fred W Romkema,Fred,W,Romkema,,,False,sd,,,,http://legis.sd.gov/img/Legislators/Romkema.jpg,2010-07-31 03:33:51.910000,2015-01-12 23:41:09.722000
SDL000088,Lance S Russell,Lance,S,Russell,,,False,sd,,,,http://legis.sd.gov/img/Legislators/Russell.jpg,2010-07-31 03:33:51.925000,2015-01-12 23:41:09.720000
SDL000089,Todd Schlekeway,Todd,,Schlekeway,,,False,sd,,,,http://legis.state.sd.us/sessions/2011/schlekeway.jpg,2010-07-31 03:33:51.933000,2013-01-09 00:48:35.386000
SDL000090,Dean Schrempp,Dean,,Schrempp,,,False,sd,,,,http://legis.sd.gov/img/Legislators/SCHREMPP_DEAN_2015.jpg,2010-07-31 03:33:51.941000,2016-12-30 21:23:08.579000
SDL000091,Jacqueline Sly,Jacqueline,,Sly,,,False,sd,,,,http://legis.sd.gov/img/Legislators/SLY_JACQUELINE_2015.jpg,2010-07-31 03:33:51.949000,2016-12-30 21:23:08.589000
SDL000092,Darrell D Solberg,Darrell,D,Solberg,,,False,sd,,,,http://legis.state.sd.us/sessions/2009/solberg.jpg,2010-07-31 03:33:51.957000,2011-01-11 16:28:13.323000
SDL000093,Roger D Solum,Roger,D,Solum,,,False,sd,,,,http://legis.sd.gov/img/Legislators/SOLUM_ROGER_2015.jpg,2010-07-31 03:33:51.991000,2016-12-30 21:23:08.617000
SDL000094,Oran A Sorenson,Oran,A,Sorenson,,,False,sd,,,,http://legis.state.sd.us/sessions/2009/Sorenson.jpg,2010-07-31 03:33:51.999000,2011-01-11 16:28:13.328000
SDL000095,Manny Steele,Manny,,Steele,,,False,sd,,,,http://legis.sd.gov/img/Legislators/steele.jpg,2010-07-31 03:33:52.007000,2015-01-12 23:41:09.674000
SDL000096,Steve Street,Steve,,Street,,,False,sd,,,,http://legis.state.sd.us/sessions/2011/streets.jpg,2010-07-31 03:33:52.015000,2013-01-09 00:48:35.372000
SDL000097,Bill Thompson,Bill,,Thompson,,,False,sd,,,,http://legis.state.sd.us/sessions/2009/Thompson.jpg,2010-07-31 03:33:52.023000,2011-01-11 16:28:13.323000
SDL000099,Charles M Turbiville,Charles,M,Turbiville,,,False,sd,,,,http://legis.state.sd.us/sessions/2011/turbivillec.jpg,2010-07-31 03:33:52.038000,2013-01-09 00:48:35.337000
SDL000100,Bill Van Gerpen,Bill,,Van Gerpen,,,False,sd,,,,http://legis.state.sd.us/sessions/2009/VanGerpen.jpg,2010-07-31 03:33:52.046000,2016-12-30 21:23:08.633000
SDL000101,Martha Vanderlinde,Martha,,Vanderlinde,,,False,sd,,,,http://legis.state.sd.us/sessions/2009/Vanderlinde.jpg,2010-07-31 03:33:52.054000,2011-01-11 16:28:13.324000
SDL000102,Kim Vanneman,Kim,,Vanneman,,,False,sd,,,,http://legis.state.sd.us/sessions/2011/vanneman.jpg,2010-07-31 03:33:52.061000,2013-01-09 00:48:35.366000
SDL000103,Mike Verchio,Mike,,Verchio,,,False,sd,,,,http://legis.sd.gov/img/Legislators/VERCHIO_MIKE_2015.jpg,2010-07-31 03:33:52.069000,2016-12-30 21:23:08.610000
SDL000104,Dean Wink,Dean,,Wink,,,False,sd,,,,http://legis.sd.gov/img/Legislators/WINK_DEAN_2015.jpg,2010-07-31 03:33:52.077000,2016-12-30 21:23:08.580000
SDL000105,Susan Wismer,Susan,,Wismer,,,False,sd,,,,http://legis.sd.gov/img/Legislators/wismer.jpg,2010-07-31 03:33:52.105000,2015-01-12 23:41:09.670000
SDL000106,Tim Begalka,Tim,,Begalka,,,False,sd,,,,http://legis.sd.gov/img/Legislators/begalka.jpg,2011-01-14 22:24:08.377000,2015-01-12 23:41:09.769000
SDL000107,Angie Buhl,Angie,,Buhl O'Donnell,,,False,sd,,,,http://legis.sd.gov/img/Legislators/BUHL_ODONNELL_ANGIE_2015.jpg,2011-01-14 22:24:08.373000,2016-12-30 21:23:08.629000
SDL000110,Phyllis M Heineman,Phyllis,M,Heineman,,,False,sd,,,,http://legis.sd.gov/img/Legislators/HEINEMAN_PHYLLIS_2015.jpg,2011-01-14 22:24:08.371000,2016-12-30 21:23:08.649000
SDL000111,Ried S Holien,Ried,S,Holien,,,False,sd,,,,http://legis.sd.gov/img/Legislators/holien.jpg,2011-01-14 22:24:08.378000,2015-01-12 23:41:09.771000
SDL000112,J. Mark Johnston,J. Mark,,Johnston,,,False,sd,,,,http://legis.state.sd.us/sessions/2013/johnston.jpg,2011-01-14 22:24:08.371000,2013-06-17 14:45:48.097000
SDL000113,Elizabeth Kraus,Elizabeth,,Kraus,,,False,sd,,,,http://legis.state.sd.us/sessions/2011/kraus.jpg,2011-01-14 22:24:08.377000,2013-01-09 00:48:35.379000
SDL000119,Bruce E Rampelberg,Bruce,E,Rampelberg,,,False,sd,,,,http://legis.sd.gov/img/Legislators/rampelberg.jpg,2011-01-14 22:24:08.376000,2015-01-12 23:41:09.763000
SDL000125,Bob Deelstra,Bob,,Deelstra,,,False,sd,,,,http://legis.state.sd.us/sessions/2011/deelstra.jpg,2011-01-14 22:24:08.368000,2013-01-09 00:48:35.340000
SDL000126,Dan Dryden,Dan,,Dryden,,,False,sd,,,,http://legis.sd.gov/img/Legislators/DRYDEN_DAN_2015.jpg,2011-01-14 22:24:08.364000,2016-12-30 21:23:08.578000
SDL000127,Jenna Haggar,Jenna,,Haggar,,,False,sd,,,,http://legis.sd.gov/img/Legislators/HAGGAR_JENNA_2015.jpg,2011-01-14 22:24:08.141000,2016-12-30 21:23:08.644000
SDL000128,Jon Hansen,Jon,,Hansen,,,False,sd,,,,http://legis.state.sd.us/sessions/2013/hansenj.jpg,2011-01-14 22:24:08.364000,2013-08-21 14:51:52.567000
SDL000130,Steve Hickey,Steve,,Hickey,,,False,sd,,,,,2011-01-14 22:24:08.368000,2015-12-11 22:38:19.063000
SDL000131,Lora L Hubbel,Lora,L,Hubbel,,,False,sd,,,,http://legis.state.sd.us/sessions/2011/hubbel.jpg,2011-01-14 22:24:08.140000,2013-01-09 00:48:35.344000
SDL000132,Tom Jones,Tom,,Jones,,,False,sd,,,,http://legis.sd.gov/img/Legislators/jones.jpg,2011-01-14 22:24:08.142000,2015-01-12 23:41:09.746000
SDL000134,Brian C Liss,Brian,C,Liss,,,False,sd,,,,http://legis.state.sd.us/sessions/2011/liss.jpg,2011-01-14 22:24:08.358000,2013-01-09 00:48:35.347000
SDL000135,Melissa Magstadt,Melissa,,Magstadt,,,False,sd,,,,http://legis.sd.gov/img/Legislators/magstadt.jpg,2011-01-14 22:24:08.365000,2015-01-12 23:41:09.736000
SDL000136,Patty Miller,Patty,,Miller,,,False,sd,,,,http://legis.state.sd.us/sessions/2013/miller.jpg,2011-01-14 22:24:08.286000,2013-05-16 13:29:11.934000
SDL000137,Scott Munsterman,Scott,,Munsterman,,,False,sd,,,,http://legis.sd.gov/img/Legislators/MUNSTERMAN_SCOTT_2015.jpg,2011-01-14 22:24:08.367000,2016-12-30 21:23:08.623000
SDL000138,Stace Nelson,Stace,,Nelson,,,False,sd,,,,http://legis.sd.gov/img/Legislators/nelsons.jpg,2011-01-14 22:24:08.363000,2015-01-12 23:41:09.698000
SDL000139,Tad Perry,Tad,,Perry,,,False,sd,,,,http://legis.state.sd.us/sessions/2011/perry.jpg,2011-01-14 22:24:08.362000,2013-01-09 00:48:35.330000
SDL000142,David Sigdestad,David,,Sigdestad,,,False,sd,,,,http://legis.state.sd.us/sessions/2011/sigdestad.jpg,2011-01-14 22:24:08.139000,2013-01-09 00:48:35.342000
SDL000143,Patricia K Stricherz,Patricia,K,Stricherz,,,False,sd,,,,http://legis.state.sd.us/sessions/2011/stricherz.jpg,2011-01-14 22:24:08.367000,2013-01-09 00:48:35.349000
SDL000144,R. Shawn Tornow,R. Shawn,,Tornow,,,False,sd,,,,http://legis.state.sd.us/sessions/2011/tornow.jpg,2011-01-14 22:24:08.358000,2013-01-09 00:48:35.335000
SDL000145,Burt E Tulson,Burt,E,Tulson,,,False,sd,,,,http://legis.sd.gov/img/Legislators/tulson.jpg,2011-01-14 22:24:08.365000,2015-01-12 23:41:09.702000
SDL000146,Edward E Van Gerpen,Edward,E,Van Gerpen,,,False,sd,,,,http://legis.state.sd.us/sessions/2011/vangerpen.jpg,2011-01-14 22:24:08.360000,2013-01-09 00:48:35.352000
SDL000147,Mark E Venner,Mark,E,Venner,,,False,sd,,,,http://legis.state.sd.us/sessions/2011/venner.jpg,2011-01-14 22:24:08.363000,2013-01-09 00:48:35.363000
SDL000149,Hal G Wick,Hal,G,Wick,,,False,sd,,,,http://legis.sd.gov/img/Legislators/wick.jpg,2011-01-14 22:24:08.357000,2015-01-12 23:41:09.676000
SDL000150,Mark K Willadsen,Mark,K,Willadsen,,,False,sd,,,,http://legis.sd.gov/img/Legislators/WILLADSEN_MARK_2015.jpg,2011-01-14 22:24:08.140000,2016-12-30 21:23:08.608000
SDL000158,David M. Omdahl,David,M.,Omdahl,,,False,sd,,,,http://legis.sd.gov/img/Legislators/OMDAHL_DAVID_2015.jpg,2013-01-09 00:48:34.544000,2016-12-30 21:23:08.636000
SDL000163,Chuck Welke,Chuck,,Welke,,,False,sd,,,,http://legis.sd.gov/img/Legislators/welkec.jpg,2013-01-09 00:48:34.628000,2015-01-12 23:41:09.750000
SDL000166,Gary L. Cammack,Gary,L.,Cammack,,,False,sd,,,,http://legis.sd.gov/img/Legislators/CAMMACK_GARY_L_2015.jpg,2013-01-09 00:48:34.654000,2016-12-30 21:23:08.640000
SDL000167,Blaine B. Campbell,Blaine,B.,Campbell,,,False,sd,,,,http://legis.sd.gov/img/Legislators/campbellB.jpg,2013-01-09 00:48:34.663000,2015-01-12 23:41:09.730000
SDL000169,Scott W. Craig,Scott,W.,Craig,,,False,sd,,,,http://legis.sd.gov/img/Legislators/CRAIG_SCOTT_2015.jpg,2013-01-09 00:48:34.683000,2016-12-30 21:23:08.624000
SDL000171,Scott W. Ecklund,Scott,W.,Ecklund,,,False,sd,,,,http://legis.sd.gov/img/Legislators/ecklundS.jpg,2013-01-09 00:48:34.710000,2015-01-12 23:41:09.710000
SDL000172,Christine M. Erickson,Christine,M.,Erickson,,,False,sd,,,,http://legis.sd.gov/img/Legislators/ericksonC.jpg,2013-01-09 00:48:34.716000,2014-06-18 13:36:17.596000
SDL000177,Anne C. Hajek,Anne,C.,Hajek,,,False,sd,,,,http://legis.sd.gov/img/Legislators/anneHajek.jpg,2013-01-09 00:48:34.796000,2015-01-12 23:41:09.682000
SDL000178,Paula Hawks,Paula,,Hawks,,,False,sd,,,,http://legis.sd.gov/img/Legislators/HAWKS_PAULA_2015.jpg,2013-01-09 00:48:34.811000,2016-12-30 21:23:08.614000
SDL000179,Leslie J. Heinemann,Leslie,J.,Heinemann,,,False,sd,,,,http://legis.sd.gov/img/Legislators/heinemannL.jpg,2013-01-09 00:48:34.825000,2015-01-12 23:41:09.738000
SDL000188,Scott Parsley,Scott,,Parsley,,,False,sd,,,,http://legis.sd.gov/img/Legislators/PARSELY_SCOTT_2015.jpg,2013-01-09 00:48:34.989000,2016-12-30 21:23:08.652000
SDL000196,Karen L. Soli,Karen,L.,Soli,,,False,sd,,,,http://legis.sd.gov/img/Legislators/soliK.jpg,2013-01-09 00:48:35.087000,2015-01-12 23:41:09.684000
SDL000197,Jim Stalzer,Jim,,Stalzer,,,False,sd,,,,http://legis.sd.gov/img/Legislators/STALZER_JIM_2015.jpg,2013-01-09 00:48:35.103000,2016-12-30 21:23:08.594000
SDL000200,Kathy Tyler,Kathy,,Tyler,,,False,sd,,,,http://legis.sd.gov/img/Legislators/tylerK.jpg,2013-01-09 00:48:35.136000,2015-01-12 23:41:09.734000
SDL000201,Dick Werner,Dick,,Werner,,,False,sd,,,,http://legis.sd.gov/img/Legislators/WERNER_DICK_2015.jpg,2013-01-09 00:48:35.151000,2016-12-30 21:23:08.585000
SDL000202,Steven Westra,Steven,,Westra,,,False,sd,,,,http://legis.sd.gov/img/Legislators/westraS.jpg,2013-01-09 00:48:35.158000,2015-01-12 23:41:09.678000
SDL000204,David  L Anderson,David L,,Anderson,,,False,sd,,,,http://legis.sd.gov/img/Legislators/andersonD.jpg,2013-05-16 08:45:14.324000,2015-01-12 23:41:09.694000
SDL000206,Kris Langer,Kris,,Langer,,,False,sd,,,,http://legis.sd.gov/img/Legislators/langerk.jpg,2013-08-21 07:47:40.629000,2015-01-12 23:41:09.708000
SDL000207,Alan D Solano,Alan D,,Solano,,,False,sd,,,,http://legis.sd.gov/img/Legislators/solanoa.jpg,2014-01-27 22:10:54.098000,2015-01-12 23:41:09.765000
SDL000208,Chuck E Jones,Chuck E,,Jones,,,False,sd,,,,http://legis.sd.gov/img/Legislators/joneschuck.jpg,2014-01-27 22:10:54.275000,2015-01-12 23:41:09.773000
SDL000210,"Holien, Ried",Ried,,Holien,,,False,sd,,,,http://legis.sd.gov/img/Legislators/HOLIEN_RIED_2015.jpg,2015-01-12 23:41:08.209000,2016-12-30 21:23:08.642000
SDL000211,"Wiik, John J",John J,,Wiik,,,False,sd,,,,http://legis.sd.gov/img/Legislators/WIIK_JOHN_2015.jpg,2015-01-12 23:41:08.232000,2016-12-30 21:23:08.627000
SDL000215,"Deutsch, Fred E",Fred E,,Deutsch,,,False,sd,,,,http://legis.sd.gov/img/Legislators/DEUTSCH_FRED_2015.jpg,2015-01-12 23:41:08.347000,2016-12-30 21:23:08.583000
SDL000216,"Partridge, Jeffrey D",Jeffrey D,,Partridge,,,False,sd,,,,http://legis.sd.gov/img/Legislators/PARTRIDGE_JEFF_2015.jpg,2015-01-12 23:41:08.367000,2016-12-30 21:23:08.611000
SDL000218,"Schoenbeck, Lee",Lee,,Schoenbeck,,,False,sd,,,,http://legis.sd.gov/img/Legislators/SCHOENBECK_LEE_2015.jpg,2015-01-12 23:41:08.408000,2016-12-30 21:23:08.622000
SDL000220,"Harrison, Michele K",Michele K,,Harrison,,,False,sd,,,,http://legis.sd.gov/img/Legislators/HARRISON_MICHELE_2015.jpg,2015-01-12 23:41:08.446000,2016-12-30 21:23:08.586000
SDL000225,"Marty, J. Sam",J. Sam,,Marty,,,False,sd,,,,http://legis.sd.gov/img/Legislators/MARTY_SAM_2015.jpg,2015-01-12 23:41:08.569000,2016-12-30 21:23:08.609000
SDL000229,"Jensen, Alex P",Alex P,,Jensen,,,False,sd,,,,http://legis.sd.gov/img/Legislators/JENSEN_ALEX_2015.jpg,2015-01-12 23:41:08.681000,2016-12-30 21:23:08.591000
SDL000231,"Heinemann, Leslie",Leslie,,Heinemann,,,False,sd,,,,http://legis.sd.gov/img/Legislators/HEINEMANN_LESLIE_2015.jpg,2015-01-12 23:41:08.711000,2016-12-30 21:23:08.587000
SDL000232,"Bordeaux, Shawn L",Shawn L,,Bordeaux,,,False,sd,,,,http://legis.sd.gov/img/Legislators/BORDEAUX_SHAWN_2015.jpg,2015-01-12 23:41:08.721000,2016-12-30 21:23:08.576000
SDL000233,"Westra, Steve",Steve,,Westra,,,False,sd,,,,http://legis.sd.gov/img/Legislators/WESTRA_STEVE_2015.jpg,2015-01-12 23:41:08.731000,2016-12-30 21:23:08.626000
SDL000234,"Russell, Lance",Lance,,Russell,,,False,sd,,,,http://legis.sd.gov/img/Legislators/RUSSELL_LANCE_2015.jpg,2015-01-12 23:41:08.752000,2016-12-30 21:23:08.620000
SDL000236,"Rampelberg, Bruce",Bruce,,Rampelberg,,,False,sd,,,,http://legis.sd.gov/img/Legislators/RAMPELBERG_BRUCE_2015.jpg,2015-01-12 23:41:08.802000,2016-12-30 21:23:08.651000
SDL000239,"Romkema, Fred",Fred,,Romkema,,,False,sd,,,,http://legis.sd.gov/img/Legislators/ROMKEMA_FRED_2015.jpg,2015-01-12 23:41:08.863000,2016-12-30 21:23:08.619000
SDL000243,"Rave, Tim",Tim,,Rave,,,False,sd,,,,,2015-01-12 23:41:08.989000,2015-07-08 20:05:56.673000
SDL000246,"Langer, Kris K",Kris K,,Langer,,,False,sd,,,,http://legis.sd.gov/img/Legislators/LANGER_KRIS_2015.jpg,2015-01-12 23:41:09.050000,2016-12-30 21:23:08.607000
SDL000249,"DiSanto, Lynne A",Lynne A,,DiSanto,,,False,sd,,,,http://legis.sd.gov/img/Legislators/DiSANTO_LYNNE_2015.jpg,2015-01-12 23:41:09.154000,2016-12-30 21:23:08.584000
SDL000250,"Hunhoff, Jean",Jean,,Hunhoff,,,False,sd,,,,http://legis.sd.gov/img/Legislators/HUNHOFF_JEAN_2015.jpg,2015-01-12 23:41:09.164000,2016-12-30 21:23:08.588000
SDL000251,"Klumb, Joshua M",Joshua M,,Klumb,,,False,sd,,,,http://legis.sd.gov/img/Legislators/KLUMB_JOSHUA_2015.jpg,2015-01-12 23:41:09.174000,2016-12-30 21:23:08.606000
SDL000252,"Peterson, Kent S",Kent S,,Peterson,,,False,sd,,,,http://legis.sd.gov/img/Legislators/PETERSON_KENT_2015.jpg,2015-01-12 23:41:09.204000,2016-12-30 21:23:08.616000
SDL000253,"Haverly, Terri L",Terri L,,Haverly,,,False,sd,,,,http://legis.sd.gov/img/Legislators/HAVERLY_TERRI_2015.jpg,2015-01-12 23:41:09.265000,2016-12-30 21:23:08.641000
SDL000255,"Wollmann, Mathew J",Mathew J,,Wollmann,,,False,sd,,,,http://legis.sd.gov/img/Legislators/WOLLMANN_MATHEW_2015.jpg,2015-01-12 23:41:09.316000,2016-12-30 21:23:08.628000
SDL000258,William Shorma,William,,Shorma,,,False,sd,,,,http://legis.sd.gov/img/Legislators/SHORMA_WILLIAM_2015.jpg,2015-05-06 04:02:17.217000,2016-12-30 21:23:08.653000
SDL000259,"Fiegen, Scott",Scott,,Fiegen,,,False,sd,,,,http://legis.sd.gov/img/Legislators/FIEGEN_SCOTT_2015.jpg,2015-05-07 03:57:37.837000,2016-12-30 21:23:08.639000
SDL000260,Wayne H. Steinhauer,Wayne,H.,Steinhauer,,,False,sd,,,,http://legis.sd.gov/img/Legislators/STEINHAUER_WAYNE_2015.jpg,2015-11-25 10:44:57.120000,2016-12-30 21:23:08.625000
SDL000322,"Wollmann, Mathew",Mathew,,Wollmann,,,False,sd,,,,http://www.sdlegislature.gov/img/Legislators/Wollmann_2017.jpg,2016-12-30 21:23:08.428000,2017-05-24 07:34:45.058000
SDL000004,Julie Bartling,Julie,,Bartling,,,True,sd,lower,21,Democratic,http://www.sdlegislature.gov/img/Legislators/Bartling_2017.jpg,2010-07-31 03:33:51.052000,2017-05-24 07:34:45.336000
SDL000039,Thomas J Brunner,Thomas,J,Brunner,,,True,sd,lower,29,Republican,http://www.sdlegislature.gov/img/Legislators/Brunner_2017.jpg,2010-07-31 03:33:51.496000,2017-05-24 07:34:45.367000
SDL000087,Tim Rounds,Tim,,Rounds,,,True,sd,lower,24,Republican,http://www.sdlegislature.gov/img/Legislators/Rounds_2017.jpg,2010-07-31 03:33:51.917000,2017-05-24 07:34:45.370000
SDL000129,Spencer Hawley,Spencer,,Hawley,,,True,sd,lower,7,Democratic,http://www.sdlegislature.gov/img/Legislators/Hawley_2017.jpg,2011-01-14 22:24:08.366000,2017-05-24 07:34:45.365000
SDL000140,Tona Rozum,Tona,,Rozum,,,True,sd,lower,20,Republican,http://www.sdlegislature.gov/img/Legislators/Rozum_2017.jpg,2011-01-14 22:24:08.360000,2017-05-24 07:34:45.372000
SDL000141,James G Schaefer,James,G,Schaefer,,,True,sd,lower,26B,Republican,http://www.sdlegislature.gov/img/Legislators/Schaefer_2017.jpg,2011-01-14 22:24:08.361000,2017-05-24 07:35:00.481000
SDL000170,Mary Duvall,Mary,,Duvall,,,True,sd,lower,24,Republican,http://www.sdlegislature.gov/img/Legislators/Duvall_2017.jpg,2013-01-09 00:48:34.703000,2017-05-24 07:35:00.472000
SDL000175,Don Haggar,Don,,Haggar,,,True,sd,lower,10,Republican,http://www.sdlegislature.gov/img/Legislators/Haggar_2017.jpg,2013-01-09 00:48:34.780000,2017-05-24 07:35:00.512000
SDL000181,Timothy R. Johns,Timothy,R.,Johns,,,True,sd,lower,31,Republican,http://www.sdlegislature.gov/img/Legislators/Johns_2017.jpg,2013-01-09 00:48:34.861000,2017-05-24 07:34:45.371000
SDL000182,Dan Kaiser,Dan,,Kaiser,,,True,sd,lower,3,Republican,http://www.sdlegislature.gov/img/Legislators/Kaiser_2017.jpg,2013-01-09 00:48:34.868000,2017-05-24 07:34:45.308000
SDL000183,Isaac Latterell,Isaac,,Latterell,,,True,sd,lower,6,Republican,http://www.sdlegislature.gov/img/Legislators/Latterell_2017.jpg,2013-01-09 00:48:34.903000,2017-05-24 07:34:45.330000
SDL000184,Elizabeth May,Elizabeth,,May,,,True,sd,lower,27,Republican,http://www.sdlegislature.gov/img/Legislators/May_2017.jpg,2013-01-09 00:48:34.927000,2017-05-24 07:34:45.313000
SDL000185,G. Mark Mickelson,G.,Mark,Mickelson,,,True,sd,lower,13,Republican,http://www.sdlegislature.gov/img/Legislators/Mickelson_2017.jpg,2013-01-09 00:48:34.934000,2017-05-24 07:34:45.315000
SDL000187,Herman Otten,Herman,,Otten,,,True,sd,lower,6,Republican,http://www.sdlegislature.gov/img/Legislators/OttenHerman_2017.jpg,2013-01-09 00:48:34.982000,2017-05-24 07:34:45.326000
SDL000190,Lee Qualm,Lee,,Qualm,,,True,sd,lower,21,Republican,http://www.sdlegislature.gov/img/Legislators/Qualm_2017.jpg,2013-01-09 00:48:35.003000,2017-05-24 07:34:45.342000
SDL000191,Nancy Rasmussen,Nancy,,Rasmussen,,,True,sd,lower,17,Republican,http://www.sdlegislature.gov/img/Legislators/Rasmussen_2017.jpg,2013-01-09 00:48:35.010000,2017-05-24 07:35:00.440000
SDL000192,Ray Ring,Ray,,Ring,,,True,sd,lower,17,Democratic,http://www.sdlegislature.gov/img/Legislators/Ring_2017.jpg,2013-01-09 00:48:35.018000,2017-05-24 07:34:45.359000
SDL000195,Kyle Schoenfish,Kyle,,Schoenfish,,,True,sd,lower,19,Republican,http://www.sdlegislature.gov/img/Legislators/Schoenfish_2017.jpg,2013-01-09 00:48:35.062000,2017-05-24 07:34:45.340000
SDL000198,Mike Stevens,Mike,,Stevens,,,True,sd,lower,18,Republican,http://www.sdlegislature.gov/img/Legislators/Stevens_2017.jpg,2013-01-09 00:48:35.118000,2017-05-24 07:34:45.351000
SDL000217,"Tulson, Burt",Burt,,Tulson,,,True,sd,lower,2,Republican,http://www.sdlegislature.gov/img/Legislators/Tulson_2017.jpg,2015-01-12 23:41:08.377000,2017-05-24 07:34:45.373000
SDL000226,"Greenfield, Lana",Lana,,Greenfield,,,True,sd,lower,2,Republican,http://www.sdlegislature.gov/img/Legislators/GreenfieldLana_2017.jpg,2015-01-12 23:41:08.610000,2017-05-24 07:34:45.322000
SDL000227,"McCleerey, Steven D",Steven D,,McCleerey,,,True,sd,lower,1,Democratic,http://www.sdlegislature.gov/img/Legislators/McCleerey_2017.jpg,2015-01-12 23:41:08.620000,2017-05-24 07:34:45.349000
SDL000237,"Campbell, Blaine ""Chip""","Blaine ""Chip""",,Campbell,,,True,sd,lower,35,Republican,http://www.sdlegislature.gov/img/Legislators/Campbell_2017.jpg,2015-01-12 23:41:08.823000,2017-05-24 07:34:45.303000
SDL000238,"Holmes, Thomas R",Thomas R,,Holmes,,,True,sd,lower,14,Republican,http://www.sdlegislature.gov/img/Legislators/Holmes_2017.jpg,2015-01-12 23:41:08.844000,2017-05-24 07:34:45.327000
SDL000240,"Conzet, Kristin A",Kristin A,,Conzet,,,True,sd,lower,32,Republican,http://www.sdlegislature.gov/img/Legislators/COnzet_2017.jpg,2015-01-12 23:41:08.925000,2017-05-24 07:34:45.307000
SDL000242,"Beal, Arch",Arch,,Beal,,,True,sd,lower,12,Republican,http://www.sdlegislature.gov/img/Legislators/Beal_2017.jpg,2015-01-12 23:41:08.945000,2017-05-24 07:34:45.301000
SDL000244,"Haugaard, Steven G",Steven G,,Haugaard,,,True,sd,lower,10,Republican,http://www.sdlegislature.gov/img/Legislators/Haugaard_2017.jpg,2015-01-12 23:41:09.020000,2017-05-24 07:34:45.323000
SDL000245,"Soli, Karen",Karen,,Soli,,,True,sd,lower,15,Democratic,http://www.sdlegislature.gov/img/Legislators/Soli_2017.jpg,2015-01-12 23:41:09.041000,2017-05-24 07:34:45.364000
SDL000247,"Anderson, David L",David L,,Anderson,,,True,sd,lower,16,Republican,http://www.sdlegislature.gov/img/Legislators/Anderson_2017.jpg,2015-01-12 23:41:09.081000,2017-05-24 07:34:45.298000
SDL000254,"Zikmund, Larry P",Larry P,,Zikmund,,,True,sd,lower,14,Republican,http://www.sdlegislature.gov/img/Legislators/Zikmund_2017.jpg,2015-01-12 23:41:09.285000,2017-05-24 07:35:00.498000
SDL000263,"Hunhoff, Jean M",Jean M,,Hunhoff,,,True,sd,lower,18,Republican,http://www.sdlegislature.gov/img/Legislators/Hunhoff_2017.jpg,2016-12-30 21:23:07.872000,2017-05-24 07:34:45.329000
SDL000264,"Goodwin, Tim",Tim,,Goodwin,,,True,sd,lower,30,Republican,http://www.sdlegislature.gov/img/Legislators/Goodwin_2017.jpg,2016-12-30 21:23:07.880000,2017-05-24 07:34:45.319000
SDL000266,"Tieszen, Craig",Craig,,Tieszen,,,True,sd,lower,34,Republican,http://www.sdlegislature.gov/img/Legislators/Tieszen_2017.jpg,2016-12-30 21:23:07.896000,2017-05-24 07:34:45.368000
SDL000267,"Frye-Mueller, Julie",Julie,,Frye-Mueller,,,True,sd,lower,30,Republican,http://www.sdlegislature.gov/img/Legislators/FryeMueller_2017.jpg,2016-12-30 21:23:07.901000,2017-05-24 07:34:45.314000
SDL000269,"Bordeaux, Shawn",Shawn,,Bordeaux,,,True,sd,lower,26A,Democratic,http://www.sdlegislature.gov/img/Legislators/Bordeaux_2017.jpg,2016-12-30 21:23:07.940000,2017-05-24 07:34:45.302000
SDL000272,"Lust, David",David,,Lust,,,True,sd,lower,34,Republican,http://www.sdlegislature.gov/img/Legislators/Lust_2017.jpg,2016-12-30 21:23:07.979000,2017-05-24 07:35:00.450000
SDL000273,"DiSanto, Lynne",Lynne,,DiSanto,,,True,sd,lower,35,Republican,http://www.sdlegislature.gov/img/Legislators/DiSanto_2017.jpg,2016-12-30 21:23:07.985000,2017-05-24 07:34:45.311000
SDL000274,"Kettwig, Jason W",Jason W,,Kettwig,,,True,sd,lower,4,Republican,http://www.sdlegislature.gov/img/Legislators/Kettwig_2017.jpg,2016-12-30 21:23:07.990000,2017-05-24 07:34:45.338000
SDL000275,"York, Nancy",Nancy,,York,,,True,sd,lower,5,Republican,http://www.sdlegislature.gov/img/Legislators/York_2017.jpg,2016-12-30 21:23:08.001000,2017-05-24 07:34:45.379000
SDL000276,"Lake, John A",John A,,Lake,,,True,sd,lower,23,Republican,http://www.sdlegislature.gov/img/Legislators/Lake_2017.jpg,2016-12-30 21:23:08.012000,2017-05-24 07:34:45.341000
SDL000277,"Steinhauer, Wayne H",Wayne H,,Steinhauer,,,True,sd,lower,9,Republican,http://www.sdlegislature.gov/img/Legislators/Steinhauer_2017.jpg,2016-12-30 21:23:08.035000,2017-05-24 07:35:00.490000
SDL000279,"Ahlers, Dan",Dan,,Ahlers,,,True,sd,lower,25,Democratic,http://www.sdlegislature.gov/img/Legislators/Ahlers_2017.jpg,2016-12-30 21:23:08.051000,2017-05-24 07:35:00.538000
SDL000280,"Chase, Roger D",Roger D,,Chase,,,True,sd,lower,22,Republican,http://www.sdlegislature.gov/img/Legislators/Chase_2017.jpg,2016-12-30 21:23:08.062000,2017-05-24 07:34:45.305000
SDL000282,"Rhoden, Larry",Larry,,Rhoden,,,True,sd,lower,29,Republican,http://www.sdlegislature.gov/img/Legislators/Rhoden_2017.jpg,2016-12-30 21:23:08.073000,2017-05-24 07:35:00.517000
SDL000284,"Gosch, Spencer",Spencer,,Gosch,,,True,sd,lower,23,Republican,http://www.sdlegislature.gov/img/Legislators/Gosch_2017.jpg,2016-12-30 21:23:08.089000,2017-05-24 07:34:45.321000
SDL000286,"Lesmeister, Oren L",Oren L,,Lesmeister,,,True,sd,lower,28A,Democratic,http://www.sdlegislature.gov/img/Legislators/Lesmeister_2017.jpg,2016-12-30 21:23:08.106000,2017-05-24 07:34:45.343000
SDL000287,"Livermont, Steve",Steve,,Livermont,,,True,sd,lower,27,Republican,http://www.sdlegislature.gov/img/Legislators/Livermont_2017.jpg,2016-12-30 21:23:08.111000,2017-05-24 07:34:45.344000
SDL000292,"Howard, Taffy",Taffy,,Howard,,,True,sd,lower,33,Republican,http://www.sdlegislature.gov/img/Legislators/Howard_2017.jpg,2016-12-30 21:23:08.145000,2017-05-24 07:34:45.328000
SDL000294,"Glanzer, Bob",Bob,,Glanzer,,,True,sd,lower,22,Republican,http://www.sdlegislature.gov/img/Legislators/Glanzer_2017.jpg,2016-12-30 21:23:08.162000,2017-05-24 07:34:45.316000
SDL000296,"Karr, Chris",Chris,,Karr,,,True,sd,lower,11,Republican,http://www.sdlegislature.gov/img/Legislators/Karr_2017.jpg,2016-12-30 21:23:08.174000,2017-05-24 07:34:45.337000
SDL000297,"Marty, Sam",Sam,,Marty,,,True,sd,lower,28B,Republican,http://www.sdlegislature.gov/img/Legislators/Marty_2017.jpg,2016-12-30 21:23:08.179000,2017-05-24 07:34:45.346000
SDL000298,"Johnson, David",David,,Johnson,,,True,sd,lower,33,Republican,http://www.sdlegislature.gov/img/Legislators/Johnson_2017.jpg,2016-12-30 21:23:08.184000,2017-05-24 07:34:45.335000
SDL000299,"Dennert, Drew",Drew,,Dennert,,,True,sd,lower,3,Republican,http://www.sdlegislature.gov/img/Legislators/Dennert_2017.jpg,2016-12-30 21:23:08.190000,2017-05-24 07:34:45.310000
SDL000300,"Smith, Jamie",Jamie,,Smith,,,True,sd,lower,15,Democratic,http://www.sdlegislature.gov/img/Legislators/Smith_2017.jpg,2016-12-30 21:23:08.201000,2017-05-24 07:34:45.362000
SDL000303,"Jensen, Kevin D",Kevin D,,Jensen,,,True,sd,lower,16,Republican,http://www.sdlegislature.gov/img/Legislators/Jensen_2017.jpg,2016-12-30 21:23:08.234000,2017-05-24 07:34:45.334000
SDL000304,"Clark, Michael",Michael,,Clark,,,True,sd,lower,9,Republican,http://www.sdlegislature.gov/img/Legislators/Clark_2017.jpg,2016-12-30 21:23:08.245000,2017-05-24 07:35:00.522000
SDL000305,"Peterson, Kent",Kent,,Peterson,,,True,sd,lower,19,Republican,http://www.sdlegislature.gov/img/Legislators/Peterson_2017.jpg,2016-12-30 21:23:08.274000,2017-05-24 07:35:00.558000
SDL000307,"Wismer, Susan",Susan,,Wismer,,,True,sd,lower,1,Democratic,http://www.sdlegislature.gov/img/Legislators/Wismer_2017.jpg,2016-12-30 21:23:08.296000,2017-05-24 07:34:45.378000
SDL000309,"Carson, Lance",Lance,,Carson,,,True,sd,lower,20,Republican,http://www.sdlegislature.gov/img/Legislators/Carson_2017.jpg,2016-12-30 21:23:08.313000,2017-05-24 07:34:45.304000
SDL000310,"Heinemann, Leslie J",Leslie J,,Heinemann,,,True,sd,lower,8,Republican,http://www.sdlegislature.gov/img/Legislators/Heinemann_2017.jpg,2016-12-30 21:23:08.324000,2017-05-24 07:34:45.324000
SDL000312,"Jamison, Greg",Greg,,Jamison,,,True,sd,lower,12,Republican,http://www.sdlegislature.gov/img/Legislators/Jamison_2017.jpg,2016-12-30 21:23:08.346000,2017-05-24 07:34:45.332000
SDL000313,"Peterson, Sue",Sue,,Peterson,,,True,sd,lower,13,Republican,http://www.sdlegislature.gov/img/Legislators/PetersonSue_2017.jpg,2016-12-30 21:23:08.352000,2017-05-24 07:34:45.357000
SDL000314,"Bartels, Hugh M",Hugh M,,Bartels,,,True,sd,lower,5,Republican,http://www.sdlegislature.gov/img/Legislators/Bartels_2017.jpg,2016-12-30 21:23:08.363000,2017-05-24 07:34:45.300000
SDL000316,"Pischke, Tom",Tom,,Pischke,,,True,sd,lower,25,Republican,http://www.sdlegislature.gov/img/Legislators/Pischke_2017.jpg,2016-12-30 21:23:08.379000,2017-05-24 07:35:00.503000
SDL000317,"McPherson, Sean",Sean,,McPherson,,,True,sd,lower,32,Republican,http://www.sdlegislature.gov/img/Legislators/McPherson_2017.jpg,2016-12-30 21:23:08.390000,2017-05-24 07:34:45.350000
SDL000318,"Reed, Tim",Tim,,Reed,,,True,sd,lower,7,Republican,http://www.sdlegislature.gov/img/Legislators/Reed_2017.jpg,2016-12-30 21:23:08.396000,2017-05-24 07:35:00.527000
SDL000319,"Willadsen, Mark",Mark,,Willadsen,,,True,sd,lower,11,Republican,http://www.sdlegislature.gov/img/Legislators/Willadsen_2017.jpg,2016-12-30 21:23:08.401000,2017-05-24 07:34:45.377000
SDL000320,"Mills, John",John,,Mills,,,True,sd,lower,4,Republican,http://www.sdlegislature.gov/img/Legislators/Mills_2017.jpg,2016-12-30 21:23:08.412000,2017-05-24 07:34:45.352000
SDL000323,"Turbiville, Charles M",Charles M,,Turbiville,,,True,sd,lower,31,Republican,http://www.sdlegislature.gov/img/Legislators/Turbiville_2017.jpg,2016-12-30 21:23:08.434000,2017-05-24 07:34:45.375000
SDL000324,"Wiese, Marli",Marli,,Wiese,,,True,sd,lower,8,Republican,http://www.sdlegislature.gov/img/Legislators/Wiese_2017.jpg,2017-01-31 08:33:09.203000,2017-05-24 07:34:45.376000
SDL000057,Brock L Greenfield,Brock,L,Greenfield,,,True,sd,upper,2,Republican,http://www.sdlegislature.gov/img/Legislators/Greenfield_2017.jpg,2010-07-31 03:33:51.655000,2017-05-24 07:35:00.543000
SDL000063,Phil Jensen,Phil,,Jensen,,,True,sd,upper,33,Republican,http://www.sdlegislature.gov/img/Legislators/JensenPhil_2017.jpg,2010-07-31 03:33:51.701000,2017-05-24 07:34:45.413000
SDL000081,Deb Peters,Deb,,Peters,,,True,sd,upper,9,Republican,http://www.sdlegislature.gov/img/Legislators/Peters_2017.jpg,2010-07-31 03:33:51.869000,2017-05-24 07:34:45.390000
SDL000098,Larry Tidemann,Larry,,Tidemann,,,True,sd,upper,7,Republican,http://www.sdlegislature.gov/img/Legislators/Tidemann_2017.jpg,2010-07-31 03:33:52.030000,2017-05-24 07:34:45.405000
SDL000122,Billie H Sutton,Billie,H,Sutton,,,True,sd,upper,21,Democratic,http://www.sdlegislature.gov/img/Legislators/Sutton_2017.jpg,2011-01-14 22:24:08.375000,2017-05-24 07:35:00.434000
SDL000148,Jim White,Jim,,White,,,True,sd,upper,22,Republican,http://www.sdlegislature.gov/img/Legislators/White_2017.jpg,2011-01-14 22:24:08.361000,2017-05-24 07:34:45.397000
SDL000152,Bob Ewing,Bob,,Ewing,,,True,sd,upper,31,Republican,http://www.sdlegislature.gov/img/Legislators/Ewing_2017.jpg,2013-01-09 00:48:34.423000,2017-05-24 07:34:45.383000
SDL000157,Jeff Monroe,Jeff,,Monroe,,,True,sd,upper,24,Republican,http://www.sdlegislature.gov/img/Legislators/Monroe_2017.jpg,2013-01-09 00:48:34.524000,2017-05-24 07:34:45.396000
SDL000159,Ernie Otten,Ernie,,Otten,,,True,sd,upper,6,Republican,http://www.sdlegislature.gov/img/Legislators/Otten_2017.jpg,2013-01-09 00:48:34.550000,2017-05-24 07:35:00.532000
SDL000160,Deb Soholt,Deb,,Soholt,,,True,sd,upper,14,Republican,http://www.sdlegislature.gov/img/Legislators/Soholt_2017.jpg,2013-01-09 00:48:34.585000,2017-05-24 07:35:00.456000
SDL000180,Troy Heinert,Troy,,Heinert,,,True,sd,upper,26,Democratic,http://www.sdlegislature.gov/img/Legislators/Heinert_2017.jpg,2013-01-09 00:48:34.831000,2017-05-24 07:35:00.549000
SDL000221,"Rusch, Arthur L",Arthur L,,Rusch,,,True,sd,upper,17,Republican,http://www.sdlegislature.gov/img/Legislators/Rusch_2017.jpg,2015-01-12 23:41:08.488000,2017-05-24 07:34:45.414000
SDL000230,"Solano, Alan",Alan,,Solano,,,True,sd,upper,32,Republican,http://www.sdlegislature.gov/img/Legislators/Solano_2017.jpg,2015-01-12 23:41:08.702000,2017-05-24 07:34:45.418000
SDL000248,"Curd, R. Blake",R. Blake,,Curd,,,True,sd,upper,12,Republican,http://www.sdlegislature.gov/img/Legislators/Curd_2017.jpg,2015-01-12 23:41:09.091000,2017-05-24 07:34:45.389000
SDL000265,"Stalzer, Jim",Jim,,Stalzer,,,True,sd,upper,11,Republican,http://www.sdlegislature.gov/img/Legislators/Stalzer_2017.jpg,2016-12-30 21:23:07.891000,2017-05-24 07:34:45.419000
SDL000268,"Cammack, Gary L",Gary L,,Cammack,,,True,sd,upper,29,Republican,http://www.sdlegislature.gov/img/Legislators/Cammack_2017.jpg,2016-12-30 21:23:07.918000,2017-05-24 07:34:45.387000
SDL000270,"Tapio, Neal",Neal,,Tapio,,,True,sd,upper,5,Republican,http://www.sdlegislature.gov/img/Legislators/Tapio_2017.jpg,2016-12-30 21:23:07.945000,2017-05-24 07:34:45.421000
SDL000271,"Novstrup, Al",Al,,Novstrup,,,True,sd,upper,3,Republican,http://www.sdlegislature.gov/img/Legislators/Novstrup_2017.jpg,2016-12-30 21:23:07.974000,2017-05-24 07:34:45.411000
SDL000278,"Maher, Ryan",Ryan,,Maher,,,True,sd,upper,28,Republican,http://www.sdlegislature.gov/img/Legislators/Maher_2017.jpg,2016-12-30 21:23:08.046000,2017-05-24 07:34:45.406000
SDL000281,"Partridge, Jeffrey D",Jeffrey D,,Partridge,,,True,sd,upper,34,Republican,http://www.sdlegislature.gov/img/Legislators/Partridge_2017.jpg,2016-12-30 21:23:08.067000,2017-05-24 07:34:45.412000
SDL000283,"Youngberg, Jordan",Jordan,,Youngberg,,,True,sd,upper,8,Republican,http://www.sdlegislature.gov/img/Legislators/Youngberg_2017.jpg,2016-12-30 21:23:08.078000,2017-05-24 07:35:00.568000
SDL000285,"Langer, Kris",Kris,,Langer,,,True,sd,upper,25,Republican,http://www.sdlegislature.gov/img/Legislators/Langer_2017.jpg,2016-12-30 21:23:08.095000,2017-05-24 07:34:45.404000
SDL000288,"Frerichs, Jason E",Jason E,,Frerichs,,,True,sd,upper,1,Democratic,http://www.sdlegislature.gov/img/Legislators/Frerichs_2017.jpg,2016-12-30 21:23:08.117000,2017-05-24 07:34:45.394000
SDL000289,"Killer, Kevin",Kevin,,Killer,,,True,sd,upper,27,Democratic,http://www.sdlegislature.gov/img/Legislators/Killer_2017.jpg,2016-12-30 21:23:08.122000,2017-05-24 07:34:45.400000
SDL000290,"Haverly, Terri",Terri,,Haverly,,,True,sd,upper,35,Republican,http://www.sdlegislature.gov/img/Legislators/Haverly_2017.jpg,2016-12-30 21:23:08.134000,2017-05-24 07:34:45.395000
SDL000291,"Netherton, Jenna",Jenna,,Netherton,,,True,sd,upper,10,Republican,http://www.sdlegislature.gov/img/Legislators/Netherton_2017.jpg,2016-12-30 21:23:08.140000,2017-05-24 07:35:00.508000
SDL000293,"Bolin, Jim",Jim,,Bolin,,,True,sd,upper,16,Republican,http://www.sdlegislature.gov/img/Legislators/Bolin_2017.jpg,2016-12-30 21:23:08.157000,2017-05-24 07:34:45.384000
SDL000295,"Nelson, Stace",Stace,,Nelson,,,True,sd,upper,19,Republican,http://www.sdlegislature.gov/img/Legislators/Nelson_2017.jpg,2016-12-30 21:23:08.168000,2017-05-24 07:34:45.407000
SDL000301,"Wiik, John",John,,Wiik,,,True,sd,upper,4,Republican,http://www.sdlegislature.gov/img/Legislators/Wiik_2017.jpg,2016-12-30 21:23:08.212000,2017-05-24 07:34:45.423000
SDL000302,"Kennedy, Craig",Craig,,Kennedy,,,True,sd,upper,18,Democratic,http://www.sdlegislature.gov/img/Legislators/Kennedy_2017.jpg,2016-12-30 21:23:08.229000,2017-05-24 07:34:45.399000
SDL000306,"Klumb, Joshua",Joshua,,Klumb,,,True,sd,upper,20,Republican,http://www.sdlegislature.gov/img/Legislators/Klumb_2017.jpg,2016-12-30 21:23:08.285000,2017-05-24 07:35:00.553000
SDL000308,"Cronin, Justin R",Justin R,,Cronin,,,True,sd,upper,23,Republican,http://www.sdlegislature.gov/img/Legislators/Cronin_2017.jpg,2016-12-30 21:23:08.302000,2017-05-24 07:35:00.461000
SDL000311,"Kolbeck, Jack",Jack,,Kolbeck,,,True,sd,upper,13,Republican,http://www.sdlegislature.gov/img/Legislators/Kolbeck_2017.jpg,2016-12-30 21:23:08.329000,2017-05-24 07:35:00.429000
SDL000315,"Russell, Lance S",Lance S,,Russell,,,True,sd,upper,30,Republican,http://www.sdlegislature.gov/img/Legislators/Russell_2017.jpg,2016-12-30 21:23:08.368000,2017-05-24 07:34:45.416000
SDL000321,"Nesiba, Reynold F",Reynold F,,Nesiba,,,True,sd,upper,15,Democratic,http://www.sdlegislature.gov/img/Legislators/Nesiba_2017.jpg,2016-12-30 21:23:08.423000,2017-05-24 07:34:45.409000
