leg_id,type,term,district,chamber,state,party,committee_id,committee,subcommittee,start_date,end_date
SDL000001,member,2009-2010,10,upper,sd,Republican,,,,,
SDL000001,member,2011-2012,10,lower,sd,Republican,,,,,
SDL000001,committee member,2011-2012,,lower,sd,,SDC000004,Judiciary,,,
SDL000001,committee member,2011-2012,,lower,sd,,SDC000011,State Affairs,,,
SDL000002,member,2009-2010,32,upper,sd,Republican,,,,,
SDL000002,member,2013-2014,32,upper,sd,Republican,,,,,2013-12-30 00:00:00
SDL000002,committee member,2013-2014,,upper,sd,,SDC000014,Appropriations,,,
SDL000002,member,2011-2012,32,upper,sd,Republican,,,,,
SDL000002,committee member,2011-2012,,upper,sd,,SDC000022,Commerce and Energy,,,
SDL000002,committee member,2011-2012,,upper,sd,,SDC000020,State Affairs,,,
SDL000003,member,2009-2010,25,upper,sd,Democratic,,,,,
SDL000005,member,2009-2010,27,upper,sd,Republican,,,,,
SDL000005,member,2013-2014,27,upper,sd,Democratic,,,,,
SDL000005,committee member,2013-2014,,upper,sd,,SDC000026,Health and Human Services,,,
SDL000005,committee member,2013-2014,,upper,sd,,SDC000018,Judiciary,,,
SDL000005,member,2011-2012,27,upper,sd,Democratic,,,,,
SDL000005,committee member,2011-2012,,upper,sd,,SDC000016,Education,,,
SDL000005,committee member,2011-2012,,upper,sd,,SDC000017,Health and Human Services,,,
SDL000005,committee member,2011-2012,,upper,sd,,SDC000018,Local Government,,,
SDL000005,member,2015-2016,27,upper,sd,Democratic,,,,,
SDL000005,committee member,2015-2016,,upper,sd,,SDC000021,Commerce and Energy,,,
SDL000005,committee member,2015-2016,,upper,sd,,SDC000026,Health and Human Services,,,
SDL000005,committee member,2015-2016,,upper,sd,,SDC000018,Judiciary,,,
SDL000006,member,2009-2010,23,upper,sd,Republican,,,,,
SDL000006,member,2013-2014,23,upper,sd,Republican,,,,,
SDL000006,committee member,2013-2014,,upper,sd,,SDC000023,Legislative Procedure,,,
SDL000006,committee member,2013-2014,,upper,sd,,SDC000020,State Affairs,,,
SDL000006,member,2011-2012,23,upper,sd,Republican,,,,,
SDL000006,committee member,2011-2012,,upper,sd,,SDC000014,Appropriations,,,
SDL000006,committee member,2011-2012,,upper,sd,,SDC000015,Legislative Procedure,,,
SDL000006,member,2015-2016,23,upper,sd,Republican,,,,,
SDL000006,committee member,2015-2016,,upper,sd,,SDC000023,Legislative Procedure,,,
SDL000006,committee member,2015-2016,,upper,sd,,SDC000020,State Affairs,,,
SDL000007,member,2009-2010,9,upper,sd,Republican,,,,,
SDL000008,member,2009-2010,6,upper,sd,Republican,,,,,
SDL000008,member,2011-2012,6,upper,sd,Republican,,,,,
SDL000008,committee member,2011-2012,,upper,sd,,SDC000024,Agriculture and Natural Resources,,,
SDL000008,committee member,2011-2012,,upper,sd,,SDC000023,Taxation,,,
SDL000008,committee member,2011-2012,,upper,sd,,SDC000021,Transportation,,,
SDL000009,member,2009-2010,11,upper,sd,Republican,,,,,
SDL000010,member,2009-2010,21,upper,sd,Republican,,,,,
SDL000010,member,2011-2012,21,upper,sd,Republican,,,,,
SDL000010,committee member,2011-2012,,upper,sd,,SDC000024,Agriculture and Natural Resources,,,
SDL000010,committee member,2011-2012,,upper,sd,,SDC000016,Education,,,
SDL000010,committee member,2011-2012,,upper,sd,,SDC000020,State Affairs,,,
SDL000011,member,2009-2010,16,upper,sd,Democratic,,,,,
SDL000012,member,2009-2010,24,upper,sd,Republican,,,,,
SDL000012,member,2011-2012,24,upper,sd,Republican,,,,,
SDL000012,committee member,2011-2012,,upper,sd,,SDC000016,Education,,,
SDL000012,committee member,2011-2012,,upper,sd,,SDC000015,Legislative Procedure,,,
SDL000012,committee member,2011-2012,,upper,sd,,SDC000020,State Affairs,,,
SDL000013,member,2009-2010,22,upper,sd,Republican,,,,,
SDL000013,member,2011-2012,22,upper,sd,Republican,,,,,
SDL000013,committee member,2011-2012,,upper,sd,,SDC000024,Agriculture and Natural Resources,,,
SDL000013,committee member,2011-2012,,upper,sd,,SDC000023,Taxation,,,
SDL000013,committee member,2011-2012,,upper,sd,,SDC000021,Transportation,,,
SDL000014,member,2009-2010,1,upper,sd,Democratic,,,,,
SDL000015,member,2009-2010,35,upper,sd,Republican,,,,,
SDL000015,member,2011-2012,35,upper,sd,Republican,,,,,
SDL000015,committee member,2011-2012,,upper,sd,,SDC000014,Appropriations,,,
SDL000015,committee member,2011-2012,,upper,sd,,SDC000025,Government Operations and Audit,,,
SDL000016,member,2009-2010,13,upper,sd,Democratic,,,,,
SDL000017,member,2009-2010,30,upper,sd,Republican,,,,,
SDL000018,member,2009-2010,2,upper,sd,Democratic,,,,,
SDL000018,member,2011-2012,2,upper,sd,Democratic,,,,,
SDL000018,committee member,2011-2012,,upper,sd,,SDC000025,Government Operations and Audit,,,
SDL000018,committee member,2011-2012,,upper,sd,,SDC000023,Taxation,,,
SDL000018,committee member,2011-2012,,upper,sd,,SDC000021,Transportation,,,
SDL000019,member,2009-2010,18,upper,sd,Republican,,,,,
SDL000019,member,2013-2014,18,upper,sd,Republican,,,,,
SDL000019,committee member,2013-2014,,upper,sd,,SDC000024,Government Operations and Audit,,,
SDL000019,committee member,2013-2014,,upper,sd,,SDC000026,Health and Human Services,,,
SDL000019,committee member,2013-2014,,upper,sd,,SDC000018,Judiciary,,,
SDL000019,committee member,2013-2014,,upper,sd,,SDC000019,Local Government,,,
SDL000019,member,2011-2012,18,upper,sd,Republican,,,,,
SDL000019,committee member,2011-2012,,upper,sd,,SDC000025,Government Operations and Audit,,,
SDL000019,committee member,2011-2012,,upper,sd,,SDC000017,Health and Human Services,,,
SDL000019,committee member,2011-2012,,upper,sd,,SDC000019,Judiciary,,,
SDL000019,committee member,2011-2012,,upper,sd,,SDC000018,Local Government,,,
SDL000020,member,2009-2010,12,upper,sd,Democratic,,,,,
SDL000021,member,2009-2010,19,upper,sd,Democratic,,,,,
SDL000021,member,2011-2012,19,lower,sd,Democratic,,,,,
SDL000021,committee member,2011-2012,,lower,sd,,SDC000001,Agriculture and Natural Resources,,,
SDL000021,committee member,2011-2012,,lower,sd,,SDC000002,Local Government,,,
SDL000022,member,2009-2010,14,upper,sd,Republican,,,,,
SDL000023,member,2009-2010,28,upper,sd,Democratic,,,,,
SDL000023,member,2013-2014,28,upper,sd,Republican,,,,,
SDL000023,committee member,2013-2014,,upper,sd,,SDC000021,Commerce and Energy,,,
SDL000023,committee member,2013-2014,,upper,sd,,SDC000022,Education,,,
SDL000023,committee member,2013-2014,,upper,sd,,SDC000020,State Affairs,,,
SDL000023,member,2011-2012,28,upper,sd,Republican,,,,,
SDL000023,committee member,2011-2012,,upper,sd,,SDC000024,Agriculture and Natural Resources,,,
SDL000023,committee member,2011-2012,,upper,sd,,SDC000023,Taxation,,,
SDL000023,committee member,2011-2012,,upper,sd,,SDC000021,Transportation,,,
SDL000024,member,2009-2010,7,upper,sd,Democratic,,,,,
SDL000025,member,2009-2010,15,upper,sd,Democratic,,,,,
SDL000026,member,2009-2010,31,upper,sd,Republican,,,,,
SDL000026,member,2011-2012,31,upper,sd,Republican,,,,,
SDL000026,committee member,2011-2012,,upper,sd,,SDC000022,Commerce and Energy,,,
SDL000026,committee member,2011-2012,,upper,sd,,SDC000018,Local Government,,,
SDL000026,committee member,2011-2012,,upper,sd,,SDC000026,Retirement Laws,,,
SDL000026,committee member,2011-2012,,upper,sd,,SDC000023,Taxation,,,
SDL000027,member,2009-2010,17,upper,sd,Democratic,,,,,
SDL000028,member,2009-2010,3,upper,sd,Republican,,,,,
SDL000028,member,2013-2014,3,upper,sd,Republican,,,,,
SDL000028,committee member,2013-2014,,upper,sd,,SDC000014,Appropriations,,,
SDL000028,committee member,2013-2014,,upper,sd,,SDC000023,Legislative Procedure,,,
SDL000028,member,2011-2012,3,upper,sd,Republican,,,,,
SDL000028,committee member,2011-2012,,upper,sd,,SDC000014,Appropriations,,,
SDL000028,member,2015-2016,3,lower,sd,Republican,,,,,
SDL000028,committee member,2015-2016,,lower,sd,,SDC000007,Commerce and Energy,,,
SDL000028,committee member,2015-2016,,lower,sd,,SDC000009,Taxation,,,
SDL000029,member,2009-2010,8,upper,sd,Republican,,,,,
SDL000029,member,2013-2014,8,upper,sd,Republican,,,,,2013-09-30 00:00:00
SDL000029,committee member,2013-2014,,upper,sd,,SDC000023,Legislative Procedure,,,
SDL000029,committee member,2013-2014,,upper,sd,,SDC000020,State Affairs,,,
SDL000029,member,2011-2012,8,upper,sd,Republican,,,,,
SDL000029,committee member,2011-2012,,upper,sd,,SDC000015,Legislative Procedure,,,
SDL000029,committee member,2011-2012,,upper,sd,,SDC000020,State Affairs,,,
SDL000030,member,2009-2010,4,upper,sd,Democratic,,,,,
SDL000030,member,2013-2014,4,lower,sd,Democratic,,,,,
SDL000030,committee member,2013-2014,,lower,sd,,SDC000007,Commerce and Energy,,,
SDL000030,committee member,2013-2014,,lower,sd,,SDC000009,Taxation,,,
SDL000030,member,2015-2016,4,upper,sd,Democratic,,,,,
SDL000030,committee member,2015-2016,,upper,sd,,SDC000015,Agriculture and Natural Resources,,,
SDL000030,committee member,2015-2016,,upper,sd,,SDC000025,Retirement Laws,,,
SDL000030,committee member,2015-2016,,upper,sd,,SDC000016,Taxation,,,
SDL000030,committee member,2015-2016,,upper,sd,,SDC000017,Transportation,,,
SDL000031,member,2009-2010,29,upper,sd,Republican,,,,,
SDL000031,member,2013-2014,29,upper,sd,Republican,,,,,
SDL000031,committee member,2013-2014,,upper,sd,,SDC000015,Agriculture and Natural Resources,,,
SDL000031,committee member,2013-2014,,upper,sd,,SDC000020,State Affairs,,,
SDL000031,member,2011-2012,29,upper,sd,Republican,,,,,
SDL000031,committee member,2011-2012,,upper,sd,,SDC000024,Agriculture and Natural Resources,,,
SDL000031,committee member,2011-2012,,upper,sd,,SDC000020,State Affairs,,,
SDL000032,member,2009-2010,33,upper,sd,Republican,,,,,
SDL000033,member,2009-2010,34,upper,sd,Republican,,,,,
SDL000033,member,2013-2014,34,upper,sd,Republican,,,,,
SDL000033,committee member,2013-2014,,upper,sd,,SDC000018,Judiciary,,,
SDL000033,committee member,2013-2014,,upper,sd,,SDC000019,Local Government,,,
SDL000033,committee member,2013-2014,,upper,sd,,SDC000020,State Affairs,,,
SDL000033,member,2011-2012,34,upper,sd,Republican,,,,,
SDL000033,committee member,2011-2012,,upper,sd,,SDC000019,Judiciary,,,
SDL000033,committee member,2011-2012,,upper,sd,,SDC000018,Local Government,,,
SDL000033,committee member,2011-2012,,upper,sd,,SDC000020,State Affairs,,,
SDL000033,member,2015-2016,34,upper,sd,Republican,,,,,
SDL000033,committee member,2015-2016,,upper,sd,,SDC000018,Judiciary,,,
SDL000033,committee member,2015-2016,,upper,sd,,SDC000020,State Affairs,,,
SDL000034,member,2009-2010,5,upper,sd,Democratic,,,,,
SDL000035,member,2009-2010,20,upper,sd,Republican,,,,,
SDL000035,member,2013-2014,20,upper,sd,Republican,,,,,
SDL000035,committee member,2013-2014,,upper,sd,,SDC000015,Agriculture and Natural Resources,,,
SDL000035,committee member,2013-2014,,upper,sd,,SDC000018,Judiciary,,,
SDL000035,committee member,2013-2014,,upper,sd,,SDC000017,Transportation,,,
SDL000035,member,2011-2012,20,upper,sd,Republican,,,,,
SDL000035,committee member,2011-2012,,upper,sd,,SDC000024,Agriculture and Natural Resources,,,
SDL000035,committee member,2011-2012,,upper,sd,,SDC000019,Judiciary,,,
SDL000035,committee member,2011-2012,,upper,sd,,SDC000021,Transportation,,,
SDL000035,member,2015-2016,20,upper,sd,Republican,,,,,
SDL000035,committee member,2015-2016,,upper,sd,,SDC000015,Agriculture and Natural Resources,,,
SDL000035,committee member,2015-2016,,upper,sd,,SDC000018,Judiciary,,,
SDL000035,committee member,2015-2016,,upper,sd,,SDC000017,Transportation,,,
SDL000036,member,2009-2010,13,lower,sd,Democratic,,,,,
SDL000036,member,2011-2012,13,lower,sd,Democratic,,,,,
SDL000036,committee member,2011-2012,,lower,sd,,SDC000008,Health and Human Services,,,
SDL000036,committee member,2011-2012,,lower,sd,,SDC000011,State Affairs,,,
SDL000037,member,2009-2010,16,lower,sd,Republican,,,,,
SDL000037,member,2013-2014,16,lower,sd,Republican,,,,,
SDL000037,committee member,2013-2014,,lower,sd,,SDC000001,Appropriations,,,
SDL000037,committee member,2013-2014,,lower,sd,,SDC000013,Retirement Laws,,,
SDL000037,member,2011-2012,16,lower,sd,Republican,,,,,
SDL000037,committee member,2011-2012,,lower,sd,,SDC000003,Appropriations,,,
SDL000037,member,2015-2016,16,lower,sd,Republican,,,,,
SDL000037,committee member,2015-2016,,lower,sd,,SDC000013,Retirement Laws,,,
SDL000037,committee member,2015-2016,,lower,sd,,SDC000008,State Affairs,,,
SDL000037,committee member,2015-2016,,lower,sd,,SDC000010,Transportation,,,
SDL000038,member,2009-2010,17,lower,sd,Republican,,,,,
SDL000038,member,2011-2012,17,lower,sd,Republican,,,,,
SDL000038,committee member,2011-2012,,lower,sd,,SDC000008,Health and Human Services,,,
SDL000038,committee member,2011-2012,,lower,sd,,SDC000004,Judiciary,,,
SDL000040,member,2009-2010,22,lower,sd,Democratic,,,,,
SDL000041,member,2009-2010,20,lower,sd,Republican,,,,,
SDL000041,member,2013-2014,20,lower,sd,Republican,,,,,
SDL000041,committee member,2013-2014,,lower,sd,,SDC000001,Appropriations,,,
SDL000041,member,2011-2012,20,lower,sd,Republican,,,,,
SDL000041,committee member,2011-2012,,lower,sd,,SDC000003,Appropriations,,,
SDL000041,committee member,2011-2012,,lower,sd,,SDC000012,Government Operations and Audit,,,
SDL000042,member,2009-2010,32,lower,sd,Republican,,,,,
SDL000042,member,2013-2014,32,lower,sd,Republican,,,,,
SDL000042,committee member,2013-2014,,lower,sd,,SDC000007,Commerce and Energy,,,
SDL000042,committee member,2013-2014,,lower,sd,,SDC000008,State Affairs,,,
SDL000042,member,2011-2012,32,lower,sd,Republican,,,,,
SDL000042,committee member,2011-2012,,lower,sd,,SDC000007,Commerce and Energy,,,
SDL000042,committee member,2011-2012,,lower,sd,,SDC000005,Taxation,,,
SDL000043,member,2009-2010,23,lower,sd,Republican,,,,,
SDL000043,member,2013-2014,23,lower,sd,Republican,,,,,
SDL000043,committee member,2013-2014,,lower,sd,,SDC000002,Government Operations and Audit,,,
SDL000043,committee member,2013-2014,,lower,sd,,SDC000011,Judiciary,,,
SDL000043,committee member,2013-2014,,lower,sd,,SDC000008,State Affairs,,,
SDL000043,member,2011-2012,23,lower,sd,Republican,,,,,
SDL000043,committee member,2011-2012,,lower,sd,,SDC000010,Legislative Procedure,,,
SDL000043,committee member,2011-2012,,lower,sd,,SDC000002,Local Government,,,
SDL000043,committee member,2011-2012,,lower,sd,,SDC000011,State Affairs,,,
SDL000043,member,2015-2016,23,lower,sd,Republican,,,,,
SDL000043,committee member,2015-2016,,lower,sd,,SDC000027,Committee on Appropriations,,,
SDL000043,committee member,2015-2016,,lower,sd,,SDC000002,Government Operations and Audit,,,
SDL000044,member,2009-2010,12,lower,sd,Republican,,,,,
SDL000044,member,2013-2014,12,upper,sd,Republican,,,,,
SDL000045,member,2009-2010,14,lower,sd,Republican,,,,,
SDL000045,member,2011-2012,14,upper,sd,Republican,,,,,
SDL000045,committee member,2011-2012,,upper,sd,,SDC000019,Judiciary,,,
SDL000045,committee member,2011-2012,,upper,sd,,SDC000020,State Affairs,,,
SDL000045,committee member,2011-2012,,upper,sd,,SDC000021,Transportation,,,
SDL000046,member,2009-2010,21,lower,sd,Republican,,,,,
SDL000047,member,2009-2010,2,lower,sd,Democratic,,,,,
SDL000047,member,2011-2012,2,lower,sd,Democratic,,,,,
SDL000047,committee member,2011-2012,,lower,sd,,SDC000003,Appropriations,,,
SDL000047,committee member,2011-2012,,lower,sd,,SDC000012,Government Operations and Audit,,,
SDL000048,member,2009-2010,2,lower,sd,Democratic,,,,,
SDL000048,member,2011-2012,2,lower,sd,Democratic,,,,,
SDL000048,committee member,2011-2012,,lower,sd,,SDC000009,Education,,,
SDL000048,committee member,2011-2012,,lower,sd,,SDC000006,Transportation,,,
SDL000049,member,2009-2010,9,lower,sd,Democratic,,,,,
SDL000050,member,2009-2010,5,lower,sd,Republican,,,,,
SDL000051,member,2009-2010,8,lower,sd,Democratic,,,,,
SDL000051,member,2011-2012,8,lower,sd,Democratic,,,,,
SDL000051,committee member,2011-2012,,lower,sd,,SDC000007,Commerce and Energy,,,
SDL000051,committee member,2011-2012,,lower,sd,,SDC000010,Legislative Procedure,,,
SDL000051,committee member,2011-2012,,lower,sd,,SDC000011,State Affairs,,,
SDL000052,member,2009-2010,3,lower,sd,Democratic,,,,,
SDL000052,member,2013-2014,1,lower,sd,Democratic,,,,,
SDL000052,committee member,2013-2014,,lower,sd,,SDC000003,Agriculture and Natural Resources,,,
SDL000052,committee member,2013-2014,,lower,sd,,SDC000010,Transportation,,,
SDL000052,member,2011-2012,3,lower,sd,Democratic,,,,,
SDL000052,committee member,2011-2012,,lower,sd,,SDC000002,Local Government,,,
SDL000052,committee member,2011-2012,,lower,sd,,SDC000005,Taxation,,,
SDL000052,member,2015-2016,1,lower,sd,Democratic,,,,,
SDL000052,committee member,2015-2016,,lower,sd,,SDC000003,Agriculture and Natural Resources,,,
SDL000052,committee member,2015-2016,,lower,sd,,SDC000010,Transportation,,,
SDL000053,member,2009-2010,14,lower,sd,Democratic,,,,,
SDL000053,member,2013-2014,14,lower,sd,Democratic,,,,,
SDL000053,committee member,2013-2014,,lower,sd,,SDC000011,Judiciary,,,
SDL000053,committee member,2013-2014,,lower,sd,,SDC000013,Retirement Laws,,,
SDL000053,committee member,2013-2014,,lower,sd,,SDC000009,Taxation,,,
SDL000053,member,2011-2012,14,lower,sd,Democratic,,,,,
SDL000053,committee member,2011-2012,,lower,sd,,SDC000004,Judiciary,,,
SDL000053,committee member,2011-2012,,lower,sd,,SDC000013,Retirement Laws,,,
SDL000053,committee member,2011-2012,,lower,sd,,SDC000005,Taxation,,,
SDL000054,member,2009-2010,1,lower,sd,Democratic,,,,,
SDL000054,member,2013-2014,1,upper,sd,Democratic,,,,,
SDL000054,committee member,2013-2014,,upper,sd,,SDC000015,Agriculture and Natural Resources,,,
SDL000054,committee member,2013-2014,,upper,sd,,SDC000023,Legislative Procedure,,,
SDL000054,committee member,2013-2014,,upper,sd,,SDC000020,State Affairs,,,
SDL000054,member,2015-2016,1,upper,sd,Democratic,,,,,
SDL000054,committee member,2015-2016,,upper,sd,,SDC000015,Agriculture and Natural Resources,,,
SDL000054,committee member,2015-2016,,upper,sd,,SDC000022,Education,,,
SDL000054,committee member,2015-2016,,upper,sd,,SDC000023,Legislative Procedure,,,
SDL000054,committee member,2015-2016,,upper,sd,,SDC000016,Taxation,,,
SDL000054,member,2011-2012,1,upper,sd,Democratic,,,,,
SDL000054,committee member,2011-2012,,upper,sd,,SDC000024,Agriculture and Natural Resources,,,
SDL000054,committee member,2011-2012,,upper,sd,,SDC000015,Legislative Procedure,,,
SDL000054,committee member,2011-2012,,upper,sd,,SDC000020,State Affairs,,,
SDL000055,member,2009-2010,22,lower,sd,Democratic,,,,,
SDL000055,member,2013-2014,22,lower,sd,Democratic,,,,,
SDL000055,committee member,2013-2014,,lower,sd,,SDC000011,Judiciary,,,
SDL000055,committee member,2013-2014,,lower,sd,,SDC000008,State Affairs,,,
SDL000055,member,2011-2012,22,lower,sd,Democratic,,,,,
SDL000055,committee member,2011-2012,,lower,sd,,SDC000004,Judiciary,,,
SDL000055,committee member,2011-2012,,lower,sd,,SDC000011,State Affairs,,,
SDL000055,member,2015-2016,22,lower,sd,Democratic,,,,,
SDL000055,committee member,2015-2016,,lower,sd,,SDC000005,Education,,,
SDL000055,committee member,2015-2016,,lower,sd,,SDC000011,Judiciary,,,
SDL000056,member,2009-2010,32,lower,sd,Republican,,,,,
SDL000056,member,2013-2014,32,lower,sd,Republican,,,,,
SDL000056,committee member,2013-2014,,lower,sd,,SDC000011,Judiciary,,,
SDL000056,committee member,2013-2014,,lower,sd,,SDC000012,Legislative Procedure,,,
SDL000056,committee member,2013-2014,,lower,sd,,SDC000008,State Affairs,,,
SDL000056,member,2011-2012,32,lower,sd,Republican,,,,,
SDL000056,committee member,2011-2012,,lower,sd,,SDC000004,Judiciary,,,
SDL000056,committee member,2011-2012,,lower,sd,,SDC000010,Legislative Procedure,,,
SDL000056,committee member,2011-2012,,lower,sd,,SDC000011,State Affairs,,,
SDL000056,member,2015-2016,32,lower,sd,Republican,,,,,
SDL000056,committee member,2015-2016,,lower,sd,,SDC000012,Legislative Procedure,,,
SDL000056,committee member,2015-2016,,lower,sd,,SDC000008,State Affairs,,,
SDL000058,member,2009-2010,20,lower,sd,Republican,,,,,
SDL000059,member,2009-2010,23,lower,sd,Republican,,,,,
SDL000059,member,2013-2014,23,lower,sd,Republican,,,,,
SDL000059,committee member,2013-2014,,lower,sd,,SDC000003,Agriculture and Natural Resources,,,
SDL000059,committee member,2013-2014,,lower,sd,,SDC000011,Judiciary,,,
SDL000059,member,2011-2012,23,lower,sd,Republican,,,,,
SDL000059,committee member,2011-2012,,lower,sd,,SDC000001,Agriculture and Natural Resources,,,
SDL000059,committee member,2011-2012,,lower,sd,,SDC000011,State Affairs,,,
SDL000060,member,2009-2010,18,lower,sd,Democratic,,,,,
SDL000060,member,2013-2014,18,lower,sd,Democratic,,,,,
SDL000060,committee member,2013-2014,,lower,sd,,SDC000012,Legislative Procedure,,,
SDL000060,committee member,2013-2014,,lower,sd,,SDC000008,State Affairs,,,
SDL000060,committee member,2013-2014,,lower,sd,,SDC000009,Taxation,,,
SDL000060,member,2011-2012,18,lower,sd,Democratic,,,,,
SDL000060,committee member,2011-2012,,lower,sd,,SDC000010,Legislative Procedure,,,
SDL000060,committee member,2011-2012,,lower,sd,,SDC000011,State Affairs,,,
SDL000060,committee member,2011-2012,,lower,sd,,SDC000005,Taxation,,,
SDL000060,member,2015-2016,18,upper,sd,Democratic,,,,,
SDL000060,committee member,2015-2016,,upper,sd,,SDC000022,Education,,,
SDL000060,committee member,2015-2016,,upper,sd,,SDC000025,Retirement Laws,,,
SDL000060,committee member,2015-2016,,upper,sd,,SDC000020,State Affairs,,,
SDL000060,committee member,2015-2016,,upper,sd,,SDC000017,Transportation,,,
SDL000061,member,2009-2010,10,lower,sd,Republican,,,,,
SDL000061,member,2011-2012,10,lower,sd,Republican,,,,,
SDL000061,committee member,2011-2012,,lower,sd,,SDC000009,Education,,,
SDL000061,committee member,2011-2012,,lower,sd,,SDC000004,Judiciary,,,
SDL000061,committee member,2011-2012,,lower,sd,,SDC000010,Legislative Procedure,,,
SDL000061,member,2015-2016,25,lower,sd,Republican,,,,,
SDL000061,committee member,2015-2016,,lower,sd,,SDC000005,Education,,,
SDL000061,committee member,2015-2016,,lower,sd,,SDC000002,Government Operations and Audit,,,
SDL000061,committee member,2015-2016,,lower,sd,,SDC000011,Judiciary,,,
SDL000061,committee member,2015-2016,,lower,sd,,SDC000012,Legislative Procedure,,,
SDL000062,member,2009-2010,27,lower,sd,Democratic,,,,,
SDL000062,member,2011-2012,27,lower,sd,Democratic,,,,,
SDL000062,committee member,2011-2012,,lower,sd,,SDC000008,Health and Human Services,,,
SDL000062,committee member,2011-2012,,lower,sd,,SDC000006,Transportation,,,
SDL000064,member,2009-2010,21,lower,sd,Republican,,,,,
SDL000064,member,2011-2012,21,lower,sd,Republican,,,,,
SDL000064,committee member,2011-2012,,lower,sd,,SDC000003,Appropriations,,,
SDL000064,committee member,2011-2012,,lower,sd,,SDC000012,Government Operations and Audit,,,
SDL000065,member,2009-2010,27,lower,sd,Democratic,,,,,
SDL000065,member,2013-2014,27,lower,sd,Democratic,,,,,
SDL000065,committee member,2013-2014,,lower,sd,,SDC000011,Judiciary,,,
SDL000065,committee member,2013-2014,,lower,sd,,SDC000008,State Affairs,,,
SDL000065,member,2011-2012,27,lower,sd,Democratic,,,,,
SDL000065,committee member,2011-2012,,lower,sd,,SDC000009,Education,,,
SDL000065,committee member,2011-2012,,lower,sd,,SDC000004,Judiciary,,,
SDL000065,member,2015-2016,27,lower,sd,Democratic,,,,,
SDL000065,committee member,2015-2016,,lower,sd,,SDC000011,Judiciary,,,
SDL000065,committee member,2015-2016,,lower,sd,,SDC000009,Taxation,,,
SDL000066,member,2009-2010,35,lower,sd,Republican,,,,,
SDL000066,member,2013-2014,35,upper,sd,Republican,,,,,
SDL000066,committee member,2013-2014,,upper,sd,,SDC000018,Judiciary,,,
SDL000066,committee member,2013-2014,,upper,sd,,SDC000019,Local Government,,,
SDL000066,committee member,2013-2014,,upper,sd,,SDC000016,Taxation,,,
SDL000066,member,2011-2012,35,lower,sd,Republican,,,,,
SDL000066,committee member,2011-2012,,lower,sd,,SDC000002,Local Government,,,
SDL000066,committee member,2011-2012,,lower,sd,,SDC000005,Taxation,,,
SDL000067,member,2009-2010,15,lower,sd,Democratic,,,,,
SDL000067,member,2013-2014,15,lower,sd,Democratic,,,,,
SDL000067,committee member,2013-2014,,lower,sd,,SDC000007,Commerce and Energy,,,
SDL000067,committee member,2013-2014,,lower,sd,,SDC000013,Retirement Laws,,,
SDL000067,committee member,2013-2014,,lower,sd,,SDC000009,Taxation,,,
SDL000067,member,2011-2012,15,lower,sd,Democratic,,,,,
SDL000067,committee member,2011-2012,,lower,sd,,SDC000007,Commerce and Energy,,,
SDL000067,committee member,2011-2012,,lower,sd,,SDC000013,Retirement Laws,,,
SDL000067,committee member,2011-2012,,lower,sd,,SDC000005,Taxation,,,
SDL000067,member,2015-2016,15,lower,sd,Democratic,,,,,
SDL000067,committee member,2015-2016,,lower,sd,,SDC000007,Commerce and Energy,,,
SDL000067,committee member,2015-2016,,lower,sd,,SDC000013,Retirement Laws,,,
SDL000067,committee member,2015-2016,,lower,sd,,SDC000009,Taxation,,,
SDL000068,member,2009-2010,35,lower,sd,Republican,,,,,
SDL000068,member,2013-2014,35,lower,sd,Republican,,,,,
SDL000068,committee member,2013-2014,,lower,sd,,SDC000003,Agriculture and Natural Resources,,,
SDL000068,committee member,2013-2014,,lower,sd,,SDC000011,Judiciary,,,
SDL000068,member,2011-2012,35,lower,sd,Republican,,,,,
SDL000068,committee member,2011-2012,,lower,sd,,SDC000001,Agriculture and Natural Resources,,,
SDL000068,committee member,2011-2012,,lower,sd,,SDC000004,Judiciary,,,
SDL000069,member,2009-2010,10,lower,sd,Republican,,,,,
SDL000069,member,2013-2014,10,upper,sd,Republican,,,,,
SDL000069,committee member,2013-2014,,upper,sd,,SDC000015,Agriculture and Natural Resources,,,
SDL000069,committee member,2013-2014,,upper,sd,,SDC000026,Health and Human Services,,,
SDL000069,committee member,2013-2014,,upper,sd,,SDC000017,Transportation,,,
SDL000069,member,2011-2012,10,upper,sd,Republican,,,,,
SDL000069,committee member,2011-2012,,upper,sd,,SDC000024,Agriculture and Natural Resources,,,
SDL000069,committee member,2011-2012,,upper,sd,,SDC000017,Health and Human Services,,,
SDL000069,committee member,2011-2012,,upper,sd,,SDC000021,Transportation,,,
SDL000070,member,2009-2010,8,lower,sd,Democratic,,,,,
SDL000071,member,2009-2010,16,lower,sd,Republican,,,,,
SDL000071,member,2013-2014,16,upper,sd,Republican,,,,,
SDL000071,committee member,2013-2014,,upper,sd,,SDC000021,Commerce and Energy,,,
SDL000071,committee member,2013-2014,,upper,sd,,SDC000019,Local Government,,,
SDL000071,committee member,2013-2014,,upper,sd,,SDC000020,State Affairs,,,
SDL000071,member,2015-2016,16,upper,sd,Republican,,,,,2015-03-30 00:00:00
SDL000071,committee member,2015-2016,,upper,sd,,SDC000021,Commerce and Energy,,,
SDL000071,committee member,2015-2016,,upper,sd,,SDC000020,State Affairs,,,
SDL000071,member,2011-2012,16,upper,sd,Republican,,,,,
SDL000071,committee member,2011-2012,,upper,sd,,SDC000022,Commerce and Energy,,,
SDL000071,committee member,2011-2012,,upper,sd,,SDC000018,Local Government,,,
SDL000071,committee member,2011-2012,,upper,sd,,SDC000023,Taxation,,,
SDL000072,member,2009-2010,26A,lower,sd,Democratic,,,,,
SDL000072,member,2013-2014,26,upper,sd,Democratic,,,,,
SDL000072,committee member,2013-2014,,upper,sd,,SDC000015,Agriculture and Natural Resources,,,
SDL000072,committee member,2013-2014,,upper,sd,,SDC000024,Government Operations and Audit,,,
SDL000072,committee member,2013-2014,,upper,sd,,SDC000025,Retirement Laws,,,
SDL000072,committee member,2013-2014,,upper,sd,,SDC000020,State Affairs,,,
SDL000072,committee member,2013-2014,,upper,sd,,SDC000017,Transportation,,,
SDL000072,member,2011-2012,26A,lower,sd,Democratic,,,,,
SDL000072,committee member,2011-2012,,lower,sd,,SDC000009,Education,,,
SDL000072,committee member,2011-2012,,lower,sd,,SDC000008,Health and Human Services,,,
SDL000073,member,2009-2010,34,lower,sd,Republican,,,,,
SDL000073,member,2013-2014,34,lower,sd,Republican,,,,,
SDL000073,committee member,2013-2014,,lower,sd,,SDC000012,Legislative Procedure,,,
SDL000073,committee member,2013-2014,,lower,sd,,SDC000008,State Affairs,,,
SDL000073,member,2011-2012,34,lower,sd,Republican,,,,,
SDL000073,committee member,2011-2012,,lower,sd,,SDC000010,Legislative Procedure,,,
SDL000073,committee member,2011-2012,,lower,sd,,SDC000011,State Affairs,,,
SDL000074,member,2009-2010,34,lower,sd,Republican,,,,,
SDL000075,member,2009-2010,18,lower,sd,Republican,,,,,
SDL000075,member,2011-2012,18,lower,sd,Republican,,,,,
SDL000075,committee member,2011-2012,,lower,sd,,SDC000011,State Affairs,,,
SDL000075,committee member,2011-2012,,lower,sd,,SDC000005,Taxation,,,
SDL000076,member,2009-2010,6,lower,sd,Republican,,,,,
SDL000077,member,2009-2010,3,lower,sd,Republican,,,,,
SDL000077,member,2013-2014,3,lower,sd,Republican,,,,,
SDL000077,committee member,2013-2014,,lower,sd,,SDC000008,State Affairs,,,
SDL000077,committee member,2013-2014,,lower,sd,,SDC000009,Taxation,,,
SDL000077,member,2011-2012,3,lower,sd,Republican,,,,,
SDL000077,committee member,2011-2012,,lower,sd,,SDC000007,Commerce and Energy,,,
SDL000077,committee member,2011-2012,,lower,sd,,SDC000006,Transportation,,,
SDL000077,member,2015-2016,3,upper,sd,Republican,,,,,
SDL000077,committee member,2015-2016,,upper,sd,,SDC000021,Commerce and Energy,,,
SDL000077,committee member,2015-2016,,upper,sd,,SDC000024,Government Operations and Audit,,,
SDL000077,committee member,2015-2016,,upper,sd,,SDC000018,Judiciary,,,
SDL000078,member,2009-2010,17,lower,sd,Democratic,,,,,
SDL000078,member,2011-2012,17,upper,sd,Republican,,,,,
SDL000078,committee member,2011-2012,,upper,sd,,SDC000022,Commerce and Energy,,,
SDL000078,committee member,2011-2012,,upper,sd,,SDC000019,Judiciary,,,
SDL000078,committee member,2011-2012,,upper,sd,,SDC000023,Taxation,,,
SDL000079,member,2009-2010,28B,lower,sd,Republican,,,,,
SDL000079,member,2013-2014,28B,lower,sd,Republican,,,,,
SDL000079,committee member,2013-2014,,lower,sd,,SDC000003,Agriculture and Natural Resources,,,
SDL000079,committee member,2013-2014,,lower,sd,,SDC000004,Local Government,,,
SDL000079,member,2011-2012,28B,lower,sd,Republican,,,,,
SDL000079,committee member,2011-2012,,lower,sd,,SDC000001,Agriculture and Natural Resources,,,
SDL000079,committee member,2011-2012,,lower,sd,,SDC000002,Local Government,,,
SDL000079,member,2015-2016,28,upper,sd,Republican,,,,,
SDL000079,committee member,2015-2016,,upper,sd,,SDC000015,Agriculture and Natural Resources,,,
SDL000079,committee member,2015-2016,,upper,sd,,SDC000019,Local Government,,,
SDL000080,member,2009-2010,24,lower,sd,Republican,,,,,
SDL000082,member,2009-2010,7,lower,sd,Republican,,,,,
SDL000083,member,2009-2010,19,lower,sd,Republican,,,,,
SDL000083,member,2011-2012,19,upper,sd,Republican,,,,,
SDL000083,committee member,2011-2012,,upper,sd,,SDC000014,Appropriations,,,
SDL000083,committee member,2011-2012,,upper,sd,,SDC000015,Legislative Procedure,,,
SDL000084,member,2009-2010,4,lower,sd,Republican,,,,,
SDL000084,member,2011-2012,4,lower,sd,Republican,,,,,
SDL000084,committee member,2011-2012,,lower,sd,,SDC000010,Legislative Procedure,,,
SDL000084,committee member,2011-2012,,lower,sd,,SDC000002,Local Government,,,
SDL000084,committee member,2011-2012,,lower,sd,,SDC000011,State Affairs,,,
SDL000085,member,2009-2010,25,lower,sd,Republican,,,,,
SDL000085,member,2013-2014,25,upper,sd,Republican,,,,,
SDL000085,committee member,2013-2014,,upper,sd,,SDC000023,Legislative Procedure,,,
SDL000085,committee member,2013-2014,,upper,sd,,SDC000020,State Affairs,,,
SDL000085,member,2011-2012,25,upper,sd,Republican,,,,,
SDL000085,committee member,2011-2012,,upper,sd,,SDC000022,Commerce and Energy,,,
SDL000085,committee member,2011-2012,,upper,sd,,SDC000016,Education,,,
SDL000085,committee member,2011-2012,,upper,sd,,SDC000017,Health and Human Services,,,
SDL000085,committee member,2011-2012,,upper,sd,,SDC000015,Legislative Procedure,,,
SDL000086,member,2009-2010,31,lower,sd,Republican,,,,,
SDL000086,member,2013-2014,31,lower,sd,Republican,,,,,
SDL000086,committee member,2013-2014,,lower,sd,,SDC000001,Appropriations,,,
SDL000086,member,2011-2012,31,lower,sd,Republican,,,,,
SDL000086,committee member,2011-2012,,lower,sd,,SDC000003,Appropriations,,,
SDL000088,member,2009-2010,30,lower,sd,Republican,,,,,
SDL000088,member,2013-2014,30,lower,sd,Republican,,,,,
SDL000088,committee member,2013-2014,,lower,sd,,SDC000009,Taxation,,,
SDL000088,committee member,2013-2014,,lower,sd,,SDC000010,Transportation,,,
SDL000088,member,2011-2012,30,lower,sd,Republican,,,,,
SDL000088,committee member,2011-2012,,lower,sd,,SDC000004,Judiciary,,,
SDL000088,committee member,2011-2012,,lower,sd,,SDC000005,Taxation,,,
SDL000089,member,2009-2010,11,lower,sd,Republican,,,,,
SDL000089,member,2011-2012,11,upper,sd,Republican,,,,,
SDL000089,committee member,2011-2012,,upper,sd,,SDC000016,Education,,,
SDL000089,committee member,2011-2012,,upper,sd,,SDC000017,Health and Human Services,,,
SDL000089,committee member,2011-2012,,upper,sd,,SDC000018,Local Government,,,
SDL000090,member,2009-2010,28A,lower,sd,Democratic,,,,,
SDL000090,member,2013-2014,28A,lower,sd,Democratic,,,,,
SDL000090,committee member,2013-2014,,lower,sd,,SDC000003,Agriculture and Natural Resources,,,
SDL000090,committee member,2013-2014,,lower,sd,,SDC000010,Transportation,,,
SDL000090,member,2011-2012,28A,lower,sd,Democratic,,,,,
SDL000090,committee member,2011-2012,,lower,sd,,SDC000001,Agriculture and Natural Resources,,,
SDL000090,committee member,2011-2012,,lower,sd,,SDC000002,Local Government,,,
SDL000090,member,2015-2016,28A,lower,sd,Democratic,,,,,
SDL000090,committee member,2015-2016,,lower,sd,,SDC000003,Agriculture and Natural Resources,,,
SDL000090,committee member,2015-2016,,lower,sd,,SDC000010,Transportation,,,
SDL000091,member,2009-2010,33,lower,sd,Republican,,,,,
SDL000091,member,2013-2014,33,lower,sd,Republican,,,,,
SDL000091,committee member,2013-2014,,lower,sd,,SDC000005,Education,,,
SDL000091,committee member,2013-2014,,lower,sd,,SDC000006,Health and Human Services,,,
SDL000091,member,2011-2012,33,lower,sd,Republican,,,,,
SDL000091,committee member,2011-2012,,lower,sd,,SDC000009,Education,,,
SDL000091,committee member,2011-2012,,lower,sd,,SDC000008,Health and Human Services,,,
SDL000091,member,2015-2016,33,lower,sd,Republican,,,,,
SDL000091,committee member,2015-2016,,lower,sd,,SDC000005,Education,,,
SDL000091,committee member,2015-2016,,lower,sd,,SDC000006,Health and Human Services,,,
SDL000092,member,2009-2010,11,lower,sd,Democratic,,,,,
SDL000093,member,2009-2010,5,lower,sd,Republican,,,,,
SDL000093,member,2013-2014,5,lower,sd,Republican,,,,,
SDL000093,committee member,2013-2014,,lower,sd,,SDC000007,Commerce and Energy,,,
SDL000093,committee member,2013-2014,,lower,sd,,SDC000009,Taxation,,,
SDL000093,member,2011-2012,5,lower,sd,Republican,,,,,
SDL000093,committee member,2011-2012,,lower,sd,,SDC000007,Commerce and Energy,,,
SDL000093,committee member,2011-2012,,lower,sd,,SDC000005,Taxation,,,
SDL000093,member,2015-2016,5,lower,sd,Republican,,,,,
SDL000093,committee member,2015-2016,,lower,sd,,SDC000008,State Affairs,,,
SDL000093,committee member,2015-2016,,lower,sd,,SDC000009,Taxation,,,
SDL000094,member,2009-2010,25,lower,sd,Democratic,,,,,
SDL000095,member,2009-2010,12,lower,sd,Republican,,,,,
SDL000095,member,2013-2014,12,lower,sd,Republican,,,,,
SDL000095,committee member,2013-2014,,lower,sd,,SDC000006,Health and Human Services,,,
SDL000095,committee member,2013-2014,,lower,sd,,SDC000013,Retirement Laws,,,
SDL000095,committee member,2013-2014,,lower,sd,,SDC000010,Transportation,,,
SDL000095,member,2011-2012,12,lower,sd,Republican,,,,,
SDL000095,committee member,2011-2012,,lower,sd,,SDC000008,Health and Human Services,,,
SDL000095,committee member,2011-2012,,lower,sd,,SDC000013,Retirement Laws,,,
SDL000095,committee member,2011-2012,,lower,sd,,SDC000006,Transportation,,,
SDL000096,member,2009-2010,4,lower,sd,Democratic,,,,,
SDL000096,member,2011-2012,4,lower,sd,Democratic,,,,,
SDL000096,committee member,2011-2012,,lower,sd,,SDC000001,Agriculture and Natural Resources,,,
SDL000096,committee member,2011-2012,,lower,sd,,SDC000006,Transportation,,,
SDL000097,member,2009-2010,13,lower,sd,Democratic,,,,,
SDL000099,member,2009-2010,31,lower,sd,Republican,,,,,
SDL000099,member,2011-2012,31,lower,sd,Republican,,,,,
SDL000099,committee member,2011-2012,,lower,sd,,SDC000012,Government Operations and Audit,,,
SDL000099,committee member,2011-2012,,lower,sd,,SDC000004,Judiciary,,,
SDL000099,committee member,2011-2012,,lower,sd,,SDC000011,State Affairs,,,
SDL000100,member,2009-2010,19,lower,sd,Republican,,,,,
SDL000100,member,2013-2014,19,upper,sd,Republican,,,,,
SDL000100,committee member,2013-2014,,upper,sd,,SDC000014,Appropriations,,,
SDL000100,member,2015-2016,19,upper,sd,Republican,,,,,
SDL000100,committee member,2015-2016,,upper,sd,,SDC000028,Committee on Appropriations,,,
SDL000101,member,2009-2010,15,lower,sd,Democratic,,,,,
SDL000102,member,2009-2010,26B,lower,sd,Republican,,,,,
SDL000102,member,2011-2012,26B,lower,sd,Republican,,,,,
SDL000102,committee member,2011-2012,,lower,sd,,SDC000001,Agriculture and Natural Resources,,,
SDL000102,committee member,2011-2012,,lower,sd,,SDC000009,Education,,,
SDL000103,member,2009-2010,30,lower,sd,Republican,,,,,
SDL000103,member,2013-2014,30,lower,sd,Republican,,,,,
SDL000103,committee member,2013-2014,,lower,sd,,SDC000008,State Affairs,,,
SDL000103,committee member,2013-2014,,lower,sd,,SDC000010,Transportation,,,
SDL000103,member,2011-2012,30,lower,sd,Republican,,,,,
SDL000103,committee member,2011-2012,,lower,sd,,SDC000001,Agriculture and Natural Resources,,,
SDL000103,committee member,2011-2012,,lower,sd,,SDC000006,Transportation,,,
SDL000103,member,2015-2016,30,lower,sd,Republican,,,,,
SDL000103,committee member,2015-2016,,lower,sd,,SDC000008,State Affairs,,,
SDL000103,committee member,2015-2016,,lower,sd,,SDC000010,Transportation,,,
SDL000104,member,2009-2010,29,lower,sd,Republican,,,,,
SDL000104,member,2013-2014,29,lower,sd,Republican,,,,,
SDL000104,committee member,2013-2014,,lower,sd,,SDC000011,Judiciary,,,
SDL000104,committee member,2013-2014,,lower,sd,,SDC000012,Legislative Procedure,,,
SDL000104,committee member,2013-2014,,lower,sd,,SDC000008,State Affairs,,,
SDL000104,member,2011-2012,29,lower,sd,Republican,,,,,
SDL000104,committee member,2011-2012,,lower,sd,,SDC000003,Appropriations,,,
SDL000104,member,2015-2016,29,lower,sd,Republican,,,,,
SDL000104,committee member,2015-2016,,lower,sd,,SDC000012,Legislative Procedure,,,
SDL000104,committee member,2015-2016,,lower,sd,,SDC000008,State Affairs,,,
SDL000105,member,2009-2010,1,lower,sd,Democratic,,,,,
SDL000105,member,2013-2014,1,lower,sd,Democratic,,,,,
SDL000105,committee member,2013-2014,,lower,sd,,SDC000001,Appropriations,,,
SDL000105,committee member,2013-2014,,lower,sd,,SDC000002,Government Operations and Audit,,,
SDL000105,member,2011-2012,1,lower,sd,Democratic,,,,,
SDL000105,committee member,2011-2012,,lower,sd,,SDC000003,Appropriations,,,
SDL000106,member,2013-2014,4,upper,sd,Republican,,,,,
SDL000106,committee member,2013-2014,,upper,sd,,SDC000021,Commerce and Energy,,,
SDL000106,committee member,2013-2014,,upper,sd,,SDC000018,Judiciary,,,
SDL000106,member,2011-2012,4,upper,sd,Republican,,,,,
SDL000106,committee member,2011-2012,,upper,sd,,SDC000024,Agriculture and Natural Resources,,,
SDL000106,committee member,2011-2012,,upper,sd,,SDC000019,Judiciary,,,
SDL000107,member,2013-2014,15,upper,sd,Democratic,,,,,
SDL000107,committee member,2013-2014,,upper,sd,,SDC000021,Commerce and Energy,,,
SDL000107,committee member,2013-2014,,upper,sd,,SDC000019,Local Government,,,
SDL000107,member,2011-2012,15,upper,sd,Democratic,,,,,
SDL000107,committee member,2011-2012,,upper,sd,,SDC000022,Commerce and Energy,,,
SDL000107,committee member,2011-2012,,upper,sd,,SDC000019,Judiciary,,,
SDL000107,committee member,2011-2012,,upper,sd,,SDC000026,Retirement Laws,,,
SDL000107,member,2015-2016,15,upper,sd,Democratic,,,,,
SDL000107,committee member,2015-2016,,upper,sd,,SDC000028,Committee on Appropriations,,,
SDL000110,member,2013-2014,13,upper,sd,Republican,,,,,
SDL000110,committee member,2013-2014,,upper,sd,,SDC000014,Appropriations,,,
SDL000110,committee member,2013-2014,,upper,sd,,SDC000024,Government Operations and Audit,,,
SDL000110,committee member,2013-2014,,upper,sd,,SDC000023,Legislative Procedure,,,
SDL000110,member,2011-2012,13,upper,sd,Republican,,,,,
SDL000110,committee member,2011-2012,,upper,sd,,SDC000014,Appropriations,,,
SDL000110,committee member,2011-2012,,upper,sd,,SDC000015,Legislative Procedure,,,
SDL000110,member,2015-2016,13,upper,sd,Republican,,,,,
SDL000110,committee member,2015-2016,,upper,sd,,SDC000028,Committee on Appropriations,,,
SDL000110,committee member,2015-2016,,upper,sd,,SDC000024,Government Operations and Audit,,,
SDL000110,committee member,2015-2016,,upper,sd,,SDC000023,Legislative Procedure,,,
SDL000111,member,2013-2014,5,upper,sd,Republican,,,,,
SDL000111,committee member,2013-2014,,upper,sd,,SDC000021,Commerce and Energy,,,
SDL000111,committee member,2013-2014,,upper,sd,,SDC000019,Local Government,,,
SDL000111,committee member,2013-2014,,upper,sd,,SDC000020,State Affairs,,,
SDL000111,member,2011-2012,5,upper,sd,Republican,,,,,
SDL000111,committee member,2011-2012,,upper,sd,,SDC000017,Health and Human Services,,,
SDL000111,committee member,2011-2012,,upper,sd,,SDC000018,Local Government,,,
SDL000112,member,2013-2014,12,upper,sd,Republican,,,,,2013-05-31 00:00:00
SDL000112,committee member,2013-2014,,upper,sd,,SDC000021,Commerce and Energy,,,
SDL000112,committee member,2013-2014,,upper,sd,,SDC000022,Education,,,
SDL000112,committee member,2013-2014,,upper,sd,,SDC000020,State Affairs,,,
SDL000112,member,2011-2012,12,upper,sd,Republican,,,,,
SDL000112,committee member,2011-2012,,upper,sd,,SDC000022,Commerce and Energy,,,
SDL000112,committee member,2011-2012,,upper,sd,,SDC000016,Education,,,
SDL000112,committee member,2011-2012,,upper,sd,,SDC000020,State Affairs,,,
SDL000113,member,2011-2012,33,upper,sd,Republican,,,,,
SDL000113,committee member,2011-2012,,upper,sd,,SDC000016,Education,,,
SDL000113,committee member,2011-2012,,upper,sd,,SDC000017,Health and Human Services,,,
SDL000119,member,2013-2014,30,upper,sd,Republican,,,,,
SDL000119,committee member,2013-2014,,upper,sd,,SDC000015,Agriculture and Natural Resources,,,
SDL000119,committee member,2013-2014,,upper,sd,,SDC000022,Education,,,
SDL000119,committee member,2013-2014,,upper,sd,,SDC000026,Health and Human Services,,,
SDL000119,committee member,2013-2014,,upper,sd,,SDC000025,Retirement Laws,,,
SDL000119,member,2011-2012,30,upper,sd,Republican,,,,,
SDL000119,committee member,2011-2012,,upper,sd,,SDC000014,Appropriations,,,
SDL000119,committee member,2011-2012,,upper,sd,,SDC000026,Retirement Laws,,,
SDL000125,member,2011-2012,9,lower,sd,Republican,,,,,
SDL000125,committee member,2011-2012,,lower,sd,,SDC000007,Commerce and Energy,,,
SDL000125,committee member,2011-2012,,lower,sd,,SDC000002,Local Government,,,
SDL000126,member,2013-2014,34,lower,sd,Republican,,,,,
SDL000126,committee member,2013-2014,,lower,sd,,SDC000001,Appropriations,,,
SDL000126,committee member,2013-2014,,lower,sd,,SDC000002,Government Operations and Audit,,,
SDL000126,member,2011-2012,34,lower,sd,Republican,,,,,
SDL000126,committee member,2011-2012,,lower,sd,,SDC000003,Appropriations,,,
SDL000126,committee member,2011-2012,,lower,sd,,SDC000012,Government Operations and Audit,,,
SDL000126,member,2015-2016,34,lower,sd,Republican,,,,,
SDL000126,committee member,2015-2016,,lower,sd,,SDC000027,Committee on Appropriations,,,
SDL000126,committee member,2015-2016,,lower,sd,,SDC000002,Government Operations and Audit,,,
SDL000127,member,2013-2014,10,lower,sd,Republican,,,,,
SDL000127,committee member,2013-2014,,lower,sd,,SDC000005,Education,,,
SDL000127,committee member,2013-2014,,lower,sd,,SDC000006,Health and Human Services,,,
SDL000127,member,2011-2012,15,lower,sd,Independent,,,,,
SDL000127,committee member,2011-2012,,lower,sd,,SDC000009,Education,,,
SDL000127,committee member,2011-2012,,lower,sd,,SDC000008,Health and Human Services,,,
SDL000127,member,2015-2016,10,upper,sd,Republican,,,,,
SDL000127,committee member,2015-2016,,upper,sd,,SDC000021,Commerce and Energy,,,
SDL000127,committee member,2015-2016,,upper,sd,,SDC000019,Local Government,,,
SDL000127,committee member,2015-2016,,upper,sd,,SDC000016,Taxation,,,
SDL000128,member,2013-2014,25,lower,sd,Republican,,,,,2013-08-15 00:00:00
SDL000128,committee member,2013-2014,,lower,sd,,SDC000011,Judiciary,,,
SDL000128,committee member,2013-2014,,lower,sd,,SDC000012,Legislative Procedure,,,
SDL000128,committee member,2013-2014,,lower,sd,,SDC000008,State Affairs,,,
SDL000128,member,2011-2012,25,lower,sd,Republican,,,,,
SDL000128,committee member,2011-2012,,lower,sd,,SDC000004,Judiciary,,,
SDL000128,committee member,2011-2012,,lower,sd,,SDC000006,Transportation,,,
SDL000130,member,2015-2016,9,lower,sd,Republican,,,,,2015-07-07 00:00:00
SDL000130,committee member,2015-2016,,lower,sd,,SDC000006,Health and Human Services,,,
SDL000130,committee member,2015-2016,,lower,sd,,SDC000010,Transportation,,,
SDL000130,member,2013-2014,9,lower,sd,Republican,,,,,
SDL000130,committee member,2013-2014,,lower,sd,,SDC000006,Health and Human Services,,,
SDL000130,committee member,2013-2014,,lower,sd,,SDC000010,Transportation,,,
SDL000130,member,2011-2012,9,lower,sd,Republican,,,,,
SDL000130,committee member,2011-2012,,lower,sd,,SDC000008,Health and Human Services,,,
SDL000130,committee member,2011-2012,,lower,sd,,SDC000006,Transportation,,,
SDL000131,member,2011-2012,11,lower,sd,Republican,,,,,
SDL000131,committee member,2011-2012,,lower,sd,,SDC000007,Commerce and Energy,,,
SDL000131,committee member,2011-2012,,lower,sd,,SDC000006,Transportation,,,
SDL000132,member,2013-2014,17,upper,sd,Democratic,,,,,
SDL000132,committee member,2013-2014,,upper,sd,,SDC000014,Appropriations,,,
SDL000132,member,2011-2012,17,lower,sd,Democratic,,,,,
SDL000132,committee member,2011-2012,,lower,sd,,SDC000007,Commerce and Energy,,,
SDL000132,committee member,2011-2012,,lower,sd,,SDC000009,Education,,,
SDL000134,member,2011-2012,13,lower,sd,Republican,,,,,
SDL000134,committee member,2011-2012,,lower,sd,,SDC000005,Taxation,,,
SDL000134,committee member,2011-2012,,lower,sd,,SDC000006,Transportation,,,
SDL000135,member,2013-2014,5,lower,sd,Republican,,,,,
SDL000135,committee member,2013-2014,,lower,sd,,SDC000002,Government Operations and Audit,,,
SDL000135,committee member,2013-2014,,lower,sd,,SDC000006,Health and Human Services,,,
SDL000135,committee member,2013-2014,,lower,sd,,SDC000011,Judiciary,,,
SDL000135,member,2011-2012,5,lower,sd,Republican,,,,,
SDL000135,committee member,2011-2012,,lower,sd,,SDC000008,Health and Human Services,,,
SDL000135,committee member,2011-2012,,lower,sd,,SDC000002,Local Government,,,
SDL000136,member,2013-2014,16,lower,sd,Republican,,,,,2013-03-27 00:00:00
SDL000136,committee member,2013-2014,,lower,sd,,SDC000007,Commerce and Energy,,,
SDL000136,committee member,2013-2014,,lower,sd,,SDC000009,Taxation,,,
SDL000136,member,2011-2012,16,lower,sd,Republican,,,,,
SDL000136,committee member,2011-2012,,lower,sd,,SDC000007,Commerce and Energy,,,
SDL000136,committee member,2011-2012,,lower,sd,,SDC000009,Education,,,
SDL000137,member,2013-2014,7,lower,sd,Republican,,,,,
SDL000137,committee member,2013-2014,,lower,sd,,SDC000006,Health and Human Services,,,
SDL000137,committee member,2013-2014,,lower,sd,,SDC000012,Legislative Procedure,,,
SDL000137,committee member,2013-2014,,lower,sd,,SDC000008,State Affairs,,,
SDL000137,member,2011-2012,7,lower,sd,Republican,,,,,
SDL000137,committee member,2011-2012,,lower,sd,,SDC000008,Health and Human Services,,,
SDL000137,committee member,2011-2012,,lower,sd,,SDC000002,Local Government,,,
SDL000137,member,2015-2016,7,lower,sd,Republican,,,,,
SDL000137,committee member,2015-2016,,lower,sd,,SDC000006,Health and Human Services,,,
SDL000137,committee member,2015-2016,,lower,sd,,SDC000008,State Affairs,,,
SDL000138,member,2013-2014,19,lower,sd,Republican,,,,,
SDL000138,committee member,2013-2014,,lower,sd,,SDC000007,Commerce and Energy,,,
SDL000138,committee member,2013-2014,,lower,sd,,SDC000004,Local Government,,,
SDL000138,member,2011-2012,25,lower,sd,Republican,,,,,
SDL000138,committee member,2011-2012,,lower,sd,,SDC000001,Agriculture and Natural Resources,,,
SDL000138,committee member,2011-2012,,lower,sd,,SDC000004,Judiciary,,,
SDL000139,member,2011-2012,24,lower,sd,Republican,,,,,
SDL000139,committee member,2011-2012,,lower,sd,,SDC000009,Education,,,
SDL000139,committee member,2011-2012,,lower,sd,,SDC000013,Retirement Laws,,,
SDL000139,committee member,2011-2012,,lower,sd,,SDC000005,Taxation,,,
SDL000142,member,2011-2012,1,lower,sd,Democratic,,,,,
SDL000142,committee member,2011-2012,,lower,sd,,SDC000001,Agriculture and Natural Resources,,,
SDL000142,committee member,2011-2012,,lower,sd,,SDC000006,Transportation,,,
SDL000143,member,2011-2012,8,lower,sd,Republican,,,,,
SDL000143,committee member,2011-2012,,lower,sd,,SDC000009,Education,,,
SDL000143,committee member,2011-2012,,lower,sd,,SDC000008,Health and Human Services,,,
SDL000144,member,2011-2012,14,lower,sd,Republican,,,,,
SDL000144,committee member,2011-2012,,lower,sd,,SDC000004,Judiciary,,,
SDL000144,committee member,2011-2012,,lower,sd,,SDC000002,Local Government,,,
SDL000145,member,2013-2014,2,lower,sd,Republican,,,,,
SDL000145,committee member,2013-2014,,lower,sd,,SDC000005,Education,,,
SDL000145,committee member,2013-2014,,lower,sd,,SDC000004,Local Government,,,
SDL000145,member,2011-2012,6,lower,sd,Republican,,,,,
SDL000145,committee member,2011-2012,,lower,sd,,SDC000009,Education,,,
SDL000145,committee member,2011-2012,,lower,sd,,SDC000002,Local Government,,,
SDL000146,member,2011-2012,19,lower,sd,Republican,,,,,
SDL000146,committee member,2011-2012,,lower,sd,,SDC000001,Agriculture and Natural Resources,,,
SDL000146,committee member,2011-2012,,lower,sd,,SDC000006,Transportation,,,
SDL000147,member,2011-2012,24,lower,sd,Republican,,,,,
SDL000147,committee member,2011-2012,,lower,sd,,SDC000009,Education,,,
SDL000147,committee member,2011-2012,,lower,sd,,SDC000002,Local Government,,,
SDL000149,member,2013-2014,12,lower,sd,Republican,,,,,
SDL000149,committee member,2013-2014,,lower,sd,,SDC000005,Education,,,
SDL000149,committee member,2013-2014,,lower,sd,,SDC000012,Legislative Procedure,,,
SDL000149,committee member,2013-2014,,lower,sd,,SDC000009,Taxation,,,
SDL000149,member,2011-2012,12,lower,sd,Republican,,,,,
SDL000149,committee member,2011-2012,,lower,sd,,SDC000013,Retirement Laws,,,
SDL000149,committee member,2011-2012,,lower,sd,,SDC000011,State Affairs,,,
SDL000149,committee member,2011-2012,,lower,sd,,SDC000005,Taxation,,,
SDL000150,member,2013-2014,11,lower,sd,Republican,,,,,
SDL000150,member,2011-2012,11,lower,sd,Republican,,,,,
SDL000150,committee member,2011-2012,,lower,sd,,SDC000007,Commerce and Energy,,,
SDL000150,committee member,2011-2012,,lower,sd,,SDC000005,Taxation,,,
SDL000150,member,2015-2016,11,lower,sd,Republican,,,,,
SDL000150,committee member,2015-2016,,lower,sd,,SDC000007,Commerce and Energy,,,
SDL000150,committee member,2015-2016,,lower,sd,,SDC000009,Taxation,,,
SDL000158,member,2013-2014,11,upper,sd,Republican,,,,,
SDL000158,committee member,2013-2014,,upper,sd,,SDC000015,Agriculture and Natural Resources,,,
SDL000158,committee member,2013-2014,,upper,sd,,SDC000016,Taxation,,,
SDL000158,committee member,2013-2014,,upper,sd,,SDC000017,Transportation,,,
SDL000158,member,2015-2016,11,upper,sd,Republican,,,,,
SDL000158,committee member,2015-2016,,upper,sd,,SDC000028,Committee on Appropriations,,,
SDL000163,member,2013-2014,2,upper,sd,Democratic,,,,,
SDL000163,committee member,2013-2014,,upper,sd,,SDC000022,Education,,,
SDL000163,committee member,2013-2014,,upper,sd,,SDC000025,Retirement Laws,,,
SDL000163,committee member,2013-2014,,upper,sd,,SDC000016,Taxation,,,
SDL000166,member,2013-2014,29,lower,sd,Republican,,,,,
SDL000166,committee member,2013-2014,,lower,sd,,SDC000003,Agriculture and Natural Resources,,,
SDL000166,committee member,2013-2014,,lower,sd,,SDC000007,Commerce and Energy,,,
SDL000166,member,2015-2016,29,upper,sd,Republican,,,,,
SDL000166,committee member,2015-2016,,upper,sd,,SDC000015,Agriculture and Natural Resources,,,
SDL000166,committee member,2015-2016,,upper,sd,,SDC000023,Legislative Procedure,,,
SDL000166,committee member,2015-2016,,upper,sd,,SDC000020,State Affairs,,,
SDL000167,member,2013-2014,35,lower,sd,Republican,,,,,
SDL000167,committee member,2013-2014,,lower,sd,,SDC000005,Education,,,
SDL000167,committee member,2013-2014,,lower,sd,,SDC000006,Health and Human Services,,,
SDL000169,member,2013-2014,33,lower,sd,Republican,,,,,
SDL000169,committee member,2013-2014,,lower,sd,,SDC000003,Agriculture and Natural Resources,,,
SDL000169,committee member,2013-2014,,lower,sd,,SDC000004,Local Government,,,
SDL000169,member,2015-2016,33,lower,sd,Republican,,,,,
SDL000169,committee member,2015-2016,,lower,sd,,SDC000003,Agriculture and Natural Resources,,,
SDL000169,committee member,2015-2016,,lower,sd,,SDC000004,Local Government,,,
SDL000171,member,2013-2014,25,lower,sd,Republican,,,,,
SDL000171,committee member,2013-2014,,lower,sd,,SDC000005,Education,,,
SDL000171,committee member,2013-2014,,lower,sd,,SDC000006,Health and Human Services,,,
SDL000172,member,2013-2014,11,lower,sd,Republican,,,,,2014-05-20 00:00:00
SDL000172,committee member,2013-2014,,lower,sd,,SDC000011,Judiciary,,,
SDL000172,committee member,2013-2014,,lower,sd,,SDC000009,Taxation,,,
SDL000177,member,2013-2014,14,lower,sd,Republican,,,,,
SDL000177,committee member,2013-2014,,lower,sd,,SDC000011,Judiciary,,,
SDL000177,committee member,2013-2014,,lower,sd,,SDC000004,Local Government,,,
SDL000178,member,2013-2014,9,lower,sd,Democratic,,,,,
SDL000178,committee member,2013-2014,,lower,sd,,SDC000005,Education,,,
SDL000178,committee member,2013-2014,,lower,sd,,SDC000006,Health and Human Services,,,
SDL000178,member,2015-2016,9,lower,sd,Democratic,,,,,
SDL000178,committee member,2015-2016,,lower,sd,,SDC000005,Education,,,
SDL000178,committee member,2015-2016,,lower,sd,,SDC000004,Local Government,,,
SDL000179,member,2013-2014,8,lower,sd,Republican,,,,,
SDL000179,committee member,2013-2014,,lower,sd,,SDC000006,Health and Human Services,,,
SDL000179,committee member,2013-2014,,lower,sd,,SDC000004,Local Government,,,
SDL000188,member,2013-2014,8,lower,sd,Democratic,,,,,
SDL000188,committee member,2013-2014,,lower,sd,,SDC000007,Commerce and Energy,,,
SDL000188,committee member,2013-2014,,lower,sd,,SDC000008,State Affairs,,,
SDL000188,member,2015-2016,8,upper,sd,Democratic,,,,,
SDL000188,committee member,2015-2016,,upper,sd,,SDC000028,Committee on Appropriations,,,
SDL000196,member,2013-2014,15,lower,sd,Democratic,,,,,
SDL000196,committee member,2013-2014,,lower,sd,,SDC000006,Health and Human Services,,,
SDL000196,committee member,2013-2014,,lower,sd,,SDC000004,Local Government,,,
SDL000197,member,2013-2014,11,lower,sd,Republican,,,,,
SDL000197,committee member,2013-2014,,lower,sd,,SDC000007,Commerce and Energy,,,
SDL000197,committee member,2013-2014,,lower,sd,,SDC000010,Transportation,,,
SDL000197,member,2015-2016,11,lower,sd,Republican,,,,,
SDL000197,committee member,2015-2016,,lower,sd,,SDC000007,Commerce and Energy,,,
SDL000197,committee member,2015-2016,,lower,sd,,SDC000010,Transportation,,,
SDL000200,member,2013-2014,4,lower,sd,Democratic,,,,,
SDL000200,committee member,2013-2014,,lower,sd,,SDC000005,Education,,,
SDL000200,committee member,2013-2014,,lower,sd,,SDC000004,Local Government,,,
SDL000201,member,2013-2014,22,lower,sd,Republican,,,,,
SDL000201,committee member,2013-2014,,lower,sd,,SDC000001,Appropriations,,,
SDL000201,member,2015-2016,22,lower,sd,Republican,,,,,
SDL000201,committee member,2015-2016,,lower,sd,,SDC000003,Agriculture and Natural Resources,,,
SDL000201,committee member,2015-2016,,lower,sd,,SDC000010,Transportation,,,
SDL000202,member,2013-2014,13,lower,sd,Republican,,,,,
SDL000202,committee member,2013-2014,,lower,sd,,SDC000007,Commerce and Energy,,,
SDL000202,committee member,2013-2014,,lower,sd,,SDC000008,State Affairs,,,
SDL000204,member,2013-2014,16,lower,sd,Republican,,,,,
SDL000204,committee member,2013-2014,,lower,sd,,SDC000007,Commerce and Energy,,,
SDL000204,committee member,2013-2014,,lower,sd,,SDC000009,Taxation,,,
SDL000206,member,2013-2014,25,lower,sd,Republican,,,,,
SDL000206,committee member,2013-2014,,lower,sd,,SDC000007,Commerce and Energy,,,
SDL000206,committee member,2013-2014,,lower,sd,,SDC000006,Health and Human Services,,,
SDL000207,member,2013-2014,32,upper,sd,Republican,,,,,
SDL000207,committee member,2013-2014,,upper,sd,,SDC000014,Appropriations,,,
SDL000208,member,2013-2014,8,upper,sd,Republican,,,,,
SDL000208,committee member,2013-2014,,upper,sd,,SDC000021,Commerce and Energy,,,
SDL000208,committee member,2013-2014,,upper,sd,,SDC000022,Education,,,
SDL000208,committee member,2013-2014,,upper,sd,,SDC000016,Taxation,,,
SDL000210,member,2015-2016,5,upper,sd,Republican,,,,,
SDL000210,committee member,2015-2016,,upper,sd,,SDC000023,Legislative Procedure,,,
SDL000210,committee member,2015-2016,,upper,sd,,SDC000019,Local Government,,,
SDL000210,committee member,2015-2016,,upper,sd,,SDC000020,State Affairs,,,
SDL000211,member,2015-2016,4,lower,sd,Republican,,,,,
SDL000211,committee member,2015-2016,,lower,sd,,SDC000007,Commerce and Energy,,,
SDL000211,committee member,2015-2016,,lower,sd,,SDC000009,Taxation,,,
SDL000215,member,2015-2016,4,lower,sd,Republican,,,,,
SDL000215,committee member,2015-2016,,lower,sd,,SDC000005,Education,,,
SDL000215,committee member,2015-2016,,lower,sd,,SDC000006,Health and Human Services,,,
SDL000216,member,2015-2016,34,lower,sd,Republican,,,,,
SDL000216,committee member,2015-2016,,lower,sd,,SDC000027,Committee on Appropriations,,,
SDL000218,member,2015-2016,5,lower,sd,Republican,,,,,
SDL000218,committee member,2015-2016,,lower,sd,,SDC000007,Commerce and Energy,,,
SDL000218,committee member,2015-2016,,lower,sd,,SDC000012,Legislative Procedure,,,
SDL000218,committee member,2015-2016,,lower,sd,,SDC000013,Retirement Laws,,,
SDL000218,committee member,2015-2016,,lower,sd,,SDC000010,Transportation,,,
SDL000220,member,2015-2016,23,lower,sd,Republican,,,,,
SDL000220,committee member,2015-2016,,lower,sd,,SDC000003,Agriculture and Natural Resources,,,
SDL000220,committee member,2015-2016,,lower,sd,,SDC000007,Commerce and Energy,,,
SDL000225,member,2015-2016,28B,lower,sd,Republican,,,,,
SDL000225,committee member,2015-2016,,lower,sd,,SDC000003,Agriculture and Natural Resources,,,
SDL000225,committee member,2015-2016,,lower,sd,,SDC000004,Local Government,,,
SDL000229,member,2015-2016,12,lower,sd,Republican,,,,,
SDL000229,committee member,2015-2016,,lower,sd,,SDC000027,Committee on Appropriations,,,
SDL000231,member,2015-2016,8,lower,sd,Republican,,,,,
SDL000231,committee member,2015-2016,,lower,sd,,SDC000006,Health and Human Services,,,
SDL000231,committee member,2015-2016,,lower,sd,,SDC000004,Local Government,,,
SDL000232,member,2015-2016,26A,lower,sd,Democratic,,,,,
SDL000232,committee member,2015-2016,,lower,sd,,SDC000027,Committee on Appropriations,,,
SDL000233,member,2015-2016,13,lower,sd,Republican,,,,,
SDL000233,committee member,2015-2016,,lower,sd,,SDC000011,Judiciary,,,
SDL000233,committee member,2015-2016,,lower,sd,,SDC000012,Legislative Procedure,,,
SDL000233,committee member,2015-2016,,lower,sd,,SDC000008,State Affairs,,,
SDL000234,member,2015-2016,30,lower,sd,Republican,,,,,
SDL000234,committee member,2015-2016,,lower,sd,,SDC000011,Judiciary,,,
SDL000234,committee member,2015-2016,,lower,sd,,SDC000009,Taxation,,,
SDL000236,member,2015-2016,30,upper,sd,Republican,,,,,
SDL000236,committee member,2015-2016,,upper,sd,,SDC000015,Agriculture and Natural Resources,,,
SDL000236,committee member,2015-2016,,upper,sd,,SDC000022,Education,,,
SDL000236,committee member,2015-2016,,upper,sd,,SDC000026,Health and Human Services,,,
SDL000236,committee member,2015-2016,,upper,sd,,SDC000025,Retirement Laws,,,
SDL000239,member,2015-2016,31,lower,sd,Republican,,,,,
SDL000239,committee member,2015-2016,,lower,sd,,SDC000027,Committee on Appropriations,,,
SDL000243,member,2015-2016,25,upper,sd,Republican,,,,,2015-04-01 00:00:00
SDL000243,committee member,2015-2016,,upper,sd,,SDC000023,Legislative Procedure,,,
SDL000243,committee member,2015-2016,,upper,sd,,SDC000020,State Affairs,,,
SDL000246,member,2015-2016,25,lower,sd,Republican,,,,,
SDL000246,committee member,2015-2016,,lower,sd,,SDC000011,Judiciary,,,
SDL000246,committee member,2015-2016,,lower,sd,,SDC000008,State Affairs,,,
SDL000249,member,2015-2016,35,lower,sd,Republican,,,,,
SDL000249,committee member,2015-2016,,lower,sd,,SDC000006,Health and Human Services,,,
SDL000249,committee member,2015-2016,,lower,sd,,SDC000011,Judiciary,,,
SDL000250,member,2015-2016,18,lower,sd,Republican,,,,,
SDL000250,committee member,2015-2016,,lower,sd,,SDC000027,Committee on Appropriations,,,
SDL000250,committee member,2015-2016,,lower,sd,,SDC000002,Government Operations and Audit,,,
SDL000251,member,2015-2016,20,lower,sd,Republican,,,,,
SDL000251,committee member,2015-2016,,lower,sd,,SDC000003,Agriculture and Natural Resources,,,
SDL000251,committee member,2015-2016,,lower,sd,,SDC000005,Education,,,
SDL000252,member,2015-2016,19,lower,sd,Republican,,,,,
SDL000252,committee member,2015-2016,,lower,sd,,SDC000003,Agriculture and Natural Resources,,,
SDL000252,committee member,2015-2016,,lower,sd,,SDC000011,Judiciary,,,
SDL000253,member,2015-2016,35,upper,sd,Republican,,,,,
SDL000253,committee member,2015-2016,,upper,sd,,SDC000028,Committee on Appropriations,,,
SDL000255,member,2015-2016,8,lower,sd,Republican,,,,,
SDL000255,committee member,2015-2016,,lower,sd,,SDC000007,Commerce and Energy,,,
SDL000255,committee member,2015-2016,,lower,sd,,SDC000005,Education,,,
SDL000255,committee member,2015-2016,,lower,sd,,SDC000006,Health and Human Services,,,
SDL000258,member,2015-2016,16,upper,sd,Republican,,,,,
SDL000258,committee member,2015-2016,,upper,sd,,SDC000021,Commerce and Energy,,,
SDL000258,committee member,2015-2016,,upper,sd,,SDC000026,Health and Human Services,,,
SDL000258,committee member,2015-2016,,upper,sd,,SDC000017,Transportation,,,
SDL000259,member,2015-2016,25,upper,sd,Republican,,,,,
SDL000259,committee member,2015-2016,,upper,sd,,SDC000019,Local Government,,,
SDL000259,committee member,2015-2016,,upper,sd,,SDC000016,Taxation,,,
SDL000260,member,2015-2016,9,lower,sd,Republican,,,,,
SDL000260,committee member,2015-2016,,lower,sd,,SDC000007,Commerce and Energy,,,
SDL000260,committee member,2015-2016,,lower,sd,,SDC000010,Transportation,,,
SDL000322,member,2017-2018,8,lower,sd,Republican,,,,,
SDL000004,member,2017-2018,21,lower,sd,Democratic,,,,,
SDL000004,member,2009-2010,26,upper,sd,Democratic,,,,,
SDL000004,member,2013-2014,21,lower,sd,Democratic,,,,,
SDL000004,committee member,2013-2014,,lower,sd,,SDC000003,Agriculture and Natural Resources,,,
SDL000004,committee member,2013-2014,,lower,sd,,SDC000005,Education,,,
SDL000004,committee member,2013-2014,,lower,sd,,SDC000012,Legislative Procedure,,,
SDL000004,member,2015-2016,21,lower,sd,Democratic,,,,,
SDL000004,committee member,2015-2016,,lower,sd,,SDC000002,Government Operations and Audit,,,
SDL000004,committee member,2015-2016,,lower,sd,,SDC000008,State Affairs,,,
SDL000004,committee member,2015-2016,,lower,sd,,SDC000009,Taxation,,,
SDL000039,member,2017-2018,29,lower,sd,Republican,,,,,
SDL000039,member,2009-2010,29,lower,sd,Republican,,,,,
SDL000039,member,2015-2016,29,lower,sd,Republican,,,,,
SDL000039,committee member,2015-2016,,lower,sd,,SDC000003,Agriculture and Natural Resources,,,
SDL000039,committee member,2015-2016,,lower,sd,,SDC000004,Local Government,,,
SDL000039,member,2011-2012,29,lower,sd,Republican,,,,,
SDL000039,committee member,2011-2012,,lower,sd,,SDC000001,Agriculture and Natural Resources,,,
SDL000039,committee member,2011-2012,,lower,sd,,SDC000009,Education,,,
SDL000087,member,2017-2018,24,lower,sd,Republican,,,,,
SDL000087,member,2009-2010,24,lower,sd,Republican,,,,,
SDL000087,member,2013-2014,24,lower,sd,Republican,,,,,
SDL000087,committee member,2013-2014,,lower,sd,,SDC000007,Commerce and Energy,,,
SDL000087,committee member,2013-2014,,lower,sd,,SDC000004,Local Government,,,
SDL000087,committee member,2013-2014,,lower,sd,,SDC000013,Retirement Laws,,,
SDL000087,member,2015-2016,24,lower,sd,Republican,,,,,
SDL000087,committee member,2015-2016,,lower,sd,,SDC000007,Commerce and Energy,,,
SDL000087,committee member,2015-2016,,lower,sd,,SDC000013,Retirement Laws,,,
SDL000087,committee member,2015-2016,,lower,sd,,SDC000010,Transportation,,,
SDL000129,member,2017-2018,7,lower,sd,Democratic,,,,,
SDL000129,member,2015-2016,7,lower,sd,Democratic,,,,,
SDL000129,committee member,2015-2016,,lower,sd,,SDC000007,Commerce and Energy,,,
SDL000129,committee member,2015-2016,,lower,sd,,SDC000012,Legislative Procedure,,,
SDL000129,committee member,2015-2016,,lower,sd,,SDC000008,State Affairs,,,
SDL000129,member,2013-2014,7,lower,sd,Democratic,,,,,
SDL000129,committee member,2013-2014,,lower,sd,,SDC000001,Appropriations,,,
SDL000129,member,2011-2012,7,lower,sd,Democratic,,,,,
SDL000129,committee member,2011-2012,,lower,sd,,SDC000007,Commerce and Energy,,,
SDL000129,committee member,2011-2012,,lower,sd,,SDC000008,Health and Human Services,,,
SDL000140,member,2017-2018,20,lower,sd,Republican,,,,,
SDL000140,member,2015-2016,20,lower,sd,Republican,,,,,
SDL000140,committee member,2015-2016,,lower,sd,,SDC000004,Local Government,,,
SDL000140,committee member,2015-2016,,lower,sd,,SDC000009,Taxation,,,
SDL000140,member,2013-2014,20,lower,sd,Republican,,,,,
SDL000140,committee member,2013-2014,,lower,sd,,SDC000004,Local Government,,,
SDL000140,committee member,2013-2014,,lower,sd,,SDC000009,Taxation,,,
SDL000140,member,2011-2012,20,lower,sd,Republican,,,,,
SDL000140,committee member,2011-2012,,lower,sd,,SDC000005,Taxation,,,
SDL000140,committee member,2011-2012,,lower,sd,,SDC000006,Transportation,,,
SDL000141,member,2017-2018,26B,lower,sd,Republican,,,,,
SDL000141,committee member,2017-2018,,lower,sd,,SDC000003,Agriculture and Natural Resources,,,
SDL000141,member,2015-2016,26B,lower,sd,Republican,,,,,
SDL000141,committee member,2015-2016,,lower,sd,,SDC000003,Agriculture and Natural Resources,,,
SDL000141,committee member,2015-2016,,lower,sd,,SDC000010,Transportation,,,
SDL000141,member,2013-2014,26B,lower,sd,Republican,,,,,
SDL000141,committee member,2013-2014,,lower,sd,,SDC000003,Agriculture and Natural Resources,,,
SDL000141,committee member,2013-2014,,lower,sd,,SDC000005,Education,,,
SDL000141,member,2011-2012,21,lower,sd,Republican,,,,,
SDL000141,committee member,2011-2012,,lower,sd,,SDC000001,Agriculture and Natural Resources,,,
SDL000141,committee member,2011-2012,,lower,sd,,SDC000009,Education,,,
SDL000170,member,2017-2018,24,lower,sd,Republican,,,,,
SDL000170,committee member,2017-2018,,lower,sd,,SDC000010,Transportation,,,
SDL000170,member,2013-2014,24,lower,sd,Republican,,,,,
SDL000170,committee member,2013-2014,,lower,sd,,SDC000009,Taxation,,,
SDL000170,committee member,2013-2014,,lower,sd,,SDC000010,Transportation,,,
SDL000170,member,2015-2016,24,lower,sd,Republican,,,,,
SDL000170,committee member,2015-2016,,lower,sd,,SDC000009,Taxation,,,
SDL000170,committee member,2015-2016,,lower,sd,,SDC000010,Transportation,,,
SDL000175,member,2017-2018,10,lower,sd,Republican,,,,,
SDL000175,committee member,2017-2018,,lower,sd,,SDC000013,Retirement Laws,,,
SDL000175,member,2013-2014,10,lower,sd,Republican,,,,,
SDL000175,committee member,2013-2014,,lower,sd,,SDC000001,Appropriations,,,
SDL000175,member,2015-2016,10,lower,sd,Republican,,,,,
SDL000175,committee member,2015-2016,,lower,sd,,SDC000008,State Affairs,,,
SDL000175,committee member,2015-2016,,lower,sd,,SDC000009,Taxation,,,
SDL000181,member,2017-2018,31,lower,sd,Republican,,,,,
SDL000181,member,2013-2014,31,lower,sd,Republican,,,,,
SDL000181,committee member,2013-2014,,lower,sd,,SDC000005,Education,,,
SDL000181,committee member,2013-2014,,lower,sd,,SDC000011,Judiciary,,,
SDL000181,member,2015-2016,31,lower,sd,Republican,,,,,
SDL000181,committee member,2015-2016,,lower,sd,,SDC000005,Education,,,
SDL000181,committee member,2015-2016,,lower,sd,,SDC000011,Judiciary,,,
SDL000182,member,2017-2018,3,lower,sd,Republican,,,,,
SDL000182,member,2013-2014,3,lower,sd,Republican,,,,,
SDL000182,committee member,2013-2014,,lower,sd,,SDC000005,Education,,,
SDL000182,committee member,2013-2014,,lower,sd,,SDC000010,Transportation,,,
SDL000182,member,2015-2016,3,lower,sd,Republican,,,,,
SDL000182,committee member,2015-2016,,lower,sd,,SDC000005,Education,,,
SDL000182,committee member,2015-2016,,lower,sd,,SDC000010,Transportation,,,
SDL000183,member,2017-2018,6,lower,sd,Republican,,,,,
SDL000183,member,2013-2014,6,lower,sd,Republican,,,,,
SDL000183,committee member,2013-2014,,lower,sd,,SDC000004,Local Government,,,
SDL000183,committee member,2013-2014,,lower,sd,,SDC000009,Taxation,,,
SDL000183,member,2015-2016,6,lower,sd,Republican,,,,,
SDL000183,committee member,2015-2016,,lower,sd,,SDC000011,Judiciary,,,
SDL000183,committee member,2015-2016,,lower,sd,,SDC000009,Taxation,,,
SDL000184,member,2017-2018,27,lower,sd,Republican,,,,,
SDL000184,member,2013-2014,27,lower,sd,Republican,,,,,
SDL000184,committee member,2013-2014,,lower,sd,,SDC000003,Agriculture and Natural Resources,,,
SDL000184,committee member,2013-2014,,lower,sd,,SDC000005,Education,,,
SDL000184,member,2015-2016,27,lower,sd,Republican,,,,,
SDL000184,committee member,2015-2016,,lower,sd,,SDC000005,Education,,,
SDL000184,committee member,2015-2016,,lower,sd,,SDC000009,Taxation,,,
SDL000185,member,2017-2018,13,lower,sd,Republican,,,,,
SDL000185,member,2013-2014,13,lower,sd,Republican,,,,,
SDL000185,committee member,2013-2014,,lower,sd,,SDC000001,Appropriations,,,
SDL000185,committee member,2013-2014,,lower,sd,,SDC000002,Government Operations and Audit,,,
SDL000185,member,2015-2016,13,lower,sd,Republican,,,,,
SDL000185,committee member,2015-2016,,lower,sd,,SDC000011,Judiciary,,,
SDL000185,committee member,2015-2016,,lower,sd,,SDC000012,Legislative Procedure,,,
SDL000185,committee member,2015-2016,,lower,sd,,SDC000008,State Affairs,,,
SDL000187,member,2017-2018,6,lower,sd,Republican,,,,,
SDL000187,member,2013-2014,6,lower,sd,Republican,,,,,
SDL000187,committee member,2013-2014,,lower,sd,,SDC000003,Agriculture and Natural Resources,,,
SDL000187,committee member,2013-2014,,lower,sd,,SDC000004,Local Government,,,
SDL000187,member,2015-2016,6,lower,sd,Republican,,,,,
SDL000187,committee member,2015-2016,,lower,sd,,SDC000003,Agriculture and Natural Resources,,,
SDL000187,committee member,2015-2016,,lower,sd,,SDC000004,Local Government,,,
SDL000190,member,2017-2018,21,lower,sd,Republican,,,,,
SDL000190,member,2013-2014,21,lower,sd,Republican,,,,,
SDL000190,committee member,2013-2014,,lower,sd,,SDC000003,Agriculture and Natural Resources,,,
SDL000190,committee member,2013-2014,,lower,sd,,SDC000010,Transportation,,,
SDL000190,member,2015-2016,21,lower,sd,Republican,,,,,
SDL000190,committee member,2015-2016,,lower,sd,,SDC000003,Agriculture and Natural Resources,,,
SDL000190,committee member,2015-2016,,lower,sd,,SDC000004,Local Government,,,
SDL000191,member,2017-2018,17,lower,sd,Republican,,,,,
SDL000191,committee member,2017-2018,,lower,sd,,SDC000009,Taxation,,,
SDL000191,member,2013-2014,17,lower,sd,Republican,,,,,
SDL000191,committee member,2013-2014,,lower,sd,,SDC000009,Taxation,,,
SDL000191,committee member,2013-2014,,lower,sd,,SDC000010,Transportation,,,
SDL000191,member,2015-2016,17,lower,sd,Republican,,,,,
SDL000191,committee member,2015-2016,,lower,sd,,SDC000009,Taxation,,,
SDL000191,committee member,2015-2016,,lower,sd,,SDC000010,Transportation,,,
SDL000192,member,2017-2018,17,lower,sd,Democratic,,,,,
SDL000192,member,2013-2014,17,lower,sd,Democratic,,,,,
SDL000192,committee member,2013-2014,,lower,sd,,SDC000005,Education,,,
SDL000192,committee member,2013-2014,,lower,sd,,SDC000010,Transportation,,,
SDL000192,member,2015-2016,17,lower,sd,Democratic,,,,,
SDL000192,committee member,2015-2016,,lower,sd,,SDC000027,Committee on Appropriations,,,
SDL000195,member,2017-2018,19,lower,sd,Republican,,,,,
SDL000195,member,2013-2014,19,lower,sd,Republican,,,,,
SDL000195,committee member,2013-2014,,lower,sd,,SDC000003,Agriculture and Natural Resources,,,
SDL000195,committee member,2013-2014,,lower,sd,,SDC000010,Transportation,,,
SDL000195,member,2015-2016,19,lower,sd,Republican,,,,,
SDL000195,committee member,2015-2016,,lower,sd,,SDC000003,Agriculture and Natural Resources,,,
SDL000195,committee member,2015-2016,,lower,sd,,SDC000004,Local Government,,,
SDL000198,member,2017-2018,18,lower,sd,Republican,,,,,
SDL000198,member,2013-2014,18,lower,sd,Republican,,,,,
SDL000198,committee member,2013-2014,,lower,sd,,SDC000005,Education,,,
SDL000198,committee member,2013-2014,,lower,sd,,SDC000011,Judiciary,,,
SDL000198,member,2015-2016,18,lower,sd,Republican,,,,,
SDL000198,committee member,2015-2016,,lower,sd,,SDC000011,Judiciary,,,
SDL000198,committee member,2015-2016,,lower,sd,,SDC000008,State Affairs,,,
SDL000217,member,2017-2018,2,lower,sd,Republican,,,,,
SDL000217,member,2015-2016,2,lower,sd,Republican,,,,,
SDL000217,committee member,2015-2016,,lower,sd,,SDC000005,Education,,,
SDL000217,committee member,2015-2016,,lower,sd,,SDC000004,Local Government,,,
SDL000226,member,2017-2018,2,lower,sd,Republican,,,,,
SDL000226,member,2015-2016,2,lower,sd,Republican,,,,,
SDL000226,committee member,2015-2016,,lower,sd,,SDC000006,Health and Human Services,,,
SDL000226,committee member,2015-2016,,lower,sd,,SDC000004,Local Government,,,
SDL000227,member,2017-2018,1,lower,sd,Democratic,,,,,
SDL000227,member,2015-2016,1,lower,sd,Democratic,,,,,
SDL000227,committee member,2015-2016,,lower,sd,,SDC000005,Education,,,
SDL000227,committee member,2015-2016,,lower,sd,,SDC000006,Health and Human Services,,,
SDL000227,committee member,2015-2016,,lower,sd,,SDC000013,Retirement Laws,,,
SDL000237,member,2017-2018,35,lower,sd,Republican,,,,,
SDL000237,member,2015-2016,35,lower,sd,Republican,,,,,
SDL000237,committee member,2015-2016,,lower,sd,,SDC000005,Education,,,
SDL000237,committee member,2015-2016,,lower,sd,,SDC000006,Health and Human Services,,,
SDL000238,member,2017-2018,14,lower,sd,Republican,,,,,
SDL000238,member,2015-2016,14,lower,sd,Republican,,,,,
SDL000238,committee member,2015-2016,,lower,sd,,SDC000005,Education,,,
SDL000238,committee member,2015-2016,,lower,sd,,SDC000006,Health and Human Services,,,
SDL000240,member,2017-2018,32,lower,sd,Republican,,,,,
SDL000240,member,2015-2016,32,lower,sd,Republican,,,,,
SDL000240,committee member,2015-2016,,lower,sd,,SDC000006,Health and Human Services,,,
SDL000240,committee member,2015-2016,,lower,sd,,SDC000004,Local Government,,,
SDL000242,member,2017-2018,12,lower,sd,Republican,,,,,
SDL000242,member,2015-2016,12,lower,sd,Republican,,,,,
SDL000242,committee member,2015-2016,,lower,sd,,SDC000007,Commerce and Energy,,,
SDL000242,committee member,2015-2016,,lower,sd,,SDC000009,Taxation,,,
SDL000244,member,2017-2018,10,lower,sd,Republican,,,,,
SDL000244,member,2015-2016,10,lower,sd,Republican,,,,,
SDL000244,committee member,2015-2016,,lower,sd,,SDC000006,Health and Human Services,,,
SDL000244,committee member,2015-2016,,lower,sd,,SDC000011,Judiciary,,,
SDL000245,member,2017-2018,15,lower,sd,Democratic,,,,,
SDL000245,member,2015-2016,15,lower,sd,Democratic,,,,,
SDL000245,committee member,2015-2016,,lower,sd,,SDC000006,Health and Human Services,,,
SDL000245,committee member,2015-2016,,lower,sd,,SDC000004,Local Government,,,
SDL000247,member,2017-2018,16,lower,sd,Republican,,,,,
SDL000247,member,2015-2016,16,lower,sd,Republican,,,,,
SDL000247,committee member,2015-2016,,lower,sd,,SDC000027,Committee on Appropriations,,,
SDL000254,member,2017-2018,14,lower,sd,Republican,,,,,
SDL000254,committee member,2017-2018,,lower,sd,,SDC000005,Education,,,
SDL000254,member,2015-2016,14,lower,sd,Republican,,,,,
SDL000254,committee member,2015-2016,,lower,sd,,SDC000007,Commerce and Energy,,,
SDL000254,committee member,2015-2016,,lower,sd,,SDC000005,Education,,,
SDL000263,member,2017-2018,18,lower,sd,Republican,,,,,
SDL000264,member,2017-2018,30,lower,sd,Republican,,,,,
SDL000266,member,2017-2018,34,lower,sd,Republican,,,,,
SDL000267,member,2017-2018,30,lower,sd,Republican,,,,,
SDL000269,member,2017-2018,26A,lower,sd,Democratic,,,,,
SDL000272,member,2017-2018,34,lower,sd,Republican,,,,,
SDL000272,committee member,2017-2018,,lower,sd,,SDC000029,Select Committee on Discipline and Expulsion,,,
SDL000273,member,2017-2018,35,lower,sd,Republican,,,,,
SDL000274,member,2017-2018,4,lower,sd,Republican,,,,,
SDL000275,member,2017-2018,5,lower,sd,Republican,,,,,
SDL000276,member,2017-2018,23,lower,sd,Republican,,,,,
SDL000277,member,2017-2018,9,lower,sd,Republican,,,,,
SDL000277,committee member,2017-2018,,lower,sd,,SDC000002,Government Operations and Audit,,,
SDL000279,member,2017-2018,25,lower,sd,Democratic,,,,,
SDL000279,committee member,2017-2018,,lower,sd,,SDC000027,Committee on Appropriations,,,
SDL000280,member,2017-2018,22,lower,sd,Republican,,,,,
SDL000282,member,2017-2018,29,lower,sd,Republican,,,,,
SDL000282,committee member,2017-2018,,lower,sd,,SDC000008,State Affairs,,,
SDL000284,member,2017-2018,23,lower,sd,Republican,,,,,
SDL000286,member,2017-2018,28A,lower,sd,Democratic,,,,,
SDL000287,member,2017-2018,27,lower,sd,Republican,,,,,
SDL000292,member,2017-2018,33,lower,sd,Republican,,,,,
SDL000294,member,2017-2018,22,lower,sd,Republican,,,,,
SDL000296,member,2017-2018,11,lower,sd,Republican,,,,,
SDL000297,member,2017-2018,28B,lower,sd,Republican,,,,,
SDL000298,member,2017-2018,33,lower,sd,Republican,,,,,
SDL000299,member,2017-2018,3,lower,sd,Republican,,,,,
SDL000300,member,2017-2018,15,lower,sd,Democratic,,,,,
SDL000303,member,2017-2018,16,lower,sd,Republican,,,,,
SDL000304,member,2017-2018,9,lower,sd,Republican,,,,,
SDL000304,committee member,2017-2018,,lower,sd,,SDC000006,Health and Human Services,,,
SDL000305,member,2017-2018,19,lower,sd,Republican,,,,,
SDL000305,committee member,2017-2018,,lower,sd,,SDC000012,Legislative Procedure,,,
SDL000307,member,2017-2018,1,lower,sd,Democratic,,,,,
SDL000309,member,2017-2018,20,lower,sd,Republican,,,,,
SDL000310,member,2017-2018,8,lower,sd,Republican,,,,,
SDL000312,member,2017-2018,12,lower,sd,Republican,,,,,
SDL000313,member,2017-2018,13,lower,sd,Republican,,,,,
SDL000314,member,2017-2018,5,lower,sd,Republican,,,,,
SDL000316,member,2017-2018,25,lower,sd,Republican,,,,,
SDL000316,committee member,2017-2018,,lower,sd,,SDC000007,Commerce and Energy,,,
SDL000317,member,2017-2018,32,lower,sd,Republican,,,,,
SDL000318,member,2017-2018,7,lower,sd,Republican,,,,,
SDL000318,committee member,2017-2018,,lower,sd,,SDC000004,Local Government,,,
SDL000318,committee member,2017-2018,,lower,sd,,SDC000011,Judiciary,,,
SDL000319,member,2017-2018,11,lower,sd,Republican,,,,,
SDL000320,member,2017-2018,4,lower,sd,Republican,,,,,
SDL000323,member,2017-2018,31,lower,sd,Republican,,,,,
SDL000324,member,2017-2018,8,lower,sd,Republican,,,,,
SDL000057,member,2017-2018,2,upper,sd,Republican,,,,,
SDL000057,committee member,2017-2018,,upper,sd,,SDC000018,Judiciary,,,
SDL000057,committee member,2017-2018,,upper,sd,,SDC000023,Legislative Procedure,,,
SDL000057,member,2009-2010,6,lower,sd,Republican,,,,,
SDL000057,member,2013-2014,2,lower,sd,Republican,,,,,
SDL000057,committee member,2013-2014,,lower,sd,,SDC000007,Commerce and Energy,,,
SDL000057,committee member,2013-2014,,lower,sd,,SDC000009,Taxation,,,
SDL000057,member,2011-2012,6,lower,sd,Republican,,,,,
SDL000057,committee member,2011-2012,,lower,sd,,SDC000007,Commerce and Energy,,,
SDL000057,committee member,2011-2012,,lower,sd,,SDC000005,Taxation,,,
SDL000057,member,2015-2016,2,upper,sd,Republican,,,,,
SDL000057,committee member,2015-2016,,upper,sd,,SDC000021,Commerce and Energy,,,
SDL000057,committee member,2015-2016,,upper,sd,,SDC000022,Education,,,
SDL000057,committee member,2015-2016,,upper,sd,,SDC000016,Taxation,,,
SDL000063,member,2017-2018,33,upper,sd,Republican,,,,,
SDL000063,member,2009-2010,33,lower,sd,Republican,,,,,
SDL000063,member,2013-2014,33,upper,sd,Republican,,,,,
SDL000063,committee member,2013-2014,,upper,sd,,SDC000021,Commerce and Energy,,,
SDL000063,committee member,2013-2014,,upper,sd,,SDC000022,Education,,,
SDL000063,committee member,2013-2014,,upper,sd,,SDC000026,Health and Human Services,,,
SDL000063,committee member,2013-2014,,upper,sd,,SDC000025,Retirement Laws,,,
SDL000063,member,2015-2016,33,upper,sd,Republican,,,,,
SDL000063,committee member,2015-2016,,upper,sd,,SDC000015,Agriculture and Natural Resources,,,
SDL000063,committee member,2015-2016,,upper,sd,,SDC000026,Health and Human Services,,,
SDL000063,committee member,2015-2016,,upper,sd,,SDC000025,Retirement Laws,,,
SDL000063,member,2011-2012,33,lower,sd,Republican,,,,,
SDL000063,committee member,2011-2012,,lower,sd,,SDC000007,Commerce and Energy,,,
SDL000063,committee member,2011-2012,,lower,sd,,SDC000008,Health and Human Services,,,
SDL000081,member,2017-2018,9,upper,sd,Republican,,,,,
SDL000081,member,2009-2010,9,lower,sd,Republican,,,,,
SDL000081,member,2013-2014,9,upper,sd,Republican,,,,,
SDL000081,committee member,2013-2014,,upper,sd,,SDC000014,Appropriations,,,
SDL000081,member,2015-2016,9,upper,sd,Republican,,,,,
SDL000081,committee member,2015-2016,,upper,sd,,SDC000028,Committee on Appropriations,,,
SDL000081,committee member,2015-2016,,upper,sd,,SDC000024,Government Operations and Audit,,,
SDL000081,member,2011-2012,9,upper,sd,Republican,,,,,
SDL000081,committee member,2011-2012,,upper,sd,,SDC000014,Appropriations,,,
SDL000081,committee member,2011-2012,,upper,sd,,SDC000025,Government Operations and Audit,,,
SDL000098,member,2017-2018,7,upper,sd,Republican,,,,,
SDL000098,member,2009-2010,7,lower,sd,Republican,,,,,
SDL000098,member,2013-2014,7,upper,sd,Republican,,,,,
SDL000098,committee member,2013-2014,,upper,sd,,SDC000014,Appropriations,,,
SDL000098,committee member,2013-2014,,upper,sd,,SDC000024,Government Operations and Audit,,,
SDL000098,committee member,2013-2014,,upper,sd,,SDC000025,Retirement Laws,,,
SDL000098,member,2015-2016,7,upper,sd,Republican,,,,,
SDL000098,committee member,2015-2016,,upper,sd,,SDC000028,Committee on Appropriations,,,
SDL000098,committee member,2015-2016,,upper,sd,,SDC000024,Government Operations and Audit,,,
SDL000098,committee member,2015-2016,,upper,sd,,SDC000025,Retirement Laws,,,
SDL000098,member,2011-2012,7,upper,sd,Republican,,,,,
SDL000098,committee member,2011-2012,,upper,sd,,SDC000014,Appropriations,,,
SDL000098,committee member,2011-2012,,upper,sd,,SDC000025,Government Operations and Audit,,,
SDL000098,committee member,2011-2012,,upper,sd,,SDC000026,Retirement Laws,,,
SDL000122,member,2017-2018,21,upper,sd,Democratic,,,,,
SDL000122,committee member,2017-2018,,upper,sd,,SDC000028,Committee on Appropriations,,,
SDL000122,member,2015-2016,21,upper,sd,Democratic,,,,,
SDL000122,committee member,2015-2016,,upper,sd,,SDC000021,Commerce and Energy,,,
SDL000122,committee member,2015-2016,,upper,sd,,SDC000024,Government Operations and Audit,,,
SDL000122,committee member,2015-2016,,upper,sd,,SDC000023,Legislative Procedure,,,
SDL000122,committee member,2015-2016,,upper,sd,,SDC000019,Local Government,,,
SDL000122,committee member,2015-2016,,upper,sd,,SDC000020,State Affairs,,,
SDL000122,member,2013-2014,21,upper,sd,Democratic,,,,,
SDL000122,committee member,2013-2014,,upper,sd,,SDC000014,Appropriations,,,
SDL000122,member,2011-2012,26,upper,sd,Democratic,,,,,
SDL000122,committee member,2011-2012,,upper,sd,,SDC000014,Appropriations,,,
SDL000122,committee member,2011-2012,,upper,sd,,SDC000026,Retirement Laws,,,
SDL000148,member,2017-2018,22,upper,sd,Republican,,,,,
SDL000148,member,2013-2014,22,upper,sd,Republican,,,,,
SDL000148,committee member,2013-2014,,upper,sd,,SDC000014,Appropriations,,,
SDL000148,committee member,2013-2014,,upper,sd,,SDC000023,Legislative Procedure,,,
SDL000148,member,2011-2012,22,lower,sd,Republican,,,,,
SDL000148,committee member,2011-2012,,lower,sd,,SDC000003,Appropriations,,,
SDL000148,member,2015-2016,22,upper,sd,Republican,,,,,
SDL000148,committee member,2015-2016,,upper,sd,,SDC000028,Committee on Appropriations,,,
SDL000152,member,2017-2018,31,upper,sd,Republican,,,,,
SDL000152,member,2013-2014,31,upper,sd,Republican,,,,,
SDL000152,committee member,2013-2014,,upper,sd,,SDC000015,Agriculture and Natural Resources,,,
SDL000152,committee member,2013-2014,,upper,sd,,SDC000016,Taxation,,,
SDL000152,committee member,2013-2014,,upper,sd,,SDC000017,Transportation,,,
SDL000152,member,2015-2016,31,upper,sd,Republican,,,,,
SDL000152,committee member,2015-2016,,upper,sd,,SDC000015,Agriculture and Natural Resources,,,
SDL000152,committee member,2015-2016,,upper,sd,,SDC000019,Local Government,,,
SDL000152,committee member,2015-2016,,upper,sd,,SDC000016,Taxation,,,
SDL000157,member,2017-2018,24,upper,sd,Republican,,,,,
SDL000157,member,2013-2014,24,upper,sd,Republican,,,,,
SDL000157,committee member,2013-2014,,upper,sd,,SDC000018,Judiciary,,,
SDL000157,committee member,2013-2014,,upper,sd,,SDC000016,Taxation,,,
SDL000157,committee member,2013-2014,,upper,sd,,SDC000017,Transportation,,,
SDL000157,member,2015-2016,24,upper,sd,Republican,,,,,
SDL000157,committee member,2015-2016,,upper,sd,,SDC000018,Judiciary,,,
SDL000157,committee member,2015-2016,,upper,sd,,SDC000016,Taxation,,,
SDL000157,committee member,2015-2016,,upper,sd,,SDC000017,Transportation,,,
SDL000159,member,2017-2018,6,upper,sd,Republican,,,,,
SDL000159,committee member,2017-2018,,upper,sd,,SDC000016,Taxation,,,
SDL000159,committee member,2017-2018,,upper,sd,,SDC000017,Transportation,,,
SDL000159,member,2013-2014,6,upper,sd,Republican,,,,,
SDL000159,committee member,2013-2014,,upper,sd,,SDC000015,Agriculture and Natural Resources,,,
SDL000159,committee member,2013-2014,,upper,sd,,SDC000016,Taxation,,,
SDL000159,committee member,2013-2014,,upper,sd,,SDC000017,Transportation,,,
SDL000159,member,2015-2016,6,upper,sd,Republican,,,,,
SDL000159,committee member,2015-2016,,upper,sd,,SDC000020,State Affairs,,,
SDL000159,committee member,2015-2016,,upper,sd,,SDC000017,Transportation,,,
SDL000160,member,2017-2018,14,upper,sd,Republican,,,,,
SDL000160,committee member,2017-2018,,upper,sd,,SDC000026,Health and Human Services,,,
SDL000160,member,2013-2014,14,upper,sd,Republican,,,,,
SDL000160,committee member,2013-2014,,upper,sd,,SDC000022,Education,,,
SDL000160,committee member,2013-2014,,upper,sd,,SDC000026,Health and Human Services,,,
SDL000160,committee member,2013-2014,,upper,sd,,SDC000023,Legislative Procedure,,,
SDL000160,committee member,2013-2014,,upper,sd,,SDC000019,Local Government,,,
SDL000160,member,2015-2016,14,upper,sd,Republican,,,,,
SDL000160,committee member,2015-2016,,upper,sd,,SDC000022,Education,,,
SDL000160,committee member,2015-2016,,upper,sd,,SDC000023,Legislative Procedure,,,
SDL000160,committee member,2015-2016,,upper,sd,,SDC000020,State Affairs,,,
SDL000180,member,2017-2018,26,upper,sd,Democratic,,,,,
SDL000180,committee member,2017-2018,,upper,sd,,SDC000025,Retirement Laws,,,
SDL000180,member,2013-2014,26A,lower,sd,Democratic,,,,,
SDL000180,committee member,2013-2014,,lower,sd,,SDC000006,Health and Human Services,,,
SDL000180,committee member,2013-2014,,lower,sd,,SDC000004,Local Government,,,
SDL000180,member,2015-2016,26,upper,sd,Democratic,,,,,
SDL000180,committee member,2015-2016,,upper,sd,,SDC000026,Health and Human Services,,,
SDL000180,committee member,2015-2016,,upper,sd,,SDC000018,Judiciary,,,
SDL000180,committee member,2015-2016,,upper,sd,,SDC000019,Local Government,,,
SDL000221,member,2017-2018,17,upper,sd,Republican,,,,,
SDL000221,member,2015-2016,17,upper,sd,Republican,,,,,
SDL000221,committee member,2015-2016,,upper,sd,,SDC000015,Agriculture and Natural Resources,,,
SDL000221,committee member,2015-2016,,upper,sd,,SDC000026,Health and Human Services,,,
SDL000221,committee member,2015-2016,,upper,sd,,SDC000018,Judiciary,,,
SDL000230,member,2017-2018,32,upper,sd,Republican,,,,,
SDL000230,member,2015-2016,32,upper,sd,Republican,,,,,
SDL000230,committee member,2015-2016,,upper,sd,,SDC000022,Education,,,
SDL000230,committee member,2015-2016,,upper,sd,,SDC000020,State Affairs,,,
SDL000230,committee member,2015-2016,,upper,sd,,SDC000017,Transportation,,,
SDL000248,member,2017-2018,12,upper,sd,Republican,,,,,
SDL000248,member,2015-2016,12,upper,sd,Republican,,,,,
SDL000248,committee member,2015-2016,,upper,sd,,SDC000021,Commerce and Energy,,,
SDL000248,committee member,2015-2016,,upper,sd,,SDC000022,Education,,,
SDL000248,committee member,2015-2016,,upper,sd,,SDC000026,Health and Human Services,,,
SDL000265,member,2017-2018,11,upper,sd,Republican,,,,,
SDL000268,member,2017-2018,29,upper,sd,Republican,,,,,
SDL000270,member,2017-2018,5,upper,sd,Republican,,,,,
SDL000271,member,2017-2018,3,upper,sd,Republican,,,,,
SDL000278,member,2017-2018,28,upper,sd,Republican,,,,,
SDL000281,member,2017-2018,34,upper,sd,Republican,,,,,
SDL000283,member,2017-2018,8,upper,sd,Republican,,,,,
SDL000283,committee member,2017-2018,,upper,sd,,SDC000019,Local Government,,,
SDL000283,committee member,2017-2018,,upper,sd,,SDC000015,Agriculture and Natural Resources,,,
SDL000285,member,2017-2018,25,upper,sd,Republican,,,,,
SDL000288,member,2017-2018,1,upper,sd,Democratic,,,,,
SDL000289,member,2017-2018,27,upper,sd,Democratic,,,,,
SDL000290,member,2017-2018,35,upper,sd,Republican,,,,,
SDL000291,member,2017-2018,10,upper,sd,Republican,,,,,
SDL000291,committee member,2017-2018,,upper,sd,,SDC000020,State Affairs,,,
SDL000293,member,2017-2018,16,upper,sd,Republican,,,,,
SDL000295,member,2017-2018,19,upper,sd,Republican,,,,,
SDL000301,member,2017-2018,4,upper,sd,Republican,,,,,
SDL000302,member,2017-2018,18,upper,sd,Democratic,,,,,
SDL000306,member,2017-2018,20,upper,sd,Republican,,,,,
SDL000306,committee member,2017-2018,,upper,sd,,SDC000022,Education,,,
SDL000308,member,2017-2018,23,upper,sd,Republican,,,,,
SDL000308,committee member,2017-2018,,upper,sd,,SDC000024,Government Operations and Audit,,,
SDL000311,member,2017-2018,13,upper,sd,Republican,,,,,
SDL000311,committee member,2017-2018,,upper,sd,,SDC000021,Commerce and Energy,,,
SDL000315,member,2017-2018,30,upper,sd,Republican,,,,,
SDL000321,member,2017-2018,15,upper,sd,Democratic,,,,,
