id,state,chamber,committee,subcommittee,parent_id
NJC000069,nj,lower,Education,,
NJC000074,nj,lower,Commerce and Economic Development,,
NJC000076,nj,lower,Transportation and Independent Authorities,,
NJC000077,nj,lower,Agriculture and Natural Resources,,
NJC000078,nj,lower,Financial Institutions and Insurance,,
NJC000080,nj,lower,Military and Veterans' Affairs,,
NJC000082,nj,lower,Judiciary,,
NJC000086,nj,lower,Telecommunications and Utilities,,
NJC000088,nj,lower,Labor,,
NJC000090,nj,lower,"Tourism, Gaming and the Arts",,
NJC000091,nj,lower,Appropriations,,
NJC000093,nj,lower,Regulated Professions,,
NJC000094,nj,lower,Assembly Select Committee on Investigation,,
NJC000095,nj,lower,Human Services,,
NJC000097,nj,lower,Housing and Community Development,,
NJC000098,nj,lower,Regulatory Oversight and Reform and Federal Relations,,
NJC000099,nj,lower,Health and Senior Services,,
NJC000100,nj,lower,Law and Public Safety,,
NJC000102,nj,lower,Environment and Solid Waste,,
NJC000103,nj,lower,State and Local Government,,
NJC000104,nj,lower,Women and Children,,
NJC000105,nj,lower,Budget,,
NJC000107,nj,lower,Consumer Affairs,,
NJC000109,nj,lower,Higher Education,,
NJC000110,nj,lower,Bipartisan Leadership Committee,,
NJC000111,nj,lower,Homeland Security and State Preparedness,,
NJC000068,nj,upper,Transportation,,
NJC000070,nj,upper,Economic Growth,,
NJC000071,nj,upper,Community and Urban Affairs,,
NJC000072,nj,upper,Select Committee on School Funding Fairness,,
NJC000073,nj,upper,Higher Education,,
NJC000075,nj,upper,"State Government, Wagering, Tourism & Historic Preservation",,
NJC000079,nj,upper,Budget and Appropriations,,
NJC000081,nj,upper,Senate Select Committee on Investigation,,
NJC000083,nj,upper,Military and Veterans' Affairs,,
NJC000084,nj,upper,Legislative Panel on State Psychiatric Hospitals and Develop,,
NJC000085,nj,upper,Rules and Order,,
NJC000087,nj,upper,Education,,
NJC000089,nj,upper,Commerce,,
NJC000092,nj,upper,Judiciary,,
NJC000096,nj,upper,Environment and Energy,,
NJC000101,nj,upper,"Health, Human Services and Senior Citizens",,
NJC000106,nj,upper,Labor,,
NJC000108,nj,upper,Law and Public Safety,,
NJC000112,nj,upper,Legislative Oversight,,
