leg_id,full_name,first_name,middle_name,last_name,suffixes,nickname,active,state,chamber,district,party,photo_url,created_at,updated_at
NJL000002,Nelson T Albano,Nelson,T,Albano,,,False,nj,,,,http://www.njleg.state.nj.us/members/memberphotos/albano_color.jpg,2010-11-29 19:07:02.454000,2014-01-16 16:34:49.682000
NJL000003,Matthew W Milam,Matthew,W,Milam,,,False,nj,,,,http://www.njleg.state.nj.us/members/memberphotos/milam_color.jpg,2010-11-29 19:07:02.456000,2013-03-27 15:29:28.765000
NJL000005,John F Amodeo,John,F,Amodeo,,,False,nj,,,,http://www.njleg.state.nj.us/members/memberphotos/amodeo_color.jpg,2010-11-29 19:07:02.460000,2014-01-16 16:34:49.686000
NJL000006,Vincent J Polistina,Vincent,J,Polistina,,,False,nj,,,,,2010-11-29 19:07:02.461000,2012-01-12 22:01:34.441000
NJL000009,Celeste M Riley,Celeste,M,Riley,,,False,nj,,,,http://www.njleg.state.nj.us/members/memberphotos/riley_color.jpg,2010-11-29 19:07:02.467000,2015-05-29 21:25:32.270000
NJL000012,Domenick DiCicco Jr.,Domenick,,DiCicco,Jr.,,False,nj,,,,,2010-11-29 19:07:02.472000,2012-01-12 22:01:34.425000
NJL000013,Donald Norcross,Donald,,Norcross,,,False,nj,,,,http://www.njleg.state.nj.us/members/memberphotos/norcross_color.jpg,2010-11-29 19:07:02.474000,2015-04-23 20:12:51.380000
NJL000014,Gilbert L. Wilson,Gilbert,L.,Wilson,,,False,nj,,,,http://www.njleg.state.nj.us/members/memberphotos/wilson_color.jpg,2010-11-29 19:07:02.475000,2015-12-11 22:51:12.594000
NJL000016,Angel Fuentes,Angel,,Fuentes,,,False,nj,,,,http://www.njleg.state.nj.us/members/memberphotos/fuentes_color.jpg,2010-11-29 19:07:02.479000,2015-12-11 22:49:44.354000
NJL000021,Jack Conners,Jack,,Conners,,,False,nj,,,,,2010-11-29 19:07:02.488000,2012-01-12 22:01:34.456000
NJL000023,Philip E Haines,Philip,E,Haines,,,False,nj,,,,,2010-11-29 19:07:02.492000,2012-01-12 22:01:34.459000
NJL000025,Scott Rudder,Scott,,Rudder,,,False,nj,,,,http://www.njleg.state.nj.us/members/memberphotos/rudder_color.jpg,2010-11-29 19:07:02.495000,2014-01-16 16:34:49.694000
NJL000029,Andrew R Ciesla,Andrew,R,Ciesla,,,False,nj,,,,,2010-11-29 19:07:02.527000,2012-01-12 22:01:34.466000
NJL000034,Mary Pat Angelini,Mary,Pat,Angelini,,,False,nj,,,,http://www.njleg.state.nj.us/members/memberphotos/angelini_color.jpg,2010-11-29 19:07:02.536000,2016-01-15 05:02:32.717000
NJL000037,Caroline Casagrande,Caroline,,Casagrande,,,False,nj,,,,http://www.njleg.state.nj.us/members/memberphotos/casagrande_color.jpg,2010-11-29 19:07:02.541000,2016-01-15 05:02:32.707000
NJL000041,Bill Baroni,Bill,,Baroni,,,False,nj,,,,,2010-11-29 19:07:02.548000,2012-01-12 22:01:34.461000
NJL000042,Thomas Goodwin,Thomas,,Goodwin,,,False,nj,,,,,2010-11-29 19:07:02.550000,2012-01-12 22:01:34.479000
NJL000046,Bonnie Watson Coleman,Bonnie,,Watson Coleman,,,False,nj,,,,http://www.njleg.state.nj.us/members/memberphotos/watson_coleman_color.jpg,2010-11-29 19:07:02.557000,2015-07-08 20:20:54.514000
NJL000049,Peter J Biondi,Peter,J,Biondi,,,False,nj,,,,,2010-11-29 19:07:02.562000,2012-01-12 22:01:34.416000
NJL000050,Denise M Coyle,Denise,M,Coyle,,,False,nj,,,,,2010-11-29 19:07:02.564000,2012-01-12 22:01:34.427000
NJL000053,Upendra J Chivukula,Upendra,J,Chivukula,,,False,nj,,,,http://www.njleg.state.nj.us/members/memberphotos/chivukula_color.jpg,2010-11-29 19:07:02.570000,2014-10-23 20:16:53.177000
NJL000054,Barbara Buono,Barbara,,Buono,,,False,nj,,,,http://www.njleg.state.nj.us/members/memberphotos/buono_color.jpg,2010-11-29 19:07:02.571000,2014-01-16 16:34:49.696000
NJL000056,Peter J Barnes III,Peter,J,Barnes,III,,False,nj,,,,http://www.njleg.state.nj.us/members/memberphotos/barnes_color.jpg,2010-11-29 19:07:02.575000,2016-05-11 20:11:34.445000
NJL000061,Joseph Cryan,Joseph,,Cryan,,,False,nj,,,,http://www.njleg.state.nj.us/members/memberphotos/cryan_color.jpg,2010-11-29 19:07:02.584000,2015-04-23 20:40:53.994000
NJL000067,Linda Stender,Linda,,Stender,,,False,nj,,,,http://www.njleg.state.nj.us/members/memberphotos/stender_color.jpg,2010-11-29 19:07:02.614000,2016-01-15 05:02:32.725000
NJL000073,Gary R Chiusano,Gary,R,Chiusano,,,False,nj,,,,http://www.njleg.state.nj.us/members/memberphotos/chiusano_color.jpg,2010-11-29 19:07:02.625000,2013-03-27 15:34:00.302000
NJL000074,Alison Littell McHose,Alison,Littell,McHose,,,False,nj,,,,http://www.njleg.state.nj.us/members/memberphotos/mchose_color.jpg,2010-11-29 19:07:02.627000,2015-12-11 22:48:20.783000
NJL000079,Alex DeCroce,Alex,,DeCroce,,,False,nj,,,,http://www.njleg.state.nj.us/members/memberphotos/decroce_color.jpg,2010-11-29 19:07:02.636000,2012-07-11 21:59:57.264000
NJL000088,L. Grace Spencer,L.,Grace,Spencer,,,False,nj,,,,http://www.njleg.state.nj.us/members/memberphotos/spencer_color.jpg,2010-11-29 19:07:02.681000,2016-07-27 22:41:32.342000
NJL000089,Albert Coutinho,Albert,,Coutinho,,,False,nj,,,,http://www.njleg.state.nj.us/members/memberphotos/coutinho_color.jpg,2010-11-29 19:07:02.683000,2013-11-19 17:22:03.439000
NJL000091,Joseph R Malone II,Joseph,R,Malone,II,,False,nj,,,,,2010-11-29 19:07:02.686000,2012-01-12 22:01:34.452000
NJL000094,Anthony Chiappone,Anthony,,Chiappone,,,False,nj,,,,,2010-11-29 19:07:02.692000,2012-01-12 22:01:34.473000
NJL000095,Charles Mainor,Charles,,Mainor,,,False,nj,,,,http://www.njleg.state.nj.us/members/memberphotos/mainor_color.jpg,2010-11-29 19:07:02.693000,2016-01-15 05:02:32.732000
NJL000096,Jason O'Donnell,Jason,,O'Donnell,,,False,nj,,,,http://www.njleg.state.nj.us/members/memberphotos/odonnell_color.jpg,2010-11-29 19:07:02.695000,2016-01-15 05:02:32.729000
NJL000098,Joan M Quigley,Joan,M,Quigley,,,False,nj,,,,,2010-11-29 19:07:02.699000,2012-01-12 22:01:34.429000
NJL000101,Ruben J Ramos Jr.,Ruben,J,Ramos,Jr.,,False,nj,,,,http://www.njleg.state.nj.us/members/memberphotos/ramos_color.jpg,2010-11-29 19:07:02.704000,2014-01-16 16:34:49.687000
NJL000102,Caridad Rodriguez,Caridad,,Rodriguez,,,False,nj,,,,,2010-11-29 19:07:02.706000,2012-01-12 22:01:34.421000
NJL000106,John A Girgenti,John,A,Girgenti,,,False,nj,,,,,2010-11-29 19:07:02.713000,2012-01-12 22:01:34.468000
NJL000108,Elease Evans,Elease,,Evans,,,False,nj,,,,,2010-11-29 19:07:02.717000,2012-01-12 22:01:34.445000
NJL000110,Frederick Scalera,Frederick,,Scalera,,,False,nj,,,,,2010-11-29 19:07:02.720000,2012-01-12 22:01:34.423000
NJL000116,Joan M Voss,Joan,M,Voss,,,False,nj,,,,,2010-11-29 19:07:02.731000,2012-01-12 22:01:34.443000
NJL000117,Connie Wagner,Connie,,Wagner,,,False,nj,,,,http://www.njleg.state.nj.us/members/memberphotos/wagner_color.jpg,2010-11-29 19:07:02.732000,2013-11-19 17:24:04.044000
NJL000119,Charlotte Vandervalk,Charlotte,,Vandervalk,,,False,nj,,,,,2010-11-29 19:07:02.736000,2012-01-12 22:01:34.434000
NJL000120,Robert Schroeder,Robert,,Schroeder,,,False,nj,,,,http://www.njleg.state.nj.us/members/memberphotos/schroeder_color.jpg,2010-11-29 19:07:02.738000,2014-01-16 16:34:49.693000
NJL000123,Scott T Rumana,Scott,T,Rumana,,,False,nj,,,,http://www.njleg.state.nj.us/members/memberphotos/rumana_color.jpg,2010-11-29 19:07:02.743000,2017-02-18 01:56:56.556000
NJL000126,Patrick Delany,Patrick,,Delany,,,False,nj,,,,,2010-12-15 19:48:39.178000,2012-01-12 22:01:34.477000
NJL000127,Kevin J. Ryan,Kevin,J.,Ryan,,,False,nj,,,,,2011-01-06 19:55:58.398000,2012-01-12 22:01:34.409000
NJL000130,Gerry Nardello,Gerry,,Nardello,,,False,nj,,,,,2011-11-22 00:47:05.517000,2012-01-12 22:01:34.418000
NJL000132,Douglas H. Fisher,Douglas,H.,Fisher,,,False,nj,,,,,2012-01-10 16:42:26.776000,2012-01-10 16:42:28.595000
NJL000133,Sandra Love,Sandra,,Love,,,False,nj,,,,,2012-01-10 16:42:26.824000,2012-01-10 16:42:28.606000
NJL000134,Dana L. Redd,Dana,L.,Redd,,,False,nj,,,,,2012-01-10 16:42:26.841000,2012-01-10 16:42:28.631000
NJL000135,Joseph J. Roberts Jr.,Joseph,J.,Roberts,Jr.,,False,nj,,,,,2012-01-10 16:42:26.853000,2012-01-10 16:42:28.622000
NJL000137,John H. Adler,John,H.,Adler,,,False,nj,,,,,2012-01-10 16:42:26.877000,2012-01-10 16:42:28.633000
NJL000138,Daniel M. Van Pelt,Daniel,M.,Van Pelt,,,False,nj,,,,,2012-01-10 16:42:26.991000,2012-01-10 16:42:28.625000
NJL000139,Joseph Vas,Joseph,,Vas,,,False,nj,,,,,2012-01-10 16:42:27.521000,2012-01-10 16:42:28.542000
NJL000140,Neil M. Cohen,Neil,M.,Cohen,,,False,nj,,,,,2012-01-10 16:42:27.551000,2012-01-10 16:42:28.557000
NJL000141,Eric Munoz,Eric,,Munoz,,,False,nj,,,,,2012-01-10 16:42:27.599000,2012-01-10 16:42:28.559000
NJL000142,Leonard Lance,Leonard,,Lance,,,False,nj,,,,,2012-01-10 16:42:27.647000,2012-01-10 16:42:28.629000
NJL000143,Marcia A. Karrow,Marcia,A.,Karrow,,,False,nj,,,,,2012-01-10 16:42:27.668000,2012-01-10 16:42:28.627000
NJL000146,Richard A. Merkt,Richard,A.,Merkt,,,False,nj,,,,,2012-01-10 16:42:27.766000,2012-01-10 16:42:28.593000
NJL000147,L. Harvey Smith,L.,Harvey,Smith,,,False,nj,,,,,2012-01-10 16:42:27.936000,2012-01-10 16:42:28.597000
NJL000148,John E. Rooney,John,E.,Rooney,,,False,nj,,,,,2012-01-10 16:42:28.148000,2012-01-10 16:42:28.599000
NJL000150,Christopher J. Brown,Christopher,J.,Brown,,,False,nj,,,,http://www.njleg.state.nj.us/members/memberphotos/brown_c_j_color.jpg,2012-01-12 22:01:32.872000,2016-01-15 05:02:32.737000
NJL000162,Sean Connors,Sean,,Connors,,,False,nj,,,,http://www.njleg.state.nj.us/members/memberphotos/connors_sean_color.jpg,2012-01-12 22:01:33.886000,2014-01-16 16:34:49.689000
NJL000169,Donna M. Simon,Donna,M.,Simon,,,False,nj,,,,http://www.njleg.state.nj.us/members/memberphotos/simon_color.jpg,2012-01-31 00:14:31.504000,2016-01-15 05:02:32.721000
NJL000178,Paul J. Contillo,Paul,J.,Contillo,,,False,nj,,,,http://www.njleg.state.nj.us/members/memberphotos/,2013-11-19 00:43:47.537000,2014-01-16 16:34:49.691000
NJL000180,Carmelo G. Garcia,Carmelo,G.,Garcia,,,False,nj,,,,http://www.njleg.state.nj.us/members/memberphotos/garcia_color.jpg,2014-01-16 16:34:48.159000,2016-01-15 05:02:32.735000
NJL000186,Samuel L. Fiocchi,Samuel,L.,Fiocchi,,,False,nj,,,,http://www.njleg.state.nj.us/members/memberphotos/fiocchi_color.jpg,2014-01-16 16:34:49.281000,2016-01-15 05:02:32.702000
NJL000008,John J. Burzichelli,John J.,,Burzichelli,,,True,nj,lower,3,Democratic,http://www.njleg.state.nj.us/members/memberphotos/burzichelli_color.jpg,2010-11-29 19:07:02.465000,2017-06-01 04:03:42.530000
NJL000011,Paul D Moriarty,Paul D.,D,Moriarty,,,True,nj,lower,4,Democratic,http://www.njleg.state.nj.us/members/memberphotos/moriarty_color.jpg,2010-11-29 19:07:02.470000,2017-06-01 04:03:42.731000
NJL000018,Pamela R Lampitt,Pamela R.,R,Lampitt,,,True,nj,lower,6,Democratic,http://www.njleg.state.nj.us/members/memberphotos/lampitt_color.jpg,2010-11-29 19:07:02.483000,2017-06-01 04:03:42.775000
NJL000019,Louis D Greenwald,Louis D.,D,Greenwald,,,True,nj,lower,6,Democratic,http://www.njleg.state.nj.us/members/memberphotos/greenwald_color.jpg,2010-11-29 19:07:02.484000,2017-06-01 04:02:00.212000
NJL000022,Herb Conaway Jr.,Herb,,Conaway,Jr,,True,nj,lower,7,Democratic,http://www.njleg.state.nj.us/members/memberphotos/conaway_color.jpg,2010-11-29 19:07:02.490000,2017-06-01 04:03:42.534000
NJL000027,Brian E Rumpf,Brian E.,E,Rumpf,,,True,nj,lower,9,Republican,http://www.njleg.state.nj.us/members/memberphotos/rumpf_color.jpg,2010-11-29 19:07:02.499000,2017-06-01 04:03:42.749000
NJL000028,DiAnne C Gove,DiAnne C.,C,Gove,,,True,nj,lower,9,Republican,http://www.njleg.state.nj.us/members/memberphotos/gove_color.jpg,2010-11-29 19:07:02.500000,2017-06-01 04:03:42.649000
NJL000030,David W Wolfe,David W.,W,Wolfe,,,True,nj,lower,10,Republican,http://www.njleg.state.nj.us/members/memberphotos/wolfe_color.jpg,2010-11-29 19:07:02.529000,2017-06-01 04:03:42.954000
NJL000032,Sean T. Kean,Sean T.,T,Kean,,,True,nj,lower,30,Republican,http://www.njleg.state.nj.us/members/memberphotos/kean_sean_color.jpg,2010-11-29 19:07:02.533000,2017-06-01 04:03:42.642000
NJL000033,David P. Rible,David P.,P,Rible,,,True,nj,lower,30,Republican,http://www.njleg.state.nj.us/members/memberphotos/rible_color.jpg,2010-11-29 19:07:02.534000,2017-06-01 04:03:42.958000
NJL000036,Declan J. O'Scanlon Jr.,Declan J.,J,O'Scanlon,Jr,,True,nj,lower,13,Republican,http://www.njleg.state.nj.us/members/memberphotos/oscanlon_color.jpg,2010-11-29 19:07:02.540000,2017-06-01 04:03:42.253000
NJL000040,Amy H Handlin,Amy H.,H,Handlin,,,True,nj,lower,13,Republican,http://www.njleg.state.nj.us/members/memberphotos/handlin_color.jpg,2010-11-29 19:07:02.547000,2017-06-01 04:03:42.770000
NJL000044,Wayne P DeAngelo,Wayne P.,P,DeAngelo,,,True,nj,lower,14,Democratic,http://www.njleg.state.nj.us/members/memberphotos/deangelo_color.jpg,2010-11-29 19:07:02.554000,2017-06-01 04:03:42.756000
NJL000047,Reed Gusciora,Reed,,Gusciora,,,True,nj,lower,15,Democratic,http://www.njleg.state.nj.us/members/memberphotos/gusciora_color.jpg,2010-11-29 19:07:02.559000,2017-06-01 04:03:42.768000
NJL000052,Joseph V Egan,Joseph V.,V,Egan,,,True,nj,lower,17,Democratic,http://www.njleg.state.nj.us/members/memberphotos/egan_color.jpg,2010-11-29 19:07:02.568000,2017-06-01 04:03:42.754000
NJL000058,John S Wisniewski,John S.,S,Wisniewski,,,True,nj,lower,19,Democratic,http://www.njleg.state.nj.us/members/memberphotos/wisniewski_color.jpg,2010-11-29 19:07:02.578000,2017-06-01 04:03:42.816000
NJL000059,Craig J Coughlin,Craig J.,J,Coughlin,,,True,nj,lower,19,Democratic,http://www.njleg.state.nj.us/members/memberphotos/coughlin_color.jpg,2010-11-29 19:07:02.580000,2017-06-01 04:03:42.788000
NJL000062,Annette Quijano,Annette,,Quijano,,,True,nj,lower,20,Democratic,http://www.njleg.state.nj.us/members/memberphotos/quijano_color.jpg,2010-11-29 19:07:02.585000,2017-06-01 04:03:42.545000
NJL000064,Jon M Bramnick,Jon M.,M,Bramnick,,,True,nj,lower,21,Republican,http://www.njleg.state.nj.us/members/memberphotos/bramnick_color.jpg,2010-11-29 19:07:02.609000,2017-06-01 04:02:00.207000
NJL000065,Nancy F Munoz,Nancy F.,F,Munoz,,,True,nj,lower,21,Republican,http://www.njleg.state.nj.us/members/memberphotos/munoz_color.jpg,2010-11-29 19:07:02.611000,2017-06-01 04:03:42.574000
NJL000068,Jerry Green,Jerry,,Green,,,True,nj,lower,22,Democratic,http://www.njleg.state.nj.us/members/memberphotos/green_color.jpg,2010-11-29 19:07:02.616000,2017-06-01 04:03:42.873000
NJL000070,John DiMaio,John,,DiMaio,,,True,nj,lower,23,Republican,http://www.njleg.state.nj.us/members/memberphotos/dimaio_color.jpg,2010-11-29 19:07:02.620000,2017-06-01 04:03:42.733000
NJL000071,Erik Peterson,Erik,,Peterson,,,True,nj,lower,23,Republican,http://www.njleg.state.nj.us/members/memberphotos/peterson_color.jpg,2010-11-29 19:07:02.621000,2017-06-01 04:03:42.501000
NJL000075,Anthony M Bucco,Anthony M.,M,Bucco,,,True,nj,lower,25,Republican,http://www.njleg.state.nj.us/members/memberphotos/bucco_a_m_color.jpg,2010-11-29 19:07:02.629000,2017-06-01 04:03:42.301000
NJL000076,Michael Patrick Carroll,Michael Patrick,,Carroll,,,True,nj,lower,25,Republican,http://www.njleg.state.nj.us/members/memberphotos/carroll_color.jpg,2010-11-29 19:07:02.630000,2017-06-01 04:03:42.494000
NJL000080,Jay Webber,Jay,,Webber,,,True,nj,lower,26,Republican,http://www.njleg.state.nj.us/members/memberphotos/webber_color.jpg,2010-11-29 19:07:02.637000,2017-06-01 04:03:42.693000
NJL000082,John F McKeon,John F.,F,McKeon,,,True,nj,lower,27,Democratic,http://www.njleg.state.nj.us/members/memberphotos/mckeon_color.jpg,2010-11-29 19:07:02.641000,2017-06-01 04:03:42.818000
NJL000083,Mila M Jasey,Mila M.,M,Jasey,,,True,nj,lower,27,Democratic,http://www.njleg.state.nj.us/members/memberphotos/jasey_color.jpg,2010-11-29 19:07:02.643000,2017-06-01 04:03:42.956000
NJL000085,Cleopatra G Tucker,Cleopatra G.,G,Tucker,,,True,nj,lower,28,Democratic,http://www.njleg.state.nj.us/members/memberphotos/tucker_color.jpg,2010-11-29 19:07:02.646000,2017-06-01 04:03:42.805000
NJL000086,Ralph R Caputo,Ralph R.,R,Caputo,,,True,nj,lower,28,Democratic,http://www.njleg.state.nj.us/members/memberphotos/caputo_color.jpg,2010-11-29 19:07:02.648000,2017-06-01 04:03:42.949000
NJL000092,Ronald S. Dancer,Ronald S.,S,Dancer,,,True,nj,lower,12,Republican,http://www.njleg.state.nj.us/members/memberphotos/dancer_color.jpg,2010-11-29 19:07:02.688000,2017-06-01 04:03:42.695000
NJL000099,Vincent Prieto,Vincent,,Prieto,,,True,nj,lower,32,Democratic,http://www.njleg.state.nj.us/members/memberphotos/prieto_color.jpg,2010-11-29 19:07:02.700000,2017-06-01 04:02:00.245000
NJL000104,Sheila Y Oliver,Sheila Y.,Y,Oliver,,,True,nj,lower,34,Democratic,http://www.njleg.state.nj.us/members/memberphotos/oliver_color.jpg,2010-11-29 19:07:02.709000,2017-06-01 04:03:42.735000
NJL000105,Thomas P Giblin,Thomas P.,P,Giblin,,,True,nj,lower,34,Democratic,http://www.njleg.state.nj.us/members/memberphotos/giblin_color.jpg,2010-11-29 19:07:02.711000,2017-06-01 04:03:42.720000
NJL000111,Gary S Schaer,Gary S.,S,Schaer,,,True,nj,lower,36,Democratic,http://www.njleg.state.nj.us/members/memberphotos/schaer_color.jpg,2010-11-29 19:07:02.722000,2017-06-01 04:03:42.525000
NJL000113,Valerie Vainieri Huttle,Valerie Vainieri,,Huttle,,,True,nj,lower,37,Democratic,http://www.njleg.state.nj.us/members/memberphotos/huttle_color.jpg,2010-11-29 19:07:02.725000,2017-06-01 04:02:00.243000
NJL000114,Gordon M Johnson,Gordon M.,M,Johnson,,,True,nj,lower,37,Democratic,http://www.njleg.state.nj.us/members/memberphotos/johnson_color.jpg,2010-11-29 19:07:02.727000,2017-06-01 04:03:42.503000
NJL000122,David C Russo,David C.,C,Russo,,,True,nj,lower,40,Republican,http://www.njleg.state.nj.us/members/memberphotos/russo_color.jpg,2010-11-29 19:07:02.741000,2017-06-01 04:03:42.390000
NJL000128,Daniel R. Benson,Daniel R.,,Benson,,,True,nj,lower,14,Democratic,http://www.njleg.state.nj.us/members/memberphotos/benson_color.jpg,2011-01-14 22:24:08.573000,2017-06-01 04:03:42.722000
NJL000129,Troy Singleton,Troy,,Singleton,,,True,nj,lower,7,Democratic,http://www.njleg.state.nj.us/members/memberphotos/singleton_color.jpg,2011-11-22 00:47:05.466000,2017-06-01 04:03:42.960000
NJL000131,Jack M. Ciattarelli,Jack M.,,Ciattarelli,,,True,nj,lower,16,Republican,http://www.njleg.state.nj.us/members/memberphotos/ciattarelli_color.jpg,2011-12-06 00:47:16.832000,2017-06-01 04:03:42.772000
NJL000149,Chris A. Brown,Chris A.,,Brown,,,True,nj,lower,2,Republican,http://www.njleg.state.nj.us/members/memberphotos/brown_chris_color.jpg,2012-01-12 22:01:32.713000,2017-06-01 04:03:42.616000
NJL000152,Gregory P. McGuckin,Gregory P.,,McGuckin,,,True,nj,lower,10,Republican,http://www.njleg.state.nj.us/members/memberphotos/mcguckin_color.jpg,2012-01-12 22:01:32.936000,2017-06-01 04:03:42.729000
NJL000157,Robert D. Clifton,Robert D.,,Clifton,,,True,nj,lower,12,Republican,http://www.njleg.state.nj.us/members/memberphotos/clifton_color.jpg,2012-01-12 22:01:33.023000,2017-06-01 04:03:42.875000
NJL000161,Angelica M. Jimenez,Angelica M.,,Jimenez,,,True,nj,lower,32,Democratic,http://www.njleg.state.nj.us/members/memberphotos/jimenez_color.jpg,2012-01-12 22:01:33.856000,2017-06-01 04:03:42.951000
NJL000164,Shavonda E. Sumter,Shavonda E.,,Sumter,,,True,nj,lower,35,Democratic,http://www.njleg.state.nj.us/members/memberphotos/sumter_color.jpg,2012-01-12 22:01:33.938000,2017-06-01 04:03:42.708000
NJL000165,Benjie E. Wimberly,Benjie E.,,Wimberly,,,True,nj,lower,35,Democratic,http://www.njleg.state.nj.us/members/memberphotos/wimberly_color.jpg,2012-01-12 22:01:33.953000,2017-06-01 04:03:42.758000
NJL000166,Marlene Caride,Marlene,,Caride,,,True,nj,lower,36,Democratic,http://www.njleg.state.nj.us/members/memberphotos/caride_color.jpg,2012-01-12 22:01:33.988000,2017-06-01 04:03:42.945000
NJL000167,Timothy J. Eustace,Tim,,Eustace,,,True,nj,lower,38,Democratic,http://www.njleg.state.nj.us/members/memberphotos/eustace_color.jpg,2012-01-12 22:01:34.046000,2017-06-01 04:03:42.814000
NJL000168,Holly Schepisi,Holly,,Schepisi,,,True,nj,lower,39,Republican,http://www.njleg.state.nj.us/members/memberphotos/schepisi_color.jpg,2012-01-12 22:01:34.067000,2017-06-01 04:03:42.532000
NJL000170,BettyLou DeCroce,BettyLou,,DeCroce,,,True,nj,lower,26,Republican,http://www.njleg.state.nj.us/members/memberphotos/decroce_betty_lou_color.jpg,2012-02-17 00:20:09.089000,2017-06-01 04:03:42.724000
NJL000171,Gabriela M. Mosquera,Gabriela M.,,Mosquera,,,True,nj,lower,4,Democratic,http://www.njleg.state.nj.us/members/memberphotos/mosquera_color.jpg,2012-03-06 00:37:36.226000,2017-06-01 04:03:42.570000
NJL000175,Bob Andrzejczak,Bob,,Andrzejczak,,,True,nj,lower,1,Democratic,http://www.njleg.state.nj.us/members/memberphotos/andrzejczak_color.jpg,2013-03-25 15:07:24.177000,2017-06-01 04:03:42.651000
NJL000176,Parker Space,Parker,,Space,,,True,nj,lower,24,Republican,http://www.njleg.state.nj.us/members/memberphotos/space_color.jpg,2013-03-25 15:07:24.380000,2017-06-01 04:03:42.706000
NJL000177,Eliana Pintor Marin,Eliana Pintor,,Marin,,,True,nj,lower,29,Democratic,http://www.njleg.state.nj.us/members/memberphotos/pintor_marin_color.jpg,2013-11-19 00:43:47.125000,2017-06-01 04:02:00.181000
NJL000179,Maria Rodriguez-Gregg,Maria,,Rodriguez-Gregg,,,True,nj,lower,8,Republican,http://www.njleg.state.nj.us/members/memberphotos/rodriguez_gregg_color.jpg,2014-01-16 16:34:47.981000,2017-06-01 04:03:42.865000
NJL000181,Robert Auth,Robert,,Auth,,,True,nj,lower,39,Republican,http://www.njleg.state.nj.us/members/memberphotos/auth_color.jpg,2014-01-16 16:34:48.197000,2017-06-01 04:03:42.964000
NJL000182,Joseph A. Lagana,Joseph A.,,Lagana,,,True,nj,lower,38,Democratic,http://www.njleg.state.nj.us/members/memberphotos/lagana_color.jpg,2014-01-16 16:34:48.242000,2017-06-01 04:03:42.793000
NJL000183,Nancy J. Pinkin,Nancy J.,,Pinkin,,,True,nj,lower,18,Democratic,http://www.njleg.state.nj.us/members/memberphotos/pinkin_color.jpg,2014-01-16 16:34:48.389000,2017-06-01 04:03:42.386000
NJL000184,Vincent Mazzeo,Vincent,,Mazzeo,,,True,nj,lower,2,Democratic,http://www.njleg.state.nj.us/members/memberphotos/mazzeo_color.jpg,2014-01-16 16:34:48.943000,2017-06-01 04:03:42.640000
NJL000185,Raj Mukherji,Raj,,Mukherji,,,True,nj,lower,33,Democratic,http://www.njleg.state.nj.us/members/memberphotos/mukherji_color.jpg,2014-01-16 16:34:48.974000,2017-06-01 04:03:42.710000
NJL000188,Joe Danielsen,Joe,,Danielsen,,,True,nj,lower,17,Democratic,http://www.njleg.state.nj.us/members/memberphotos/danielsen_color.jpg,2014-10-17 23:24:39.292000,2017-06-01 04:03:42.782000
NJL000189,Adam J. Taliaferro,Adam J.,,Taliaferro,,,True,nj,lower,3,Democratic,http://www.njleg.state.nj.us/members/memberphotos/taliaferro_color.jpg,2015-01-30 21:29:40.528000,2017-06-01 04:03:42.962000
NJL000192,Elizabeth Maher Muoio,Elizabeth Maher,,Muoio,,,True,nj,lower,15,Democratic,http://www.njleg.state.nj.us/members/memberphotos/muoio_color.jpg,2015-02-06 00:27:12.207000,2017-06-01 04:03:42.497000
NJL000193,Jamel C. Holley,Jamel C.,,Holley,,,True,nj,lower,20,Democratic,http://www.njleg.state.nj.us/members/memberphotos/holley_color.jpg,2015-02-24 00:27:04.659000,2017-06-01 04:03:42.871000
NJL000194,Patricia Egan Jones,Patricia Egan,,Jones,,,True,nj,lower,5,Democratic,http://www.njleg.state.nj.us/members/memberphotos/jones_color.jpg,2015-11-10 05:01:44.113000,2017-06-01 04:03:42.942000
NJL000195,Gail Phoebus,Gail,,Phoebus,,,True,nj,lower,24,Republican,http://www.njleg.state.nj.us/members/memberphotos/phoebus_color.jpg,2015-12-04 05:01:52.396000,2017-06-01 04:03:42.802000
NJL000196,Arthur Barclay,Arthur,,Barclay,,,True,nj,lower,5,Democratic,http://www.njleg.state.nj.us/members/memberphotos/barclay_color.jpg,2016-01-15 05:02:31.473000,2017-06-01 04:03:42.423000
NJL000197,Angela V. McKnight,Angela V.,,McKnight,,,True,nj,lower,31,Democratic,http://www.njleg.state.nj.us/members/memberphotos/mcknight_color.jpg,2016-01-15 05:02:31.589000,2017-06-01 04:03:42.947000
NJL000198,Eric Houghtaling,Eric,,Houghtaling,,,True,nj,lower,11,Democratic,http://www.njleg.state.nj.us/members/memberphotos/houghtaling_color.jpg,2016-01-15 05:02:31.688000,2017-06-01 04:03:42.747000
NJL000199,Joann Downey,Joann,,Downey,,,True,nj,lower,11,Democratic,http://www.njleg.state.nj.us/members/memberphotos/downey_color.jpg,2016-01-15 05:02:31.804000,2017-06-01 04:03:42.765000
NJL000200,James J. Kennedy,James J.,,Kennedy,,,True,nj,lower,22,Democratic,http://www.njleg.state.nj.us/members/memberphotos/kennedy_color.jpg,2016-01-15 05:02:31.881000,2017-06-01 04:03:42.715000
NJL000201,Annette Chaparro,Annette,,Chaparro,,,True,nj,lower,33,Democratic,http://www.njleg.state.nj.us/members/memberphotos/chaparro_color.jpg,2016-01-15 05:02:31.963000,2017-06-01 04:03:42.717000
NJL000202,Nicholas Chiaravalloti,Nicholas,,Chiaravalloti,,,True,nj,lower,31,Democratic,http://www.njleg.state.nj.us/members/memberphotos/chiaravalloti_color.jpg,2016-01-15 05:02:32.016000,2017-06-01 04:03:42.738000
NJL000203,R. Bruce Land,R. Bruce,,Land,,,True,nj,lower,1,Democratic,http://www.njleg.state.nj.us/members/memberphotos/land_color.jpg,2016-01-15 05:02:32.103000,2017-06-01 04:03:42.656000
NJL000204,Andrew Zwicker,Andrew,,Zwicker,,,True,nj,lower,16,Democratic,http://www.njleg.state.nj.us/members/memberphotos/zwicker_color.jpg,2016-01-15 05:02:32.255000,2017-06-01 04:03:42.752000
NJL000205,Joe Howarth,Joe,,Howarth,,,True,nj,lower,8,Republican,http://www.njleg.state.nj.us/members/memberphotos/howarth_color.jpg,2016-01-15 05:02:32.268000,2017-06-01 04:03:42.798000
NJL000207,Robert J. Karabinchak,Robert J.,,Karabinchak,,,True,nj,lower,18,Democratic,http://www.njleg.state.nj.us/members/memberphotos/karabinchak_color.jpg,2016-05-27 04:01:28.698000,2017-06-01 04:03:42.820000
NJL000208,Blonnie R. Watson,Blonnie R.,,Watson,,,True,nj,lower,29,Democratic,http://www.njleg.state.nj.us/members/memberphotos/watson.jpg,2016-07-22 04:00:59.345000,2017-06-01 04:03:42.786000
NJL000209,Kevin J. Rooney,Kevin J.,,Rooney,,,True,nj,lower,40,Republican,http://www.njleg.state.nj.us/members/memberphotos/rooney.jpg,2016-12-29 17:05:36.162000,2017-06-01 04:03:42.812000
NJL000001,Jeff Van Drew,Jeff,,Van Drew,,,True,nj,upper,1,Democratic,http://www.njleg.state.nj.us/members/memberphotos/vandrew_color.jpg,2010-11-29 19:07:02.451000,2017-06-01 04:03:42.852000
NJL000004,Jim Whelan,Jim,,Whelan,,,True,nj,upper,2,Democratic,http://www.njleg.state.nj.us/members/memberphotos/whelan_color.jpg,2010-11-29 19:07:02.458000,2017-06-01 04:03:42.839000
NJL000007,Stephen M. Sweeney,Stephen M.,,Sweeney,,,True,nj,upper,3,Democratic,http://www.njleg.state.nj.us/members/memberphotos/sweeney_color.jpg,2010-11-29 19:07:02.463000,2017-06-01 04:03:42.413000
NJL000010,Fred H Madden Jr.,Fred H.,H,Madden,Jr,,True,nj,upper,4,Democratic,http://www.njleg.state.nj.us/members/memberphotos/madden_color.jpg,2010-11-29 19:07:02.468000,2017-06-01 04:03:42.930000
NJL000017,James Beach,James,,Beach,,,True,nj,upper,6,Democratic,http://www.njleg.state.nj.us/members/memberphotos/beach_color.jpg,2010-11-29 19:07:02.481000,2017-06-01 04:03:42.607000
NJL000020,Diane B Allen,Diane B.,B,Allen,,,True,nj,upper,7,Republican,http://www.njleg.state.nj.us/members/memberphotos/allen_color.jpg,2010-11-29 19:07:02.486000,2017-06-01 04:03:42.845000
NJL000024,Dawn Marie Addiego,Dawn Marie,,Addiego,,,True,nj,upper,8,Republican,http://www.njleg.state.nj.us/members/memberphotos/addiego_color.jpg,2010-11-29 19:07:02.493000,2017-06-01 04:03:42.933000
NJL000026,Christopher J Connors,Christopher J.,J,Connors,,,True,nj,upper,9,Republican,http://www.njleg.state.nj.us/members/memberphotos/connors_chris_color.jpg,2010-11-29 19:07:02.497000,2017-06-01 04:03:42.859000
NJL000031,James W. Holzapfel,James W.,W,Holzapfel,,,True,nj,upper,10,Republican,http://www.njleg.state.nj.us/members/memberphotos/holzapfel_color.jpg,2010-11-29 19:07:02.531000,2017-06-01 04:03:42.921000
NJL000035,Jennifer Beck,Jennifer,,Beck,,,True,nj,upper,11,Republican,http://www.njleg.state.nj.us/members/memberphotos/beck_color.jpg,2010-11-29 19:07:02.538000,2017-06-01 04:03:42.857000
NJL000038,Joseph M Kyrillos Jr.,Joseph M.,M,Kyrillos,Jr,,True,nj,upper,13,Republican,http://www.njleg.state.nj.us/members/memberphotos/kyrillos_color.jpg,2010-11-29 19:07:02.543000,2017-06-01 04:03:42.900000
NJL000039,Samuel D. Thompson,Samuel D.,D,Thompson,,,True,nj,upper,12,Republican,http://www.njleg.state.nj.us/members/memberphotos/thompson_color.jpg,2010-11-29 19:07:02.545000,2017-06-01 04:03:42.556000
NJL000043,Linda R. Greenstein,Linda R.,R,Greenstein,,,True,nj,upper,14,Democratic,http://www.njleg.state.nj.us/members/memberphotos/greenstein_color.jpg,2010-11-29 19:07:02.552000,2017-06-01 04:03:42.470000
NJL000045,Shirley K Turner,Shirley K.,K,Turner,,,True,nj,upper,15,Democratic,http://www.njleg.state.nj.us/members/memberphotos/turner_color.jpg,2010-11-29 19:07:02.555000,2017-06-01 04:03:42.590000
NJL000048,Christopher Bateman,Christopher,,Bateman,,,True,nj,upper,16,Republican,http://www.njleg.state.nj.us/members/memberphotos/bateman_color.jpg,2010-11-29 19:07:02.561000,2017-06-01 04:03:42.887000
NJL000051,Bob Smith,Bob,,Smith,,,True,nj,upper,17,Democratic,http://www.njleg.state.nj.us/members/memberphotos/smith_color.jpg,2010-11-29 19:07:02.566000,2017-06-01 04:03:42.889000
NJL000055,Patrick J Diegnan Jr.,Patrick J.,J,Diegnan,Jr,,True,nj,upper,18,Democratic,http://www.njleg.state.nj.us/members/memberphotos/diegnan_color.jpg,2010-11-29 19:07:02.573000,2017-06-01 04:03:42.559000
NJL000057,Joseph F Vitale,Joseph F.,F,Vitale,,,True,nj,upper,19,Democratic,http://www.njleg.state.nj.us/members/memberphotos/vitale_color.jpg,2010-11-29 19:07:02.577000,2017-06-01 04:03:42.926000
NJL000060,Raymond J Lesniak,Raymond J.,J,Lesniak,,,True,nj,upper,20,Democratic,http://www.njleg.state.nj.us/members/memberphotos/lesniak_color.jpg,2010-11-29 19:07:02.582000,2017-06-01 04:03:42.882000
NJL000063,Thomas H Kean Jr.,Thomas H.,H,Kean,Jr,,True,nj,upper,21,Republican,http://www.njleg.state.nj.us/members/memberphotos/kean_tom_color.jpg,2010-11-29 19:07:02.607000,2017-06-01 04:03:42.678000
NJL000066,Nicholas P Scutari,Nicholas P.,P,Scutari,,,True,nj,upper,22,Democratic,http://www.njleg.state.nj.us/members/memberphotos/scutari_color.jpg,2010-11-29 19:07:02.613000,2017-06-01 04:03:42.896000
NJL000069,Michael J. Doherty,Michael J.,J,Doherty,,,True,nj,upper,23,Republican,http://www.njleg.state.nj.us/members/memberphotos/doherty_color.jpg,2010-11-29 19:07:02.618000,2017-06-01 04:03:42.894000
NJL000072,Steven V Oroho,Steven V.,V,Oroho,,,True,nj,upper,24,Republican,http://www.njleg.state.nj.us/members/memberphotos/oroho_color.jpg,2010-11-29 19:07:02.623000,2017-06-01 04:03:42.671000
NJL000078,Joseph Pennacchio,Joseph,,Pennacchio,,,True,nj,upper,26,Republican,http://www.njleg.state.nj.us/members/memberphotos/pennacchio_color.jpg,2010-11-29 19:07:02.634000,2017-06-01 04:03:42.914000
NJL000081,Richard J Codey,Richard J.,J,Codey,,,True,nj,upper,27,Democratic,http://www.njleg.state.nj.us/members/memberphotos/codey_color.jpg,2010-11-29 19:07:02.639000,2017-06-01 04:03:42.830000
NJL000084,Ronald L Rice,Ronald L.,L,Rice,,,True,nj,upper,28,Democratic,http://www.njleg.state.nj.us/members/memberphotos/rice_color.jpg,2010-11-29 19:07:02.644000,2017-06-01 04:03:42.850000
NJL000087,M. Teresa Ruiz,M. Teresa,,Ruiz,,,True,nj,upper,29,Democratic,http://www.njleg.state.nj.us/members/memberphotos/ruiz_color.jpg,2010-11-29 19:07:02.679000,2017-06-01 04:03:42.586000
NJL000090,Robert W Singer,Robert W.,W,Singer,,,True,nj,upper,30,Republican,http://www.njleg.state.nj.us/members/memberphotos/singer_color.jpg,2010-11-29 19:07:02.684000,2017-06-01 04:03:42.828000
NJL000093,Sandra B Cunningham,Sandra B.,B,Cunningham,,,True,nj,upper,31,Democratic,http://www.njleg.state.nj.us/members/memberphotos/cunningham_color.jpg,2010-11-29 19:07:02.690000,2017-06-01 04:03:42.935000
NJL000097,Nicholas J Sacco,Nicholas J.,J,Sacco,,,True,nj,upper,32,Democratic,http://www.njleg.state.nj.us/members/memberphotos/sacco_color.jpg,2010-11-29 19:07:02.697000,2017-06-01 04:03:42.916000
NJL000100,Brian P Stack,Brian P.,P,Stack,,,True,nj,upper,33,Democratic,http://www.njleg.state.nj.us/members/memberphotos/stack_color.jpg,2010-11-29 19:07:02.702000,2017-06-01 04:03:42.885000
NJL000103,Nia H Gill Esq.,Nia H.,H,Gill,Esq,,True,nj,upper,34,Democratic,http://www.njleg.state.nj.us/members/memberphotos/gill_color.jpg,2010-11-29 19:07:02.708000,2017-06-01 04:03:42.912000
NJL000107,Nellie Pou,Nellie,,Pou,,,True,nj,upper,35,Democratic,http://www.njleg.state.nj.us/members/memberphotos/pou_color.jpg,2010-11-29 19:07:02.715000,2017-06-01 04:03:42.905000
NJL000109,Paul A Sarlo,Paul A.,A,Sarlo,,,True,nj,upper,36,Democratic,http://www.njleg.state.nj.us/members/memberphotos/sarlo_color.jpg,2010-11-29 19:07:02.718000,2017-06-01 04:03:42.880000
NJL000112,Loretta Weinberg,Loretta,,Weinberg,,,True,nj,upper,37,Democratic,http://www.njleg.state.nj.us/members/memberphotos/weinberg_color.jpg,2010-11-29 19:07:02.724000,2017-06-01 04:03:42.898000
NJL000115,Robert M Gordon,Robert M.,M,Gordon,,,True,nj,upper,38,Democratic,http://www.njleg.state.nj.us/members/memberphotos/gordon_color.jpg,2010-11-29 19:07:02.729000,2017-06-01 04:03:42.918000
NJL000118,Gerald Cardinale,Gerald,,Cardinale,,,True,nj,upper,39,Republican,http://www.njleg.state.nj.us/members/memberphotos/cardinale_bw.jpg,2010-11-29 19:07:02.734000,2017-06-01 04:03:42.907000
NJL000121,Kevin J O'Toole,Kevin J.,J,O'Toole,,,True,nj,upper,40,Republican,http://www.njleg.state.nj.us/members/memberphotos/otoole_color.jpg,2010-11-29 19:07:02.740000,2017-06-01 04:03:42.891000
NJL000136,Nilsa Cruz-Perez,Nilsa,,Cruz-Perez,,,True,nj,upper,5,Democratic,http://www.njleg.state.nj.us/members/memberphotos/cruzperez_color.jpg,2012-01-10 16:42:26.865000,2017-06-01 04:03:42.665000
NJL000174,Anthony R. Bucco,Anthony R.,,Bucco,,,True,nj,upper,25,Republican,http://www.njleg.state.nj.us/members/memberphotos/bucco_a_r_color.jpg,2012-08-14 01:12:06.906000,2017-06-01 04:03:42.928000
