id,state,chamber,committee,subcommittee,parent_id
NCC000011,nc,lower,Finance,,
NCC000020,nc,lower,Transportation,,
NCC000026,nc,lower,Agriculture,,
NCC000028,nc,lower,Appropriations,,
NCC000044,nc,lower,Ethics,,
NCC000049,nc,lower,Insurance,,
NCC000081,nc,lower,Banking,,
NCC000082,nc,lower,Commerce and Job Development,,
NCC000087,nc,lower,Environment,,
NCC000096,nc,lower,State Personnel,,
NCC000107,nc,lower,"Homeland Security, Military, and Veterans Affairs",,
NCC000163,nc,lower,Regulatory Reform,,
NCC000167,nc,lower,"Rules, Calendar, and Operations of the House",,
NCC000168,nc,lower,Elections,,
NCC000189,nc,lower,University Board of Governors Nominating,,
NCC000190,nc,lower,Public Utilities,,
NCC000191,nc,lower,Education - Universities,,
NCC000192,nc,lower,"Appropriations, Agriculture and Natural and Economic Resources",,
NCC000193,nc,lower,Alcoholic Beverage Control,,
NCC000194,nc,lower,"Appropriations, Justice and Public Safety",,
NCC000195,nc,lower,"Appropriations, Health and Human Services",,
NCC000196,nc,lower,"Appropriations, Education",,
NCC000197,nc,lower,Education - K-12,,
NCC000198,nc,lower,Aging,,
NCC000199,nc,lower,"Appropriations, Capital",,
NCC000200,nc,lower,Judiciary IV,,
NCC000201,nc,lower,Wildlife Resources,,
NCC000202,nc,lower,"Appropriations, Information Technology",,
NCC000203,nc,lower,Pensions and Retirement,,
NCC000204,nc,lower,"Appropriations, Transportation",,
NCC000205,nc,lower,Health,,
NCC000206,nc,lower,Education - Community Colleges,,
NCC000207,nc,lower,Judiciary III,,
NCC000208,nc,lower,Local Government,,
NCC000209,nc,lower,Judiciary II,,
NCC000210,nc,lower,Judiciary I,,
NCC000211,nc,lower,"Children, Youth, and Families",,
NCC000212,nc,lower,"Appropriations, General Government",,
NCC000215,nc,lower,"Strategic Transportation Planning and Long Term Funding Solutions, House Select Committee on",,
NCC000216,nc,lower,"Step Therapy, House Select Committee on",,
NCC000217,nc,lower,"Wildlife Resources, House Select Committee on",,
NCC000218,nc,lower,"Education Strategy and Practices, House Select Committee on",,
NCC000219,nc,lower,"Achievement School Districts, House Select Committee on",,
NCC000224,nc,lower,Redistricting Committee for the 2016 Extra Session,,
NCC000229,nc,lower,"Homelessness, Foster Care, and Dependency",,
NCC000230,nc,lower,State and Local Government I,,
NCC000231,nc,lower,Energy and Public Utilities,,
NCC000232,nc,lower,Elections and Ethics Law,,
NCC000233,nc,lower,State and Local Government II,,
NCC000235,nc,lower,Health Care Reform,,
NCC000002,nc,upper,Appropriations on Department of Transportation,,
NCC000004,nc,upper,Appropriations on General Government and Information Technology,,
NCC000005,nc,upper,Appropriations on Health and Human Services,,
NCC000006,nc,upper,Appropriations on Justice and Public Safety,,
NCC000007,nc,upper,Appropriations on Natural and Economic Resources,,
NCC000009,nc,upper,Commerce,,
NCC000012,nc,upper,Health Care,,
NCC000018,nc,upper,Rules and Operations of the Senate,,
NCC000019,nc,upper,State and Local Government,,
NCC000021,nc,upper,Ways & Means,,
NCC000073,nc,upper,Finance,,
NCC000074,nc,upper,Judiciary I,,
NCC000075,nc,upper,Judiciary II,,
NCC000076,nc,upper,Transportation,,
NCC000078,nc,upper,Insurance,,
NCC000079,nc,upper,Pensions & Retirement and Aging,,
NCC000097,nc,upper,Agriculture / Environment / Natural Resources,,
NCC000098,nc,upper,Appropriations / Base Budget,,
NCC000099,nc,upper,Appropriations on Education / Higher Education,,
NCC000100,nc,upper,Education / Higher Education,,
NCC000101,nc,upper,Program Evaluation,,
NCC000169,nc,upper,"UNC Board of Governors, Senate Select Committee on",,
NCC000182,nc,upper,Redistricting,,
NCC000188,nc,upper,Workforce and Economic Development,,
NCC000213,nc,upper,Information Technology,,
NCC000214,nc,upper,"Nominations, Senate Select Committee on",,
NCC000223,nc,upper,Redistricting Committee for the 2016 Extra Session,,
NCC000225,nc,upper,"Appropriations on Agriculture, Natural, and Economic Resources",,
NCC000226,nc,upper,"Appropriations on Pensions, Compensation, and Benefits",,
NCC000227,nc,upper,Commerce and Insurance,,
NCC000228,nc,upper,Judiciary,,
NCC000234,nc,upper,"Elections, Senate Select Committee on",,
NCC000236,nc,upper,Pensions and Retirement and Aging,,
