id,state,chamber,committee,subcommittee,parent_id
TNC000082,tn,joint,Government Operations,,
TNC000092,tn,joint,Pensions and Insurance,,
TNC000093,tn,joint,TACIR,,
TNC000094,tn,joint,Fiscal Review,,
TNC000095,tn,lower,Business and Utilities,Business and Utilities Subcommittee,TNC000111
TNC000098,tn,lower,Transportation,Transportation Subcommittee,TNC000124
TNC000099,tn,lower,Health,Health Subcommittee,TNC000118
TNC000101,tn,lower,Agriculture and Natural Resources,Agriculture and Natural Resources Subcommittee,TNC000102
TNC000102,tn,lower,Agriculture and Natural Resources,,
TNC000103,tn,lower,"Finance, Ways and Means",,
TNC000104,tn,lower,Rules,,
TNC000105,tn,lower,Criminal Justice,,
TNC000106,tn,lower,State Government,,
TNC000108,tn,lower,Ethics,,
TNC000109,tn,lower,Local Government,,
TNC000110,tn,lower,Civil Justice,Civil Justice Subcommittee,TNC000130
TNC000111,tn,lower,Business and Utilities,,
TNC000112,tn,lower,Insurance and Banking,,
TNC000116,tn,lower,Calendar and Rules,,
TNC000118,tn,lower,Health,,
TNC000119,tn,lower,Insurance and Banking,Insurance and Banking Subcommittee,TNC000112
TNC000121,tn,lower,Criminal Justice,Criminal Justice Subcommittee,TNC000105
TNC000122,tn,lower,Local Government,Local Government Subcommittee,TNC000109
TNC000123,tn,lower,Consumer and Human Resources,,
TNC000124,tn,lower,Transportation,,
TNC000125,tn,lower,Education Instruction and Programs,,
TNC000126,tn,lower,Government Operations,,
TNC000128,tn,lower,"Finance, Ways and Means","Finance, Ways and Means Subcommittee",TNC000103
TNC000129,tn,lower,Education Administration and Planning,,
TNC000130,tn,lower,Civil Justice,,
TNC000133,tn,lower,Education Instruction and Programs,Education Instruction and Programs Subcommittee,TNC000125
TNC000134,tn,lower,Education Administration and Planning,Education Administration and Planning Subcommittee,TNC000129
TNC000135,tn,lower,Consumer and Human Resources,Consumer and Human Resources Subcommittee,TNC000123
TNC000136,tn,lower,State Government,State Government Subcommittee,TNC000106
TNC000137,tn,lower,Ethics Subcommittee,,
TNC000138,tn,lower,"Finance, Ways and Means Study","Finance, Ways and Means Study Subcommittee",
TNC000096,tn,upper,Ethics,,
TNC000097,tn,upper,"Energy, Agriculture and Natural Resources",,
TNC000100,tn,upper,Rules,,
TNC000107,tn,upper,Transportation and Safety,,
TNC000113,tn,upper,State & Local Government,,
TNC000114,tn,upper,Education,,
TNC000115,tn,upper,Commerce and Labor,,
TNC000117,tn,upper,Judiciary,,
TNC000120,tn,upper,Government Operations,,
TNC000127,tn,upper,Health and Welfare,,
TNC000131,tn,upper,Calendar ,,
TNC000132,tn,upper,"Finance, Ways and Means",,
