id,state,chamber,committee,subcommittee,parent_id
OHC000001,oh,joint,Joint Education Oversight Committee,,
OHC000002,oh,joint,Joint Medicaid Oversight Committee,,
OHC000003,oh,joint,Joint Committee on Agency Rule Review,,
OHC000005,oh,lower,Community and Family Advancement,,
OHC000006,oh,lower,Education and Career Readiness,,
OHC000007,oh,lower,"Financial Institutions, Housing and Urban Development",,
OHC000008,oh,lower,Insurance,,
OHC000009,oh,lower,Rules and Reference,,
OHC000010,oh,lower,Agriculture and Rural Development,,
OHC000011,oh,lower,Finance,,
OHC000012,oh,lower,Finance,Finance Subcommittee on Primary and Secondary Education,OHC000011
OHC000013,oh,lower,Finance,Finance Subcommittee on State Government and Agency Review,OHC000011
OHC000014,oh,lower,Health,,
OHC000015,oh,lower,Finance,Finance Subcommittee on Health and Human Services,OHC000011
OHC000016,oh,lower,Higher Education and Workforce Development,,
OHC000017,oh,lower,Public Utilities,,
OHC000018,oh,lower,Federalism and Interstate Relations,,
OHC000019,oh,lower,Finance,Finance Subcommittee on Higher Education,OHC000011
OHC000020,oh,lower,Civil Justice,,
OHC000021,oh,lower,Criminal Justice,,
OHC000022,oh,lower,Transportation and Public Safety,,
OHC000023,oh,lower,Government Accountability and Oversight,,
OHC000024,oh,lower,Ways and Means,,
OHC000025,oh,lower,"Armed Services, Veterans Affairs and Homeland Security",,
OHC000026,oh,lower,"Economic Development, Commerce and Labor",,
OHC000027,oh,lower,Energy and Natural Resources,,
OHC000028,oh,lower,Finance,Finance Subcommittee on Transportation,OHC000011
OHC000029,oh,lower,Finance,Finance Subcommittee on Agriculture Development and Natural Resources,OHC000011
OHC000030,oh,lower,State and Local Government,,
OHC000031,oh,lower,Aging and Long Term Care,,
OHC000044,oh,lower,"Financial Institutions, Housing, and Urban Development",,
OHC000045,oh,lower,"Armed Services, Veterans Affairs, and Homeland Security",,
OHC000046,oh,lower,"Economic Development, Commerce, and Labor",,
OHC000047,oh,lower,Conference Committee on HB26,,
OHC000048,oh,lower,Ohio Retirement Study Council,,
OHC000004,oh,upper,Rules and Reference,,
OHC000032,oh,upper,Agriculture,,
OHC000033,oh,upper,Finance,,
OHC000034,oh,upper,"Health, Human Services and Medicaid",,
OHC000035,oh,upper,Insurance and Financial Institutions,,
OHC000036,oh,upper,Public Utilities,,
OHC000037,oh,upper,"Transportation, Commerce and Workforce",,
OHC000038,oh,upper,Ways and Means,,
OHC000039,oh,upper,"Local Government, Public Safety and Veterans Affairs",,
OHC000040,oh,upper,Government Oversight and Reform,,
OHC000041,oh,upper,Education,,
OHC000042,oh,upper,Judiciary,,
OHC000043,oh,upper,Energy and Natural Resources,,
OHC000049,oh,upper,Criminal Justice Recodification Committee,,
