id,state,chamber,committee,subcommittee,parent_id
NVC000001,nv,lower,Commerce and Labor,,
NVC000004,nv,lower,Government Affairs,,
NVC000006,nv,lower,Judiciary,,
NVC000011,nv,lower,Education,,
NVC000013,nv,lower,Health and Human Services,,
NVC000015,nv,lower,Transportation,,
NVC000016,nv,lower,Ways and Means,,
NVC000026,nv,lower,Legislative Operations and Elections,,
NVC000027,nv,lower,"Natural Resources, Agriculture, and Mining",,
NVC000028,nv,lower,Taxation,,
NVC000034,nv,lower,"Corrections, Parole, and Probation",,
NVC000035,nv,lower,Committee of the Whole,,
NVC000003,nv,upper,Finance,,
NVC000007,nv,upper,Legislative Operations and Elections,,
NVC000008,nv,upper,Natural Resources,,
NVC000018,nv,upper,Government Affairs,,
NVC000019,nv,upper,Judiciary,,
NVC000020,nv,upper,"Commerce, Labor and Energy",,
NVC000021,nv,upper,Education,,
NVC000022,nv,upper,Health and Human Services,,
NVC000025,nv,upper,Transportation,,
NVC000030,nv,upper,Revenue and Economic Development,,
NVC000033,nv,upper,Senate Parliamentary Rules and Procedures,,
NVC000036,nv,upper,Committee of the Whole,,
