leg_id,type,term,district,chamber,state,party,committee_id,committee,subcommittee,start_date,end_date
NVL000001,member,2009-2010,Capital Senatorial District,upper,nv,Republican,,,,,
NVL000002,member,2009-2010,"Clark County, No. 5",upper,nv,Democratic,,,,,
NVL000002,member,2011-2012,"Clark County, No. 5",upper,nv,Democratic,,,,,
NVL000002,committee member,2011-2012,,upper,nv,,NVC000020,"Commerce, Labor and Energy",,,
NVL000002,committee member,2011-2012,,upper,nv,,NVC000019,Judiciary,,,
NVL000002,committee member,2011-2012,,upper,nv,,NVC000025,Transportation,,,
NVL000003,member,2009-2010,"Clark County, No. 7",upper,nv,Democratic,,,,,
NVL000003,committee member,2009-2010,,upper,nv,,NVC000018,Government Affairs,,,
NVL000003,committee member,2009-2010,,upper,nv,,NVC000019,Judiciary,,,
NVL000003,committee member,2009-2010,,upper,nv,,NVC000009,Taxation,,,
NVL000005,member,2009-2010,"Clark County, No. 8",upper,nv,Republican,,,,,
NVL000005,member,2013-2014,8,upper,nv,Republican,,,,,
NVL000005,member,2011-2012,"Clark County, No. 8",upper,nv,Republican,,,,,
NVL000005,committee member,2011-2012,,upper,nv,,NVC000021,Education,,,
NVL000005,committee member,2011-2012,,upper,nv,,NVC000003,Finance,,,
NVL000005,committee member,2011-2012,,upper,nv,,NVC000007,Legislative Operations and Elections,,,
NVL000006,member,2009-2010,"Clark County, No. 10",upper,nv,Democratic,,,,,
NVL000006,committee member,2009-2010,,upper,nv,,NVC000003,Finance,,,
NVL000006,committee member,2009-2010,,upper,nv,,NVC000008,Natural Resources,,,
NVL000006,committee member,2009-2010,,upper,nv,,NVC000009,Taxation,,,
NVL000007,member,2009-2010,"Clark County, No. 6",upper,nv,Democratic,,,,,
NVL000007,committee member,2009-2010,,upper,nv,,NVC000017,Commerce and Labor,,,
NVL000007,committee member,2009-2010,,upper,nv,,NVC000019,Judiciary,,,
NVL000007,committee member,2009-2010,,upper,nv,,NVC000008,Natural Resources,,,
NVL000007,member,2011-2012,"Clark County, No. 6",upper,nv,Democratic,,,,,
NVL000007,committee member,2011-2012,,upper,nv,,NVC000020,"Commerce, Labor and Energy",,,
NVL000007,committee member,2011-2012,,upper,nv,,NVC000022,Health and Human Services,,,
NVL000007,committee member,2011-2012,,upper,nv,,NVC000019,Judiciary,,,
NVL000008,member,2009-2010,"Clark County, No. 12",upper,nv,Republican,,,,,
NVL000009,member,2009-2010,"Clark County, No. 4",upper,nv,Democratic,,,,,
NVL000009,member,2011-2012,"Clark County, No. 4",upper,nv,Democratic,,,,,
NVL000009,committee member,2011-2012,,upper,nv,,NVC000003,Finance,,,
NVL000009,committee member,2011-2012,,upper,nv,,NVC000007,Legislative Operations and Elections,,,
NVL000009,committee member,2011-2012,,upper,nv,,NVC000023,Revenue,,,
NVL000010,member,2009-2010,"Clark County, No. 1",upper,nv,Democratic,,,,,
NVL000010,member,2011-2012,"Clark County, No. 1",upper,nv,Democratic,,,,,
NVL000010,committee member,2011-2012,,upper,nv,,NVC000018,Government Affairs,,,
NVL000010,committee member,2011-2012,,upper,nv,,NVC000008,Natural Resources,,,
NVL000010,committee member,2011-2012,,upper,nv,,NVC000024,Select Committee on Economic Growth and Employment,,,
NVL000010,committee member,2011-2012,,upper,nv,,NVC000025,Transportation,,,
NVL000011,member,2009-2010,"Washoe County, No. 1",upper,nv,Democratic,,,,,
NVL000011,committee member,2009-2010,,upper,nv,,NVC000003,Finance,,,
NVL000011,committee member,2009-2010,,upper,nv,,NVC000007,Legislative Operations and Elections,,,
NVL000011,committee member,2009-2010,,upper,nv,,NVC000008,Natural Resources,,,
NVL000012,member,2009-2010,Central Nevada Senatorial District,upper,nv,Republican,,,,,
NVL000012,committee member,2009-2010,,upper,nv,,NVC000018,Government Affairs,,,
NVL000012,committee member,2009-2010,,upper,nv,,NVC000019,Judiciary,,,
NVL000012,committee member,2009-2010,,upper,nv,,NVC000009,Taxation,,,
NVL000012,member,2011-2012,Central Nevada Senatorial District,upper,nv,Republican,,,,,
NVL000012,committee member,2011-2012,,upper,nv,,NVC000019,Judiciary,,,
NVL000012,committee member,2011-2012,,upper,nv,,NVC000023,Revenue,,,
NVL000012,committee member,2011-2012,,upper,nv,,NVC000025,Transportation,,,
NVL000013,member,2009-2010,"Clark County, No. 9",upper,nv,Republican,,,,,
NVL000013,committee member,2009-2010,,upper,nv,,NVC000002,"Energy, Infrastructure and Transportation",,,
NVL000013,committee member,2009-2010,,upper,nv,,NVC000005,Health and Education,,,
NVL000013,committee member,2009-2010,,upper,nv,,NVC000008,Natural Resources,,,
NVL000015,member,2009-2010,"Washoe County, No. 3",upper,nv,Republican,,,,,
NVL000015,member,2011-2012,"Washoe County, No. 3",upper,nv,Republican,,,,,2011-01-15 00:00:00
NVL000016,member,2009-2010,Rural Nevada Senatorial District,upper,nv,Republican,,,,,
NVL000016,member,2011-2012,Rural Nevada Senatorial District,upper,nv,Republican,,,,,
NVL000016,committee member,2011-2012,,upper,nv,,NVC000003,Finance,,,
NVL000016,committee member,2011-2012,,upper,nv,,NVC000008,Natural Resources,,,
NVL000016,committee member,2011-2012,,upper,nv,,NVC000025,Transportation,,,
NVL000017,member,2009-2010,"Clark County, No. 11",upper,nv,Democratic,,,,,
NVL000017,member,2011-2012,"Clark County, No. 11",upper,nv,Democratic,,,,,
NVL000017,committee member,2011-2012,,upper,nv,,NVC000020,"Commerce, Labor and Energy",,,
NVL000017,committee member,2011-2012,,upper,nv,,NVC000018,Government Affairs,,,
NVL000017,committee member,2011-2012,,upper,nv,,NVC000023,Revenue,,,
NVL000017,committee member,2011-2012,,upper,nv,,NVC000025,Transportation,,,
NVL000018,member,2009-2010,"Washoe County, No. 4",upper,nv,Republican,,,,,
NVL000019,member,2009-2010,"Washoe County, No. 2",upper,nv,Republican,,,,,
NVL000020,member,2009-2010,"Clark County, No. 3",upper,nv,Democratic,,,,,
NVL000020,committee member,2009-2010,,upper,nv,,NVC000005,Health and Education,,,
NVL000020,committee member,2009-2010,,upper,nv,,NVC000019,Judiciary,,,
NVL000020,committee member,2009-2010,,upper,nv,,NVC000007,Legislative Operations and Elections,,,
NVL000020,member,2011-2012,"Clark County, No. 3",upper,nv,Democratic,,,,,
NVL000020,committee member,2011-2012,,upper,nv,,NVC000021,Education,,,
NVL000020,committee member,2011-2012,,upper,nv,,NVC000022,Health and Human Services,,,
NVL000020,committee member,2011-2012,,upper,nv,,NVC000019,Judiciary,,,
NVL000020,committee member,2011-2012,,upper,nv,,NVC000024,Select Committee on Economic Growth and Employment,,,
NVL000064,member,2009-2010,41,lower,nv,Democratic,,,,,
NVL000064,committee member,2009-2010,,lower,nv,,NVC000004,Government Affairs,,,
NVL000064,committee member,2009-2010,,lower,nv,,NVC000014,Agendas and Min,,,
NVL000064,member,2013-2014,41,lower,nv,Democratic,,,,,
NVL000064,member,2011-2012,41,lower,nv,Democratic,,,,,
NVL000064,committee member,2011-2012,,lower,nv,,NVC000011,Education,,,
NVL000064,committee member,2011-2012,,lower,nv,,NVC000027,"Natural Resources, Agriculture, and Mining",,,
NVL000064,committee member,2011-2012,,lower,nv,,NVC000016,Ways and Means,,,
NVL000065,member,2009-2010,31,lower,nv,Democratic,,,,,
NVL000065,committee member,2009-2010,,lower,nv,,NVC000001,Commerce and Labor,,,
NVL000065,committee member,2009-2010,,lower,nv,,NVC000010,"Corrections, Parole and Probation",,,
NVL000065,committee member,2009-2010,,lower,nv,,NVC000006,Judiciary,,,
NVL000066,member,2009-2010,7,lower,nv,Democratic,,,,,
NVL000066,committee member,2009-2010,,lower,nv,,NVC000001,Commerce and Labor,,,
NVL000066,committee member,2009-2010,,lower,nv,,NVC000016,Ways and Means,,,
NVL000068,member,2009-2010,24,lower,nv,Democratic,,,,,
NVL000068,committee member,2009-2010,,lower,nv,,NVC000011,Education,,,
NVL000068,committee member,2009-2010,,lower,nv,,NVC000004,Government Affairs,,,
NVL000068,committee member,2009-2010,,lower,nv,,NVC000014,Agendas and Min,,,
NVL000068,member,2013-2014,24,lower,nv,Democratic,,,,,
NVL000068,member,2011-2012,24,lower,nv,Democratic,,,,,
NVL000068,committee member,2011-2012,,lower,nv,,NVC000011,Education,,,
NVL000068,committee member,2011-2012,,lower,nv,,NVC000027,"Natural Resources, Agriculture, and Mining",,,
NVL000068,committee member,2011-2012,,lower,nv,,NVC000016,Ways and Means,,,
NVL000069,member,2009-2010,8,lower,nv,Democratic,,,,,
NVL000069,committee member,2009-2010,,lower,nv,,NVC000001,Commerce and Labor,,,
NVL000069,committee member,2009-2010,,lower,nv,,NVC000016,Ways and Means,,,
NVL000070,member,2009-2010,33,lower,nv,Republican,,,,,
NVL000070,committee member,2009-2010,,lower,nv,,NVC000010,"Corrections, Parole and Probation",,,
NVL000070,committee member,2009-2010,,lower,nv,,NVC000006,Judiciary,,,
NVL000070,committee member,2009-2010,,lower,nv,,NVC000014,Agendas and Min,,,
NVL000070,committee member,2009-2010,,lower,nv,,NVC000015,Transportation,,,
NVL000071,member,2009-2010,13,lower,nv,Republican,,,,,
NVL000071,committee member,2009-2010,,lower,nv,,NVC000001,Commerce and Labor,,,
NVL000071,committee member,2009-2010,,lower,nv,,NVC000004,Government Affairs,,,
NVL000071,committee member,2009-2010,,lower,nv,,NVC000015,Transportation,,,
NVL000072,member,2009-2010,19,lower,nv,Democratic,,,,,
NVL000072,committee member,2009-2010,,lower,nv,,NVC000004,Government Affairs,,,
NVL000072,committee member,2009-2010,,lower,nv,,NVC000014,Agendas and Min,,,
NVL000072,committee member,2009-2010,,lower,nv,,NVC000015,Transportation,,,
NVL000073,member,2009-2010,26,lower,nv,Republican,,,,,
NVL000073,committee member,2009-2010,,lower,nv,,NVC000010,"Corrections, Parole and Probation",,,
NVL000073,committee member,2009-2010,,lower,nv,,NVC000012,"Elections, Procedures, Ethics, and Constitutional Amendments",,,
NVL000073,committee member,2009-2010,,lower,nv,,NVC000013,Health and Human Services,,,
NVL000073,committee member,2009-2010,,lower,nv,,NVC000006,Judiciary,,,
NVL000074,member,2009-2010,37,lower,nv,Democratic,,,,,
NVL000074,committee member,2009-2010,,lower,nv,,NVC000001,Commerce and Labor,,,
NVL000074,committee member,2009-2010,,lower,nv,,NVC000012,"Elections, Procedures, Ethics, and Constitutional Amendments",,,
NVL000074,committee member,2009-2010,,lower,nv,,NVC000016,Ways and Means,,,
NVL000074,member,2011-2012,37,lower,nv,Democratic,,,,,
NVL000074,committee member,2011-2012,,lower,nv,,NVC000001,Commerce and Labor,,,
NVL000074,committee member,2011-2012,,lower,nv,,NVC000026,Legislative Operations and Elections,,,
NVL000074,committee member,2011-2012,,lower,nv,,NVC000016,Ways and Means,,,
NVL000076,member,2009-2010,5,lower,nv,Democratic,,,,,
NVL000076,member,2013-2014,5,lower,nv,Democratic,,,,,
NVL000076,member,2011-2012,5,lower,nv,Democratic,,,,,
NVL000076,committee member,2011-2012,,lower,nv,,NVC000011,Education,,,
NVL000076,committee member,2011-2012,,lower,nv,,NVC000006,Judiciary,,,
NVL000076,committee member,2011-2012,,lower,nv,,NVC000015,Transportation,,,
NVL000077,member,2009-2010,25,lower,nv,Republican,,,,,
NVL000077,committee member,2009-2010,,lower,nv,,NVC000001,Commerce and Labor,,,
NVL000077,committee member,2009-2010,,lower,nv,,NVC000012,"Elections, Procedures, Ethics, and Constitutional Amendments",,,
NVL000077,committee member,2009-2010,,lower,nv,,NVC000016,Ways and Means,,,
NVL000078,member,2009-2010,36,lower,nv,Republican,,,,,
NVL000078,committee member,2009-2010,,lower,nv,,NVC000001,Commerce and Labor,,,
NVL000078,committee member,2009-2010,,lower,nv,,NVC000004,Government Affairs,,,
NVL000078,member,2011-2012,36,lower,nv,Republican,,,,,
NVL000078,committee member,2011-2012,,lower,nv,,NVC000001,Commerce and Labor,,,
NVL000078,committee member,2011-2012,,lower,nv,,NVC000004,Government Affairs,,,
NVL000078,committee member,2011-2012,,lower,nv,,NVC000027,"Natural Resources, Agriculture, and Mining",,,
NVL000078,committee member,2011-2012,,lower,nv,,NVC000028,Taxation,,,
NVL000080,member,2009-2010,38,lower,nv,Republican,,,,,
NVL000080,committee member,2009-2010,,lower,nv,,NVC000014,Agendas and Min,,,
NVL000080,committee member,2009-2010,,lower,nv,,NVC000016,Ways and Means,,,
NVL000080,member,2013-2014,38,lower,nv,Republican,,,,,
NVL000080,member,2011-2012,38,lower,nv,Republican,,,,,
NVL000080,committee member,2011-2012,,lower,nv,,NVC000001,Commerce and Labor,,,
NVL000080,committee member,2011-2012,,lower,nv,,NVC000026,Legislative Operations and Elections,,,
NVL000080,committee member,2011-2012,,lower,nv,,NVC000016,Ways and Means,,,
NVL000084,member,2009-2010,10,lower,nv,Democratic,,,,,
NVL000084,committee member,2009-2010,,lower,nv,,NVC000014,Agendas and Min,,,
NVL000084,committee member,2009-2010,,lower,nv,,NVC000015,Transportation,,,
NVL000084,member,2013-2014,10,lower,nv,Democratic,,,,,
NVL000084,member,2011-2012,10,lower,nv,Democratic,,,,,
NVL000084,committee member,2011-2012,,lower,nv,,NVC000027,"Natural Resources, Agriculture, and Mining",,,
NVL000084,committee member,2011-2012,,lower,nv,,NVC000015,Transportation,,,
NVL000084,committee member,2011-2012,,lower,nv,,NVC000016,Ways and Means,,,
NVL000085,member,2009-2010,34,lower,nv,Democratic,,,,,
NVL000085,committee member,2009-2010,,lower,nv,,NVC000001,Commerce and Labor,,,
NVL000085,committee member,2009-2010,,lower,nv,,NVC000010,"Corrections, Parole and Probation",,,
NVL000085,committee member,2009-2010,,lower,nv,,NVC000012,"Elections, Procedures, Ethics, and Constitutional Amendments",,,
NVL000085,committee member,2009-2010,,lower,nv,,NVC000006,Judiciary,,,
NVL000085,member,2013-2014,34,lower,nv,Democratic,,,,,
NVL000085,member,2011-2012,34,lower,nv,Democratic,,,,,
NVL000085,committee member,2011-2012,,lower,nv,,NVC000001,Commerce and Labor,,,
NVL000085,committee member,2011-2012,,lower,nv,,NVC000006,Judiciary,,,
NVL000085,committee member,2011-2012,,lower,nv,,NVC000026,Legislative Operations and Elections,,,
NVL000086,member,2009-2010,11,lower,nv,Democratic,,,,,
NVL000086,committee member,2009-2010,,lower,nv,,NVC000010,"Corrections, Parole and Probation",,,
NVL000086,committee member,2009-2010,,lower,nv,,NVC000011,Education,,,
NVL000086,committee member,2009-2010,,lower,nv,,NVC000012,"Elections, Procedures, Ethics, and Constitutional Amendments",,,
NVL000086,committee member,2009-2010,,lower,nv,,NVC000006,Judiciary,,,
NVL000086,committee member,2009-2010,,lower,nv,,NVC000015,Transportation,,,
NVL000086,member,2013-2014,10,upper,nv,Democratic,,,,,
NVL000086,member,2015-2016,10,upper,nv,Democratic,,,,,
NVL000086,member,2011-2012,"Clark County, No. 10",upper,nv,Democratic,,,,,
NVL000087,member,2009-2010,1,lower,nv,Democratic,,,,,
NVL000087,committee member,2009-2010,,lower,nv,,NVC000001,Commerce and Labor,,,
NVL000087,committee member,2009-2010,,lower,nv,,NVC000004,Government Affairs,,,
NVL000087,member,2013-2014,1,lower,nv,Democratic,,,,,
NVL000087,member,2015-2016,1,lower,nv,Democratic,,,,,
NVL000087,member,2011-2012,1,lower,nv,Democratic,,,,,
NVL000087,committee member,2011-2012,,lower,nv,,NVC000001,Commerce and Labor,,,
NVL000087,committee member,2011-2012,,lower,nv,,NVC000004,Government Affairs,,,
NVL000087,committee member,2011-2012,,lower,nv,,NVC000026,Legislative Operations and Elections,,,
NVL000087,committee member,2011-2012,,lower,nv,,NVC000028,Taxation,,,
NVL000088,member,2009-2010,14,lower,nv,Democratic,,,,,
NVL000088,committee member,2009-2010,,lower,nv,,NVC000016,Ways and Means,,,
NVL000089,member,2009-2010,27,lower,nv,Democratic,,,,,
NVL000089,committee member,2009-2010,,lower,nv,,NVC000013,Health and Human Services,,,
NVL000089,committee member,2009-2010,,lower,nv,,NVC000016,Ways and Means,,,
NVL000089,member,2011-2012,"Washoe County, No. 1",upper,nv,Democratic,,,,,
NVL000089,committee member,2011-2012,,upper,nv,,NVC000021,Education,,,
NVL000089,committee member,2011-2012,,upper,nv,,NVC000003,Finance,,,
NVL000089,committee member,2011-2012,,upper,nv,,NVC000022,Health and Human Services,,,
NVL000089,committee member,2011-2012,,upper,nv,,NVC000023,Revenue,,,
NVL000091,member,2009-2010,29,lower,nv,Democratic,,,,,
NVL000091,committee member,2009-2010,,lower,nv,,NVC000011,Education,,,
NVL000091,committee member,2009-2010,,lower,nv,,NVC000004,Government Affairs,,,
NVL000091,committee member,2009-2010,,lower,nv,,NVC000013,Health and Human Services,,,
NVL000091,member,2011-2012,29,lower,nv,Democratic,,,,,
NVL000091,committee member,2011-2012,,lower,nv,,NVC000011,Education,,,
NVL000091,committee member,2011-2012,,lower,nv,,NVC000013,Health and Human Services,,,
NVL000091,committee member,2011-2012,,lower,nv,,NVC000016,Ways and Means,,,
NVL000092,member,2009-2010,4,lower,nv,Republican,,,,,
NVL000092,committee member,2009-2010,,lower,nv,,NVC000010,"Corrections, Parole and Probation",,,
NVL000092,committee member,2009-2010,,lower,nv,,NVC000011,Education,,,
NVL000092,committee member,2009-2010,,lower,nv,,NVC000006,Judiciary,,,
NVL000092,member,2011-2012,4,lower,nv,Republican,,,,,
NVL000092,committee member,2011-2012,,lower,nv,,NVC000011,Education,,,
NVL000092,committee member,2011-2012,,lower,nv,,NVC000006,Judiciary,,,
NVL000092,committee member,2011-2012,,lower,nv,,NVC000026,Legislative Operations and Elections,,,
NVL000093,member,2009-2010,15,lower,nv,Democratic,,,,,
NVL000093,committee member,2009-2010,,lower,nv,,NVC000001,Commerce and Labor,,,
NVL000093,committee member,2009-2010,,lower,nv,,NVC000016,Ways and Means,,,
NVL000094,member,2009-2010,42,lower,nv,Democratic,,,,,
NVL000094,committee member,2009-2010,,lower,nv,,NVC000010,"Corrections, Parole and Probation",,,
NVL000094,committee member,2009-2010,,lower,nv,,NVC000006,Judiciary,,,
NVL000095,member,2009-2010,6,lower,nv,Democratic,,,,,
NVL000095,committee member,2009-2010,,lower,nv,,NVC000011,Education,,,
NVL000095,committee member,2009-2010,,lower,nv,,NVC000012,"Elections, Procedures, Ethics, and Constitutional Amendments",,,
NVL000095,committee member,2009-2010,,lower,nv,,NVC000004,Government Affairs,,,
NVL000095,committee member,2009-2010,,lower,nv,,NVC000014,Agendas and Min,,,
NVL000095,member,2013-2014,6,lower,nv,Democratic,,,,,
NVL000095,member,2015-2016,6,lower,nv,Democratic,,,,,
NVL000095,member,2011-2012,6,lower,nv,Democratic,,,,,
NVL000095,committee member,2011-2012,,lower,nv,,NVC000011,Education,,,
NVL000095,committee member,2011-2012,,lower,nv,,NVC000004,Government Affairs,,,
NVL000095,committee member,2011-2012,,lower,nv,,NVC000027,"Natural Resources, Agriculture, and Mining",,,
NVL000095,committee member,2011-2012,,lower,nv,,NVC000028,Taxation,,,
NVL000096,member,2009-2010,16,lower,nv,Democratic,,,,,
NVL000096,committee member,2009-2010,,lower,nv,,NVC000001,Commerce and Labor,,,
NVL000096,committee member,2009-2010,,lower,nv,,NVC000016,Ways and Means,,,
NVL000096,member,2011-2012,16,lower,nv,Democratic,,,,,
NVL000096,committee member,2011-2012,,lower,nv,,NVC000001,Commerce and Labor,,,
NVL000096,committee member,2011-2012,,lower,nv,,NVC000026,Legislative Operations and Elections,,,
NVL000096,committee member,2011-2012,,lower,nv,,NVC000016,Ways and Means,,,
NVL000098,member,2009-2010,40,lower,nv,Democratic,,,,,
NVL000098,committee member,2009-2010,,lower,nv,,NVC000010,"Corrections, Parole and Probation",,,
NVL000098,committee member,2009-2010,,lower,nv,,NVC000011,Education,,,
NVL000098,committee member,2009-2010,,lower,nv,,NVC000013,Health and Human Services,,,
NVL000098,committee member,2009-2010,,lower,nv,,NVC000006,Judiciary,,,
NVL000099,committee member,2013-2014,,lower,nv,,NVC000004,Government Affairs,,,
NVL000099,committee member,2013-2014,,lower,nv,,NVC000028,Taxation,,,
NVL000099,committee member,2013-2014,,lower,nv,,NVC000013,Health and Human Services,,,
NVL000099,member,2009-2010,3,lower,nv,Democratic,,,,,
NVL000099,committee member,2009-2010,,lower,nv,,NVC000004,Government Affairs,,,
NVL000099,committee member,2009-2010,,lower,nv,,NVC000013,Health and Human Services,,,
NVL000099,member,2013-2014,3,lower,nv,Democratic,,,,,2013-10-10 00:00:00
NVL000099,committee member,2013-2014,,lower,nv,,NVC000004,Government Affairs,,,
NVL000099,committee member,2013-2014,,lower,nv,,NVC000028,Taxation,,,
NVL000099,committee member,2013-2014,,lower,nv,,NVC000013,Health and Human Services,,,
NVL000099,member,2011-2012,3,lower,nv,Democratic,,,,,
NVL000099,committee member,2011-2012,,lower,nv,,NVC000004,Government Affairs,,,
NVL000099,committee member,2011-2012,,lower,nv,,NVC000013,Health and Human Services,,,
NVL000099,committee member,2011-2012,,lower,nv,,NVC000027,"Natural Resources, Agriculture, and Mining",,,
NVL000099,committee member,2011-2012,,lower,nv,,NVC000028,Taxation,,,
NVL000102,member,2009-2010,30,lower,nv,Democratic,,,,,
NVL000102,committee member,2009-2010,,lower,nv,,NVC000012,"Elections, Procedures, Ethics, and Constitutional Amendments",,,
NVL000102,committee member,2009-2010,,lower,nv,,NVC000013,Health and Human Services,,,
NVL000102,committee member,2009-2010,,lower,nv,,NVC000016,Ways and Means,,,
NVL000102,member,2013-2014,13,upper,nv,Democratic,,,,,
NVL000102,member,2015-2016,13,upper,nv,Democratic,,,,,
NVL000102,member,2011-2012,30,lower,nv,Democratic,,,,,
NVL000102,committee member,2011-2012,,lower,nv,,NVC000013,Health and Human Services,,,
NVL000102,committee member,2011-2012,,lower,nv,,NVC000026,Legislative Operations and Elections,,,
NVL000102,committee member,2011-2012,,lower,nv,,NVC000016,Ways and Means,,,
NVL000103,member,2009-2010,21,lower,nv,Democratic,,,,,
NVL000103,committee member,2009-2010,,lower,nv,,NVC000004,Government Affairs,,,
NVL000103,committee member,2009-2010,,lower,nv,,NVC000013,Health and Human Services,,,
NVL000103,committee member,2009-2010,,lower,nv,,NVC000015,Transportation,,,
NVL000103,member,2013-2014,20,lower,nv,Democratic,,,,,
NVL000104,member,2009-2010,22,lower,nv,Republican,,,,,
NVL000104,committee member,2009-2010,,lower,nv,,NVC000011,Education,,,
NVL000104,committee member,2009-2010,,lower,nv,,NVC000004,Government Affairs,,,
NVL000104,committee member,2009-2010,,lower,nv,,NVC000013,Health and Human Services,,,
NVL000104,member,2013-2014,22,lower,nv,Republican,,,,,
NVL000104,member,2015-2016,22,lower,nv,Republican,,,,,
NVL000104,member,2011-2012,22,lower,nv,Republican,,,,,
NVL000104,committee member,2011-2012,,lower,nv,,NVC000011,Education,,,
NVL000104,committee member,2011-2012,,lower,nv,,NVC000004,Government Affairs,,,
NVL000104,committee member,2011-2012,,lower,nv,,NVC000026,Legislative Operations and Elections,,,
NVL000104,committee member,2011-2012,,lower,nv,,NVC000028,Taxation,,,
NVL000108,member,2011-2012,"Clark County, No. 9",upper,nv,Republican,,,,,2012-02-17 00:00:00
NVL000108,committee member,2011-2012,,upper,nv,,NVC000020,"Commerce, Labor and Energy",,,
NVL000108,committee member,2011-2012,,upper,nv,,NVC000023,Revenue,,,
NVL000108,committee member,2011-2012,,upper,nv,,NVC000025,Transportation,,,
NVL000118,member,2013-2014,17,lower,nv,Democratic,,,,,2013-03-28 00:00:00
NVL000118,committee member,2013-2014,,lower,nv,,NVC000013,Health and Human Services,,,
NVL000118,committee member,2013-2014,,lower,nv,,NVC000015,Transportation,,,
NVL000118,committee member,2013-2014,,lower,nv,,NVC000016,Ways and Means,,,
NVL000118,member,2011-2012,19,lower,nv,Democratic,,,,,
NVL000118,committee member,2011-2012,,lower,nv,,NVC000013,Health and Human Services,,,
NVL000118,committee member,2011-2012,,lower,nv,,NVC000006,Judiciary,,,
NVL000118,committee member,2011-2012,,lower,nv,,NVC000015,Transportation,,,
NVL000125,member,2013-2014,28,lower,nv,Democratic,,,,,
NVL000125,member,2011-2012,28,lower,nv,Democratic,,,,,
NVL000125,committee member,2011-2012,,lower,nv,,NVC000011,Education,,,
NVL000125,committee member,2011-2012,,lower,nv,,NVC000004,Government Affairs,,,
NVL000125,committee member,2011-2012,,lower,nv,,NVC000013,Health and Human Services,,,
NVL000125,committee member,2011-2012,,lower,nv,,NVC000026,Legislative Operations and Elections,,,
NVL000125,committee member,2011-2012,,lower,nv,,NVC000028,Taxation,,,
NVL000126,member,2013-2014,8,lower,nv,Democratic,,,,,
NVL000126,member,2011-2012,8,lower,nv,Democratic,,,,,
NVL000126,committee member,2011-2012,,lower,nv,,NVC000013,Health and Human Services,,,
NVL000126,committee member,2011-2012,,lower,nv,,NVC000006,Judiciary,,,
NVL000126,committee member,2011-2012,,lower,nv,,NVC000015,Transportation,,,
NVL000129,member,2013-2014,19,lower,nv,Republican,,,,,
NVL000129,member,2011-2012,20,lower,nv,Republican,,,,,
NVL000129,committee member,2011-2012,,lower,nv,,NVC000001,Commerce and Labor,,,
NVL000129,committee member,2011-2012,,lower,nv,,NVC000026,Legislative Operations and Elections,,,
NVL000129,committee member,2011-2012,,lower,nv,,NVC000016,Ways and Means,,,
NVL000130,member,2015-2016,25,lower,nv,Republican,,,,,
NVL000130,member,2013-2014,25,lower,nv,Republican,,,,,
NVL000130,member,2011-2012,25,lower,nv,Republican,,,,,
NVL000130,committee member,2011-2012,,lower,nv,,NVC000001,Commerce and Labor,,,
NVL000130,committee member,2011-2012,,lower,nv,,NVC000026,Legislative Operations and Elections,,,
NVL000130,committee member,2011-2012,,lower,nv,,NVC000016,Ways and Means,,,
NVL000131,member,2015-2016,26,lower,nv,Republican,,,,,
NVL000131,member,2013-2014,26,lower,nv,Republican,,,,,
NVL000131,member,2011-2012,26,lower,nv,Republican,,,,,
NVL000132,member,2011-2012,39,lower,nv,Republican,,,,,
NVL000132,committee member,2011-2012,,lower,nv,,NVC000001,Commerce and Labor,,,
NVL000132,committee member,2011-2012,,lower,nv,,NVC000006,Judiciary,,,
NVL000132,committee member,2011-2012,,lower,nv,,NVC000027,"Natural Resources, Agriculture, and Mining",,,
NVL000133,member,2013-2014,40,lower,nv,Republican,,,,,
NVL000133,member,2011-2012,40,lower,nv,Republican,,,,,
NVL000133,committee member,2011-2012,,lower,nv,,NVC000004,Government Affairs,,,
NVL000133,committee member,2011-2012,,lower,nv,,NVC000013,Health and Human Services,,,
NVL000133,committee member,2011-2012,,lower,nv,,NVC000027,"Natural Resources, Agriculture, and Mining",,,
NVL000133,committee member,2011-2012,,lower,nv,,NVC000028,Taxation,,,
NVL000135,member,2011-2012,21,lower,nv,Republican,,,,,
NVL000135,committee member,2011-2012,,lower,nv,,NVC000013,Health and Human Services,,,
NVL000135,committee member,2011-2012,,lower,nv,,NVC000006,Judiciary,,,
NVL000135,committee member,2011-2012,,lower,nv,,NVC000015,Transportation,,,
NVL000136,member,2013-2014,31,lower,nv,Democratic,,,,,
NVL000136,member,2011-2012,31,lower,nv,Democratic,,,,,
NVL000137,member,2015-2016,15,upper,nv,Republican,,,,,
NVL000137,member,2013-2014,15,upper,nv,Republican,,,,,
NVL000137,member,2011-2012,"Washoe County, No. 3",upper,nv,Republican,,,,,
NVL000137,committee member,2011-2012,,upper,nv,,NVC000021,Education,,,
NVL000137,committee member,2011-2012,,upper,nv,,NVC000022,Health and Human Services,,,
NVL000137,committee member,2011-2012,,upper,nv,,NVC000024,Select Committee on Economic Growth and Employment,,,
NVL000218,member,2013-2014,6,upper,nv,Republican,,,,,
NVL000219,member,2013-2014,9,upper,nv,Democratic,,,,,
NVL000252,member,2013-2014,4,lower,nv,Republican,,,,,
NVL000252,member,2015-2016,4,lower,nv,Republican,,,,,
NVL000256,member,2013-2014,21,lower,nv,Democratic,,,,,
NVL000258,member,2013-2014,35,lower,nv,Democratic,,,,,
NVL000260,member,2013-2014,37,lower,nv,Republican,,,,,
NVL000262,member,2013-2014,9,lower,nv,Democratic,,,,,
NVL000263,member,2013-2014,29,lower,nv,Democratic,,,,,
NVL000265,member,2013-2014,17,lower,nv,Democratic,,,,,2000-01-01 00:00:00
NVL000267,member,2013-2014,3,lower,nv,Democratic,,,,,
NVL000268,member,2015-2016,37,lower,nv,Republican,,,,,
NVL000270,member,2015-2016,5,lower,nv,Republican,,,,,
NVL000272,member,2015-2016,31,lower,nv,Republican,,,,,
NVL000273,member,2015-2016,41,lower,nv,Republican,,,,,
NVL000276,member,2015-2016,10,lower,nv,Republican,,,,,
NVL000279,member,2015-2016,34,lower,nv,Republican,,,,,
NVL000280,member,2015-2016,6,upper,nv,Republican,,,,,
NVL000284,member,2015-2016,29,lower,nv,Republican,,,,,
NVL000286,member,2015-2016,8,lower,nv,Republican,,,,,
NVL000288,member,2015-2016,35,lower,nv,Republican,,,,,
NVL000290,member,2015-2016,9,lower,nv,Republican,,,,,
NVL000291,member,2015-2016,40,lower,nv,Republican,,,,,
NVL000292,member,2015-2016,21,lower,nv,Republican,,,,,
NVL000004,member,2017-2018,14,lower,nv,Democratic,,,,,
NVL000004,committee member,2017-2018,,lower,nv,,NVC000027,"Natural Resources, Agriculture, and Mining",,,
NVL000004,committee member,2017-2018,,lower,nv,,NVC000016,Ways and Means,,,
NVL000004,committee member,2017-2018,,lower,nv,,NVC000001,Commerce and Labor,,,
NVL000004,member,2009-2010,"Clark County, No. 2",upper,nv,Democratic,,,,,
NVL000004,committee member,2009-2010,,upper,nv,,NVC000017,Commerce and Labor,,,
NVL000004,committee member,2009-2010,,upper,nv,,NVC000002,"Energy, Infrastructure and Transportation",,,
NVL000004,committee member,2009-2010,,upper,nv,,NVC000009,Taxation,,,
NVL000004,member,2013-2014,14,lower,nv,Democratic,,,,,
NVL000004,member,2011-2012,14,lower,nv,Democratic,,,,,
NVL000004,committee member,2011-2012,,lower,nv,,NVC000001,Commerce and Labor,,,
NVL000004,committee member,2011-2012,,lower,nv,,NVC000027,"Natural Resources, Agriculture, and Mining",,,
NVL000004,committee member,2011-2012,,lower,nv,,NVC000016,Ways and Means,,,
NVL000004,member,2015-2016,14,lower,nv,Democratic,,,,,
NVL000082,member,2017-2018,2,lower,nv,Republican,,,,,
NVL000082,committee member,2017-2018,,lower,nv,,NVC000013,Health and Human Services,,,
NVL000082,committee member,2017-2018,,lower,nv,,NVC000026,Legislative Operations and Elections,,,
NVL000082,committee member,2017-2018,,lower,nv,,NVC000016,Ways and Means,,,
NVL000082,member,2009-2010,2,lower,nv,Republican,,,,,
NVL000082,committee member,2009-2010,,lower,nv,,NVC000010,"Corrections, Parole and Probation",,,
NVL000082,committee member,2009-2010,,lower,nv,,NVC000012,"Elections, Procedures, Ethics, and Constitutional Amendments",,,
NVL000082,committee member,2009-2010,,lower,nv,,NVC000013,Health and Human Services,,,
NVL000082,committee member,2009-2010,,lower,nv,,NVC000006,Judiciary,,,
NVL000082,member,2013-2014,2,lower,nv,Republican,,,,,
NVL000082,member,2011-2012,2,lower,nv,Republican,,,,,
NVL000082,committee member,2011-2012,,lower,nv,,NVC000013,Health and Human Services,,,
NVL000082,committee member,2011-2012,,lower,nv,,NVC000015,Transportation,,,
NVL000082,committee member,2011-2012,,lower,nv,,NVC000016,Ways and Means,,,
NVL000082,member,2015-2016,2,lower,nv,Republican,,,,,
NVL000097,member,2017-2018,12,lower,nv,Democratic,,,,,
NVL000097,committee member,2017-2018,,lower,nv,,NVC000026,Legislative Operations and Elections,,,
NVL000097,committee member,2017-2018,,lower,nv,,NVC000034,"Corrections, Parole, and Probation",,,
NVL000097,committee member,2017-2018,,lower,nv,,NVC000006,Judiciary,,,
NVL000097,committee member,2017-2018,,lower,nv,,NVC000001,Commerce and Labor,,,
NVL000097,member,2009-2010,12,lower,nv,Democratic,,,,,
NVL000097,committee member,2009-2010,,lower,nv,,NVC000010,"Corrections, Parole and Probation",,,
NVL000097,committee member,2009-2010,,lower,nv,,NVC000012,"Elections, Procedures, Ethics, and Constitutional Amendments",,,
NVL000097,committee member,2009-2010,,lower,nv,,NVC000006,Judiciary,,,
NVL000097,committee member,2009-2010,,lower,nv,,NVC000014,Agendas and Min,,,
NVL000097,member,2013-2014,12,lower,nv,Democratic,,,,,
NVL000097,member,2015-2016,12,lower,nv,Democratic,,,,,
NVL000097,member,2011-2012,12,lower,nv,Democratic,,,,,
NVL000097,committee member,2011-2012,,lower,nv,,NVC000001,Commerce and Labor,,,
NVL000097,committee member,2011-2012,,lower,nv,,NVC000006,Judiciary,,,
NVL000097,committee member,2011-2012,,lower,nv,,NVC000026,Legislative Operations and Elections,,,
NVL000105,member,2017-2018,23,lower,nv,Republican,,,,,
NVL000105,committee member,2017-2018,,lower,nv,,NVC000015,Transportation,,,
NVL000105,committee member,2017-2018,,lower,nv,,NVC000004,Government Affairs,,,
NVL000105,committee member,2017-2018,,lower,nv,,NVC000011,Education,,,
NVL000105,member,2009-2010,23,lower,nv,Republican,,,,,
NVL000105,committee member,2009-2010,,lower,nv,,NVC000011,Education,,,
NVL000105,committee member,2009-2010,,lower,nv,,NVC000004,Government Affairs,,,
NVL000105,committee member,2009-2010,,lower,nv,,NVC000015,Transportation,,,
NVL000105,member,2013-2014,23,lower,nv,Republican,,,,,
NVL000105,member,2011-2012,23,lower,nv,Republican,,,,,
NVL000105,committee member,2011-2012,,lower,nv,,NVC000011,Education,,,
NVL000105,committee member,2011-2012,,lower,nv,,NVC000004,Government Affairs,,,
NVL000105,committee member,2011-2012,,lower,nv,,NVC000028,Taxation,,,
NVL000105,committee member,2011-2012,,lower,nv,,NVC000015,Transportation,,,
NVL000105,member,2015-2016,23,lower,nv,Republican,,,,,
NVL000116,member,2017-2018,15,lower,nv,Democratic,,,,,
NVL000116,committee member,2017-2018,,lower,nv,,NVC000026,Legislative Operations and Elections,,,
NVL000116,committee member,2017-2018,,lower,nv,,NVC000034,"Corrections, Parole, and Probation",,,
NVL000116,committee member,2017-2018,,lower,nv,,NVC000006,Judiciary,,,
NVL000116,committee member,2017-2018,,lower,nv,,NVC000011,Education,,,
NVL000116,member,2013-2014,15,lower,nv,Democratic,,,,,
NVL000116,member,2011-2012,15,lower,nv,Democratic,,,,,
NVL000116,committee member,2011-2012,,lower,nv,,NVC000011,Education,,,
NVL000116,committee member,2011-2012,,lower,nv,,NVC000004,Government Affairs,,,
NVL000116,committee member,2011-2012,,lower,nv,,NVC000013,Health and Human Services,,,
NVL000116,committee member,2011-2012,,lower,nv,,NVC000027,"Natural Resources, Agriculture, and Mining",,,
NVL000116,committee member,2011-2012,,lower,nv,,NVC000028,Taxation,,,
NVL000116,member,2015-2016,15,lower,nv,Democratic,,,,,
NVL000117,member,2017-2018,27,lower,nv,Democratic,,,,,
NVL000117,committee member,2017-2018,,lower,nv,,NVC000013,Health and Human Services,,,
NVL000117,committee member,2017-2018,,lower,nv,,NVC000028,Taxation,,,
NVL000117,committee member,2017-2018,,lower,nv,,NVC000016,Ways and Means,,,
NVL000117,member,2015-2016,27,lower,nv,Democratic,,,,,
NVL000117,member,2013-2014,27,lower,nv,Democratic,,,,,
NVL000117,member,2011-2012,27,lower,nv,Democratic,,,,,
NVL000117,committee member,2011-2012,,lower,nv,,NVC000004,Government Affairs,,,
NVL000117,committee member,2011-2012,,lower,nv,,NVC000013,Health and Human Services,,,
NVL000117,committee member,2011-2012,,lower,nv,,NVC000028,Taxation,,,
NVL000117,committee member,2011-2012,,lower,nv,,NVC000015,Transportation,,,
NVL000119,member,2017-2018,42,lower,nv,Democratic,,,,,
NVL000119,committee member,2017-2018,,lower,nv,,NVC000028,Taxation,,,
NVL000119,committee member,2017-2018,,lower,nv,,NVC000016,Ways and Means,,,
NVL000119,committee member,2017-2018,,lower,nv,,NVC000001,Commerce and Labor,,,
NVL000119,member,2013-2014,42,lower,nv,Democratic,,,,,
NVL000119,member,2011-2012,42,lower,nv,Democratic,,,,,
NVL000119,committee member,2011-2012,,lower,nv,,NVC000001,Commerce and Labor,,,
NVL000119,committee member,2011-2012,,lower,nv,,NVC000004,Government Affairs,,,
NVL000119,committee member,2011-2012,,lower,nv,,NVC000027,"Natural Resources, Agriculture, and Mining",,,
NVL000119,committee member,2011-2012,,lower,nv,,NVC000028,Taxation,,,
NVL000119,member,2015-2016,42,lower,nv,Democratic,,,,,
NVL000121,member,2017-2018,18,lower,nv,Democratic,,,,,
NVL000121,committee member,2017-2018,,lower,nv,,NVC000015,Transportation,,,
NVL000121,committee member,2017-2018,,lower,nv,,NVC000013,Health and Human Services,,,
NVL000121,committee member,2017-2018,,lower,nv,,NVC000004,Government Affairs,,,
NVL000121,member,2015-2016,18,lower,nv,Democratic,,,,,
NVL000121,member,2013-2014,18,lower,nv,Democratic,,,,,
NVL000121,member,2011-2012,18,lower,nv,Democratic,,,,,
NVL000121,committee member,2011-2012,,lower,nv,,NVC000013,Health and Human Services,,,
NVL000121,committee member,2011-2012,,lower,nv,,NVC000006,Judiciary,,,
NVL000121,committee member,2011-2012,,lower,nv,,NVC000015,Transportation,,,
NVL000123,member,2017-2018,11,lower,nv,Democratic,,,,,
NVL000123,committee member,2017-2018,,lower,nv,,NVC000026,Legislative Operations and Elections,,,
NVL000123,committee member,2017-2018,,lower,nv,,NVC000016,Ways and Means,,,
NVL000123,committee member,2017-2018,,lower,nv,,NVC000011,Education,,,
NVL000123,member,2015-2016,11,lower,nv,Democratic,,,,,
NVL000123,member,2013-2014,11,lower,nv,Democratic,,,,,
NVL000123,member,2011-2012,11,lower,nv,Democratic,,,,,
NVL000123,committee member,2011-2012,,lower,nv,,NVC000011,Education,,,
NVL000123,committee member,2011-2012,,lower,nv,,NVC000006,Judiciary,,,
NVL000123,committee member,2011-2012,,lower,nv,,NVC000015,Transportation,,,
NVL000124,member,2017-2018,33,lower,nv,Republican,,,,,
NVL000124,committee member,2017-2018,,lower,nv,,NVC000015,Transportation,,,
NVL000124,committee member,2017-2018,,lower,nv,,NVC000004,Government Affairs,,,
NVL000124,committee member,2017-2018,,lower,nv,,NVC000027,"Natural Resources, Agriculture, and Mining",,,
NVL000124,member,2013-2014,33,lower,nv,Republican,,,,,
NVL000124,member,2011-2012,33,lower,nv,Republican,,,,,
NVL000124,committee member,2011-2012,,lower,nv,,NVC000001,Commerce and Labor,,,
NVL000124,committee member,2011-2012,,lower,nv,,NVC000004,Government Affairs,,,
NVL000124,committee member,2011-2012,,lower,nv,,NVC000027,"Natural Resources, Agriculture, and Mining",,,
NVL000124,committee member,2011-2012,,lower,nv,,NVC000028,Taxation,,,
NVL000124,member,2015-2016,33,lower,nv,Republican,,,,,
NVL000128,member,2017-2018,32,lower,nv,Republican,,,,,
NVL000128,committee member,2017-2018,,lower,nv,,NVC000026,Legislative Operations and Elections,,,
NVL000128,committee member,2017-2018,,lower,nv,,NVC000034,"Corrections, Parole, and Probation",,,
NVL000128,committee member,2017-2018,,lower,nv,,NVC000006,Judiciary,,,
NVL000128,committee member,2017-2018,,lower,nv,,NVC000001,Commerce and Labor,,,
NVL000128,member,2015-2016,32,lower,nv,Republican,,,,,
NVL000128,member,2013-2014,32,lower,nv,Republican,,,,,
NVL000128,member,2011-2012,32,lower,nv,Republican,,,,,
NVL000128,committee member,2011-2012,,lower,nv,,NVC000011,Education,,,
NVL000128,committee member,2011-2012,,lower,nv,,NVC000006,Judiciary,,,
NVL000128,committee member,2011-2012,,lower,nv,,NVC000027,"Natural Resources, Agriculture, and Mining",,,
NVL000134,member,2017-2018,7,lower,nv,Democratic,,,,,
NVL000134,committee member,2017-2018,,lower,nv,,NVC000004,Government Affairs,,,
NVL000134,committee member,2017-2018,,lower,nv,,NVC000028,Taxation,,,
NVL000134,committee member,2017-2018,,lower,nv,,NVC000001,Commerce and Labor,,,
NVL000134,member,2015-2016,7,lower,nv,Democratic,,,,,
NVL000134,member,2013-2014,7,lower,nv,Democratic,,,,,
NVL000134,member,2011-2012,7,lower,nv,Democratic,,,,,
NVL000134,committee member,2011-2012,,lower,nv,,NVC000011,Education,,,
NVL000134,committee member,2011-2012,,lower,nv,,NVC000004,Government Affairs,,,
NVL000134,committee member,2011-2012,,lower,nv,,NVC000028,Taxation,,,
NVL000134,committee member,2011-2012,,lower,nv,,NVC000015,Transportation,,,
NVL000253,member,2017-2018,13,lower,nv,Republican,,,,,
NVL000253,committee member,2017-2018,,lower,nv,,NVC000028,Taxation,,,
NVL000253,committee member,2017-2018,,lower,nv,,NVC000016,Ways and Means,,,
NVL000253,committee member,2017-2018,,lower,nv,,NVC000001,Commerce and Labor,,,
NVL000253,member,2013-2014,13,lower,nv,Republican,,,,,
NVL000253,member,2015-2016,13,lower,nv,Republican,,,,,
NVL000253,committee member,2015-2016,,lower,nv,,NVC000031,Committee of the Whole,,,
NVL000254,member,2017-2018,16,lower,nv,Democratic,,,,,
NVL000254,committee member,2017-2018,,lower,nv,,NVC000027,"Natural Resources, Agriculture, and Mining",,,
NVL000254,committee member,2017-2018,,lower,nv,,NVC000016,Ways and Means,,,
NVL000254,committee member,2017-2018,,lower,nv,,NVC000011,Education,,,
NVL000254,member,2013-2014,16,lower,nv,Democratic,,,,,
NVL000254,member,2015-2016,16,lower,nv,Democratic,,,,,
NVL000257,member,2017-2018,30,lower,nv,Democratic,,,,,
NVL000257,committee member,2017-2018,,lower,nv,,NVC000015,Transportation,,,
NVL000257,committee member,2017-2018,,lower,nv,,NVC000013,Health and Human Services,,,
NVL000257,committee member,2017-2018,,lower,nv,,NVC000016,Ways and Means,,,
NVL000257,member,2013-2014,30,lower,nv,Democratic,,,,,
NVL000257,member,2015-2016,30,lower,nv,Democratic,,,,,
NVL000259,member,2017-2018,36,lower,nv,Republican,,,,,
NVL000259,committee member,2017-2018,,lower,nv,,NVC000013,Health and Human Services,,,
NVL000259,committee member,2017-2018,,lower,nv,,NVC000026,Legislative Operations and Elections,,,
NVL000259,committee member,2017-2018,,lower,nv,,NVC000016,Ways and Means,,,
NVL000259,member,2013-2014,36,lower,nv,Republican,,,,,
NVL000259,member,2015-2016,36,lower,nv,Republican,,,,,
NVL000261,member,2017-2018,39,lower,nv,Republican,,,,,
NVL000261,committee member,2017-2018,,lower,nv,,NVC000015,Transportation,,,
NVL000261,committee member,2017-2018,,lower,nv,,NVC000027,"Natural Resources, Agriculture, and Mining",,,
NVL000261,committee member,2017-2018,,lower,nv,,NVC000034,"Corrections, Parole, and Probation",,,
NVL000261,committee member,2017-2018,,lower,nv,,NVC000006,Judiciary,,,
NVL000261,member,2013-2014,39,lower,nv,Republican,,,,,
NVL000261,member,2015-2016,39,lower,nv,Republican,,,,,
NVL000266,member,2017-2018,17,lower,nv,Democratic,,,,,
NVL000266,committee member,2017-2018,,lower,nv,,NVC000013,Health and Human Services,,,
NVL000266,committee member,2017-2018,,lower,nv,,NVC000034,"Corrections, Parole, and Probation",,,
NVL000266,committee member,2017-2018,,lower,nv,,NVC000006,Judiciary,,,
NVL000266,committee member,2017-2018,,lower,nv,,NVC000011,Education,,,
NVL000266,member,2013-2014,17,lower,nv,Democratic,,,,,
NVL000266,member,2015-2016,17,lower,nv,Democratic,,,,,
NVL000277,member,2017-2018,24,lower,nv,Democratic,,,,,
NVL000277,committee member,2017-2018,,lower,nv,,NVC000013,Health and Human Services,,,
NVL000277,committee member,2017-2018,,lower,nv,,NVC000004,Government Affairs,,,
NVL000277,committee member,2017-2018,,lower,nv,,NVC000011,Education,,,
NVL000277,member,2015-2016,24,lower,nv,Democratic,,,,,
NVL000278,member,2017-2018,38,lower,nv,Republican,,,,,
NVL000278,committee member,2017-2018,,lower,nv,,NVC000013,Health and Human Services,,,
NVL000278,committee member,2017-2018,,lower,nv,,NVC000027,"Natural Resources, Agriculture, and Mining",,,
NVL000278,committee member,2017-2018,,lower,nv,,NVC000016,Ways and Means,,,
NVL000278,member,2015-2016,38,lower,nv,Republican,,,,,
NVL000282,member,2017-2018,3,lower,nv,Democratic,,,,,
NVL000282,committee member,2017-2018,,lower,nv,,NVC000026,Legislative Operations and Elections,,,
NVL000282,committee member,2017-2018,,lower,nv,,NVC000016,Ways and Means,,,
NVL000282,committee member,2017-2018,,lower,nv,,NVC000001,Commerce and Labor,,,
NVL000282,member,2015-2016,3,lower,nv,Democratic,,,,,
NVL000283,member,2017-2018,28,lower,nv,Democratic,,,,,
NVL000283,committee member,2017-2018,,lower,nv,,NVC000004,Government Affairs,,,
NVL000283,committee member,2017-2018,,lower,nv,,NVC000028,Taxation,,,
NVL000283,committee member,2017-2018,,lower,nv,,NVC000011,Education,,,
NVL000283,member,2015-2016,28,lower,nv,Democratic,,,,,
NVL000285,member,2017-2018,20,lower,nv,Democratic,,,,,
NVL000285,committee member,2017-2018,,lower,nv,,NVC000015,Transportation,,,
NVL000285,committee member,2017-2018,,lower,nv,,NVC000028,Taxation,,,
NVL000285,committee member,2017-2018,,lower,nv,,NVC000016,Ways and Means,,,
NVL000285,member,2015-2016,20,lower,nv,Democratic,,,,,
NVL000287,member,2017-2018,19,lower,nv,Republican,,,,,
NVL000287,committee member,2017-2018,,lower,nv,,NVC000013,Health and Human Services,,,
NVL000287,committee member,2017-2018,,lower,nv,,NVC000016,Ways and Means,,,
NVL000287,committee member,2017-2018,,lower,nv,,NVC000011,Education,,,
NVL000287,member,2015-2016,19,lower,nv,Republican,,,,,
NVL000360,member,2017-2018,35,lower,nv,Democratic,,,,,
NVL000360,committee member,2017-2018,,lower,nv,,NVC000015,Transportation,,,
NVL000360,committee member,2017-2018,,lower,nv,,NVC000027,"Natural Resources, Agriculture, and Mining",,,
NVL000360,committee member,2017-2018,,lower,nv,,NVC000034,"Corrections, Parole, and Probation",,,
NVL000360,committee member,2017-2018,,lower,nv,,NVC000006,Judiciary,,,
NVL000361,member,2017-2018,40,lower,nv,Republican,,,,,
NVL000361,committee member,2017-2018,,lower,nv,,NVC000004,Government Affairs,,,
NVL000361,committee member,2017-2018,,lower,nv,,NVC000028,Taxation,,,
NVL000361,committee member,2017-2018,,lower,nv,,NVC000001,Commerce and Labor,,,
NVL000362,member,2017-2018,8,lower,nv,Democratic,,,,,
NVL000362,committee member,2017-2018,,lower,nv,,NVC000028,Taxation,,,
NVL000362,committee member,2017-2018,,lower,nv,,NVC000016,Ways and Means,,,
NVL000362,committee member,2017-2018,,lower,nv,,NVC000001,Commerce and Labor,,,
NVL000365,member,2017-2018,5,lower,nv,Democratic,,,,,
NVL000365,committee member,2017-2018,,lower,nv,,NVC000013,Health and Human Services,,,
NVL000365,committee member,2017-2018,,lower,nv,,NVC000034,"Corrections, Parole, and Probation",,,
NVL000365,committee member,2017-2018,,lower,nv,,NVC000006,Judiciary,,,
NVL000365,committee member,2017-2018,,lower,nv,,NVC000011,Education,,,
NVL000366,member,2017-2018,10,lower,nv,Democratic,,,,,
NVL000366,committee member,2017-2018,,lower,nv,,NVC000004,Government Affairs,,,
NVL000366,committee member,2017-2018,,lower,nv,,NVC000027,"Natural Resources, Agriculture, and Mining",,,
NVL000366,committee member,2017-2018,,lower,nv,,NVC000001,Commerce and Labor,,,
NVL000367,member,2017-2018,25,lower,nv,Republican,,,,,
NVL000367,committee member,2017-2018,,lower,nv,,NVC000034,"Corrections, Parole, and Probation",,,
NVL000367,committee member,2017-2018,,lower,nv,,NVC000006,Judiciary,,,
NVL000367,committee member,2017-2018,,lower,nv,,NVC000011,Education,,,
NVL000367,committee member,2017-2018,,lower,nv,,NVC000001,Commerce and Labor,,,
NVL000368,member,2017-2018,41,lower,nv,Democratic,,,,,
NVL000368,committee member,2017-2018,,lower,nv,,NVC000027,"Natural Resources, Agriculture, and Mining",,,
NVL000368,committee member,2017-2018,,lower,nv,,NVC000034,"Corrections, Parole, and Probation",,,
NVL000368,committee member,2017-2018,,lower,nv,,NVC000006,Judiciary,,,
NVL000368,committee member,2017-2018,,lower,nv,,NVC000001,Commerce and Labor,,,
NVL000369,member,2017-2018,6,lower,nv,Democratic,,,,,
NVL000369,committee member,2017-2018,,lower,nv,,NVC000013,Health and Human Services,,,
NVL000369,committee member,2017-2018,,lower,nv,,NVC000004,Government Affairs,,,
NVL000369,committee member,2017-2018,,lower,nv,,NVC000011,Education,,,
NVL000370,member,2017-2018,22,lower,nv,Republican,,,,,
NVL000370,committee member,2017-2018,,lower,nv,,NVC000028,Taxation,,,
NVL000370,committee member,2017-2018,,lower,nv,,NVC000034,"Corrections, Parole, and Probation",,,
NVL000370,committee member,2017-2018,,lower,nv,,NVC000006,Judiciary,,,
NVL000370,committee member,2017-2018,,lower,nv,,NVC000011,Education,,,
NVL000371,member,2017-2018,31,lower,nv,Democratic,,,,,
NVL000371,committee member,2017-2018,,lower,nv,,NVC000004,Government Affairs,,,
NVL000371,committee member,2017-2018,,lower,nv,,NVC000026,Legislative Operations and Elections,,,
NVL000371,committee member,2017-2018,,lower,nv,,NVC000001,Commerce and Labor,,,
NVL000372,member,2017-2018,37,lower,nv,Republican,,,,,
NVL000372,committee member,2017-2018,,lower,nv,,NVC000004,Government Affairs,,,
NVL000372,committee member,2017-2018,,lower,nv,,NVC000028,Taxation,,,
NVL000372,committee member,2017-2018,,lower,nv,,NVC000001,Commerce and Labor,,,
NVL000374,member,2017-2018,4,lower,nv,Republican,,,,,
NVL000374,committee member,2017-2018,,lower,nv,,NVC000015,Transportation,,,
NVL000374,committee member,2017-2018,,lower,nv,,NVC000004,Government Affairs,,,
NVL000374,committee member,2017-2018,,lower,nv,,NVC000026,Legislative Operations and Elections,,,
NVL000375,member,2017-2018,1,lower,nv,Democratic,,,,,
NVL000375,committee member,2017-2018,,lower,nv,,NVC000015,Transportation,,,
NVL000375,committee member,2017-2018,,lower,nv,,NVC000004,Government Affairs,,,
NVL000375,committee member,2017-2018,,lower,nv,,NVC000026,Legislative Operations and Elections,,,
NVL000376,member,2017-2018,34,lower,nv,Democratic,,,,,
NVL000376,committee member,2017-2018,,lower,nv,,NVC000015,Transportation,,,
NVL000376,committee member,2017-2018,,lower,nv,,NVC000004,Government Affairs,,,
NVL000376,committee member,2017-2018,,lower,nv,,NVC000026,Legislative Operations and Elections,,,
NVL000378,member,2017-2018,21,lower,nv,Democratic,,,,,
NVL000378,committee member,2017-2018,,lower,nv,,NVC000015,Transportation,,,
NVL000378,committee member,2017-2018,,lower,nv,,NVC000034,"Corrections, Parole, and Probation",,,
NVL000378,committee member,2017-2018,,lower,nv,,NVC000006,Judiciary,,,
NVL000378,committee member,2017-2018,,lower,nv,,NVC000011,Education,,,
NVL000379,member,2017-2018,29,lower,nv,Democratic,,,,,
NVL000379,committee member,2017-2018,,lower,nv,,NVC000028,Taxation,,,
NVL000379,committee member,2017-2018,,lower,nv,,NVC000027,"Natural Resources, Agriculture, and Mining",,,
NVL000379,committee member,2017-2018,,lower,nv,,NVC000034,"Corrections, Parole, and Probation",,,
NVL000379,committee member,2017-2018,,lower,nv,,NVC000006,Judiciary,,,
NVL000380,member,2017-2018,26,lower,nv,Republican,,,,,
NVL000380,committee member,2017-2018,,lower,nv,,NVC000027,"Natural Resources, Agriculture, and Mining",,,
NVL000380,committee member,2017-2018,,lower,nv,,NVC000034,"Corrections, Parole, and Probation",,,
NVL000380,committee member,2017-2018,,lower,nv,,NVC000006,Judiciary,,,
NVL000380,committee member,2017-2018,,lower,nv,,NVC000011,Education,,,
NVL000381,member,2017-2018,9,lower,nv,Democratic,,,,,
NVL000381,committee member,2017-2018,,lower,nv,,NVC000013,Health and Human Services,,,
NVL000381,committee member,2017-2018,,lower,nv,,NVC000027,"Natural Resources, Agriculture, and Mining",,,
NVL000381,committee member,2017-2018,,lower,nv,,NVC000034,"Corrections, Parole, and Probation",,,
NVL000381,committee member,2017-2018,,lower,nv,,NVC000006,Judiciary,,,
NVL000014,member,2017-2018,7,upper,nv,Democratic,,,,,
NVL000014,committee member,2017-2018,,upper,nv,,NVC000018,Government Affairs,,,
NVL000014,committee member,2017-2018,,upper,nv,,NVC000003,Finance,,,
NVL000014,committee member,2017-2018,,upper,nv,,NVC000030,Revenue and Economic Development,,,
NVL000014,member,2009-2010,"Clark County, No. 7",upper,nv,Democratic,,,,,
NVL000014,member,2013-2014,7,upper,nv,Democratic,,,,,
NVL000014,member,2011-2012,"Clark County, No. 7",upper,nv,Democratic,,,,,
NVL000014,committee member,2011-2012,,upper,nv,,NVC000020,"Commerce, Labor and Energy",,,
NVL000014,committee member,2011-2012,,upper,nv,,NVC000003,Finance,,,
NVL000014,committee member,2011-2012,,upper,nv,,NVC000007,Legislative Operations and Elections,,,
NVL000014,committee member,2011-2012,,upper,nv,,NVC000008,Natural Resources,,,
NVL000014,member,2015-2016,7,upper,nv,Democratic,,,,,
NVL000021,member,2017-2018,5,upper,nv,Democratic,,,,,
NVL000021,committee member,2017-2018,,upper,nv,,NVC000021,Education,,,
NVL000021,committee member,2017-2018,,upper,nv,,NVC000022,Health and Human Services,,,
NVL000021,committee member,2017-2018,,upper,nv,,NVC000003,Finance,,,
NVL000021,member,2009-2010,"Clark County, No. 5",upper,nv,Democratic,,,,,
NVL000021,committee member,2009-2010,,upper,nv,,NVC000003,Finance,,,
NVL000021,committee member,2009-2010,,upper,nv,,NVC000005,Health and Education,,,
NVL000021,committee member,2009-2010,,upper,nv,,NVC000007,Legislative Operations and Elections,,,
NVL000021,member,2013-2014,5,upper,nv,Democratic,,,,,
NVL000021,member,2015-2016,5,upper,nv,Democratic,,,,,
NVL000067,member,2017-2018,4,upper,nv,Democratic,,,,,
NVL000067,committee member,2017-2018,,upper,nv,,NVC000020,"Commerce, Labor and Energy",,,
NVL000067,committee member,2017-2018,,upper,nv,,NVC000033,Senate Parliamentary Rules and Procedures,,,
NVL000067,committee member,2017-2018,,upper,nv,,NVC000007,Legislative Operations and Elections,,,
NVL000067,committee member,2017-2018,,upper,nv,,NVC000025,Transportation,,,
NVL000067,member,2009-2010,17,lower,nv,Democratic,,,,,
NVL000067,committee member,2009-2010,,lower,nv,,NVC000001,Commerce and Labor,,,
NVL000067,committee member,2009-2010,,lower,nv,,NVC000004,Government Affairs,,,
NVL000067,committee member,2009-2010,,lower,nv,,NVC000015,Transportation,,,
NVL000067,member,2013-2014,4,upper,nv,Democratic,,,,,
NVL000067,member,2011-2012,17,lower,nv,Democratic,,,,,
NVL000067,committee member,2011-2012,,lower,nv,,NVC000001,Commerce and Labor,,,
NVL000067,committee member,2011-2012,,lower,nv,,NVC000015,Transportation,,,
NVL000067,committee member,2011-2012,,lower,nv,,NVC000016,Ways and Means,,,
NVL000067,member,2015-2016,4,upper,nv,Democratic,,,,,
NVL000075,member,2017-2018,2,upper,nv,Democratic,,,,,
NVL000075,member,2009-2010,28,lower,nv,Democratic,,,,,
NVL000075,member,2013-2014,2,upper,nv,Democratic,,,,,
NVL000075,member,2015-2016,2,upper,nv,Democratic,,,,,
NVL000075,member,2011-2012,"Clark County, No. 2",upper,nv,Democratic,,,,,
NVL000079,member,2017-2018,19,upper,nv,Republican,,,,,
NVL000079,committee member,2017-2018,,upper,nv,,NVC000018,Government Affairs,,,
NVL000079,committee member,2017-2018,,upper,nv,,NVC000008,Natural Resources,,,
NVL000079,committee member,2017-2018,,upper,nv,,NVC000003,Finance,,,
NVL000079,member,2009-2010,35,lower,nv,Republican,,,,,
NVL000079,committee member,2009-2010,,lower,nv,,NVC000014,Agendas and Min,,,
NVL000079,committee member,2009-2010,,lower,nv,,NVC000015,Transportation,,,
NVL000079,committee member,2009-2010,,lower,nv,,NVC000016,Ways and Means,,,
NVL000079,member,2013-2014,19,upper,nv,Republican,,,,,
NVL000079,member,2011-2012,35,lower,nv,Republican,,,,,
NVL000079,committee member,2011-2012,,lower,nv,,NVC000013,Health and Human Services,,,
NVL000079,committee member,2011-2012,,lower,nv,,NVC000026,Legislative Operations and Elections,,,
NVL000079,committee member,2011-2012,,lower,nv,,NVC000016,Ways and Means,,,
NVL000079,member,2015-2016,19,upper,nv,Republican,,,,,
NVL000081,member,2017-2018,14,upper,nv,Republican,,,,,
NVL000081,committee member,2017-2018,,upper,nv,,NVC000021,Education,,,
NVL000081,committee member,2017-2018,,upper,nv,,NVC000025,Transportation,,,
NVL000081,committee member,2017-2018,,upper,nv,,NVC000019,Judiciary,,,
NVL000081,member,2009-2010,32,lower,nv,Republican,,,,,
NVL000081,committee member,2009-2010,,lower,nv,,NVC000010,"Corrections, Parole and Probation",,,
NVL000081,committee member,2009-2010,,lower,nv,,NVC000006,Judiciary,,,
NVL000081,committee member,2009-2010,,lower,nv,,NVC000014,Agendas and Min,,,
NVL000081,member,2013-2014,14,upper,nv,Republican,,,,,
NVL000081,member,2011-2012,"Washoe County, No. 2",upper,nv,Republican,,,,,
NVL000081,committee member,2011-2012,,upper,nv,,NVC000021,Education,,,
NVL000081,committee member,2011-2012,,upper,nv,,NVC000019,Judiciary,,,
NVL000081,committee member,2011-2012,,upper,nv,,NVC000024,Select Committee on Economic Growth and Employment,,,
NVL000081,member,2015-2016,14,upper,nv,Republican,,,,,
NVL000083,member,2017-2018,12,upper,nv,Republican,,,,,
NVL000083,member,2009-2010,20,lower,nv,Republican,,,,,
NVL000083,member,2013-2014,12,upper,nv,Republican,,,,,
NVL000083,member,2015-2016,12,upper,nv,Republican,,,,,
NVL000083,member,2011-2012,"Clark County, No. 12",upper,nv,Republican,,,,,
NVL000090,member,2017-2018,21,upper,nv,Democratic,,,,,
NVL000090,committee member,2017-2018,,upper,nv,,NVC000018,Government Affairs,,,
NVL000090,committee member,2017-2018,,upper,nv,,NVC000025,Transportation,,,
NVL000090,committee member,2017-2018,,upper,nv,,NVC000008,Natural Resources,,,
NVL000090,member,2009-2010,18,lower,nv,Democratic,,,,,
NVL000090,committee member,2009-2010,,lower,nv,,NVC000001,Commerce and Labor,,,
NVL000090,committee member,2009-2010,,lower,nv,,NVC000010,"Corrections, Parole and Probation",,,
NVL000090,committee member,2009-2010,,lower,nv,,NVC000006,Judiciary,,,
NVL000090,committee member,2009-2010,,lower,nv,,NVC000015,Transportation,,,
NVL000090,member,2013-2014,21,upper,nv,Democratic,,,,,
NVL000090,member,2015-2016,21,upper,nv,Democratic,,,,,
NVL000090,member,2011-2012,"Clark County, No. 7",upper,nv,Democratic,,,,,
NVL000090,committee member,2011-2012,,upper,nv,,NVC000018,Government Affairs,,,
NVL000090,committee member,2011-2012,,upper,nv,,NVC000008,Natural Resources,,,
NVL000090,committee member,2011-2012,,upper,nv,,NVC000024,Select Committee on Economic Growth and Employment,,,
NVL000090,committee member,2011-2012,,upper,nv,,NVC000025,Transportation,,,
NVL000100,member,2017-2018,3,upper,nv,Democratic,,,,,
NVL000100,committee member,2017-2018,,upper,nv,,NVC000021,Education,,,
NVL000100,committee member,2017-2018,,upper,nv,,NVC000007,Legislative Operations and Elections,,,
NVL000100,committee member,2017-2018,,upper,nv,,NVC000019,Judiciary,,,
NVL000100,member,2009-2010,9,lower,nv,Democratic,,,,,
NVL000100,committee member,2009-2010,,lower,nv,,NVC000010,"Corrections, Parole and Probation",,,
NVL000100,committee member,2009-2010,,lower,nv,,NVC000012,"Elections, Procedures, Ethics, and Constitutional Amendments",,,
NVL000100,committee member,2009-2010,,lower,nv,,NVC000006,Judiciary,,,
NVL000100,committee member,2009-2010,,lower,nv,,NVC000014,Agendas and Min,,,
NVL000100,member,2013-2014,3,upper,nv,Democratic,,,,,
NVL000100,member,2011-2012,9,lower,nv,Democratic,,,,,
NVL000100,committee member,2011-2012,,lower,nv,,NVC000001,Commerce and Labor,,,
NVL000100,committee member,2011-2012,,lower,nv,,NVC000006,Judiciary,,,
NVL000100,committee member,2011-2012,,lower,nv,,NVC000026,Legislative Operations and Elections,,,
NVL000100,member,2015-2016,3,upper,nv,Democratic,,,,,
NVL000101,member,2017-2018,17,upper,nv,Republican,,,,,
NVL000101,committee member,2017-2018,,upper,nv,,NVC000020,"Commerce, Labor and Energy",,,
NVL000101,committee member,2017-2018,,upper,nv,,NVC000033,Senate Parliamentary Rules and Procedures,,,
NVL000101,committee member,2017-2018,,upper,nv,,NVC000007,Legislative Operations and Elections,,,
NVL000101,committee member,2017-2018,,upper,nv,,NVC000008,Natural Resources,,,
NVL000101,member,2009-2010,39,lower,nv,Republican,,,,,
NVL000101,committee member,2009-2010,,lower,nv,,NVC000001,Commerce and Labor,,,
NVL000101,committee member,2009-2010,,lower,nv,,NVC000012,"Elections, Procedures, Ethics, and Constitutional Amendments",,,
NVL000101,committee member,2009-2010,,lower,nv,,NVC000004,Government Affairs,,,
NVL000101,member,2013-2014,17,upper,nv,Republican,,,,,
NVL000101,member,2015-2016,17,upper,nv,Republican,,,,,
NVL000101,member,2011-2012,Capital Senatorial District,upper,nv,Republican,,,,,
NVL000101,committee member,2011-2012,,upper,nv,,NVC000020,"Commerce, Labor and Energy",,,
NVL000101,committee member,2011-2012,,upper,nv,,NVC000018,Government Affairs,,,
NVL000101,committee member,2011-2012,,upper,nv,,NVC000007,Legislative Operations and Elections,,,
NVL000110,member,2017-2018,16,upper,nv,Republican,,,,,
NVL000110,committee member,2017-2018,,upper,nv,,NVC000003,Finance,,,
NVL000110,committee member,2017-2018,,upper,nv,,NVC000030,Revenue and Economic Development,,,
NVL000110,member,2015-2016,16,upper,nv,Republican,,,,,
NVL000110,member,2013-2014,16,upper,nv,Republican,,,,,
NVL000110,member,2011-2012,"Washoe County, No. 4",upper,nv,Republican,,,,,
NVL000110,committee member,2011-2012,,upper,nv,,NVC000003,Finance,,,
NVL000110,committee member,2011-2012,,upper,nv,,NVC000022,Health and Human Services,,,
NVL000110,committee member,2011-2012,,upper,nv,,NVC000024,Select Committee on Economic Growth and Employment,,,
NVL000114,member,2017-2018,20,upper,nv,Republican,,,,,
NVL000114,committee member,2017-2018,,upper,nv,,NVC000019,Judiciary,,,
NVL000114,committee member,2017-2018,,upper,nv,,NVC000030,Revenue and Economic Development,,,
NVL000114,member,2013-2014,20,upper,nv,Republican,,,,,
NVL000114,member,2011-2012,"Clark County, No. 5",upper,nv,Republican,,,,,
NVL000114,committee member,2011-2012,,upper,nv,,NVC000020,"Commerce, Labor and Energy",,,
NVL000114,committee member,2011-2012,,upper,nv,,NVC000019,Judiciary,,,
NVL000114,committee member,2011-2012,,upper,nv,,NVC000008,Natural Resources,,,
NVL000114,member,2015-2016,20,upper,nv,Republican,,,,,
NVL000127,member,2017-2018,18,upper,nv,Republican,,,,,
NVL000127,committee member,2017-2018,,upper,nv,,NVC000021,Education,,,
NVL000127,committee member,2017-2018,,upper,nv,,NVC000025,Transportation,,,
NVL000127,committee member,2017-2018,,upper,nv,,NVC000022,Health and Human Services,,,
NVL000127,member,2015-2016,18,upper,nv,Republican,,,,,
NVL000127,member,2013-2014,18,upper,nv,Republican,,,,,
NVL000127,member,2011-2012,13,lower,nv,Republican,,,,,
NVL000127,committee member,2011-2012,,lower,nv,,NVC000013,Health and Human Services,,,
NVL000127,committee member,2011-2012,,lower,nv,,NVC000006,Judiciary,,,
NVL000127,committee member,2011-2012,,lower,nv,,NVC000015,Transportation,,,
NVL000217,member,2017-2018,1,upper,nv,Democratic,,,,,
NVL000217,committee member,2017-2018,,upper,nv,,NVC000021,Education,,,
NVL000217,committee member,2017-2018,,upper,nv,,NVC000020,"Commerce, Labor and Energy",,,
NVL000217,committee member,2017-2018,,upper,nv,,NVC000022,Health and Human Services,,,
NVL000217,member,2013-2014,1,upper,nv,Democratic,,,,,
NVL000217,member,2015-2016,1,upper,nv,Democratic,,,,,
NVL000220,member,2017-2018,11,upper,nv,Democratic,,,,,
NVL000220,committee member,2017-2018,,upper,nv,,NVC000019,Judiciary,,,
NVL000220,committee member,2017-2018,,upper,nv,,NVC000003,Finance,,,
NVL000220,committee member,2017-2018,,upper,nv,,NVC000030,Revenue and Economic Development,,,
NVL000220,member,2013-2014,11,upper,nv,Democratic,,,,,
NVL000220,member,2015-2016,11,upper,nv,Democratic,,,,,
NVL000281,member,2017-2018,8,upper,nv,Nonpartisan,,,,,
NVL000281,committee member,2017-2018,,upper,nv,,NVC000025,Transportation,,,
NVL000281,committee member,2017-2018,,upper,nv,,NVC000030,Revenue and Economic Development,,,
NVL000281,member,2015-2016,8,upper,nv,Republican,,,,,
NVL000289,member,2017-2018,9,upper,nv,Republican,,,,,
NVL000289,committee member,2017-2018,,upper,nv,,NVC000021,Education,,,
NVL000289,committee member,2017-2018,,upper,nv,,NVC000019,Judiciary,,,
NVL000289,committee member,2017-2018,,upper,nv,,NVC000003,Finance,,,
NVL000289,member,2015-2016,9,upper,nv,Republican,,,,,
NVL000363,member,2017-2018,10,upper,nv,Democratic,,,,,
NVL000363,committee member,2017-2018,,upper,nv,,NVC000020,"Commerce, Labor and Energy",,,
NVL000363,committee member,2017-2018,,upper,nv,,NVC000008,Natural Resources,,,
NVL000364,member,2017-2018,15,upper,nv,Republican,,,,,
NVL000364,committee member,2017-2018,,upper,nv,,NVC000020,"Commerce, Labor and Energy",,,
NVL000364,committee member,2017-2018,,upper,nv,,NVC000007,Legislative Operations and Elections,,,
NVL000364,committee member,2017-2018,,upper,nv,,NVC000030,Revenue and Economic Development,,,
NVL000373,member,2017-2018,13,upper,nv,Democratic,,,,,
NVL000373,committee member,2017-2018,,upper,nv,,NVC000033,Senate Parliamentary Rules and Procedures,,,
NVL000373,committee member,2017-2018,,upper,nv,,NVC000018,Government Affairs,,,
NVL000373,committee member,2017-2018,,upper,nv,,NVC000008,Natural Resources,,,
NVL000373,committee member,2017-2018,,upper,nv,,NVC000022,Health and Human Services,,,
NVL000373,committee member,2017-2018,,upper,nv,,NVC000030,Revenue and Economic Development,,,
NVL000377,member,2017-2018,6,upper,nv,Democratic,,,,,
NVL000377,committee member,2017-2018,,upper,nv,,NVC000020,"Commerce, Labor and Energy",,,
NVL000377,committee member,2017-2018,,upper,nv,,NVC000007,Legislative Operations and Elections,,,
NVL000377,committee member,2017-2018,,upper,nv,,NVC000019,Judiciary,,,
