id,state,chamber,committee,subcommittee,parent_id
VTC000034,vt,joint,Joint Energy Committee,,
VTC000042,vt,joint,Legislative Council Committee,,
VTC000044,vt,joint,Capitol Complex Security Working Group,,
VTC000052,vt,joint,Government Accountability Committee,,
VTC000057,vt,joint,Legislative Information Technology Committee,,
VTC000060,vt,joint,PreKindergarten-16 Council,,
VTC000062,vt,joint,Joint Rules Committee,,
VTC000065,vt,joint,Legislative Committee on Administrative Rules (LCAR),,
VTC000066,vt,joint,Joint Committee on Judicial Retention,,
VTC000076,vt,joint,Public Records Legislative Study Committee,,
VTC000078,vt,joint,Vermont Child Poverty Council,,
VTC000083,vt,joint,Commission on International Trade & State Sovereignty,,
VTC000103,vt,joint,Commission on Alzheimer's Disease and Related Disorders,,
VTC000104,vt,joint,Joint Fiscal Committee,,
VTC000106,vt,joint,Health Reform Oversight Committee,,
VTC000107,vt,joint,Joint Transportation Oversight Committee,,
VTC000108,vt,joint,Vermont Interactive Technologies (VIT) Working Group,,
VTC000109,vt,joint,Joint Legislative Justice Oversight Committee,,
VTC000110,vt,joint,Expanded Learning Opportunities Working Group  (Subcommittee of the PreK-16 Council),,
VTC000113,vt,joint,Higher Education Subcommittee  (Subcommittee of the PreK-16 Council),,
VTC000114,vt,joint,Vermont Liquor Control System Modernization Study Committee,,
VTC000116,vt,joint,Joint Legislative Child Protection Oversight Committee,,
VTC000126,vt,joint,Legislative Committee on Judicial Rules,,
VTC000146,vt,joint,Lake Shoreland Protection Commission,,
VTC000147,vt,joint,New Member Orientation,,
VTC000148,vt,joint,Study Committee on Providing Community Supports to Persons with Serious Functional Impairments,,
VTC000149,vt,joint,Animal Shelter Working Group,,
VTC000151,vt,joint,Lake Shoreland Protection Commission Working Group,,
VTC000152,vt,joint,Workforce Development Work Group,,
VTC000153,vt,joint,Administrative Hearing Officers Study Committee,,
VTC000154,vt,joint,Committee on Child Protection,,
VTC000155,vt,joint,Electric Generation Advisory Committee,,
VTC000156,vt,joint,Housing Work Group,,
VTC000157,vt,joint,Migrant Worker Access to Driver's Licenses and Non-Driver Identification Cards,,
VTC000158,vt,joint,Study Committee on Lobbying Activities of Organizations Receiving State Funds,,
VTC000160,vt,joint,Study Committee on Future Funding for the Vermont Center for Crime Victims Services,,
VTC000161,vt,joint,Health Care Oversight Committee,,
VTC000162,vt,joint,Mental Health Oversight Committee,,
VTC000163,vt,joint,Vermont Commission on Judicial Operation,,
VTC000165,vt,joint,Special Investigations Unit Funding Study Committee,,
VTC000166,vt,joint,Interim Study Committee on the Regulation of Precious Metal Dealers,,
VTC000167,vt,joint,Property Tax Exemption Study Committee,,
VTC000168,vt,joint,Special Committee on School Construction,,
VTC000170,vt,joint,Joint Rules,,
VTC000171,vt,joint,Clean Water Working Group,,
VTC000014,vt,lower,Appropriations,,
VTC000017,vt,lower,Education,,
VTC000020,vt,lower,Government Operations,,
VTC000021,vt,lower,Health Care,,
VTC000022,vt,lower,Human Services,,
VTC000023,vt,lower,Judiciary,,
VTC000025,vt,lower,Transportation,,
VTC000030,vt,lower,Rules,,
VTC000129,vt,lower,"General, Housing and Military Affairs",,
VTC000130,vt,lower,Corrections and Institutions,,
VTC000137,vt,lower,Commerce and Economic Development,,
VTC000138,vt,lower,Ways and Means,,
VTC000140,vt,lower,Energy and Technology,,
VTC000143,vt,lower,Agriculture & Forestry,,
VTC000144,vt,lower,"Natural Resources, Fish & Wildlife",,
VTC000172,vt,lower,House Clean Water Working Group Committee,,
VTC000173,vt,lower,House Clean Water Working Group,,
VTC000174,vt,lower,Ethics Panel,,
VTC000001,vt,upper,Agriculture,,
VTC000002,vt,upper,Appropriations,,
VTC000004,vt,upper,Education,,
VTC000005,vt,upper,Finance,,
VTC000006,vt,upper,Government Operations,,
VTC000008,vt,upper,Institutions,,
VTC000009,vt,upper,Judiciary,,
VTC000011,vt,upper,Transportation,,
VTC000132,vt,upper,Health and Welfare,,
VTC000133,vt,upper,"Economic Development, Housing and General Affairs",,
VTC000136,vt,upper,Natural Resources and Energy,,
VTC000145,vt,upper,Ethics,,
VTC000150,vt,upper,Rules,,
VTC000159,vt,upper,Sexual Harassment Panel,,
VTC000164,vt,upper,Senate Committee on the Status of Current Use,,
VTC000169,vt,upper,Senate Review Panel on Child Protection,,
