id,state,chamber,committee,subcommittee,parent_id
IAC000001,ia,lower,Agriculture,,
IAC000002,ia,lower,Environmental Protection,,
IAC000003,ia,lower,Public Safety,,
IAC000004,ia,lower,Ways and Means,,
IAC000005,ia,lower,Local Government,,
IAC000006,ia,lower,Natural Resources,,
IAC000007,ia,lower,Transportation,,
IAC000008,ia,lower,Appropriations,,
IAC000009,ia,lower,Ethics,,
IAC000010,ia,lower,State Government,,
IAC000011,ia,lower,Administration and Rules,,
IAC000012,ia,lower,Education,,
IAC000013,ia,lower,Judiciary,,
IAC000014,ia,lower,Veterans Affairs,,
IAC000015,ia,lower,Appropriations,"Transportation, Infrastructure, and Capitals",IAC000008
IAC000016,ia,lower,Labor,,
IAC000017,ia,lower,Commerce,,
IAC000018,ia,lower,Appropriations,Health and Human Services,IAC000008
IAC000019,ia,lower,Human Resources,,
IAC000021,ia,lower,Appropriations,Education,IAC000008
IAC000022,ia,lower,Appropriations,Economic Development,IAC000008
IAC000023,ia,lower,Government Oversight,,
IAC000024,ia,lower,Appropriations,Agriculture and Natural Resources,IAC000008
IAC000025,ia,lower,Appropriations,Administration and Regulation,IAC000008
IAC000026,ia,lower,Appropriations,Justice System,IAC000008
IAC000028,ia,lower,Administrative Rules Review Committee,,
IAC000060,ia,lower,Economic Growth,,
IAC000062,ia,lower,Public Retirement Systems Committee,,
IAC000064,ia,lower,Iowa Commission on Interstate Cooperation,,
IAC000065,ia,lower,State Government Efficiency Review Committee,,
IAC000070,ia,lower,Legislative Council,,
IAC000205,ia,lower,Capital Projects Committee,,
IAC000206,ia,lower,Tax Expenditure Committee,,
IAC000207,ia,lower,International Relations Committee,,
IAC000208,ia,lower,Administration Committee,,
IAC000209,ia,lower,Studies Committee,,
IAC000210,ia,lower,Fiscal Committee,,
IAC000211,ia,lower,Service Committee,,
IAC000212,ia,lower,Iowa Council for Early Access,,
IAC000221,ia,lower,Governor's STEM Advisory Council,,
IAC000288,ia,lower,Health Policy Oversight Committee,,
IAC000291,ia,lower,Civil and Criminal Forfeiture Laws Study Committee,,
IAC000292,ia,lower,Industrial Hemp Program Study Committee,,
IAC000293,ia,lower,Prescription Pain Medications Study Committee,,
IAC000294,ia,lower,Violence in Iowa Study Committee,,
IAC000295,ia,lower,Future Ready Iowa Alliance,,
IAC000347,ia,lower,Child Support Advisory Committee,,
IAC000348,ia,lower,Flood Mitigation Board,,
IAC000349,ia,lower,Criminal Justice Information System Advisory Committee,,
IAC000350,ia,lower,Statewide Interoperable Communications System Board,,
IAC000351,ia,lower,Advisory Council for Agricultural Education,,
IAC000352,ia,lower,Watershed Improvement Review Board,,
IAC000353,ia,lower,Capitol Planning Commission,,
IAC000354,ia,lower,Commission on Tobacco Use Prevention and Control,,
IAC000355,ia,lower,Iowa Innovation Council,,
IAC000356,ia,lower,Mississippi River Partnership Council,,
IAC000357,ia,lower,Watershed Planning Advisory Council,,
IAC000358,ia,lower,Iowa Capital Investment Board,,
IAC000359,ia,lower,Enhance Iowa Board,,
IAC000360,ia,lower,College Student Aid Commission,,
IAC000361,ia,lower,Education Commission of the States,,
IAC000362,ia,lower,Economic Development Authority Board,,
IAC000363,ia,lower,Interstate Compact for Adult Offender Supervision State Council,,
IAC000364,ia,lower,Iowa Workforce Development Board,,
IAC000365,ia,lower,Council on Human Services,,
IAC000366,ia,lower,Child Welfare Advisory Committee,,
IAC000367,ia,lower,Family Development and Self-Sufficiency Council,,
IAC000368,ia,lower,Commission on Aging,,
IAC000369,ia,lower,Child Care Advisory Committee,,
IAC000370,ia,lower,Early Childhood Iowa State Board,,
IAC000371,ia,lower,Investment Board of the Iowa Public Employees' Retirement System,,
IAC000372,ia,lower,Criminal and Juvenile Justice Planning Advisory Council,,
IAC000373,ia,lower,Public Safety Advisory Board,,
IAC000374,ia,lower,Sex Offender Research Council,,
IAC000375,ia,lower,Research and Development School Advisory Council,,
IAC000376,ia,lower,Human Rights Board,,
IAC000377,ia,lower,Mental Health and Disability Services Commission,,
IAC000378,ia,lower,Statewide Fire and Police Retirement System Board of Trustees,,
IAC000379,ia,lower,Commercial Air Service Retention and Expansion Committee,,
IAC000380,ia,lower,Governmental Public Health Advisory Council,,
IAC000381,ia,lower,Medical Assistance Advisory Council [Title XIX],,
IAC000382,ia,lower,Iowa Comprehensive Health Insurance Association Board,,
IAC000383,ia,lower,Iowa Law Enforcement Academy Council,,
IAC000384,ia,lower,Center for Rural Health and Primary Care Advisory Committee,,
IAC000385,ia,lower,Federal Clean Air Act Compliance Advisory Panel,,
IAC000386,ia,lower,Streamlined Sales and Use Tax Agreement Governing Board,,
IAC000387,ia,lower,Midwestern Higher Education Compact,,
IAC000388,ia,lower,Review Committee for DHS for Waiver Implementation,,
IAC000389,ia,lower,Electronic Health Information Advisory Council,,
IAC000390,ia,lower,Nonresident Deer Hunting License Committee,,
IAC000391,ia,lower,Nonresident Wild Turkey Hunting License Committee,,
IAC000392,ia,lower,Healthy and Well Kids in Iowa (HAWK-I) Board,,
IAC000031,ia,upper,Labor and Business Relations,,
IAC000032,ia,upper,Natural Resources and Environment,,
IAC000033,ia,upper,Rules and Administration,,
IAC000034,ia,upper,State Government,,
IAC000035,ia,upper,Transportation,,
IAC000036,ia,upper,Appropriations,Agriculture and Natural Resources,
IAC000037,ia,upper,Agriculture,,
IAC000038,ia,upper,Ethics,,
IAC000039,ia,upper,Government Oversight,,
IAC000040,ia,upper,Veterans Affairs,,
IAC000041,ia,upper,Administrative Rules Review Committee,,
IAC000042,ia,upper,Public Retirement Systems Committee,,
IAC000043,ia,upper,Commerce,,
IAC000044,ia,upper,Local Government,,
IAC000045,ia,upper,Ways and Means,,
IAC000046,ia,upper,Appropriations,Administration and Regulation,
IAC000048,ia,upper,Education,,
IAC000049,ia,upper,Human Resources,,
IAC000050,ia,upper,Judiciary,,
IAC000051,ia,upper,Appropriations,"Transportation, Infrastructure, and Capitals",
IAC000053,ia,upper,State Government Efficiency Review Committee,,
IAC000054,ia,upper,Appropriations,Education,
IAC000055,ia,upper,Appropriations,Health and Human Services,
IAC000056,ia,upper,Appropriations,Justice System,
IAC000057,ia,upper,Appropriations,Economic Development,
IAC000151,ia,upper,Legislative Council,,
IAC000213,ia,upper,Studies Committee,,
IAC000214,ia,upper,Service Committee,,
IAC000215,ia,upper,International Relations Committee,,
IAC000216,ia,upper,Fiscal Committee,,
IAC000217,ia,upper,Capital Projects Committee,,
IAC000218,ia,upper,Tax Expenditure Committee,,
IAC000219,ia,upper,Administration Committee,,
IAC000222,ia,upper,Governor's STEM Advisory Council,,
IAC000280,ia,upper,Health Policy Oversight Committee,,
IAC000281,ia,upper,Iowa Commission on Interstate Cooperation,,
IAC000296,ia,upper,Violence in Iowa Study Committee,,
IAC000297,ia,upper,Civil and Criminal Forfeiture Laws Study Committee,,
IAC000298,ia,upper,Future Ready Iowa Alliance,,
IAC000299,ia,upper,Prescription Pain Medications Study Committee,,
IAC000300,ia,upper,Industrial Hemp Program Study Committee,,
IAC000301,ia,upper,Commission on Aging,,
IAC000302,ia,upper,Council on Human Services,,
IAC000303,ia,upper,Economic Development Authority Board,,
IAC000304,ia,upper,Electronic Health Information Advisory Council,,
IAC000305,ia,upper,College Student Aid Commission,,
IAC000306,ia,upper,Commission on Tobacco Use Prevention and Control,,
IAC000307,ia,upper,Child Care Advisory Committee,,
IAC000308,ia,upper,Council on Educator Development,,
IAC000309,ia,upper,Research and Development School Advisory Council,,
IAC000310,ia,upper,Statewide Interoperable Communications System Board,,
IAC000311,ia,upper,Medical Assistance Advisory Council [Title XIX],,
IAC000312,ia,upper,Watershed Planning Advisory Council,,
IAC000313,ia,upper,Iowa Law Enforcement Academy Council,,
IAC000314,ia,upper,Child Welfare Advisory Committee,,
IAC000315,ia,upper,Mental Health and Disability Services Commission,,
IAC000316,ia,upper,Capitol Planning Commission,,
IAC000317,ia,upper,Investment Board of the Iowa Public Employees' Retirement System,,
IAC000318,ia,upper,Iowa Comprehensive Health Insurance Association Board,,
IAC000319,ia,upper,Healthy and Well Kids in Iowa (HAWK-I) Board,,
IAC000320,ia,upper,Family Development and Self-Sufficiency Council,,
IAC000321,ia,upper,Center for Rural Health and Primary Care Advisory Committee,,
IAC000322,ia,upper,Criminal and Juvenile Justice Planning Advisory Council,,
IAC000323,ia,upper,Criminal Justice Information System Advisory Committee,,
IAC000324,ia,upper,Interstate Compact for Adult Offender Supervision State Council,,
IAC000325,ia,upper,Public Safety Advisory Board,,
IAC000326,ia,upper,Advisory Council for Agricultural Education,,
IAC000327,ia,upper,Early Childhood Iowa State Board,,
IAC000328,ia,upper,Human Rights Board,,
IAC000329,ia,upper,Mississippi River Partnership Council,,
IAC000330,ia,upper,Watershed Improvement Review Board,,
IAC000331,ia,upper,Sex Offender Research Council,,
IAC000332,ia,upper,Flood Mitigation Board,,
IAC000333,ia,upper,Governmental Public Health Advisory Council,,
IAC000334,ia,upper,Education Commission of the States,,
IAC000335,ia,upper,Child Support Advisory Committee,,
IAC000336,ia,upper,Commercial Air Service Retention and Expansion Committee,,
IAC000337,ia,upper,Midwestern Higher Education Compact,,
IAC000338,ia,upper,Statewide Fire and Police Retirement System Board of Trustees,,
IAC000339,ia,upper,Enhance Iowa Board,,
IAC000340,ia,upper,Iowa Capital Investment Board,,
IAC000341,ia,upper,Iowa Innovation Council,,
IAC000342,ia,upper,Iowa Workforce Development Board,,
IAC000343,ia,upper,Review Committee for DHS for Waiver Implementation,,
IAC000344,ia,upper,Streamlined Sales and Use Tax Agreement Governing Board,,
IAC000345,ia,upper,Nonresident Deer Hunting License Committee,,
IAC000346,ia,upper,Nonresident Wild Turkey Hunting License Committee,,
