leg_id,full_name,first_name,middle_name,last_name,suffixes,nickname,active,state,chamber,district,party,photo_url,created_at,updated_at
IAL000003,Merlin Bartz,Merlin,,Bartz,,,False,ia,,,,http://www.legis.iowa.gov/getPhotoPeople.aspx?GA=84&PID=7478,2011-09-13 01:16:50.252000,2013-01-15 15:42:18.750000
IAL000004,Daryl Beall,Daryl,,Beall,,,False,ia,,,,https://www.legis.iowa.gov/photo?action=getPhoto&ga=85&pid=273,2011-09-13 01:16:50.263000,2015-01-12 22:28:49.593000
IAL000007,Dennis Black,Dennis H.,,Black,,,False,ia,,,,https://www.legis.iowa.gov/photo?action=getPhoto&ga=85&pid=129,2011-09-13 01:16:50.356000,2015-01-12 22:28:49.583000
IAL000008,Nancy J. Boettger,Nancy,J.,Boettger,,,False,ia,,,,https://www.legis.iowa.gov/photo?action=getPhoto&ga=85&pid=141,2011-09-13 01:16:50.375000,2015-01-12 22:28:49.595000
IAL000012,Thomas G. Courtney,Thomas,G.,Courtney,,,False,ia,,,,https://www.legis.iowa.gov/photo?action=getPhoto&ga=86&pid=282,2011-09-13 01:16:50.443000,2017-01-09 06:03:19.623000
IAL000013,Swati A. Dandekar,Swati,A.,Dandekar,,,False,ia,,,,http://www.legis.iowa.gov/getPhotoPeople.aspx?GA=84&PID=200,2011-09-13 01:16:50.454000,2012-07-12 15:55:22.729000
IAL000015,Dick L. Dearden,Dick,L.,Dearden,,,False,ia,,,,https://www.legis.iowa.gov/photo?action=getPhoto&ga=86&pid=135,2011-09-13 01:16:50.476000,2017-01-09 06:03:19.615000
IAL000019,Joni Ernst,Joni K.,,Ernst,,,False,ia,,,,https://www.legis.iowa.gov/photo?action=getPhoto&ga=85&pid=9761,2011-09-13 01:16:50.525000,2015-01-12 22:28:49.580000
IAL000021,Gene Fraise,Gene,,Fraise,,,False,ia,,,,http://www.legis.iowa.gov/getPhotoPeople.aspx?GA=84&PID=150,2011-09-13 01:16:50.548000,2013-01-15 15:42:18.784000
IAL000022,Sandra Greiner,Sandra H.,,Greiner,,,False,ia,,,,https://www.legis.iowa.gov/photo?action=getPhoto&ga=85&pid=251,2011-09-13 01:16:50.559000,2015-01-12 22:28:49.588000
IAL000023,Michael E. Gronstal,Michael,E.,Gronstal,,,False,ia,,,,https://www.legis.iowa.gov/photo?action=getPhoto&ga=86&pid=142,2011-09-13 01:16:50.570000,2017-01-09 06:03:19.620000
IAL000024,James F. Hahn,James,F.,Hahn,,,False,ia,,,,http://www.legis.iowa.gov/getPhotoPeople.aspx?GA=84&PID=795,2011-09-13 01:16:50.581000,2013-01-15 15:42:18.787000
IAL000025,Shawn Hamerlinck,Shawn,,Hamerlinck,,,False,ia,,,,http://www.legis.iowa.gov/getPhotoPeople.aspx?GA=84&PID=7489,2011-09-13 01:16:50.593000,2013-01-15 15:42:18.788000
IAL000026,Tom Hancock,Tom,,Hancock,,,False,ia,,,,http://www.legis.iowa.gov/getPhotoPeople.aspx?GA=84&PID=792,2011-09-13 01:16:50.626000,2013-01-15 15:42:18.789000
IAL000027,Jack Hatch,Jack,,Hatch,,,False,ia,,,,https://www.legis.iowa.gov/photo?action=getPhoto&ga=85&pid=162,2011-09-13 01:16:50.637000,2015-01-12 22:28:49.585000
IAL000030,Hubert Houser,Hubert,,Houser,,,False,ia,,,,https://www.legis.iowa.gov/photo?action=getPhoto&ga=85&pid=143,2011-09-13 01:16:50.670000,2015-01-12 22:28:49.577000
IAL000034,Steve Kettering,Steve,,Kettering,,,False,ia,,,,http://www.legis.iowa.gov/getPhotoPeople.aspx?GA=84&PID=315,2011-09-13 01:16:50.722000,2013-01-15 15:42:18.799000
IAL000035,John P. Kibbie,John,P.,Kibbie,,Jack,False,ia,,,,http://www.legis.iowa.gov/getPhotoPeople.aspx?GA=84&PID=104,2011-09-13 01:16:50.733000,2013-01-15 15:42:18.806000
IAL000037,Paul McKinley,Paul,,McKinley,,,False,ia,,,,http://www.legis.iowa.gov/getPhotoPeople.aspx?GA=84&PID=146,2011-09-13 01:16:50.756000,2013-01-15 15:42:18.808000
IAL000040,Tom Rielly,Tom,,Rielly,,,False,ia,,,,http://www.legis.iowa.gov/getPhotoPeople.aspx?GA=84&PID=794,2011-09-13 01:16:50.799000,2013-01-15 15:42:18.812000
IAL000041,Brian Schoenjahn,Brian,,Schoenjahn,,,False,ia,,,,https://www.legis.iowa.gov/photo?action=getPhoto&ga=86&pid=786,2011-09-13 01:16:50.831000,2017-01-09 06:03:19.612000
IAL000042,Joe M. Seng,Joe,M.,Seng,,,False,ia,,,,https://www.legis.iowa.gov/photo?action=getPhoto&ga=86&pid=164,2011-09-13 01:16:50.842000,2017-01-09 06:03:19.617000
IAL000043,James A. Seymour,James,A.,Seymour,,,False,ia,,,,http://www.legis.iowa.gov/getPhotoPeople.aspx?GA=84&PID=278,2011-09-13 01:16:50.854000,2013-01-15 15:42:18.815000
IAL000045,Steven J. Sodders,Steven,J.,Sodders,,,False,ia,,,,https://www.legis.iowa.gov/photo?action=getPhoto&ga=86&pid=6568,2011-09-13 01:16:50.880000,2017-01-09 06:03:19.622000
IAL000046,Kent Sorenson,Kent,,Sorenson,,,False,ia,,,,http://www.legis.iowa.gov/getPhotoPeople.aspx?GA=85&PID=7500,2011-09-13 01:16:50.893000,2013-12-10 21:20:13.490000
IAL000047,Pat Ward,Pat,,Ward,,,False,ia,,,,http://www.legis.iowa.gov/getPhotoPeople.aspx?GA=84&PID=684,2011-09-13 01:16:50.905000,2013-01-15 15:42:18.820000
IAL000049,Mary Jo Wilhelm,Mary Jo,,Wilhelm,,,False,ia,,,,https://www.legis.iowa.gov/photo?action=getPhoto&ga=86&pid=6570,2011-09-13 01:16:50.932000,2017-01-09 06:03:19.619000
IAL000052,Dwayne Alons,Dwayne,,Alons,,,False,ia,,,,https://www.legis.iowa.gov/photo?action=getPhoto&ga=85&pid=6,2011-09-13 01:16:50.975000,2015-01-12 22:28:49.531000
IAL000053,Richard Anderson,Richard,,Anderson,,,False,ia,,,,http://www.legis.iowa.gov/getPhotoPeople.aspx?GA=84&PID=777,2011-09-13 01:16:51.017000,2013-01-15 15:42:18.631000
IAL000054,Richard D. Arnold,Richard,D.,Arnold,,,False,ia,,,,http://www.legis.iowa.gov/getPhotoPeople.aspx?GA=84&PID=91,2011-09-13 01:16:51.028000,2013-01-15 15:42:18.632000
IAL000057,Deborah L. Berry,Deborah,L.,Berry,,,False,ia,,,,https://www.legis.iowa.gov/photo?action=getPhoto&ga=86&pid=298,2011-09-13 01:16:51.073000,2017-01-09 06:03:19.590000
IAL000058,Mark Brandenburg,Mark,,Brandenburg,,,False,ia,,,,https://www.legis.iowa.gov/photo?action=getPhoto&ga=85&pid=9410,2011-09-13 01:16:51.092000,2015-01-12 22:28:49.520000
IAL000059,Josh Byrnes,Josh,,Byrnes,,,False,ia,,,,https://www.legis.iowa.gov/photo?action=getPhoto&ga=86&pid=9392,2011-09-13 01:16:51.103000,2017-01-09 06:03:19.595000
IAL000060,Royd E. Chambers,Royd,E.,Chambers,,,False,ia,,,,http://www.legis.iowa.gov/getPhotoPeople.aspx?GA=84&PID=297,2011-09-13 01:16:51.115000,2013-01-15 15:42:18.639000
IAL000063,Betty R. De Boef,Betty,R.,De Boef,,,False,ia,,,,http://www.legis.iowa.gov/getPhotoPeople.aspx?GA=84&PID=96,2011-09-13 01:16:51.151000,2013-01-15 15:42:18.642000
IAL000066,Jack Drake,Jack,,Drake,,,False,ia,,,,https://www.legis.iowa.gov/photo?action=getPhoto&ga=86&pid=81,2011-09-13 01:16:51.193000,2016-02-04 15:31:36.714000
IAL000074,Bob Hager,Robert,,Hager,,,False,ia,,,,http://www.legis.iowa.gov/getPhotoPeople.aspx?GA=84&PID=10789,2011-09-13 01:16:51.290000,2013-01-15 15:42:18.655000
IAL000076,Curtis Hanson,Curtis,,Hanson,,,False,ia,,,,https://www.legis.iowa.gov/photo?action=getPhoto&ga=85&pid=9018,2011-09-13 01:16:51.313000,2015-01-12 22:28:49.557000
IAL000081,Erik Helland,Erik,,Helland,,,False,ia,,,,http://www.legis.iowa.gov/getPhotoPeople.aspx?GA=84&PID=7509,2011-09-13 01:16:51.370000,2013-01-15 15:42:18.662000
IAL000082,Lance J. Horbach,Lance,J.,Horbach,,,False,ia,,,,http://www.legis.iowa.gov/getPhotoPeople.aspx?GA=84&PID=60,2011-09-13 01:16:51.384000,2013-01-15 15:42:18.663000
IAL000086,Stewart Iverson,Stewart,,Iverson,,,False,ia,,,,http://www.legis.iowa.gov/getPhotoPeople.aspx?GA=84&PID=109,2011-09-13 01:16:51.499000,2013-01-15 15:42:18.667000
IAL000088,Ronald Jorgensen,Ronald,,Jorgensen,,,False,ia,,,,https://www.legis.iowa.gov/photo?action=getPhoto&ga=86&pid=9403,2011-09-13 01:16:51.521000,2017-01-09 06:03:19.608000
IAL000089,Anesa Kajtazovic,Anesa,,Kajtazovic,,,False,ia,,,,https://www.legis.iowa.gov/photo?action=getPhoto&ga=85&pid=9395,2011-09-13 01:16:51.532000,2015-01-12 22:28:49.544000
IAL000090,Jeff Kaufmann,Jeff,,Kaufmann,,,False,ia,,,,http://www.legis.iowa.gov/getPhotoPeople.aspx?GA=84&PID=780,2011-09-13 01:16:51.543000,2013-01-15 15:42:18.671000
IAL000092,Daniel Kelley,Daniel,,Kelley,,,False,ia,,,,https://www.legis.iowa.gov/photo?action=getPhoto&ga=86&pid=9399,2011-09-13 01:16:51.566000,2017-01-09 06:03:19.586000
IAL000097,Mark Lofgren,Mark S.,,Lofgren,,,False,ia,,,,https://www.legis.iowa.gov/photo?action=getPhoto&ga=85&pid=9406,2011-09-13 01:16:51.667000,2015-01-12 22:28:49.561000
IAL000098,Steven F. Lukan,Steven,F.,Lukan,,,False,ia,,,,http://www.legis.iowa.gov/getPhotoPeople.aspx?GA=84&PID=195,2011-09-13 01:16:51.678000,2013-01-15 15:42:18.680000
IAL000099,Jim Lykam,Jim,,Lykam,,,False,ia,,,,https://www.legis.iowa.gov/photo?action=getPhoto&ga=86&pid=246,2011-09-13 01:16:51.689000,2017-01-09 06:03:19.591000
IAL000101,Glen Massie,Glen,,Massie,,,False,ia,,,,http://www.legis.iowa.gov/getPhotoPeople.aspx?GA=84&PID=10802,2011-09-13 01:16:51.725000,2013-01-15 15:42:18.684000
IAL000102,Kevin M. McCarthy,Kevin,M.,McCarthy,,,False,ia,,,,http://www.legis.iowa.gov/getPhotoPeople.aspx?GA=85&PID=300,2011-09-13 01:16:51.736000,2013-11-01 14:11:20.650000
IAL000104,Linda J. Miller,Linda,J.,Miller,,,False,ia,,,,https://www.legis.iowa.gov/photo?action=getPhoto&ga=86&pid=6286,2014-11-25 03:46:25.772000,2017-01-09 06:03:19.598000
IAL000105,Brian Moore,Brian,,Moore,,,False,ia,,,,https://www.legis.iowa.gov/photo?action=getPhoto&ga=86&pid=9396,2011-09-13 01:16:51.787000,2017-01-09 06:03:19.584000
IAL000106,Daniel Muhlbauer,Daniel,,Muhlbauer,,,False,ia,,,,https://www.legis.iowa.gov/photo?action=getPhoto&ga=85&pid=9402,2011-09-13 01:16:51.798000,2015-01-12 22:28:49.518000
IAL000107,Patrick Murphy,Patrick,,Murphy,,,False,ia,,,,https://www.legis.iowa.gov/photo?action=getPhoto&ga=85&pid=36,2011-09-13 01:16:51.809000,2015-01-12 22:28:49.573000
IAL000110,Steven N. Olson,Steven,N.,Olson,,,False,ia,,,,https://www.legis.iowa.gov/photo?action=getPhoto&ga=85&pid=243,2011-09-13 01:16:51.841000,2015-01-12 22:28:49.569000
IAL000111,Tyler Olson,Tyler,,Olson,,,False,ia,,,,https://www.legis.iowa.gov/photo?action=getPhoto&ga=85&pid=6281,2011-09-13 01:16:51.852000,2015-01-12 22:28:49.546000
IAL000112,Kraig Paulsen,Kraig,,Paulsen,,,False,ia,,,,https://www.legis.iowa.gov/photo?action=getPhoto&ga=86&pid=199,2011-09-13 01:16:51.866000,2017-01-09 06:03:19.597000
IAL000114,Kim Pearson,Kim,,Pearson,,,False,ia,,,,http://www.legis.iowa.gov/getPhotoPeople.aspx?GA=84&PID=10797,2011-09-13 01:16:51.888000,2013-01-15 15:42:18.704000
IAL000117,Brian J. Quirk,Brian,J.,Quirk,,,False,ia,,,,http://www.legis.iowa.gov/getPhotoPeople.aspx?GA=84&PID=30,2011-09-13 01:16:51.921000,2013-01-15 15:42:18.707000
IAL000118,Scott Raecker,J. Scott,,Raecker,,,False,ia,,,,http://www.legis.iowa.gov/getPhotoPeople.aspx?GA=84&PID=76,2011-09-13 01:16:51.935000,2013-01-15 15:42:18.708000
IAL000119,Daniel Rasmussen,Daniel,,Rasmussen,,,False,ia,,,,http://www.legis.iowa.gov/getPhotoPeople.aspx?GA=84&PID=299,2011-09-13 01:16:51.950000,2013-01-15 15:42:18.709000
IAL000120,Henry V. Rayhons,Henry,V.,Rayhons,,,False,ia,,,,https://www.legis.iowa.gov/photo?action=getPhoto&ga=85&pid=17,2011-09-13 01:16:51.961000,2015-01-12 22:28:49.551000
IAL000123,Thomas R. Sands,Thomas,R.,Sands,,,False,ia,,,,https://www.legis.iowa.gov/photo?action=getPhoto&ga=86&pid=249,2011-09-13 01:16:52.040000,2017-01-09 06:03:19.611000
IAL000124,Renee Schulte,Renee,,Schulte,,,False,ia,,,,http://www.legis.iowa.gov/getPhotoPeople.aspx?GA=84&PID=7505,2011-09-13 01:16:52.051000,2013-01-15 15:42:18.715000
IAL000126,Tom Shaw,Tom,,Shaw,,,False,ia,,,,https://www.legis.iowa.gov/photo?action=getPhoto&ga=85&pid=9391,2011-09-13 01:16:52.074000,2015-01-12 22:28:49.496000
IAL000127,Jeff Smith,Jeff,,Smith,,,False,ia,,,,https://www.legis.iowa.gov/photo?action=getPhoto&ga=85&pid=9389,2011-09-13 01:16:52.087000,2015-01-12 22:28:49.493000
IAL000129,Chuck Soderberg,Chuck,,Soderberg,,,False,ia,,,,https://www.legis.iowa.gov/photo?action=getPhoto&ga=86&pid=779,2011-09-13 01:16:52.109000,2015-12-11 21:35:12.820000
IAL000131,Kurt Swaim,Kurt,,Swaim,,,False,ia,,,,http://www.legis.iowa.gov/getPhotoPeople.aspx?GA=84&PID=256,2011-09-13 01:16:52.145000,2013-01-15 15:42:18.746000
IAL000132,Annette Sweeney,Annette,,Sweeney,,,False,ia,,,,http://www.legis.iowa.gov/getPhotoPeople.aspx?GA=84&PID=7504,2011-09-13 01:16:52.156000,2013-01-15 15:42:18.723000
IAL000133,Jeremy Taylor,Jeremy,,Taylor,,,False,ia,,,,http://www.legis.iowa.gov/getPhotoPeople.aspx?GA=84&PID=10782,2011-09-13 01:16:52.166000,2013-01-15 15:42:18.724000
IAL000136,Roger Thomas,Roger,,Thomas,,,False,ia,,,,https://www.legis.iowa.gov/photo?action=getPhoto&ga=85&pid=192,2011-09-13 01:16:52.204000,2015-01-12 22:28:49.537000
IAL000137,David A. Tjepkes,David,A.,Tjepkes,,,False,ia,,,,http://www.legis.iowa.gov/getPhotoPeople.aspx?GA=84&PID=222,2011-09-13 01:16:52.215000,2013-01-15 15:42:18.728000
IAL000139,James Van Engelenhoven,James,,Van Engelenhoven,,,False,ia,,,,http://www.legis.iowa.gov/getPhotoPeople.aspx?GA=84&PID=95,2011-09-13 01:16:52.237000,2013-01-15 15:42:18.731000
IAL000141,Nick Wagner,Nick,,Wagner,,,False,ia,,,,http://www.legis.iowa.gov/getPhotoPeople.aspx?GA=84&PID=7506,2011-09-13 01:16:52.260000,2013-01-15 15:42:18.734000
IAL000143,Andrew J. Wenthe,Andrew,J.,Wenthe,,,False,ia,,,,http://www.legis.iowa.gov/getPhotoPeople.aspx?GA=84&PID=6478,2011-09-13 01:16:52.299000,2013-01-15 15:42:18.737000
IAL000145,Nathan Willems,Nathan,,Willems,,,False,ia,,,,http://www.legis.iowa.gov/getPhotoPeople.aspx?GA=84&PID=7495,2011-09-13 01:16:52.320000,2013-01-15 15:42:18.738000
IAL000148,John Wittneben,John,,Wittneben,,,False,ia,,,,http://www.legis.iowa.gov/getPhotoPeople.aspx?GA=84&PID=10785,2011-09-13 01:16:52.352000,2013-01-15 15:42:18.742000
IAL000184,Chris Brase,Chris,,Brase,,,False,ia,,,,https://www.legis.iowa.gov/photo?action=getPhoto&ga=86&pid=10732,2013-01-15 15:42:17.188000,2017-01-09 06:03:19.614000
IAL000236,Dave Dawson,Dave,,Dawson,,,False,ia,,,,https://www.legis.iowa.gov/photo?action=getPhoto&ga=86&pid=10740,2013-01-15 15:42:17.569000,2017-01-09 06:03:19.589000
IAL000240,Nancy Dunkel,Nancy,,Dunkel,,,False,ia,,,,https://www.legis.iowa.gov/photo?action=getPhoto&ga=86&pid=10737,2013-01-15 15:42:17.596000,2017-01-09 06:03:19.600000
IAL000274,Daniel Lundby,Daniel,,Lundby,,,False,ia,,,,https://www.legis.iowa.gov/photo?action=getPhoto&ga=85&pid=10741,2013-01-15 15:42:17.897000,2015-01-12 22:28:49.549000
IAL000292,Joe Riding,Joe,,Riding,,,False,ia,,,,https://www.legis.iowa.gov/photo?action=getPhoto&ga=85&pid=10744,2013-01-15 15:42:18.041000,2015-01-12 22:28:49.529000
IAL000294,Patti Ruff,Patti,,Ruff,,,False,ia,,,,https://www.legis.iowa.gov/photo?action=getPhoto&ga=86&pid=10746,2013-01-15 15:42:18.056000,2017-01-09 06:03:19.601000
IAL000305,Quentin Stanerson,Quentin,,Stanerson,,,False,ia,,,,https://www.legis.iowa.gov/photo?action=getPhoto&ga=86&pid=10759,2013-01-15 15:42:18.140000,2017-01-09 06:03:19.606000
IAL000307,Sally Stutsman,Sally,,Stutsman,,,False,ia,,,,https://www.legis.iowa.gov/photo?action=getPhoto&ga=86&pid=10745,2013-01-15 15:42:18.155000,2017-01-09 06:03:19.609000
IAL000318,Frank Wood,Frank,,Wood,,,False,ia,,,,https://www.legis.iowa.gov/photo?action=getPhoto&ga=85&pid=791,2013-01-15 15:42:18.297000,2015-01-12 22:28:49.564000
IAL000504,Darrel Branhagen,Darrel,,Branhagen,,,False,ia,,,,https://www.legis.iowa.gov/photo?action=getPhoto&ga=86&pid=14804,2015-01-12 22:28:47.768000,2017-01-09 06:03:19.587000
IAL000519,John Kooiker,John,,Kooiker,,,False,ia,,,,https://www.legis.iowa.gov/photo?action=getPhoto&ga=86&pid=15891,2015-01-14 00:15:30.141000,2017-01-09 06:03:19.593000
IAL000002,Robert Bacon,Rob,,Bacon,,,True,ia,lower,48,Republican,https://www.legis.iowa.gov/photo?action=getPhoto&ga=2017-2018&pid=9384,2011-09-13 01:16:50.240000,2017-06-01 07:01:32.665000
IAL000051,Ako Abdul-Samad,Ako,,Abdul-Samad,,,True,ia,lower,35,Democratic,https://www.legis.iowa.gov/photo?action=getPhoto&ga=2017-2018&pid=6284,2011-09-13 01:16:50.957000,2017-06-01 07:01:32.549000
IAL000055,Chip Baltimore,Chip,,Baltimore,,,True,ia,lower,47,Republican,https://www.legis.iowa.gov/photo?action=getPhoto&ga=2017-2018&pid=9401,2011-09-13 01:16:51.050000,2017-06-01 07:01:32.573000
IAL000056,Clel Baudler,Clel,,Baudler,,,True,ia,lower,20,Republican,https://www.legis.iowa.gov/photo?action=getPhoto&ga=2017-2018&pid=78,2011-09-13 01:16:51.062000,2017-06-01 07:01:32.581000
IAL000061,Dennis M. Cohoon,Dennis,M.,Cohoon,,,True,ia,lower,87,Democratic,https://www.legis.iowa.gov/photo?action=getPhoto&ga=2017-2018&pid=100,2011-09-13 01:16:51.127000,2017-06-01 07:01:32.595000
IAL000062,Peter Cownie,Peter,,Cownie,,,True,ia,lower,42,Republican,https://www.legis.iowa.gov/photo?action=getPhoto&ga=2017-2018&pid=6583,2011-09-13 01:16:51.140000,2017-06-01 07:01:32.649000
IAL000064,Dave Deyoe,Dave,,Deyoe,,,True,ia,lower,49,Republican,https://www.legis.iowa.gov/photo?action=getPhoto&ga=2017-2018&pid=6289,2011-09-13 01:16:51.162000,2017-06-01 07:01:32.584000
IAL000065,Cecil Dolecheck,Cecil,,Dolecheck,,,True,ia,lower,24,Republican,https://www.legis.iowa.gov/photo?action=getPhoto&ga=2017-2018&pid=88,2011-09-13 01:16:51.182000,2017-06-01 07:01:32.569000
IAL000067,Greg Forristall,Greg,,Forristall,,,True,ia,lower,22,Republican,https://www.legis.iowa.gov/photo?action=getPhoto&ga=2017-2018&pid=6288,2011-09-13 01:16:51.205000,2017-06-01 07:01:32.599000
IAL000068,Joel Fry,Joel,,Fry,,,True,ia,lower,27,Republican,https://www.legis.iowa.gov/photo?action=getPhoto&ga=2017-2018&pid=9409,2011-09-13 01:16:51.216000,2017-06-01 07:01:32.611000
IAL000069,Ruth Ann Gaines,Ruth Ann,,Gaines,,,True,ia,lower,32,Democratic,https://www.legis.iowa.gov/photo?action=getPhoto&ga=2017-2018&pid=9413,2011-09-13 01:16:51.227000,2017-06-01 07:01:32.671000
IAL000071,Mary Gaskill,Mary,,Gaskill,,,True,ia,lower,81,Democratic,https://www.legis.iowa.gov/photo?action=getPhoto&ga=2017-2018&pid=255,2011-09-13 01:16:51.250000,2017-06-01 07:01:32.636000
IAL000072,Pat Grassley,Pat,,Grassley,,,True,ia,lower,50,Republican,https://www.legis.iowa.gov/photo?action=getPhoto&ga=2017-2018&pid=6277,2011-09-13 01:16:51.261000,2017-06-01 07:01:32.647000
IAL000073,Chris Hagenow,Chris,,Hagenow,,,True,ia,lower,43,Republican,https://www.legis.iowa.gov/photo?action=getPhoto&ga=2017-2018&pid=6584,2011-09-13 01:16:51.279000,2017-06-01 07:01:32.574000
IAL000075,Chris Hall,Chris,,Hall,,,True,ia,lower,13,Democratic,https://www.legis.iowa.gov/photo?action=getPhoto&ga=2017-2018&pid=9388,2011-09-13 01:16:51.301000,2017-06-01 07:01:32.575000
IAL000077,Mary Ann Hanusa,Mary Ann,,Hanusa,,,True,ia,lower,16,Republican,https://www.legis.iowa.gov/photo?action=getPhoto&ga=2017-2018&pid=9412,2011-09-13 01:16:51.324000,2017-06-01 07:01:32.635000
IAL000078,David E. Heaton,David,E.,Heaton,,,True,ia,lower,84,Republican,https://www.legis.iowa.gov/photo?action=getPhoto&ga=2017-2018&pid=97,2011-09-13 01:16:51.335000,2017-06-01 07:01:32.588000
IAL000079,Lisa Heddens,Lisa,,Heddens,,,True,ia,lower,46,Democratic,https://www.legis.iowa.gov/photo?action=getPhoto&ga=2017-2018&pid=213,2011-09-13 01:16:51.346000,2017-06-01 07:01:32.628000
IAL000080,Lee Hein,Lee,,Hein,,,True,ia,lower,96,Republican,https://www.legis.iowa.gov/photo?action=getPhoto&ga=2017-2018&pid=9398,2011-09-13 01:16:51.357000,2017-06-01 07:01:32.626000
IAL000083,Bruce L. Hunter,Bruce,L.,Hunter,,,True,ia,lower,34,Democratic,https://www.legis.iowa.gov/photo?action=getPhoto&ga=2017-2018&pid=317,2011-09-13 01:16:51.441000,2017-06-01 07:01:32.568000
IAL000084,Daniel A. Huseman,Daniel,A.,Huseman,,,True,ia,lower,3,Republican,https://www.legis.iowa.gov/photo?action=getPhoto&ga=2017-2018&pid=10,2011-09-13 01:16:51.456000,2017-06-01 07:01:32.583000
IAL000085,Charles Isenhart,Charles,,Isenhart,,,True,ia,lower,100,Democratic,https://www.legis.iowa.gov/photo?action=getPhoto&ga=2017-2018&pid=6575,2011-09-13 01:16:51.488000,2017-06-01 07:01:32.570000
IAL000087,Dave Jacoby,Dave,,Jacoby,,,True,ia,lower,74,Democratic,https://www.legis.iowa.gov/photo?action=getPhoto&ga=2017-2018&pid=320,2011-09-13 01:16:51.510000,2017-06-01 07:01:32.586000
IAL000091,Jerry A. Kearns,Jerry,A.,Kearns,,,True,ia,lower,83,Democratic,https://www.legis.iowa.gov/photo?action=getPhoto&ga=2017-2018&pid=6579,2011-09-13 01:16:51.554000,2017-06-01 07:01:32.608000
IAL000093,Jarad Klein,Jarad J.,,Klein,,,True,ia,lower,78,Republican,https://www.legis.iowa.gov/photo?action=getPhoto&ga=2017-2018&pid=9408,2011-09-13 01:16:51.577000,2017-06-01 07:01:32.606000
IAL000094,Kevin Koester,Kevin,,Koester,,,True,ia,lower,38,Republican,https://www.legis.iowa.gov/photo?action=getPhoto&ga=2017-2018&pid=6582,2011-09-13 01:16:51.588000,2017-06-01 07:01:32.621000
IAL000095,Bob M. Kressig,Bob,M.,Kressig,,,True,ia,lower,59,Democratic,https://www.legis.iowa.gov/photo?action=getPhoto&ga=2017-2018&pid=781,2011-09-13 01:16:51.599000,2017-06-01 07:01:32.561000
IAL000096,Vicki S. Lensing,Vicki,S.,Lensing,,,True,ia,lower,85,Democratic,https://www.legis.iowa.gov/photo?action=getPhoto&ga=2017-2018&pid=45,2011-09-13 01:16:51.643000,2017-06-01 07:01:32.691000
IAL000100,Mary Mascher,Mary,,Mascher,,,True,ia,lower,86,Democratic,https://www.legis.iowa.gov/photo?action=getPhoto&ga=2017-2018&pid=46,2011-09-13 01:16:51.703000,2017-06-01 07:01:32.638000
IAL000103,Helen Miller,Helen,,Miller,,,True,ia,lower,9,Democratic,https://www.legis.iowa.gov/photo?action=getPhoto&ga=2017-2018&pid=219,2011-09-13 01:16:51.748000,2017-06-01 07:01:32.603000
IAL000108,Jo Oldson,Jo,,Oldson,,,True,ia,lower,41,Democratic,https://www.legis.iowa.gov/photo?action=getPhoto&ga=2017-2018&pid=228,2011-09-13 01:16:51.820000,2017-06-01 07:01:32.610000
IAL000109,Rick Olson,Rick,,Olson,,,True,ia,lower,31,Democratic,https://www.legis.iowa.gov/photo?action=getPhoto&ga=2017-2018&pid=776,2011-09-13 01:16:51.831000,2017-06-01 07:01:32.661000
IAL000113,Ross Paustian,Ross,,Paustian,,,True,ia,lower,92,Republican,https://www.legis.iowa.gov/photo?action=getPhoto&ga=2017-2018&pid=9407,2011-09-13 01:16:51.877000,2017-06-01 07:01:32.667000
IAL000116,Dawn E. Pettengill,Dawn,E.,Pettengill,,,True,ia,lower,75,Republican,https://www.legis.iowa.gov/photo?action=getPhoto&ga=2017-2018&pid=773,2011-09-13 01:16:51.910000,2017-06-01 07:01:32.592000
IAL000121,Walt Rogers,Walt,,Rogers,,,True,ia,lower,60,Republican,https://www.legis.iowa.gov/photo?action=getPhoto&ga=2017-2018&pid=9394,2011-09-13 01:16:51.975000,2017-06-01 07:01:32.693000
IAL000122,Kirsten Running-Marquardt,Kirsten,,Running-Marquardt,,,True,ia,lower,69,Democratic,https://www.legis.iowa.gov/photo?action=getPhoto&ga=2017-2018&pid=9198,2011-09-13 01:16:51.990000,2017-06-01 07:01:32.622000
IAL000128,Mark D. Smith,Mark,D.,Smith,,,True,ia,lower,71,Democratic,https://www.legis.iowa.gov/photo?action=getPhoto&ga=2017-2018&pid=64,2011-09-13 01:16:52.098000,2017-06-01 07:01:32.632000
IAL000130,Sharon S. Steckman,Sharon,S.,Steckman,,,True,ia,lower,53,Democratic,https://www.legis.iowa.gov/photo?action=getPhoto&ga=2017-2018&pid=6580,2011-09-13 01:16:52.134000,2017-06-01 07:01:32.679000
IAL000134,Todd E. Taylor,Todd,E.,Taylor,,,True,ia,lower,70,Democratic,https://www.legis.iowa.gov/photo?action=getPhoto&ga=2017-2018&pid=54,2011-09-13 01:16:52.178000,2017-06-01 07:01:32.688000
IAL000135,Phyllis Thede,Phyllis,,Thede,,,True,ia,lower,93,Democratic,https://www.legis.iowa.gov/photo?action=getPhoto&ga=2017-2018&pid=6577,2011-09-13 01:16:52.193000,2017-06-01 07:01:32.650000
IAL000138,Linda L. Upmeyer,Linda,L.,Upmeyer,,,True,ia,lower,54,Republican,https://www.legis.iowa.gov/photo?action=getPhoto&ga=2017-2018&pid=180,2011-09-13 01:16:52.226000,2017-06-01 07:01:32.627000
IAL000140,Guy Vander Linden,Guy,,Vander Linden,,,True,ia,lower,79,Republican,https://www.legis.iowa.gov/photo?action=getPhoto&ga=2017-2018&pid=9411,2011-09-13 01:16:52.249000,2017-06-01 07:01:32.602000
IAL000142,Ralph C. Watts,Ralph,C.,Watts,,,True,ia,lower,19,Republican,https://www.legis.iowa.gov/photo?action=getPhoto&ga=2017-2018&pid=216,2011-09-13 01:16:52.284000,2017-06-01 07:01:32.655000
IAL000144,Beth Wessel-Kroeschell,Beth,,Wessel-Kroeschell,,,True,ia,lower,45,Democratic,https://www.legis.iowa.gov/photo?action=getPhoto&ga=2017-2018&pid=774,2011-09-13 01:16:52.309000,2017-06-01 07:01:32.560000
IAL000146,Cindy Winckler,Cindy,,Winckler,,,True,ia,lower,90,Democratic,https://www.legis.iowa.gov/photo?action=getPhoto&ga=2017-2018&pid=44,2011-09-13 01:16:52.331000,2017-06-01 07:01:32.579000
IAL000147,Matt W. Windschitl,Matt,W.,Windschitl,,,True,ia,lower,17,Republican,https://www.legis.iowa.gov/photo?action=getPhoto&ga=2017-2018&pid=6282,2011-09-13 01:16:52.341000,2017-06-01 07:01:32.640000
IAL000149,Mary Wolfe,Mary Lynn,,Wolfe,,,True,ia,lower,98,Democratic,https://www.legis.iowa.gov/photo?action=getPhoto&ga=2017-2018&pid=9397,2011-09-13 01:16:52.363000,2017-06-01 07:01:32.639000
IAL000150,Gary Worthan,Gary,,Worthan,,,True,ia,lower,11,Republican,https://www.legis.iowa.gov/photo?action=getPhoto&ga=2017-2018&pid=6324,2011-09-13 01:16:52.392000,2017-06-01 07:01:32.598000
IAL000225,Marti Anderson,Marti,,Anderson,,,True,ia,lower,36,Democratic,https://www.legis.iowa.gov/photo?action=getPhoto&ga=2017-2018&pid=10736,2013-01-15 15:42:17.489000,2017-06-01 07:01:32.634000
IAL000229,Bruce Bearinger,Bruce,,Bearinger,,,True,ia,lower,64,Democratic,https://www.legis.iowa.gov/photo?action=getPhoto&ga=2017-2018&pid=10738,2013-01-15 15:42:17.520000,2017-06-01 07:01:32.566000
IAL000241,Dean Fisher,Dean,,Fisher,,,True,ia,lower,72,Republican,https://www.legis.iowa.gov/photo?action=getPhoto&ga=2017-2018&pid=10755,2013-01-15 15:42:17.605000,2017-06-01 07:01:32.594000
IAL000242,John Forbes,John,,Forbes,,,True,ia,lower,40,Democratic,https://www.legis.iowa.gov/photo?action=getPhoto&ga=2017-2018&pid=10739,2013-01-15 15:42:17.612000,2017-06-01 07:01:32.616000
IAL000248,Tedd Gassman,Tedd,,Gassman,,,True,ia,lower,7,Republican,https://www.legis.iowa.gov/photo?action=getPhoto&ga=2017-2018&pid=10748,2013-01-15 15:42:17.659000,2017-06-01 07:01:32.684000
IAL000254,Greg Heartsill,Greg,,Heartsill,,,True,ia,lower,28,Republican,https://www.legis.iowa.gov/photo?action=getPhoto&ga=2017-2018&pid=10750,2013-01-15 15:42:17.703000,2017-06-01 07:01:32.600000
IAL000257,Megan Jones,Megan,,Jones,,,True,ia,lower,2,Republican,https://www.legis.iowa.gov/photo?action=getPhoto&ga=2017-2018&pid=10747,2013-01-15 15:42:17.734000,2017-06-01 07:01:32.642000
IAL000258,Jake Highfill,Jake,,Highfill,,,True,ia,lower,39,Republican,https://www.legis.iowa.gov/photo?action=getPhoto&ga=2017-2018&pid=10752,2013-01-15 15:42:17.741000,2017-06-01 07:01:32.604000
IAL000265,Bobby Kaufmann,Bobby,,Kaufmann,,,True,ia,lower,73,Republican,https://www.legis.iowa.gov/photo?action=getPhoto&ga=2017-2018&pid=10756,2013-01-15 15:42:17.816000,2017-06-01 07:01:32.563000
IAL000271,John Landon,John,,Landon,,,True,ia,lower,37,Republican,https://www.legis.iowa.gov/photo?action=getPhoto&ga=2017-2018&pid=10751,2013-01-15 15:42:17.867000,2017-06-01 07:01:32.619000
IAL000277,Dave Maxwell,Dave,,Maxwell,,,True,ia,lower,76,Republican,https://www.legis.iowa.gov/photo?action=getPhoto&ga=2017-2018&pid=10757,2013-01-15 15:42:17.921000,2017-06-01 07:01:32.587000
IAL000288,Scott Ourth,Scott,,Ourth,,,True,ia,lower,26,Democratic,https://www.legis.iowa.gov/photo?action=getPhoto&ga=2017-2018&pid=10742,2013-01-15 15:42:18.008000,2017-06-01 07:01:32.675000
IAL000296,Sandy Salmon,Sandy,,Salmon,,,True,ia,lower,63,Republican,https://www.legis.iowa.gov/photo?action=getPhoto&ga=2017-2018&pid=10754,2013-01-15 15:42:18.071000,2017-06-01 07:01:32.674000
IAL000300,Larry Sheets,Larry,,Sheets,,,True,ia,lower,80,Republican,https://www.legis.iowa.gov/photo?action=getPhoto&ga=2017-2018&pid=10758,2013-01-15 15:42:18.101000,2017-06-01 07:01:32.624000
IAL000304,Art Staed,Art,,Staed,,,True,ia,lower,66,Democratic,https://www.legis.iowa.gov/photo?action=getPhoto&ga=2017-2018&pid=10743,2013-01-15 15:42:18.133000,2017-06-01 07:01:32.557000
IAL000308,Rob Taylor,Rob,,Taylor,,,True,ia,lower,44,Republican,https://www.legis.iowa.gov/photo?action=getPhoto&ga=2017-2018&pid=10753,2013-01-15 15:42:18.163000,2017-06-01 07:01:32.663000
IAL000320,Todd Prichard,Todd,,Prichard,,,True,ia,lower,52,Democratic,https://www.legis.iowa.gov/photo?action=getPhoto&ga=2017-2018&pid=12235,2013-01-25 00:03:58.084000,2017-06-01 07:01:32.689000
IAL000327,Brian Meyer,Brian,,Meyer,,,True,ia,lower,33,Democratic,https://www.legis.iowa.gov/photo?action=getPhoto&ga=2017-2018&pid=6377,2013-11-01 02:56:51.144000,2017-06-01 07:01:32.565000
IAL000488,Stan Gustafson,Stan,,Gustafson,,,True,ia,lower,25,Republican,https://www.legis.iowa.gov/photo?action=getPhoto&ga=2017-2018&pid=12712,2014-01-09 02:05:05.011000,2017-06-01 07:01:32.681000
IAL000494,Curt Hanson,Curt,,Hanson,,,True,ia,lower,82,Democratic,https://www.legis.iowa.gov/photo?action=getPhoto&ga=2017-2018&pid=9018,2014-11-25 03:46:24.866000,2017-06-01 07:01:32.582000
IAL000498,Liz Bennett,Liz,,Bennett,,,True,ia,lower,65,Democratic,https://www.legis.iowa.gov/photo?action=getPhoto&ga=2017-2018&pid=14806,2015-01-12 22:28:47.345000,2017-06-01 07:01:32.630000
IAL000500,Abby Finkenauer,Abby,,Finkenauer,,,True,ia,lower,99,Democratic,https://www.legis.iowa.gov/photo?action=getPhoto&ga=2017-2018&pid=14811,2015-01-12 22:28:47.572000,2017-06-01 07:01:32.548000
IAL000501,Charlie McConkey,Charlie,,McConkey,,,True,ia,lower,15,Democratic,https://www.legis.iowa.gov/photo?action=getPhoto&ga=2017-2018&pid=14801,2015-01-12 22:28:47.652000,2017-06-01 07:01:32.571000
IAL000502,Mike Sexton,Mike,,Sexton,,,True,ia,lower,10,Republican,https://www.legis.iowa.gov/photo?action=getPhoto&ga=2017-2018&pid=1153,2015-01-12 22:28:47.688000,2017-06-01 07:01:32.644000
IAL000506,Gary Carlson,Gary,,Carlson,,,True,ia,lower,91,Republican,https://www.legis.iowa.gov/photo?action=getPhoto&ga=2017-2018&pid=14808,2015-01-12 22:28:47.887000,2017-06-01 07:01:32.596000
IAL000507,John H. Wills,John H.,,Wills,,,True,ia,lower,1,Republican,https://www.legis.iowa.gov/photo?action=getPhoto&ga=2017-2018&pid=13794,2015-01-12 22:28:47.908000,2017-06-01 07:01:32.617000
IAL000508,Norlin Mommsen,Norlin,,Mommsen,,,True,ia,lower,97,Republican,https://www.legis.iowa.gov/photo?action=getPhoto&ga=2017-2018&pid=14810,2015-01-12 22:28:47.954000,2017-06-01 07:01:32.646000
IAL000509,Zach Nunn,Zach,,Nunn,,,True,ia,lower,30,Republican,https://www.legis.iowa.gov/photo?action=getPhoto&ga=2017-2018&pid=14803,2015-01-12 22:28:47.964000,2017-06-01 07:01:32.695000
IAL000510,Timi Brown-Powers,Timi,,Brown-Powers,,,True,ia,lower,61,Democratic,https://www.legis.iowa.gov/photo?action=getPhoto&ga=2017-2018&pid=14805,2015-01-12 22:28:47.996000,2017-06-01 07:01:32.686000
IAL000511,Brian Best,Brian,,Best,,,True,ia,lower,12,Republican,https://www.legis.iowa.gov/photo?action=getPhoto&ga=2017-2018&pid=14800,2015-01-12 22:28:48.031000,2017-06-01 07:01:32.564000
IAL000512,Steven Holt,Steven,,Holt,,,True,ia,lower,18,Republican,https://www.legis.iowa.gov/photo?action=getPhoto&ga=2017-2018&pid=14802,2015-01-12 22:28:48.151000,2017-06-01 07:01:32.683000
IAL000513,Terry C. Baxter,Terry C.,,Baxter,,,True,ia,lower,8,Republican,https://www.legis.iowa.gov/photo?action=getPhoto&ga=2017-2018&pid=13796,2015-01-12 22:28:48.474000,2017-06-01 07:01:32.685000
IAL000518,Ken Rizer,Ken,,Rizer,,,True,ia,lower,68,Republican,https://www.legis.iowa.gov/photo?action=getPhoto&ga=2017-2018&pid=14807,2015-01-12 22:28:48.983000,2017-06-01 07:01:32.620000
IAL000522,David Sieck,David,,Sieck,,,True,ia,lower,23,Republican,https://www.legis.iowa.gov/photo?action=getPhoto&ga=2017-2018&pid=15920,2015-02-17 01:12:42.307000,2017-06-01 07:01:32.591000
IAL000523,Chuck Holz,Chuck,,Holz,,,True,ia,lower,5,Republican,https://www.legis.iowa.gov/photo?action=getPhoto&ga=2017-2018&pid=17102,2015-12-03 08:20:52.188000,2017-06-01 07:01:32.578000
IAL000524,Tom Moore,Tom,,Moore,,,True,ia,lower,21,Republican,https://www.legis.iowa.gov/photo?action=getPhoto&ga=2017-2018&pid=17112,2016-01-05 07:54:39.735000,2017-06-01 07:01:32.690000
IAL000526,David Kerr,David,,Kerr,,,True,ia,lower,88,Republican,https://www.legis.iowa.gov/photo?action=getPhoto&ga=2017-2018&pid=18051,2017-01-09 06:03:18.440000,2017-06-01 07:01:32.590000
IAL000527,Gary Mohr,Gary,,Mohr,,,True,ia,lower,94,Republican,https://www.legis.iowa.gov/photo?action=getPhoto&ga=2017-2018&pid=18038,2017-01-09 06:03:18.473000,2017-06-01 07:01:32.597000
IAL000529,Jane Bloomingdale,Jane,,Bloomingdale,,,True,ia,lower,51,Republican,https://www.legis.iowa.gov/photo?action=getPhoto&ga=2017-2018&pid=18043,2017-01-09 06:03:18.515000,2017-06-01 07:01:32.606000
IAL000531,Amy Nielsen,Amy,,Nielsen,,,True,ia,lower,77,Democratic,https://www.legis.iowa.gov/photo?action=getPhoto&ga=2017-2018&pid=18050,2017-01-09 06:03:18.580000,2017-06-01 07:01:32.554000
IAL000532,Kristi Hager,Kristi,,Hager,,,True,ia,lower,56,Republican,https://www.legis.iowa.gov/photo?action=getPhoto&ga=2017-2018&pid=18045,2017-01-09 06:03:18.610000,2017-06-01 07:01:32.623000
IAL000534,Andy McKean,Andy,,McKean,,,True,ia,lower,58,Republican,https://www.legis.iowa.gov/photo?action=getPhoto&ga=2017-2018&pid=1073,2017-01-09 06:03:18.620000,2017-06-01 07:01:32.555000
IAL000536,Wes Breckenridge,Wes,,Breckenridge,,,True,ia,lower,29,Democratic,https://www.legis.iowa.gov/photo?action=getPhoto&ga=2017-2018&pid=18033,2017-01-09 06:03:18.721000,2017-06-01 07:01:32.694000
IAL000538,Timothy Kacena,Timothy,,Kacena,,,True,ia,lower,14,Democratic,https://www.legis.iowa.gov/photo?action=getPhoto&ga=2017-2018&pid=18042,2017-01-09 06:03:18.750000,2017-06-01 07:01:32.687000
IAL000539,Michael Bergan,Michael,,Bergan,,,True,ia,lower,55,Republican,https://www.legis.iowa.gov/photo?action=getPhoto&ga=2017-2018&pid=18044,2017-01-09 06:03:18.854000,2017-06-01 07:01:32.643000
IAL000541,Louie Zumbach,Louie,,Zumbach,,,True,ia,lower,95,Republican,https://www.legis.iowa.gov/photo?action=getPhoto&ga=2017-2018&pid=18053,2017-01-09 06:03:19.020000,2017-06-01 07:01:32.631000
IAL000542,Shannon Lundgren,Shannon,,Lundgren,,,True,ia,lower,57,Republican,https://www.legis.iowa.gov/photo?action=getPhoto&ga=2017-2018&pid=18046,2017-01-09 06:03:19.044000,2017-06-01 07:01:32.678000
IAL000543,Jim Carlin,Jim,,Carlin,,,True,ia,lower,6,Republican,https://www.legis.iowa.gov/photo?action=getPhoto&ga=2017-2018&pid=18041,2017-01-09 06:03:19.061000,2017-06-01 07:01:32.609000
IAL000545,Skyler Wheeler,Skyler,,Wheeler,,,True,ia,lower,4,Republican,https://www.legis.iowa.gov/photo?action=getPhoto&ga=2017-2018&pid=18040,2017-01-09 06:03:19.203000,2017-06-01 07:01:32.680000
IAL000546,Ashley Hinson,Ashley,,Hinson,,,True,ia,lower,67,Republican,https://www.legis.iowa.gov/photo?action=getPhoto&ga=2017-2018&pid=18049,2017-01-09 06:03:19.252000,2017-06-01 07:01:32.558000
IAL000547,Ras Smith,Ras,,Smith,,,True,ia,lower,62,Democratic,https://www.legis.iowa.gov/photo?action=getPhoto&ga=2017-2018&pid=18048,2017-01-09 06:03:19.272000,2017-06-01 07:01:32.659000
IAL000549,Monica Kurth,Monica,,Kurth,,,True,ia,lower,89,Democratic,https://www.legis.iowa.gov/photo?action=getPhoto&ga=2017-2018&pid=18614,2017-02-06 06:22:35.038000,2017-06-01 07:01:32.645000
IAL000001,William Anderson,Bill,,Anderson,,,True,ia,upper,3,Republican,https://www.legis.iowa.gov/photo?action=getPhoto&ga=2017-2018&pid=9385,2011-09-13 01:16:50.226000,2017-06-01 07:01:32.776000
IAL000005,Jerry Behn,Jerry,,Behn,,,True,ia,upper,24,Republican,https://www.legis.iowa.gov/photo?action=getPhoto&ga=2017-2018&pid=140,2011-09-13 01:16:50.333000,2017-06-01 07:01:32.736000
IAL000006,Rick Bertrand,Rick,,Bertrand,,,True,ia,upper,7,Republican,https://www.legis.iowa.gov/photo?action=getPhoto&ga=2017-2018&pid=9383,2011-09-13 01:16:50.344000,2017-06-01 07:01:32.758000
IAL000009,Joe Bolkcom,Joe,,Bolkcom,,,True,ia,upper,43,Democratic,https://www.legis.iowa.gov/photo?action=getPhoto&ga=2017-2018&pid=123,2011-09-13 01:16:50.408000,2017-06-01 07:01:32.739000
IAL000010,Tod Bowman,Tod R.,,Bowman,,,True,ia,upper,29,Democratic,https://www.legis.iowa.gov/photo?action=getPhoto&ga=2017-2018&pid=9665,2011-09-13 01:16:50.420000,2017-06-01 07:01:32.769000
IAL000011,Mark Chelgren,Mark,,Chelgren,,,True,ia,upper,41,Republican,https://www.legis.iowa.gov/photo?action=getPhoto&ga=2017-2018&pid=9664,2011-09-13 01:16:50.432000,2017-06-01 07:01:32.745000
IAL000014,Jeff Danielson,Jeff,,Danielson,,,True,ia,upper,30,Democratic,https://www.legis.iowa.gov/photo?action=getPhoto&ga=2017-2018&pid=785,2011-09-13 01:16:50.465000,2017-06-01 07:01:32.734000
IAL000016,Bill Dix,Bill,,Dix,,,True,ia,upper,25,Republican,https://www.legis.iowa.gov/photo?action=getPhoto&ga=2017-2018&pid=22,2011-09-13 01:16:50.488000,2017-06-01 07:01:32.714000
IAL000017,William A. Dotzler Jr.,William,A.,Dotzler,Jr.,,True,ia,upper,31,Democratic,https://www.legis.iowa.gov/photo?action=getPhoto&ga=2017-2018&pid=157,2011-09-13 01:16:50.503000,2017-06-01 07:01:32.775000
IAL000018,Robert E. Dvorsky,Robert,E.,Dvorsky,,,True,ia,upper,37,Democratic,https://www.legis.iowa.gov/photo?action=getPhoto&ga=2017-2018&pid=125,2011-09-13 01:16:50.514000,2017-06-01 07:01:32.761000
IAL000020,Randy Feenstra,Randy,,Feenstra,,,True,ia,upper,2,Republican,https://www.legis.iowa.gov/photo?action=getPhoto&ga=2017-2018&pid=6565,2011-09-13 01:16:50.537000,2017-06-01 07:01:32.755000
IAL000028,Robert M. Hogg,Robert,M.,Hogg,,,True,ia,upper,33,Democratic,https://www.legis.iowa.gov/photo?action=getPhoto&ga=2017-2018&pid=6257,2011-09-13 01:16:50.648000,2017-06-01 07:01:32.762000
IAL000029,Wally E. Horn,Wally,E.,Horn,,,True,ia,upper,35,Democratic,https://www.legis.iowa.gov/photo?action=getPhoto&ga=2017-2018&pid=127,2011-09-13 01:16:50.659000,2017-06-01 07:01:32.772000
IAL000031,Pam Jochum,Pam,,Jochum,,,True,ia,upper,50,Democratic,https://www.legis.iowa.gov/photo?action=getPhoto&ga=2017-2018&pid=35,2011-09-13 01:16:50.683000,2017-06-01 07:01:32.754000
IAL000032,David Johnson,David,,Johnson,,,True,ia,upper,1,No Party Specified,https://www.legis.iowa.gov/photo?action=getPhoto&ga=2017-2018&pid=155,2011-09-13 01:16:50.696000,2017-06-01 07:01:32.724000
IAL000033,Tim L. Kapucian,Tim,L.,Kapucian,,,True,ia,upper,38,Republican,https://www.legis.iowa.gov/photo?action=getPhoto&ga=2017-2018&pid=6567,2011-09-13 01:16:50.710000,2017-06-01 07:01:32.767000
IAL000036,Matthew McCoy,Matt,,McCoy,,,True,ia,upper,21,Democratic,https://www.legis.iowa.gov/photo?action=getPhoto&ga=2017-2018&pid=134,2011-09-13 01:16:50.744000,2017-06-01 07:01:32.750000
IAL000038,Herman C. Quirmbach,Herman,C.,Quirmbach,,,True,ia,upper,23,Democratic,https://www.legis.iowa.gov/photo?action=getPhoto&ga=2017-2018&pid=161,2011-09-13 01:16:50.771000,2017-06-01 07:01:32.726000
IAL000039,Amanda Ragan,Amanda,,Ragan,,,True,ia,upper,27,Democratic,https://www.legis.iowa.gov/photo?action=getPhoto&ga=2017-2018&pid=110,2011-09-13 01:16:50.788000,2017-06-01 07:01:32.696000
IAL000044,Roby Smith,Roby,,Smith,,,True,ia,upper,47,Republican,https://www.legis.iowa.gov/photo?action=getPhoto&ga=2017-2018&pid=9386,2011-09-13 01:16:50.868000,2017-06-01 07:01:32.764000
IAL000048,Jack Whitver,Jack,,Whitver,,,True,ia,upper,19,Republican,https://www.legis.iowa.gov/photo?action=getPhoto&ga=2017-2018&pid=9768,2011-09-13 01:16:50.916000,2017-06-01 07:01:32.728000
IAL000050,Brad Zaun,Brad,,Zaun,,,True,ia,upper,20,Republican,https://www.legis.iowa.gov/photo?action=getPhoto&ga=2017-2018&pid=788,2011-09-13 01:16:50.944000,2017-06-01 07:01:32.716000
IAL000070,Julian Garrett,Julian B.,,Garrett,,,True,ia,upper,13,Republican,https://www.legis.iowa.gov/photo?action=getPhoto&ga=2017-2018&pid=9404,2011-09-13 01:16:51.239000,2017-06-01 07:01:32.740000
IAL000115,Janet Petersen,Janet,,Petersen,,,True,ia,upper,18,Democratic,https://www.legis.iowa.gov/photo?action=getPhoto&ga=2017-2018&pid=72,2011-09-13 01:16:51.899000,2017-06-01 07:01:32.731000
IAL000125,Jason Schultz,Jason,,Schultz,,,True,ia,upper,9,Republican,https://www.legis.iowa.gov/photo?action=getPhoto&ga=2017-2018&pid=6588,2011-09-13 01:16:52.063000,2017-06-01 07:01:32.732000
IAL000151,Liz Mathis,Liz,,Mathis,,,True,ia,upper,34,Democratic,https://www.legis.iowa.gov/photo?action=getPhoto&ga=2017-2018&pid=10318,2011-11-15 01:11:14.790000,2017-06-01 07:01:32.744000
IAL000185,Michael Breitbach,Michael,,Breitbach,,,True,ia,upper,28,Republican,https://www.legis.iowa.gov/photo?action=getPhoto&ga=2017-2018&pid=10730,2013-01-15 15:42:17.195000,2017-06-01 07:01:32.751000
IAL000186,Jake Chapman,Jake,,Chapman,,,True,ia,upper,10,Republican,https://www.legis.iowa.gov/photo?action=getPhoto&ga=2017-2018&pid=10728,2013-01-15 15:42:17.201000,2017-06-01 07:01:32.729000
IAL000196,Dennis Guth,Dennis,,Guth,,,True,ia,upper,4,Republican,https://www.legis.iowa.gov/photo?action=getPhoto&ga=2017-2018&pid=10726,2013-01-15 15:42:17.281000,2017-06-01 07:01:32.725000
IAL000197,Rita Hart,Rita,,Hart,,,True,ia,upper,49,Democratic,https://www.legis.iowa.gov/photo?action=getPhoto&ga=2017-2018&pid=10734,2013-01-15 15:42:17.288000,2017-06-01 07:01:32.759000
IAL000210,Ken Rozenboom,Ken,,Rozenboom,,,True,ia,upper,40,Republican,https://www.legis.iowa.gov/photo?action=getPhoto&ga=2017-2018&pid=10731,2013-01-15 15:42:17.375000,2017-06-01 07:01:32.741000
IAL000211,Charles Schneider,Charles,,Schneider,,,True,ia,upper,22,Republican,https://www.legis.iowa.gov/photo?action=getPhoto&ga=2017-2018&pid=10829,2013-01-15 15:42:17.381000,2017-06-01 07:01:32.717000
IAL000213,Mark Segebart,Mark,,Segebart,,,True,ia,upper,6,Republican,https://www.legis.iowa.gov/photo?action=getPhoto&ga=2017-2018&pid=10727,2013-01-15 15:42:17.395000,2017-06-01 07:01:32.749000
IAL000215,Amy Sinclair,Amy,,Sinclair,,,True,ia,upper,14,Republican,https://www.legis.iowa.gov/photo?action=getPhoto&ga=2017-2018&pid=10729,2013-01-15 15:42:17.408000,2017-06-01 07:01:32.713000
IAL000219,Rich Taylor,Rich,,Taylor,,,True,ia,upper,42,Democratic,https://www.legis.iowa.gov/photo?action=getPhoto&ga=2017-2018&pid=10735,2013-01-15 15:42:17.440000,2017-06-01 07:01:32.757000
IAL000223,Dan Zumbach,Dan,,Zumbach,,,True,ia,upper,48,Republican,https://www.legis.iowa.gov/photo?action=getPhoto&ga=2017-2018&pid=10733,2013-01-15 15:42:17.467000,2017-06-01 07:01:32.722000
IAL000234,Mark Costello,Mark,,Costello,,,True,ia,upper,12,Republican,https://www.legis.iowa.gov/photo?action=getPhoto&ga=2017-2018&pid=10749,2013-01-15 15:42:17.555000,2017-06-01 07:01:32.747000
IAL000499,Tim Kraayenbrink,Tim,,Kraayenbrink,,,True,ia,upper,5,Republican,https://www.legis.iowa.gov/photo?action=getPhoto&ga=2017-2018&pid=14812,2015-01-12 22:28:47.562000,2017-06-01 07:01:32.766000
IAL000503,Kevin Kinney,Kevin,,Kinney,,,True,ia,upper,39,Democratic,https://www.legis.iowa.gov/photo?action=getPhoto&ga=2017-2018&pid=14817,2015-01-12 22:28:47.720000,2017-06-01 07:01:32.743000
IAL000505,Chaz Allen,Chaz,,Allen,,,True,ia,upper,15,Democratic,https://www.legis.iowa.gov/photo?action=getPhoto&ga=2017-2018&pid=14815,2015-01-12 22:28:47.778000,2017-06-01 07:01:32.718000
IAL000515,Tom Shipley,Tom,,Shipley,,,True,ia,upper,11,Republican,https://www.legis.iowa.gov/photo?action=getPhoto&ga=2017-2018&pid=14814,2015-01-12 22:28:48.596000,2017-06-01 07:01:32.770000
IAL000516,Tony Bisignano,Tony,,Bisignano,,,True,ia,upper,17,Democratic,https://www.legis.iowa.gov/photo?action=getPhoto&ga=2017-2018&pid=906,2015-01-12 22:28:48.628000,2017-06-01 07:01:32.771000
IAL000528,Dan Dawson,Dan,,Dawson,,,True,ia,upper,8,Republican,https://www.legis.iowa.gov/photo?action=getPhoto&ga=2017-2018&pid=18072,2017-01-09 06:03:18.485000,2017-06-01 07:01:32.721000
IAL000530,Jim Lykam,Jim,,Lykam,,,True,ia,upper,45,Democratic,https://www.legis.iowa.gov/photo?action=getPhoto&ga=2017-2018&pid=246,2017-01-09 06:03:18.575000,2017-06-01 07:01:32.738000
IAL000533,Craig Johnson,Craig,,Johnson,,,True,ia,upper,32,Republican,https://www.legis.iowa.gov/photo?action=getPhoto&ga=2017-2018&pid=18075,2017-01-09 06:03:18.615000,2017-06-01 07:01:32.720000
IAL000535,Jeff Edler,Jeff,,Edler,,,True,ia,upper,36,Republican,https://www.legis.iowa.gov/photo?action=getPhoto&ga=2017-2018&pid=18076,2017-01-09 06:03:18.693000,2017-06-01 07:01:32.735000
IAL000537,Nate Boulton,Nate,,Boulton,,,True,ia,upper,16,Democratic,https://www.legis.iowa.gov/photo?action=getPhoto&ga=2017-2018&pid=18073,2017-01-09 06:03:18.727000,2017-06-01 07:01:32.753000
IAL000540,Thomas A. Greene,Thomas A.,,Greene,,,True,ia,upper,44,Republican,https://www.legis.iowa.gov/photo?action=getPhoto&ga=2017-2018&pid=18077,2017-01-09 06:03:18.938000,2017-06-01 07:01:32.765000
IAL000544,Waylon Brown,Waylon,,Brown,,,True,ia,upper,26,Republican,https://www.legis.iowa.gov/photo?action=getPhoto&ga=2017-2018&pid=18074,2017-01-09 06:03:19.186000,2017-06-01 07:01:32.774000
IAL000548,Mark S. Lofgren,Mark S.,,Lofgren,,,True,ia,upper,46,Republican,https://www.legis.iowa.gov/photo?action=getPhoto&ga=2017-2018&pid=9406,2017-01-09 06:03:19.284000,2017-06-01 07:01:32.748000
