leg_id,full_name,first_name,middle_name,last_name,suffixes,nickname,active,state,chamber,district,party,photo_url,created_at,updated_at
MEL000003,Jonathan T.E. Courtney,Jonathan,T.E.,Courtney,,,False,me,,,,http://www.maine.gov/legis/senate_gop/_images/courtney.jpg,2011-06-13 17:13:38.698000,2014-12-02 04:04:50.043000
MEL000004,Nancy B. Sullivan,Nancy,B.,Sullivan,,,False,me,,,,http://www.mainesenate.org/wp-content/uploads/2011/02/sullivan.png,2011-06-13 17:13:38.700000,2014-12-02 04:04:50.057000
MEL000005,Barry J. Hobbins,Barry J.,,Hobbins,,,False,me,,,,http://www.maine.gov/legis/house/photo127/hobbbj.jpg,2011-06-13 17:13:38.702000,2016-12-27 23:49:34.225000
MEL000006,Philip L. Bartlett,Philip,L.,Bartlett,,,False,me,,,,,2011-06-13 17:13:38.704000,2014-12-02 04:04:50.059000
MEL000007,Lawrence S. Bliss,Lawrence,S.,Bliss,,,False,me,,,,http://maine.gov/legis/house/history/123rd/photo123/blisl_.jpg,2011-06-13 17:13:38.706000,2012-06-05 14:19:29.184000
MEL000008,Justin L. Alfond,Justin,L.,Alfond,,,False,me,,,,http://senatedems.maine.gov/alfond/images/JustinAlfondHeadshot-md.jpg,2011-06-13 17:13:38.723000,2017-01-29 04:35:03.066000
MEL000009,Joseph C. Brannigan,Joseph,C.,Brannigan,,,False,me,,,,http://senatedems.maine.gov/brannigan/images/Senator%20Joe%20Brannigan-med.jpg,2011-06-13 17:13:38.872000,2014-12-02 04:04:50.061000
MEL000010,Stanley J. Gerzofsky,Stanley,J.,Gerzofsky,,,False,me,,,,http://senatedems.maine.gov/gerzofsky/images/Stangerzofsky.jpg,2011-06-13 17:13:38.875000,2017-06-01 07:01:20.152000
MEL000011,Richard G. Woodbury,Richard,G.,Woodbury,,,False,me,,,,http://maine.gov/legis/house/history/123rd/photo123/woodrg.jpg,2011-06-13 17:13:38.879000,2015-01-05 15:45:00.956000
MEL000012,Bill Diamond,Bill,,Diamond,,,False,me,,,,http://senatedems.maine.gov/diamond/images/billdiamondhead-med.jpg,2011-06-13 17:13:38.881000,2014-12-02 04:04:50.044000
MEL000013,David R. Hastings,David,R.,Hastings,,,False,me,,,,http://www.maine.gov/legis/senate_gop/_images/hastings.jpg,2011-06-13 17:13:38.883000,2014-12-02 04:04:50.058000
MEL000014,John L. Patrick,John,L.,Patrick,,,False,me,,,,http://www.maine.gov/legis/house/history/123rd/photo123/patrjl.jpg,2011-06-13 17:13:39.036000,2017-06-01 07:01:20.146000
MEL000015,Lois A. Snowe-Mello,Lois,A.,Snowe-Mello,,,False,me,,,,http://www.maine.gov/legis/senate_gop/_images/snowe-mello.jpg,2011-06-13 17:13:39.038000,2014-12-02 04:04:50.064000
MEL000016,Margaret M. Craven,Margaret,M.,Craven,,,False,me,,,,http://www.maine.gov/legis/house/history/122nd/photo122/cravmm.jpg,2011-06-13 17:13:39.039000,2015-01-05 15:45:00.963000
MEL000019,Seth A. Goodall,Seth,A.,Goodall,,,False,me,,,,http://www.maine.gov/legis/senate/images/goodall.jpg,2011-06-13 17:13:39.066000,2013-10-09 14:36:52.630000
MEL000020,A. David Trahan, A.,David,Trahan,,,False,me,,,,http://www.maine.gov/legis/senate_gop/_images/trahan.jpg,2011-06-13 17:13:39.108000,2013-01-04 00:07:12.277000
MEL000021,Earle L. McCormick,Earle,L.,McCormick,,,False,me,,,,http://www.maine.gov/legis/senate_gop/_images/mccormick.jpg,2011-06-13 17:13:39.117000,2017-06-01 07:01:20.145000
MEL000022,Christopher W. Rector,Christopher,W.,Rector,,,False,me,,,,http://www.maine.gov/legis/senate_gop/_images/rector.jpg,2011-06-13 17:13:39.118000,2013-01-04 00:07:12.255000
MEL000025,Thomas H. Martin,Thomas,H.,Martin,,,False,me,,,,http://www.maine.gov/legis/senate_gop/_images/martin.jpg,2011-06-13 17:13:39.144000,2013-01-04 00:07:12.237000
MEL000027,Douglas A. Thomas,Douglas,A.,Thomas,,,False,me,,,,http://www.maine.gov/legis/senate_gop/_images/thomas.jpg,2011-06-13 17:13:39.157000,2015-01-05 15:45:00.979000
MEL000029,Kevin L. Raye,Kevin,L.,Raye,,,False,me,,,,http://www.maine.gov/legis/senate_gop/_images/raye.jpg,2011-06-13 17:13:39.162000,2013-01-04 00:07:12.278000
MEL000030,Elizabeth M. Schneider,Elizabeth,M.,Schneider,,,False,me,,,,http://www.maine.gov/legis/senate/images/EMS%20Headshot.jpg,2011-06-13 17:13:39.164000,2014-12-02 04:04:50.063000
MEL000031,Richard W. Rosen,Richard,W.,Rosen,,,False,me,,,,http://www.maine.gov/legis/senate_gop/_images/rosen.jpg,2011-06-13 17:13:39.175000,2014-12-02 04:04:50.064000
MEL000032,Nichi S. Farnham,Nichi,S.,Farnham,,,False,me,,,,http://www.maine.gov/legis/senate_gop/_images/farnham.jpg,2011-06-13 17:13:39.177000,2014-12-02 04:04:50.065000
MEL000033,Debra D. Plowman,Debra,D.,Plowman,,,False,me,,,,http://www.maine.gov/legis/senate/images/plowman1.jpg,2011-06-13 17:13:39.178000,2014-12-02 04:04:50.060000
MEL000035,Troy Dale Jackson,Troy,D.,Jackson,,,False,me,,,,http://www.maine.gov/legis/house/history/122nd/photo122/jacktd.jpg,2011-06-13 17:13:39.183000,2015-01-05 15:45:00.996000
MEL000037,Charles Kenneth Theriault,Charles,Kenneth,Theriault,,,False,me,,,,http://www.maine.gov/legis/house/photo125/therck.jpg,2011-06-13 17:13:39.196000,2015-01-05 15:45:00.802000
MEL000038,Bernard L. A. Ayotte,Bernard,L. A.,Ayotte,,,False,me,,,,http://www.maine.gov/legis/house_gop/_images/ayotte.jpg,2011-06-13 17:13:39.197000,2015-01-05 15:45:00.817000
MEL000039,Peter E. Edgecomb,Peter,E.,Edgecomb,,,False,me,,,,http://www.maine.gov/legis/house_gop/_images/edgep_.jpg,2011-06-13 17:13:39.199000,2017-06-01 07:01:20.150000
MEL000040,Michael J. Willette,Michael,J.,Willette,,,False,me,,,,http://www.maine.gov/legis/house/photo125/willmj.jpg,2011-06-13 17:13:39.201000,2013-01-04 00:07:12.251000
MEL000041,Tyler Clark,Tyler,,Clark,,,False,me,,,,http://www.maine.gov/legis/house/photo125/clarta.jpg,2011-06-13 17:13:39.213000,2015-01-05 15:45:00.877000
MEL000042,Alexander Reginald Willette,Alexander,Reginald,Willette,,,False,me,,,,http://www.maine.gov/legis/house/photo125/willar.jpg,2011-06-13 17:13:39.215000,2015-01-05 15:45:00.898000
MEL000043,Joyce A. Fitzpatrick,Joyce,A.,Fitzpatrick,,,False,me,,,,http://www.maine.gov/legis/house_gop/_images/fitzja.jpg,2011-06-13 17:13:39.218000,2015-01-05 15:45:00.924000
MEL000044,Ricky D. Long,Ricky,D.,Long,,,False,me,,,,http://www.maine.gov/legis/house_gop/_images/longrd.jpg,2011-06-13 17:13:39.220000,2016-12-27 23:49:34.309000
MEL000045,Herbert E. Clark,Herbert,E.,Clark,,,False,me,,,,http://www.maine.gov/legis/house/photo125/clarhe.jpg,2011-06-13 17:13:39.222000,2013-01-04 00:07:12.234000
MEL000046,Beth P. Turner,Beth,P.,Turner,,,False,me,,,,http://www.maine.gov/legis/house/photo125/turnbp.jpg,2011-06-13 17:13:39.223000,2016-12-27 23:49:34.228000
MEL000047,Jeffery Allen Gifford,Jeffery,Allen,Gifford,,,False,me,,,,http://www.maine.gov/legis/house/photo125/giffja.jpg,2011-06-13 17:13:39.225000,2015-01-05 15:45:00.736000
MEL000050,Adam A. Goode,Adam,A.,Goode,,,False,me,,,,http://www.maine.gov/legis/house/photo125/gooda_.jpg,2011-06-13 17:13:39.248000,2016-12-27 23:49:34.217000
MEL000051,Douglas K. Damon,Douglas,K.,Damon,,,False,me,,,,http://www.maine.gov/legis/house_gop/_images/damodk.jpg,2011-06-13 17:13:39.251000,2013-01-04 00:07:12.252000
MEL000052,Sara R. Stevens,Sara,R.,Stevens,,,False,me,,,,http://www.maine.gov/legis/housedems/representatives/images/stevensmugccolor.JPG,2011-06-13 17:13:39.253000,2013-01-04 00:07:12.219000
MEL000053,James W. Parker,James,W.,Parker,,,False,me,,,,http://www.maine.gov/legis/house/photo125/parkjw.jpg,2011-06-13 17:13:39.255000,2013-01-04 00:07:12.230000
MEL000054,Emily Ann Cain,Emily,A.,Cain,,,False,me,,,,http://www.maine.gov/legis/housedems/representatives/images/125highresphotos/webcainmug.jpg,2011-06-13 17:13:39.258000,2015-01-05 15:45:00.985000
MEL000055,David D. Johnson,David,D.,Johnson,,,False,me,,,,http://www.maine.gov/legis/house_gop/_images/johndd.jpg,2011-06-13 17:13:39.260000,2015-01-05 15:45:00.803000
MEL000056,Michael Celli,Michael,,Celli,,,False,me,,,,http://www.maine.gov/legis/house_gop/_images/cellm_.jpg,2011-06-13 17:13:39.372000,2013-01-04 00:07:12.276000
MEL000058,David E. Richardson,David,E.,Richardson,,,False,me,,,,http://www.maine.gov/legis/house_gop/_images/richde.jpg,2011-06-13 17:13:39.376000,2013-01-04 00:07:12.224000
MEL000059,Frederick L. Wintle,Frederick,L.,Wintle,,,False,me,,,,http://www.maine.gov/legis/house_gop/_images/wintfl.jpg,2011-06-13 17:13:39.378000,2012-06-05 14:22:16.543000
MEL000061,Paul T Davis Sr.,Paul,T,Davis,Sr.,,False,me,,,,http://www.maine.gov/legis/house_gop/_images/davipt.jpg,2011-06-13 17:13:39.447000,2015-01-05 15:45:00.812000
MEL000062,Peter B. Johnson,Peter,B.,Johnson,,,False,me,,,,http://www.maine.gov/legis/house_gop/_images/johnpb.jpg,2011-06-13 17:13:39.449000,2015-01-05 15:45:00.813000
MEL000063,Dean A. Cray,Dean,A.,Cray,,,False,me,,,,http://www.maine.gov/legis/house_gop/_images/crayda.jpg,2011-06-13 17:13:39.451000,2015-01-05 15:45:00.814000
MEL000064,Stacey Allen Fitts,Stacey,Allen,Fitts,,,False,me,,,,http://www.maine.gov/legis/house/photo125/fittsa.jpg,2011-06-13 17:13:39.453000,2013-01-04 00:07:12.227000
MEL000065,Howard E. McFadden,Howard,E.,McFadden,,,False,me,,,,http://www.maine.gov/legis/house_gop/_images/mcfahe.jpg,2011-06-13 17:13:39.454000,2013-01-04 00:07:12.225000
MEL000066,Joyce A. Maker,Joyce,A.,Maker,,,False,me,,,,http://www.maine.gov/legis/house_gop/_images/makeja.jpg,2011-06-13 17:13:39.466000,2016-12-27 23:49:34.266000
MEL000067,David C. Burns,David,C.,Burns,,,False,me,,,,http://www.maine.gov/legis/house/photo125/burndc.jpg,2011-06-13 17:13:39.469000,2017-06-01 07:01:20.142000
MEL000068,Dianne C. Tilton,Dianne,C.,Tilton,,,False,me,,,,http://www.maine.gov/legis/house_gop/_images/tiltd_.jpg,2011-06-13 17:13:39.483000,2013-01-04 00:07:12.240000
MEL000070,Elspeth M. Flemings,Elspeth,M.,Flemings,,,False,me,,,,http://www.maine.gov/legis/house/photo125/fleme_.jpg,2011-06-13 17:13:39.541000,2013-01-04 00:07:12.244000
MEL000077,Peter B. Rioux,Peter,B.,Rioux,,,False,me,,,,http://www.maine.gov/legis/house_gop/_images/rioupb.jpg,2011-06-13 17:13:39.566000,2013-01-04 00:07:12.247000
MEL000079,Andrew R. O'Brien,Andrew,R.,O'Brien,,,False,me,,,,http://www.maine.gov/legis/housedems/representatives/images/125highresphotos/obrienmug.jpg,2011-06-13 17:13:39.570000,2013-01-04 00:07:12.215000
MEL000080,R. Ryan Harmon,R. Ryan,,Harmon,,,False,me,,,,http://www.maine.gov/legis/house_gop/_images/harmrr.jpg,2011-06-13 17:13:39.572000,2013-01-04 00:07:12.262000
MEL000081,Joan W. Welsh,Joan,W.,Welsh,,,False,me,,,,http://www.maine.gov/legis/house/photo125/welsjw.jpg,2011-06-13 17:13:39.599000,2016-12-27 23:49:34.265000
MEL000082,Edward J. Mazurek,Edward,J.,Mazurek,,,False,me,,,,http://www.maine.gov/legis/housedems/representatives/images/MazurekMugcolor.JPG,2011-06-13 17:13:39.601000,2015-01-05 15:45:00.972000
MEL000083,Chuck Kruger,Chuck,,Kruger,,,False,me,,,,http://www.maine.gov/legis/housedems/representatives/images/125highresphotos/krugermug.jpg,2011-06-13 17:13:39.603000,2016-12-27 23:49:34.252000
MEL000084,Wesley E. Richardson,Wesley,E.,Richardson,,,False,me,,,,http://www.maine.gov/legis/house_gop/_images/richwe.jpg,2011-06-13 17:13:39.605000,2013-01-04 00:07:12.263000
MEL000085,Dana L. Dow,Dana,L.,Dow,,,False,me,,,,http://www.maine.gov/legis/house_gop/_images/dow_dl.jpg,2011-06-13 17:13:39.607000,2013-01-04 00:07:12.239000
MEL000086,Jonathan B. McKane,Jonathan,B.,McKane,,,False,me,,,,http://www.maine.gov/legis/house_gop/_images/mckajb.jpg,2011-06-13 17:13:39.609000,2013-01-04 00:07:12.256000
MEL000088,Leslie T Fossel,Leslie,T,Fossel,,,False,me,,,,http://www.maine.gov/legis/house/photo125/fosslt.jpg,2011-06-13 17:13:39.613000,2013-01-04 00:07:12.233000
MEL000089,Susan E. Morissette,Susan,E.,Morissette,,,False,me,,,,http://www.maine.gov/legis/house/photo125/morise.jpg,2011-06-13 17:13:39.615000,2013-01-04 00:07:12.221000
MEL000090,H. David Cotta,H. David,,Cotta,,,False,me,,,,http://www.maine.gov/legis/house/photo125/cotthd.jpg,2011-06-13 17:13:39.626000,2015-01-05 15:45:00.870000
MEL000091,Anna D. Blodgett,Anna,D.,Blodgett,,,False,me,,,,http://www.maine.gov/legis/house/photo125/blodad.jpg,2011-06-13 17:13:39.628000,2013-01-04 00:07:12.222000
MEL000092,Maeghan Maloney,Maeghan,,Maloney,,,False,me,,,,http://www.maine.gov/legis/house/photo125/malom_.jpg,2011-06-13 17:13:39.630000,2013-01-04 00:07:12.268000
MEL000093,Karen D. Foster,Karen,D.,Foster,,,False,me,,,,http://www.maine.gov/legis/house/photo125/fostkd.jpg,2011-06-13 17:13:39.632000,2013-01-04 00:07:12.188000
MEL000094,Stephen P. Hanley,Stephen,P.,Hanley,,,False,me,,,,http://www.maine.gov/legis/housedems/representatives/images/HanleyMugcolor.JPG,2011-06-13 17:13:39.633000,2013-01-04 00:07:12.223000
MEL000095,Kerri L. Prescott,Kerri,L.,Prescott,,,False,me,,,,http://www.maine.gov/legis/house_gop/_images/preskl.jpg,2011-06-13 17:13:39.637000,2013-01-04 00:07:12.189000
MEL000096,W. Bruce MacDonald,W. Bruce,,MacDonald,,,False,me,,,,http://www.maine.gov/legis/housedems/representatives/images/MacDonaldMugcolor.JPG,2011-06-13 17:13:39.639000,2015-01-05 15:45:00.880000
MEL000097,Michael H. Clarke,Michael,H.,Clarke,,,False,me,,,,http://www.maine.gov/legis/house/photo125/clarmh.jpg,2011-06-13 17:13:39.640000,2013-01-04 00:07:12.190000
MEL000098,Charles R. Priest,Charles,R.,Priest,,,False,me,,,,http://www.maine.gov/legis/house/photo125/priecr.jpg,2011-06-13 17:13:39.649000,2015-01-05 15:45:00.882000
MEL000099,Kimberly N. Olsen,Kimberly,N.,Olsen,,,False,me,,,,http://www.maine.gov/legis/house_gop/_images/olsekn.jpg,2011-06-13 17:13:39.663000,2013-01-04 00:07:12.264000
MEL000100,Peter S. Kent,Peter,S.,Kent,,,False,me,,,,http://www.maine.gov/legis/house/photo125/kentps.jpg,2011-06-13 17:13:39.665000,2015-01-05 15:45:00.890000
MEL000101,Alexander Cornell du Houx,Alexander Cornell,,du Houx,,,False,me,,,,http://www.maine.gov/legis/house/photo125/corna_.jpg,2011-06-13 17:13:39.671000,2013-01-04 00:07:12.270000
MEL000102,Seth A. Berry,Seth,A.,Berry,,,False,me,,,,http://www.maine.gov/legis/housedems/representatives/images/125highresphotos/webberrymug.jpg,2011-06-13 17:13:39.672000,2015-01-05 15:45:00.893000
MEL000103,Michael G. Beaulieu,Michael,G.,Beaulieu,,,False,me,,,,http://www.maine.gov/legis/house/photo125/beaumg.jpg,2011-06-13 17:13:39.674000,2015-01-05 15:45:00.894000
MEL000104,Brian D. Bolduc,Brian,D.,Bolduc,,,False,me,,,,http://www.maine.gov/legis/house/photo125/boldbd.jpg,2011-06-13 17:13:39.686000,2015-01-05 15:45:00.896000
MEL000106,Michel A. Lajoie,Michel,A.,Lajoie,,,False,me,,,,http://www.maine.gov/legis/house/photo125/lajoma.jpg,2011-06-13 17:13:39.690000,2016-12-27 23:49:34.302000
MEL000107,Michael E. Carey,Michael,E.,Carey,,,False,me,,,,http://www.maine.gov/legis/house/photo125/careme.jpg,2011-06-13 17:13:39.691000,2015-01-05 15:45:00.911000
MEL000108,Richard V Wagner,Richard,V,Wagner,,,False,me,,,,http://www.maine.gov/legis/housedems/representatives/images/WagnerMugcolor.JPG,2011-06-13 17:13:39.716000,2013-01-04 00:07:12.192000
MEL000109,Margaret R. Rotundo,Margaret,R.,Rotundo,,,False,me,,,,http://www.maine.gov/legis/housedems/representatives/images/RotundoMugcolor.jpg,2011-06-13 17:13:39.719000,2016-12-27 23:49:34.295000
MEL000111,Henry E. M. Beck,Henry,E. M.,Beck,,,False,me,,,,http://www.maine.gov/legis/housedems/representatives/images/beckmugcolor.JPG,2011-06-13 17:13:39.727000,2016-12-27 23:49:34.259000
MEL000113,Robert W. Nutting,Robert,W.,Nutting,,,False,me,,,,http://www.maine.gov/legis/house_gop/_images/nuttrw.jpg,2011-06-13 17:13:39.740000,2016-12-27 23:49:34.312000
MEL000114,Sharon Anglin Treat,Sharon,Anglin,Treat,,,False,me,,,,http://www.maine.gov/legis/house/photo125/treasa.jpg,2011-06-13 17:13:39.742000,2015-01-05 15:45:00.921000
MEL000115,Melvin Newendyke,Melvin,,Newendyke,,,False,me,,,,http://www.maine.gov/legis/house/photo125/neweml.jpg,2011-06-13 17:13:39.743000,2015-01-05 15:45:00.925000
MEL000116,L. Gary Knight,L. Gary,,Knight,,,False,me,,,,http://www.maine.gov/legis/house/photo125/kniglg.jpg,2011-06-13 17:13:39.745000,2015-01-05 15:45:00.926000
MEL000117,Patrick S. A. Flood,Patrick,S. A.,Flood,,,False,me,,,,http://www.maine.gov/legis/house_gop/_images/floops.jpg,2011-06-13 17:13:39.749000,2015-01-05 15:45:00.971000
MEL000118,Dennis L. Keschl,Dennis,L.,Keschl,,,False,me,,,,http://www.maine.gov/legis/house_gop/_images/kescdl.jpg,2011-06-13 17:13:39.751000,2015-01-05 15:45:00.929000
MEL000119,John J. Picchiotti,John,J.,Picchiotti,,,False,me,,,,http://www.maine.gov/legis/house_gop/_images/piccjj.jpg,2011-06-13 17:13:39.753000,2013-01-04 00:07:12.269000
MEL000120,Jeff M. McCabe,Jeff,M.,McCabe,,,False,me,,,,http://www.maine.gov/legis/house/photo125/mccajm.jpg,2011-06-13 17:13:39.755000,2016-12-27 23:49:34.262000
MEL000121,Philip A. Curtis,Philip,A.,Curtis,,,False,me,,,,http://www.maine.gov/legis/house_gop/_images/curtis.jpg,2011-06-13 17:13:39.757000,2013-01-04 00:07:12.273000
MEL000122,Paul E. Gilbert,Paul,E.,Gilbert,,,False,me,,,,http://www.maine.gov/legis/house/photo125/gilbpe.jpg,2011-06-13 17:13:39.764000,2016-12-27 23:49:34.306000
MEL000123,Larry C. Dunphy,Larry,C.,Dunphy,,,False,me,,,,http://www.maine.gov/legis/house/photo125/dunplc.jpg,2011-06-13 17:13:39.766000,2016-12-27 23:49:34.290000
MEL000124,Lance Evans Harvell,Lance,Evans,Harvell,,,False,me,,,,http://www.maine.gov/legis/house/photo125/harvle.jpg,2011-06-13 17:13:39.768000,2015-01-05 15:45:00.937000
MEL000126,Jarrod S. Crockett,Jarrod,S.,Crockett,,,False,me,,,,http://www.maine.gov/legis/house/photo125/crocjs.jpg,2011-06-13 17:13:39.771000,2015-01-05 15:45:00.941000
MEL000127,Matthew J. Peterson,Matthew,J.,Peterson,,,False,me,,,,http://www.maine.gov/legis/housedems/representatives/images/PetersonMugcolor.JPG,2011-06-13 17:13:39.773000,2016-12-27 23:49:34.299000
MEL000128,Sheryl J. Briggs,Sheryl,J.,Briggs,,,False,me,,,,http://www.maine.gov/legis/house/photo125/brigsj.jpg,2011-06-13 17:13:39.775000,2015-01-05 15:45:00.944000
MEL000129,Teresea Hayes,Teresea M.,,Hayes,,,False,me,,,,http://www.maine.gov/legis/house/photo125/hayetm.jpg,2011-06-13 17:13:39.777000,2015-01-05 15:45:00.945000
MEL000132,Helen Rankin,Helen,,Rankin,,,False,me,,,,http://www.maine.gov/legis/housedems/representatives/images/rankinmugcolor.JPG,2011-06-13 17:13:39.782000,2015-01-05 15:45:00.949000
MEL000133,G. Paul Waterhouse,G. Paul,,Waterhouse,,,False,me,,,,http://www.maine.gov/legis/house_gop/_images/wategp.jpg,2011-06-13 17:13:39.784000,2013-01-04 00:07:12.266000
MEL000134,Ralph W. Sarty Jr.,Ralph,W.,Sarty,Jr.,,False,me,,,,http://www.maine.gov/legis/house_gop/_images/sartrw.jpg,2011-06-13 17:13:39.788000,2013-01-04 00:07:12.194000
MEL000136,Richard M. Cebra,Richard,M.,Cebra,,,False,me,,,,http://www.maine.gov/legis/house/photo125/cebrrm.jpg,2011-06-13 17:13:39.792000,2013-01-04 00:07:12.242000
MEL000137,Michael A. Shaw,Michael,A.,Shaw,,,False,me,,,,http://www.maine.gov/legis/housedems/representatives/images/shawmugcolor.JPG,2011-06-13 17:13:39.793000,2016-02-05 03:04:44.086000
MEL000138,Michael D. McClellan,Michael,D.,McClellan,,,False,me,,,,http://www.maine.gov/legis/house_gop/_images/mcclmd.jpg,2011-06-13 17:13:39.796000,2016-12-27 23:49:34.300000
MEL000139,Dale J. Crafts,Dale,J.,Crafts,,,False,me,,,,http://www.maine.gov/legis/house/photo125/crafdj.jpg,2011-06-13 17:13:39.798000,2016-12-27 23:49:34.253000
MEL000140,Eleanor M. Espling,Eleanor,M.,Espling,,,False,me,,,,http://www.maine.gov/legis/house_gop/_images/esplem.jpg,2011-06-13 17:13:39.801000,2015-01-05 15:45:00.703000
MEL000141,David C. Webster,David,C.,Webster,,,False,me,,,,http://www.maine.gov/legis/housedems/representatives/images/WebsterMug2color.JPG,2011-06-13 17:13:39.803000,2013-01-04 00:07:12.195000
MEL000142,Melissa Walsh Innes,Melissa,Walsh,Innes,,,False,me,,,,http://www.maine.gov/legis/house/photo125/innemw.jpg,2011-06-13 17:13:39.805000,2013-01-04 00:07:12.196000
MEL000143,Meredith N. Strang Burgess,Meredith,N.,Strang Burgess,,,False,me,,,,http://www.maine.gov/legis/house/photo125/stramn.jpg,2011-06-13 17:13:39.807000,2013-01-04 00:07:12.197000
MEL000144,Anne P. Graham,Anne,P.,Graham,,,False,me,,,,http://www.maine.gov/legis/house/photo125/grahap.jpg,2011-06-13 17:13:39.809000,2015-01-05 15:45:00.716000
MEL000146,Gary E. Plummer,Gary,E.,Plummer,,,False,me,,,,http://www.maine.gov/legis/house_gop/_images/plumge.jpg,2011-06-13 17:13:39.818000,2015-01-05 15:45:00.957000
MEL000147,Mary Pennell Nelson,Mary,Pennell,Nelson,,,False,me,,,,http://www.maine.gov/legis/house/photo125/nelsmp.jpg,2011-06-13 17:13:39.822000,2015-01-05 15:45:00.724000
MEL000148,Mark N. Dion,Mark,N.,Dion,,,False,me,,,,http://www.maine.gov/legis/house/photo125/dionmn.jpg,2011-06-13 17:13:39.824000,2016-12-27 23:49:34.296000
MEL000149,Peter C. Stuckey,Peter,C.,Stuckey,,,False,me,,,,http://www.maine.gov/legis/house/photo125/stucpc.jpg,2011-06-13 17:13:39.826000,2016-12-27 23:49:34.307000
MEL000150,Stephen D. Lovejoy,Stephen,D.,Lovejoy,,,False,me,,,,http://www.maine.gov/legis/house/photo125/lovesd.jpg,2011-06-13 17:13:39.830000,2013-01-04 00:07:12.200000
MEL000152,Anne M. Haskell,Anne,M.,Haskell,,,False,me,,,,http://www.maine.gov/legis/housedems/representatives/images/HaskellMugcolor.JPG,2011-06-13 17:13:39.834000,2017-06-01 07:01:20.140000
MEL000153,Jon Hinck,Jon,,Hinck,,,False,me,,,,http://www.maine.gov/legis/house/photo125/hincj_.jpg,2011-06-13 17:13:39.839000,2013-01-04 00:07:12.202000
MEL000154,Benjamin M. Chipman,Benjamin,M.,Chipman,,,False,me,,,,http://www.maine.gov/legis/house/photo125/chipbm.jpg,2011-06-13 17:13:39.841000,2016-12-27 23:49:34.227000
MEL000155,Diane Russell,Diane,,Russell,,,False,me,,,,http://www.maine.gov/legis/housedems/representatives/images/russellmugcolor.JPG,2011-06-13 17:13:39.842000,2015-01-05 15:45:00.738000
MEL000156,Terry K. Morrison,Terry,K.,Morrison,,,False,me,,,,http://www.maine.gov/legis/housedems/representatives/images/morrisonmugcolor.jpg,2011-06-13 17:13:39.844000,2016-12-27 23:49:34.316000
MEL000157,Jane E. Eberle,Jane,E.,Eberle,,,False,me,,,,http://www.maine.gov/legis/house/photo125/eberje.jpg,2011-06-13 17:13:39.846000,2013-01-04 00:07:12.203000
MEL000158,Bryan T Kaenrath,Bryan,T,Kaenrath,,,False,me,,,,http://www.maine.gov/legis/housedems/representatives/images/kaenrathmug2color.JPG,2011-06-13 17:13:39.855000,2015-01-05 15:45:00.746000
MEL000159,Ann E. Peoples,Ann,E.,Peoples,,,False,me,,,,http://www.maine.gov/legis/housedems/representatives/images/125highresphotos/peoplemug.jpg,2011-06-13 17:13:39.857000,2015-01-05 15:45:00.748000
MEL000160,Timothy E. Driscoll,Timothy,E.,Driscoll,,,False,me,,,,http://www.maine.gov/legis/house/photo125/driste.jpg,2011-06-13 17:13:39.859000,2013-01-04 00:07:12.204000
MEL000163,Jane S. Knapp,Jane,S.,Knapp,,,False,me,,,,http://www.maine.gov/legis/house/photo125/knapjs.jpg,2011-06-13 17:13:39.866000,2013-01-04 00:07:12.205000
MEL000164,Linda F Sanborn,Linda,F,Sanborn,,,False,me,,,,http://www.maine.gov/legis/housedems/representatives/images/sanbornmugcolor.JPG,2011-06-13 17:13:39.867000,2015-01-05 15:45:00.756000
MEL000165,Robert B. Hunt,Robert,B.,Hunt,,,False,me,,,,http://www.maine.gov/legis/housedems/representatives/images/huntmugcolor.JPG,2011-06-13 17:13:39.869000,2013-01-04 00:07:12.183000
MEL000166,George Hogan,George,,Hogan,,,False,me,,,,http://www.maine.gov/legis/house/photo125/hogagw.jpg,2011-06-13 17:13:39.871000,2013-01-04 00:07:12.207000
MEL000167,Donald E. Pilon,Donald,E.,Pilon,,,False,me,,,,http://www.maine.gov/legis/housedems/representatives/images/PilonMug2color.JPG,2011-06-13 17:13:39.873000,2013-01-04 00:07:12.208000
MEL000168,Linda M. Valentino,Linda,M.,Valentino,,,False,me,,,,http://maine.gov/legis/housedems/representatives/images/ValentinoMug.jpg,2011-06-13 17:13:39.875000,2017-06-01 07:01:20.148000
MEL000169,Paulette G. Beaudoin,Paulette,G.,Beaudoin,,,False,me,,,,http://www.maine.gov/legis/house/photo125/beaupg.jpg,2011-06-13 17:13:39.877000,2015-01-05 15:45:00.765000
MEL000170,Megan M. Rochelo,Megan,M.,Rochelo,,,False,me,,,,http://www.maine.gov/legis/house/photo125/rochmm.jpg,2011-06-13 17:13:39.878000,2015-01-05 15:45:00.766000
MEL000171,Alan M. Casavant,Alan,M.,Casavant,,,False,me,,,,http://www.maine.gov/legis/house/photo125/casaam.jpg,2011-06-13 17:13:39.930000,2015-01-05 15:45:00.768000
MEL000172,David R. Burns,David,R.,Burns,,,False,me,,,,http://www.maine.gov/legis/house/photo125/burndc.jpg,2011-06-13 17:13:39.932000,2012-06-07 15:23:19.240000
MEL000173,Aaron F Libby,Aaron,F,Libby,,,False,me,,,,http://www.maine.gov/legis/house_gop/_images/libbaf.jpg,2011-06-13 17:13:39.934000,2015-01-05 15:45:00.770000
MEL000175,Paul Edward Bennett,Paul,Edward,Bennett,,,False,me,,,,http://www.maine.gov/legis/house/photo125/bennpe.jpg,2011-06-13 17:13:39.938000,2015-01-05 15:45:00.775000
MEL000176,Andrea M. Boland,Andrea,M.,Boland,,,False,me,,,,http://www.maine.gov/legis/house/photo125/bolaam.jpg,2011-06-13 17:13:39.939000,2015-01-05 15:45:00.781000
MEL000177,John L. Tuttle Jr.,John,L.,Tuttle,Jr.,,False,me,,,,http://www.maine.gov/legis/housedems/representatives/images/TuttleMugcolor.JPG,2011-06-13 17:13:39.941000,2015-01-05 15:45:00.984000
MEL000178,Joan M. Nass,Joan,M.,Nass,,,False,me,,,,http://www.maine.gov/legis/house_gop/_images/nassjm.jpg,2011-06-13 17:13:39.943000,2013-01-04 00:07:12.265000
MEL000180,Mark W. Eves,Mark,W.,Eves,,,False,me,,,,http://www.maine.gov/legis/house/photo125/evesm_.jpg,2011-06-13 17:13:39.947000,2016-12-27 23:49:34.298000
MEL000181,Kathleen D. Chase,Kathleen,D.,Chase,,,False,me,,,,http://www.maine.gov/legis/house_gop/_images/chaskd.jpg,2011-06-13 17:13:39.948000,2015-01-05 15:45:00.788000
MEL000182,Roberta B. Beavers,Roberta,B.,Beavers,,,False,me,,,,http://www.maine.gov/legis/house/photo125/beavrb.jpg,2011-06-13 17:13:39.970000,2016-12-27 23:49:34.313000
MEL000183,Bradley S. Moulton,Bradley,S.,Moulton,,,False,me,,,,http://www.maine.gov/legis/house/photo125/moulbs.jpg,2011-06-13 17:13:39.972000,2013-01-04 00:07:12.212000
MEL000184,Windol C. Weaver,Windol,C.,Weaver,,,False,me,,,,http://www.maine.gov/legis/house_gop/_images/weavwc.jpg,2011-06-13 17:13:39.974000,2015-01-05 15:45:00.794000
MEL000185,Devin M. Beliveau,Devin,M.,Beliveau,,,False,me,,,,http://www.maine.gov/legis/house/photo125/belidm.jpg,2011-06-13 17:13:39.976000,2013-01-04 00:07:12.213000
MEL000186,Kimberly J. Monaghan-Derrig,Kimberly J.,,Monaghan-Derrig,,,False,me,,,,http://www.maine.gov/legis/house/photo126/monakj.jpg,2011-08-19 02:33:29.106000,2015-01-05 15:45:00.739000
MEL000188,Cynthia A. Dill,Cynthia,A.,Dill,,,False,me,,,,,2011-12-06 02:36:31.770000,2013-01-04 00:07:12.182000
MEL000192,David E. Dutremble,David,E.,Dutremble,,,False,me,,,,http://legisweb1.mainelegislature.org/wp/senate/wp-content/themes/nirvana/images/socials/RSS.png,2013-01-04 00:07:10.420000,2017-01-29 04:35:11.681000
MEL000194,James A. Boyle,James,A.,Boyle,,,False,me,,,,http://www.maine.gov/legis/senate/images/BoyleLowRes.jpg,2013-01-04 00:07:10.434000,2015-01-05 15:45:01
MEL000199,John J. Cleveland,John,J.,Cleveland,,,False,me,,,,http://www.maine.gov/legis/senate/images/ClevelandLowRes.jpg,2013-01-04 00:07:10.499000,2015-01-05 15:45:00.961000
MEL000201,Christopher K. Johnson,Christopher,K.,Johnson,,,False,me,,,,http://legisweb1.mainelegislature.org/wp/senate/wp-content/themes/nirvana/images/socials/RSS.png,2013-01-04 00:07:10.533000,2017-06-01 07:01:20.141000
MEL000204,Colleen M. Lachowicz,Colleen,M.,Lachowicz,,,False,me,,,,http://legisweb1.mainelegislature.org/wp/senate/wp-content/uploads/sites/2/2013/03/Lachowicz.png,2013-01-04 00:07:10.570000,2015-01-05 15:45:00.977000
MEL000207,Edward M. Youngblood,Edward,M.,Youngblood,,,False,me,,,,http://www.maine.gov/legis/senate/images/YoungbloodLowRes.jpg,2013-01-04 00:07:10.618000,2015-01-05 15:45:00.986000
MEL000211,Allen Michael Nadeau,Allen Michael,,Nadeau,,,False,me,,,,http://www.maine.gov/legis/house/photo126/nadeam.jpg,2013-01-04 00:07:10.652000,2015-01-05 15:45:00.677000
MEL000213,Robert J. Saucier,Robert J.,,Saucier,,,False,me,,,,http://www.maine.gov/legis/house/photo127/saucrj.jpg,2013-01-04 00:07:10.679000,2016-12-27 23:49:34.311000
MEL000215,Anita Peavey Haskell,Anita Peavey,,Haskell,,,False,me,,,,http://www.maine.gov/legis/house/photo126/haskap.jpg,2013-01-04 00:07:10.733000,2015-01-05 15:45:00.755000
MEL000219,Ryan D. Tipping-Spitz,Ryan D.,,Tipping-Spitz,,,False,me,,,,http://www.maine.gov/legis/house/photo127/tipprd.jpg,2013-01-04 00:07:10.774000,2016-12-27 23:49:34.314000
MEL000220,Arthur C. Verow,Arthur C.,,Verow,,,False,me,,,,http://www.maine.gov/legis/house/photo127/veroac.jpg,2013-01-04 00:07:10.788000,2016-12-27 23:49:34.224000
MEL000222,"Stanley Byron Short, Jr.",Stanley Byron,,Short,Jr.,,False,me,,,,http://www.maine.gov/legis/house/photo127/shorsb.jpg,2013-01-04 00:07:10.855000,2016-12-27 23:49:34.315000
MEL000224,Katherine W. Cassidy,Katherine W.,,Cassidy,,,False,me,,,,http://www.maine.gov/legis/house/photo126/casskw.jpg,2013-01-04 00:07:10.876000,2015-01-05 15:45:00.821000
MEL000225,Peter Doak,Peter,,Doak,,,False,me,,,,http://www.maine.gov/legis/house/photo126/doakp_.jpg,2013-01-04 00:07:10.883000,2015-01-05 15:45:00.822000
MEL000227,Brian M. Duprey,Brian M.,,Duprey,,,False,me,,,,http://www.maine.gov/legis/house/photo126/duprbm.jpg,2013-01-04 00:07:10.923000,2015-01-05 15:45:00.832000
MEL000229,Joseph E. Brooks,Joseph E.,,Brooks,,,False,me,,,,http://www.maine.gov/legis/house/photo126/brooje.jpg,2013-01-04 00:07:10.944000,2015-01-05 15:45:00.838000
MEL000230,Jethro D. Pease,Jethro D.,,Pease,,,False,me,,,,http://www.maine.gov/legis/house/photo126/peasjd.jpg,2013-01-04 00:07:10.959000,2015-01-05 15:45:00.841000
MEL000231,Brian L. Jones,Brian L.,,Jones,,,False,me,,,,http://www.maine.gov/legis/house/photo126/jonebl.jpg,2013-01-04 00:07:10.965000,2015-01-05 15:45:00.842000
MEL000232,Elizabeth E. Dickerson,Elizabeth E.,,Dickerson,,,False,me,,,,http://www.maine.gov/legis/house/photo127/dickee.jpg,2013-01-04 00:07:10.980000,2015-01-05 15:45:00.845000
MEL000233,Jeffrey Evangelos,Jeffrey,,Evangelos,,,False,me,,,,http://www.maine.gov/legis/house/photo127/evanjp.jpg,2013-01-04 00:07:10.994000,2016-12-27 23:49:34.264000
MEL000234,Ellen A. Winchenbach,Ellen A.,,Winchenbach,,,False,me,,,,http://www.maine.gov/legis/house/photo126/wincea.jpg,2013-01-04 00:07:11.001000,2015-01-05 15:45:00.850000
MEL000235,Michael Gilbert Devin,Michael Gilbert,,Devin,,,False,me,,,,http://www.maine.gov/legis/house/photo126/devimg.jpg,2013-01-04 00:07:11.008000,2015-01-05 15:45:00.852000
MEL000236,Timothy I. Marks,Timothy I.,,Marks,,,False,me,,,,http://www.maine.gov/legis/house/photo126/markti.jpg,2013-01-04 00:07:11.022000,2015-01-05 15:45:00.854000
MEL000238,Corey S. Wilson,Corey S.,,Wilson,,,False,me,,,,http://www.maine.gov/legis/house/photo126/wilscs.jpg,2013-01-04 00:07:11.043000,2015-01-05 15:45:00.872000
MEL000240,Lori Fowle,Lori,,Fowle,,,False,me,,,,http://www.maine.gov/legis/house/photo126/fowlla.jpg,2013-01-04 00:07:11.057000,2015-01-05 15:45:00.875000
MEL000242,Andrew T. Mason,Andrew T.,,Mason,,,False,me,,,,http://www.maine.gov/legis/house/photo126/masoat.jpg,2013-01-04 00:07:11.071000,2015-01-05 15:45:00.879000
MEL000243,Jennifer DeChant,Jennifer,,DeChant,,,False,me,,,,http://www.maine.gov/legis/house/photo126/dechj_.jpg,2013-01-04 00:07:11.085000,2015-01-05 15:45:00.881000
MEL000244,Jeremy G. Saxton,Jeremy G.,,Saxton,,,False,me,,,,http://www.maine.gov/legis/house/photo126/saxtjg.jpg,2013-01-04 00:07:11.099000,2015-01-05 15:45:00.889000
MEL000246,R. Wayne Werts,R. Wayne,,Werts,,,False,me,,,,http://www.maine.gov/legis/house/photo126/wertrw.jpg,2013-01-04 00:07:11.141000,2015-01-05 15:45:00.899000
MEL000249,Karen Kusiak,Karen,,Kusiak,,,False,me,,,,http://www.maine.gov/legis/house/photo126/kusik_.jpg,2013-01-04 00:07:11.238000,2015-01-05 15:45:00.930000
MEL000250,Ann E. Dorney,Ann E.,,Dorney,,,False,me,,,,http://www.maine.gov/legis/house/photo126/dornae.jpg,2013-01-04 00:07:11.453000,2015-01-05 15:45:00.933000
MEL000252,Lisa Renee Villa,Lisa Renee,,Villa,,,False,me,,,,http://www.maine.gov/legis/house/photo126/villlr.jpg,2013-01-04 00:07:11.538000,2015-01-05 15:45:00.950000
MEL000254,Roger A. Jackson,Roger A.,,Jackson,,,False,me,,,,http://www.maine.gov/legis/house/photo126/jackra.jpg,2013-01-04 00:07:11.553000,2015-01-05 15:45:00.693000
MEL000255,Christine B. Powers,Christine B.,,Powers,,,False,me,,,,http://www.maine.gov/legis/house/photo127/powecb.jpg,2013-01-04 00:07:11.561000,2016-12-27 23:49:34.249000
MEL000258,Stephen W. Moriarty,Stephen W.,,Moriarty,,,False,me,,,,http://www.maine.gov/legis/house/photo126/morisw.jpg,2013-01-04 00:07:11.611000,2015-01-05 15:45:00.715000
MEL000259,Thomas M. Tyler,Thomas M.,,Tyler,,,False,me,,,,http://www.maine.gov/legis/house/photo126/tyletm.jpg,2013-01-04 00:07:11.625000,2015-01-05 15:45:00.719000
MEL000260,Jane P. Pringle,Jane P.,,Pringle,,,False,me,,,,http://www.maine.gov/legis/house/photo126/prinjp.jpg,2013-01-04 00:07:11.633000,2015-01-05 15:45:00.722000
MEL000265,Drew M. Gattine,Drew M.,,Gattine,,,False,me,,,,http://www.maine.gov/legis/house/photo126/gattam.jpg,2013-01-04 00:07:11.748000,2017-06-01 07:01:20.144000
MEL000268,Sharri K. MacDonald,Sharri K.,,MacDonald,,,False,me,,,,http://www.maine.gov/legis/house/photo126/macdsk.jpg,2013-01-04 00:07:11.791000,2015-01-05 15:45:00.761000
MEL000270,Justin Mark Chenette,Justin Mark,,Chenette,,,False,me,,,,http://www.maine.gov/legis/house/photo126/chenjm.jpg,2013-01-04 00:07:11.807000,2015-01-05 15:45:00.764000
MEL000271,"James J. Campbell, Sr.",James J.,,Campbell,Sr.,,False,me,,,,http://www.maine.gov/legis/house/photo127/campjj.jpg,2013-01-04 00:07:11.836000,2016-12-27 23:49:34.261000
MEL000273,William F. Noon,William F.,,Noon,,,False,me,,,,http://www.maine.gov/legis/house/photo127/noonwf.jpg,2013-01-04 00:07:11.881000,2015-07-16 19:35:16.423000
MEL000274,Joshua R. Plante,Joshua R.,,Plante,,,False,me,,,,http://www.maine.gov/legis/house/photo126/planjr.jpg,2013-01-04 00:07:11.888000,2015-01-05 15:45:00.786000
MEL000275,Paul D. McGowan,Paul D.,,McGowan,,,False,me,,,,http://www.maine.gov/legis/house/photo126/mcgopd.jpg,2013-01-04 00:07:11.917000,2015-01-05 15:45:00.791000
MEL000277,Eloise A. Vitelli,Eloise,A.,Vitelli,,,False,me,,,,http://legisweb1.mainelegislature.org/wp/senate/wp-content/uploads/sites/2/2013/09/Vetelli.png,2013-10-08 07:41:47.331000,2015-01-05 15:45:00.967000
MEL000307,Linda L. Baker,Linda,L.,Baker,,,False,me,,,,http://legisweb1.mainelegislature.org/wp/senate/wp-content/themes/nirvana/images/socials/RSS.png,2015-01-05 15:44:59.008000,2017-06-01 07:01:20.147000
MEL000314,Michelle Ann Dunphy,Michelle Ann,,Dunphy,,,False,me,,,,http://www.maine.gov/legis/house/photo127/dunpma.jpg,2015-01-05 15:44:59.063000,2016-12-27 23:49:34.304000
MEL000315,Anthony J. Edgecomb,Anthony J.,,Edgecomb,,,False,me,,,,http://www.maine.gov/legis/house/photo127/edgeaj.jpg,2015-01-05 15:44:59.069000,2016-12-27 23:49:34.223000
MEL000328,David P. Sawicki,David P.,,Sawicki,,,False,me,,,,http://www.maine.gov/legis/house/photo127/sawidp.jpg,2015-01-05 15:44:59.158000,2016-12-27 23:49:34.254000
MEL000330,James E. Davitt,James E.,,Davitt,,,False,me,,,,http://www.maine.gov/legis/house/photo127/davije.jpg,2015-01-05 15:44:59.172000,2016-12-27 23:49:34.260000
MEL000342,Christine S. Burstein,Christine S.,,Burstein,,,False,me,,,,http://www.maine.gov/legis/house/photo127/burscs.jpg,2015-01-05 15:44:59.263000,2016-12-27 23:49:34.250000
MEL000343,Michael J. Timmons,Michael J.,,Timmons,,,False,me,,,,http://www.maine.gov/legis/house/photo127/timmmj.jpg,2015-01-05 15:44:59.269000,2016-12-27 23:49:34.301000
MEL000350,Linda F. Sanborn,Linda F.,,Sanborn,,,False,me,,,,http://www.maine.gov/legis/house/photo127/sanblf.jpg,2015-01-05 15:44:59.318000,2016-12-27 23:49:34.291000
MEL000356,Karen Vachon,Karen,,Vachon,,,False,me,,,,http://www.maine.gov/legis/house/photo127/vachkr.jpg,2015-01-05 15:44:59.361000,2016-12-27 23:49:34.288000
MEL000370,Paul Chace,Paul,,Chace,,,False,me,,,,http://www.maine.gov/legis/house/photo127/chacpb.jpg,2015-01-05 15:44:59.457000,2016-12-27 23:49:34.305000
MEL000372,Diane M. Russell,Diane M.,,Russell,,,False,me,,,,http://www.maine.gov/legis/house/photo127/russdm.jpg,2015-01-05 15:44:59.473000,2016-12-27 23:49:34.255000
MEL000387,Randall Adam Greenwood,Randall Adam,,Greenwood,,,False,me,,,,http://www.maine.gov/legis/house/photo127/greera.jpg,2015-01-05 15:44:59.581000,2016-12-27 23:49:34.308000
MEL000411,Brian D. Hobart,Brian D.,,Hobart,,,False,me,,,,http://www.maine.gov/legis/house/photo127/hobabd.jpg,2015-01-05 15:44:59.747000,2016-12-27 23:49:34.229000
MEL000422,Gary E. Sukeforth,Gary E.,,Sukeforth,,,False,me,,,,http://www.maine.gov/legis/house/photo127/sukege.jpg,2015-01-05 15:44:59.822000,2016-12-27 23:49:34.258000
MEL000424,Justin M. Chenette,Justin M.,,Chenette,,,False,me,,,,http://www.maine.gov/legis/house/photo127/chenjm.jpg,2015-01-05 15:44:59.836000,2016-12-27 23:49:34.287000
MEL000425,Michael James Willette,Michael,James,Willette,,,False,me,,,,http://legisweb1.mainelegislature.org/wp/senate/wp-content/themes/nirvana/images/socials/RSS.png,2015-01-05 15:44:59.843000,2017-06-01 07:01:20.149000
MEL000426,Lydia Blume,Lydia,,Blume,,,False,me,,,,http://www.maine.gov/legis/house/photo127/blumlc.jpg,2015-01-05 15:44:59.850000,2016-12-27 23:49:34.294000
MEL000427,Andrew Russell Buckland,Andrew Russell,,Buckland,,,False,me,,,,http://www.maine.gov/legis/house/photo127/buckar.jpg,2015-01-05 15:44:59.859000,2016-12-27 23:49:34.222000
MEL000451,Lori A. Fowle,Lori A.,,Fowle,,,False,me,,,,http://www.maine.gov/legis/house/photo127/fowlla.jpg,2015-01-05 15:45:00.193000,2016-12-27 23:49:34.292000
MEL000034,Roger L. Sherman,Roger L.,L.,Sherman,,,True,me,lower,144,Republican,http://www.maine.gov/legis/house/photo128/sherrl.jpg,2011-06-13 17:13:39.180000,2017-06-01 07:01:20.299000
MEL000036,John L. Martin,John,L.,Martin,,,True,me,lower,151,Democratic,http://www.maine.gov/legis/house/photo128/martjl.jpg,2011-06-13 17:13:39.194000,2017-06-01 07:01:20.227000
MEL000048,Robert S. Duchesne,Robert,S.,Duchesne,,,True,me,lower,121,Democratic,http://www.maine.gov/legis/house/photo128/duchrs.jpg,2011-06-13 17:13:39.227000,2017-06-01 07:01:20.294000
MEL000057,Stacey K. Guerin,Stacey,K.,Guerin,,,True,me,lower,102,Republican,http://www.maine.gov/legis/house/photo128/guersk.jpg,2011-06-13 17:13:39.374000,2017-06-01 07:01:20.309000
MEL000060,Kenneth Wade Fredette,Kenneth,Wade,Fredette,,,True,me,lower,100,Republican,http://www.maine.gov/legis/house/photo128/fredkw.jpg,2011-06-13 17:13:39.379000,2017-06-01 07:01:20.234000
MEL000069,Richard S. Malaby,Richard,S.,Malaby,,,True,me,lower,136,Republican,http://www.maine.gov/legis/house/photo128/malars.jpg,2011-06-13 17:13:39.484000,2017-06-01 07:01:20.291000
MEL000071,Walter A. Kumiega III,Walter,A.,Kumiega,III,,True,me,lower,134,Democratic,http://www.maine.gov/legis/house/photo128/kumiwa.jpg,2011-06-13 17:13:39.545000,2017-06-01 07:01:20.322000
MEL000072,Ralph Chapman,Ralph,,Chapman,,,True,me,lower,133,Independent,http://www.maine.gov/legis/house/photo128/chaprl.jpg,2011-06-13 17:13:39.547000,2017-06-01 07:01:20.283000
MEL000073,Louis J. Luchini,Louis,J.,Luchini,,,True,me,lower,132,Democratic,http://www.maine.gov/legis/house/photo128/luchlj.jpg,2011-06-13 17:13:39.549000,2017-06-01 07:01:20.244000
MEL000076,James S. Gillway,James,S.,Gillway,,,True,me,lower,98,Republican,http://www.maine.gov/legis/house/photo128/gilljs.jpg,2011-06-13 17:13:39.565000,2017-06-01 07:01:20.212000
MEL000078,Erin D. Herbig,Erin,D.,Herbig,,,True,me,lower,97,Democratic,http://www.maine.gov/legis/house/photo128/herbed.jpg,2011-06-13 17:13:39.568000,2017-06-01 07:01:20.196000
MEL000087,Deborah J. Sanderson,Deborah,J.,Sanderson,,,True,me,lower,88,Republican,http://www.maine.gov/legis/house/photo128/sanddj.jpg,2011-06-13 17:13:39.611000,2017-06-01 07:01:20.183000
MEL000105,Bruce A. Bickford,Bruce,A.,Bickford,,,True,me,lower,63,Republican,http://www.maine.gov/legis/house/photo128/bickba.jpg,2011-06-13 17:13:39.688000,2017-06-01 07:01:20.167000
MEL000110,Stephen J. Wood,Stephen,J.,Wood,,,True,me,lower,57,Republican,http://www.maine.gov/legis/house/photo128/woodsj.jpg,2011-06-13 17:13:39.725000,2017-06-01 07:01:20.313000
MEL000112,Thomas R. W. Longstaff,Thomas,R. W.,Longstaff,,,True,me,lower,109,Democratic,http://www.maine.gov/legis/house/photo128/longtr.jpg,2011-06-13 17:13:39.738000,2017-06-01 07:01:20.318000
MEL000125,Russell J. Black,Russell,J.,Black,,,True,me,lower,114,Republican,http://www.maine.gov/legis/house/photo128/blacrj.jpg,2011-06-13 17:13:39.769000,2017-06-01 07:01:20.301000
MEL000130,Tom J. Winsor,Tom,J.,Winsor,,,True,me,lower,71,Republican,http://www.maine.gov/legis/house/photo128/winstj.jpg,2011-06-13 17:13:39.779000,2017-06-01 07:01:20.320000
MEL000131,Jeffrey L. Timberlake,Jeffrey,L.,Timberlake,,,True,me,lower,75,Republican,http://www.maine.gov/legis/house/photo128/timbjl.jpg,2011-06-13 17:13:39.780000,2017-06-01 07:01:20.217000
MEL000145,Mark E. Bryant,Mark,E.,Bryant,,,True,me,lower,24,Democratic,http://www.maine.gov/legis/house/photo128/bryame.jpg,2011-06-13 17:13:39.811000,2017-06-01 07:01:20.247000
MEL000151,Denise Patricia Harlow,Denise,Patricia,Harlow,,,True,me,lower,36,Independent,http://www.maine.gov/legis/house/photo128/harldp.jpg,2011-06-13 17:13:39.832000,2017-06-01 07:01:20.185000
MEL000162,Heather W. Sirocki,Heather,W.,Sirocki,,,True,me,lower,28,Republican,http://www.maine.gov/legis/house/photo128/sirohw.jpg,2011-06-13 17:13:39.864000,2017-06-01 07:01:20.208000
MEL000174,Wayne R. Parry,Wayne,R.,Parry,,,True,me,lower,10,Republican,http://www.maine.gov/legis/house/photo128/parrwr.jpg,2011-06-13 17:13:39.936000,2017-06-01 07:01:20.323000
MEL000179,Beth A. O'Connor,Beth,A.,O'Connor,,,True,me,lower,5,Republican,http://www.maine.gov/legis/house/photo128/oconba.jpg,2011-06-13 17:13:39.945000,2017-06-01 07:01:20.161000
MEL000187,Raymond A. Wallace,Raymond A.,,Wallace,,,True,me,lower,104,Republican,http://www.maine.gov/legis/house/photo128/wallra.jpg,2011-11-22 02:36:14.819000,2017-06-01 07:01:20.285000
MEL000212,Carol A. McElwee,Carol A.,,McElwee,,,True,me,lower,149,Republican,http://www.maine.gov/legis/house/photo128/mcelca.jpg,2013-01-04 00:07:10.672000,2017-06-01 07:01:20.168000
MEL000214,Stephen S. Stanley,Stephen S.,,Stanley,,,True,me,lower,143,Democratic,http://www.maine.gov/legis/house/photo128/stanss.jpg,2013-01-04 00:07:10.713000,2017-06-01 07:01:20.314000
MEL000216,John C. Schneck,John C.,,Schneck,,,True,me,lower,126,Democratic,http://www.maine.gov/legis/house/photo128/schnjc.jpg,2013-01-04 00:07:10.753000,2017-06-01 07:01:20.224000
MEL000217,Victoria P. Kornfield,Victoria P.,,Kornfield,,,True,me,lower,125,Democratic,http://www.maine.gov/legis/house/photo128/kornvp.jpg,2013-01-04 00:07:10.760000,2017-06-01 07:01:20.321000
MEL000218,Aaron M. Frey,Aaron M.,,Frey,,,True,me,lower,124,Democratic,http://www.maine.gov/legis/house/photo128/freyam.jpg,2013-01-04 00:07:10.767000,2017-06-01 07:01:20.153000
MEL000221,Roger E. Reed,Roger E.,,Reed,,,True,me,lower,103,Republican,http://www.maine.gov/legis/house/photo128/reedre.jpg,2013-01-04 00:07:10.802000,2017-06-01 07:01:20.297000
MEL000223,Lawrence E. Lockman,Lawrence E.,,Lockman,,,True,me,lower,137,Republican,http://www.maine.gov/legis/house/photo128/lockle.jpg,2013-01-04 00:07:10.862000,2017-06-01 07:01:20.239000
MEL000226,Brian L. Hubbell,Brian L.,,Hubbell,,,True,me,lower,135,Democratic,http://www.maine.gov/legis/house/photo128/hubbbl.jpg,2013-01-04 00:07:10.896000,2017-06-01 07:01:20.166000
MEL000228,Richard H. Campbell,Richard H.,,Campbell,,,True,me,lower,130,Republican,http://www.maine.gov/legis/house/photo128/camprh.jpg,2013-01-04 00:07:10.930000,2017-06-01 07:01:20.287000
MEL000237,Catherine M. Nadeau,Catherine M.,,Nadeau,,,True,me,lower,78,Democratic,http://www.maine.gov/legis/house/photo128/nadecm.jpg,2013-01-04 00:07:11.029000,2017-06-01 07:01:20.170000
MEL000239,Matthew G. Pouliot,Matthew G.,,Pouliot,,,True,me,lower,86,Republican,http://www.maine.gov/legis/house/photo128/poulmg.jpg,2013-01-04 00:07:11.050000,2017-06-01 07:01:20.260000
MEL000241,Gay M. Grant,Gay M.,,Grant,,,True,me,lower,83,Democratic,http://www.maine.gov/legis/house/photo128/grangm.jpg,2013-01-04 00:07:11.064000,2017-06-01 07:01:20.200000
MEL000245,Matthea Elisabeth Larsen Daughtry,Matthea Elisabeth Larsen,,Daughtry,,,True,me,lower,49,Democratic,http://www.maine.gov/legis/house/photo128/daugme.jpg,2013-01-04 00:07:11.113000,2017-06-01 07:01:20.258000
MEL000248,Craig V. Hickman,Craig V.,,Hickman,,,True,me,lower,81,Democratic,http://www.maine.gov/legis/house/photo128/hickcv.jpg,2013-01-04 00:07:11.224000,2017-06-01 07:01:20.177000
MEL000253,Jonathan L. Kinney,Jonathan L.,,Kinney,,,True,me,lower,22,Republican,http://www.maine.gov/legis/house/photo128/kinnjl.jpg,2013-01-04 00:07:11.546000,2017-06-01 07:01:20.228000
MEL000256,Sara Gideon,Sara,,Gideon,,,True,me,lower,48,Democratic,http://www.maine.gov/legis/house/photo128/gides_.jpg,2013-01-04 00:07:11.597000,2017-06-01 07:01:20.304000
MEL000257,Janice E. Cooper,Janice E.,,Cooper,,,True,me,lower,47,Democratic,http://www.maine.gov/legis/house/photo128/coopje.jpg,2013-01-04 00:07:11.604000,2017-06-01 07:01:20.213000
MEL000261,Erik C. Jorgensen,Erik C.,,Jorgensen,,,True,me,lower,41,Democratic,http://www.maine.gov/legis/house/photo128/jorgec.jpg,2013-01-04 00:07:11.662000,2017-06-01 07:01:20.195000
MEL000262,Richard R. Farnsworth,Richard R.,,Farnsworth,,,True,me,lower,37,Democratic,http://www.maine.gov/legis/house/photo128/farnrr.jpg,2013-01-04 00:07:11.677000,2017-06-01 07:01:20.290000
MEL000263,Matthew W. Moonen,Matthew W.,,Moonen,,,True,me,lower,38,Democratic,http://www.maine.gov/legis/house/photo128/moonmw.jpg,2013-01-04 00:07:11.684000,2017-06-01 07:01:20.261000
MEL000264,Scott M. Hamann,Scott M.,,Hamann,,,True,me,lower,32,Democratic,http://www.maine.gov/legis/house/photo128/hamasm.jpg,2013-01-04 00:07:11.720000,2017-06-01 07:01:20.305000
MEL000266,Andrew J. McLean,Andrew J.,,McLean,,,True,me,lower,27,Democratic,http://www.maine.gov/legis/house/photo128/mcleaj.jpg,2013-01-04 00:07:11.770000,2017-06-01 07:01:20.155000
MEL000267,Donald G. Marean,Donald G.,,Marean,,,True,me,lower,16,Republican,http://www.maine.gov/legis/house/photo128/maredg.jpg,2013-01-04 00:07:11.784000,2017-06-01 07:01:20.187000
MEL000272,Anne-Marie Mastraccio,Anne-Marie,,Mastraccio,,,True,me,lower,18,Democratic,http://www.maine.gov/legis/house/photo128/masta_.jpg,2013-01-04 00:07:11.873000,2017-06-01 07:01:20.157000
MEL000276,Deane Rykerson,Deane,,Rykerson,,,True,me,lower,1,Democratic,http://www.maine.gov/legis/house/photo128/ryked_.jpg,2013-01-04 00:07:11.932000,2017-06-01 07:01:20.182000
MEL000279,Heidi E. Brooks,Heidi E.,,Brooks,,,True,me,lower,61,Democratic,http://www.maine.gov/legis/house/photo128/broohe.jpg,2015-01-05 15:44:58.816000,2017-06-01 07:01:20.209000
MEL000284,Patrick W. Corey,Patrick W.,,Corey,,,True,me,lower,25,Republican,http://www.maine.gov/legis/house/photo128/corepw.jpg,2015-01-05 15:44:58.854000,2017-06-01 07:01:20.273000
MEL000285,Timothy S. Theriault,Timothy S.,,Theriault,,,True,me,lower,79,Republican,http://www.maine.gov/legis/house/photo128/therts.jpg,2015-01-05 15:44:58.860000,2017-06-01 07:01:20.319000
MEL000286,Jeffery P. Hanley,Jeffery P.,,Hanley,,,True,me,lower,87,Republican,http://www.maine.gov/legis/house/photo128/hanljp.jpg,2015-01-05 15:44:58.867000,2017-06-01 07:01:20.215000
MEL000288,Jennifer L. DeChant,Jennifer L.,,DeChant,,,True,me,lower,52,Democratic,http://www.maine.gov/legis/house/photo128/dechj_.jpg,2015-01-05 15:44:58.880000,2017-06-01 07:01:20.219000
MEL000294,Kathleen R. J. Dillingham,Kathleen R. J.,,Dillingham,,,True,me,lower,72,Republican,http://www.maine.gov/legis/house/photo128/dillkr.jpg,2015-01-05 15:44:58.922000,2017-06-01 07:01:20.233000
MEL000297,Michael G. Devin,Michael G.,,Devin,,,True,me,lower,90,Democratic,http://www.maine.gov/legis/house/photo128/devimg.jpg,2015-01-05 15:44:58.941000,2017-06-01 07:01:20.266000
MEL000298,Robert A. Foley,Robert A.,,Foley,,,True,me,lower,7,Republican,http://www.maine.gov/legis/house/photo128/folera.jpg,2015-01-05 15:44:58.948000,2017-06-01 07:01:20.293000
MEL000303,Susan M. W. Austin,Susan M. W.,,Austin,,,True,me,lower,67,Republican,http://www.maine.gov/legis/house/photo128/austsm.jpg,2015-01-05 15:44:58.982000,2017-06-01 07:01:20.315000
MEL000305,Norman E. Higgins,Norman E.,,Higgins,,,True,me,lower,120,Republican,http://www.maine.gov/legis/house/photo128/higgne.jpg,2015-01-05 15:44:58.995000,2017-06-01 07:01:20.269000
MEL000309,Paul A. Stearns,Paul A.,,Stearns,,,True,me,lower,119,Republican,http://www.maine.gov/legis/house/photo128/steapa.jpg,2015-01-05 15:44:59.022000,2017-06-01 07:01:20.274000
MEL000310,"Robert W. Alley, Sr.",Robert W.,,Alley,Sr.,,True,me,lower,138,Democratic,http://www.maine.gov/legis/house/photo128/allerw.jpg,2015-01-05 15:44:59.031000,2017-06-01 07:01:20.295000
MEL000312,Dustin Michael White,Dustin Michael,,White,,,True,me,lower,146,Republican,http://www.maine.gov/legis/house/photo128/whitdm.jpg,2015-01-05 15:44:59.050000,2017-06-01 07:01:20.191000
MEL000313,Dillon F. Bates,Dillon F.,,Bates,,,True,me,lower,35,Democratic,http://www.maine.gov/legis/house/photo128/batedf.jpg,2015-01-05 15:44:59.056000,2017-06-01 07:01:20.186000
MEL000324,Richard A. Pickett,Richard A.,,Pickett,,,True,me,lower,116,Republican,http://www.maine.gov/legis/house/photo128/pickra.jpg,2015-01-05 15:44:59.132000,2017-06-01 07:01:20.286000
MEL000329,Jared F. Golden,Jared F.,,Golden,,,True,me,lower,60,Democratic,http://www.maine.gov/legis/house/photo128/goldjf.jpg,2015-01-05 15:44:59.165000,2017-06-01 07:01:20.214000
MEL000331,Denise A. Tepler,Denise A.,,Tepler,,,True,me,lower,54,Democratic,http://www.maine.gov/legis/house/photo128/teplda.jpg,2015-01-05 15:44:59.178000,2017-06-01 07:01:20.184000
MEL000334,William R. Tuell,William R.,,Tuell,,,True,me,lower,139,Republican,http://www.maine.gov/legis/house/photo128/tuelwr.jpg,2015-01-05 15:44:59.198000,2017-06-01 07:01:20.324000
MEL000335,Lloyd C. Herrick,Lloyd C.,,Herrick,,,True,me,lower,73,Republican,http://www.maine.gov/legis/house/photo128/herrlc.jpg,2015-01-05 15:44:59.205000,2017-06-01 07:01:20.242000
MEL000338,Ryan M. Fecteau,Ryan M.,,Fecteau,,,True,me,lower,11,Democratic,http://www.maine.gov/legis/house/photo128/fectrm.jpg,2015-01-05 15:44:59.236000,2017-06-01 07:01:20.302000
MEL000340,H. Stedman Seavey,H. Stedman,,Seavey,,,True,me,lower,9,Republican,http://www.maine.gov/legis/house/photo128/seavhs.jpg,2015-01-05 15:44:59.250000,2017-06-01 07:01:20.205000
MEL000344,Drew Gattine,Drew,,Gattine,,,True,me,lower,34,Democratic,http://www.maine.gov/legis/house/photo128/gattam.jpg,2015-01-05 15:44:59.276000,2017-06-01 07:01:20.190000
MEL000346,Martin J. Grohman,Martin J.,,Grohman,,,True,me,lower,12,Democratic,http://www.maine.gov/legis/house/photo128/grohmj.jpg,2015-01-05 15:44:59.291000,2017-06-01 07:01:20.249000
MEL000351,Teresa S. Pierce,Teresa S.,,Pierce,,,True,me,lower,44,Democratic,http://www.maine.gov/legis/house/photo128/pierts.jpg,2015-01-05 15:44:59.325000,2017-06-01 07:01:20.316000
MEL000355,Jeffrey K. Pierce,Jeffrey K.,,Pierce,,,True,me,lower,53,Republican,http://www.maine.gov/legis/house/photo128/pierjk.jpg,2015-01-05 15:44:59.352000,2017-06-01 07:01:20.216000
MEL000361,Charlotte Warren,Charlotte,,Warren,,,True,me,lower,84,Democratic,http://www.maine.gov/legis/house/photo128/warrcm.jpg,2015-01-05 15:44:59.394000,2017-06-01 07:01:20.172000
MEL000362,Karen A. Gerrish,Karen A.,,Gerrish,,,True,me,lower,20,Republican,http://www.maine.gov/legis/house/photo128/gerrka.jpg,2015-01-05 15:44:59.401000,2017-06-01 07:01:20.230000
MEL000364,Frances M. Head,Frances M.,,Head,,,True,me,lower,117,Republican,http://www.maine.gov/legis/house/photo128/headfm.jpg,2015-01-05 15:44:59.414000,2017-06-01 07:01:20.197000
MEL000368,Gina M. Melaragno,Gina M.,,Melaragno,,,True,me,lower,62,Democratic,http://www.maine.gov/legis/house/photo128/melagm.jpg,2015-01-05 15:44:59.443000,2017-06-01 07:01:20.204000
MEL000369,Ralph L. Tucker,Ralph L.,,Tucker,,,True,me,lower,50,Democratic,http://www.maine.gov/legis/house/photo128/tuckrl.jpg,2015-01-05 15:44:59.450000,2017-06-01 07:01:20.284000
MEL000371,Christopher W. Babbidge,Christopher W.,,Babbidge,,,True,me,lower,8,Democratic,http://www.maine.gov/legis/house/photo128/babbcw.jpg,2015-01-05 15:44:59.467000,2017-06-01 07:01:20.175000
MEL000377,Joyce McCreight,Joyce,,McCreight,,,True,me,lower,51,Democratic,http://www.maine.gov/legis/house/photo128/mccrjj.jpg,2015-01-05 15:44:59.513000,2017-06-01 07:01:20.229000
MEL000380,Kimberly J. Monaghan,Kimberly J.,,Monaghan,,,True,me,lower,30,Democratic,http://www.maine.gov/legis/house/photo128/monakj.jpg,2015-01-05 15:44:59.533000,2017-06-01 07:01:20.237000
MEL000381,Sheldon Mark Hanington,Sheldon Mark,,Hanington,,,True,me,lower,142,Republican,http://www.maine.gov/legis/house/photo128/hanism.jpg,2015-01-05 15:44:59.540000,2017-06-01 07:01:20.308000
MEL000388,Peter A. Lyford,Peter A.,,Lyford,,,True,me,lower,129,Republican,http://www.maine.gov/legis/house/photo128/lyfopa.jpg,2015-01-05 15:44:59.587000,2017-06-01 07:01:20.278000
MEL000395,John Joseph Picchiotti,John Joseph,,Picchiotti,,,True,me,lower,108,Republican,http://www.maine.gov/legis/house/photo128/piccjj.jpg,2015-01-05 15:44:59.636000,2017-06-01 07:01:20.226000
MEL000398,Joel R. Stetkis,Joel R.,,Stetkis,,,True,me,lower,105,Republican,http://www.maine.gov/legis/house/photo128/stetjr.jpg,2015-01-05 15:44:59.657000,2017-06-01 07:01:20.221000
MEL000401,Roland Danny Martin,Roland Danny,,Martin,,,True,me,lower,150,Democratic,http://www.maine.gov/legis/house/photo128/martrd.jpg,2015-01-05 15:44:59.679000,2017-06-01 07:01:20.300000
MEL000402,Gary L. Hilliard,Gary L.,,Hilliard,,,True,me,lower,76,Republican,http://www.maine.gov/legis/house/photo128/hillgl.jpg,2015-01-05 15:44:59.686000,2017-06-01 07:01:20.199000
MEL000405,MaryAnne Kinney,MaryAnne,,Kinney,,,True,me,lower,99,Republican,http://www.maine.gov/legis/house/photo128/kinnm_.jpg,2015-01-05 15:44:59.706000,2017-06-01 07:01:20.257000
MEL000409,Ellie Espling,Ellie,,Espling,,,True,me,lower,65,Republican,http://www.maine.gov/legis/house/photo128/esplem.jpg,2015-01-05 15:44:59.733000,2017-06-01 07:01:20.194000
MEL000415,Kevin J. Battle,Kevin J.,,Battle,,,True,me,lower,33,Independent,http://www.maine.gov/legis/house/photo128/battkj.jpg,2015-01-05 15:44:59.774000,2017-06-01 07:01:20.236000
MEL000429,Phyllis A. Ginzler,Phyllis A.,,Ginzler,,,True,me,lower,69,Republican,http://www.maine.gov/legis/house/photo128/ginzpa.jpg,2015-01-05 15:44:59.873000,2017-06-01 07:01:20.280000
MEL000432,Donna R. Doore,Donna R.,,Doore,,,True,me,lower,85,Democratic,http://www.maine.gov/legis/house/photo128/doordr.jpg,2015-01-05 15:45:00.036000,2017-06-01 07:01:20.189000
MEL000433,Dwayne W. Prescott,Dwayne W.,,Prescott,,,True,me,lower,17,Republican,http://www.maine.gov/legis/house/photo128/presdw.jpg,2015-01-05 15:45:00.043000,2017-06-01 07:01:20.192000
MEL000436,George W. Hogan,George W.,,Hogan,,,True,me,lower,13,Democratic,http://www.maine.gov/legis/house/photo128/hogagw.jpg,2015-01-05 15:45:00.079000,2017-06-01 07:01:20.202000
MEL000437,Thomas H. Skolfield,Thomas H.,,Skolfield,,,True,me,lower,112,Republican,http://www.maine.gov/legis/house/photo128/skolth.jpg,2015-01-05 15:45:00.087000,2017-06-01 07:01:20.317000
MEL000444,Karleton S. Ward,Karleton S.,,Ward,,,True,me,lower,131,Republican,http://www.maine.gov/legis/house/photo128/wardks.jpg,2015-01-05 15:45:00.140000,2017-06-01 07:01:20.232000
MEL000447,Patricia Hymanson,Patricia,,Hymanson,,,True,me,lower,4,Democratic,http://www.maine.gov/legis/house/photo128/hymapa.jpg,2015-01-05 15:45:00.164000,2017-06-01 07:01:20.272000
MEL000452,Nathan J. Wadsworth,Nathan J.,,Wadsworth,,,True,me,lower,70,Republican,http://www.maine.gov/legis/house/photo128/wadsnj.jpg,2015-01-05 15:45:00.200000,2017-06-01 07:01:20.268000
MEL000461,Stephanie Hawke,Stephanie,,Hawke,,,True,me,lower,89,Republican,http://www.maine.gov/legis/house/photo128/hawks_.jpg,2015-01-05 15:45:00.268000,2017-06-01 07:01:20.312000
MEL000463,Bradlee Thomas Farrin,Bradlee Thomas,,Farrin,,,True,me,lower,111,Republican,http://www.maine.gov/legis/house/photo128/farrbt.jpg,2015-01-05 15:45:00.303000,2017-06-01 07:01:20.165000
MEL000464,Pinny Beebe-Center,Pinny,,Beebe-Center,,,True,me,lower,93,Democratic,http://www.maine.gov/legis/house/photo128/beebah.jpg,2015-03-19 01:59:26.431000,2017-06-01 07:01:20.281000
MEL000465,Lester S. Ordway,Lester S.,,Ordway,,,True,me,lower,23,Republican,http://www.maine.gov/legis/house/photo128/ordwls.jpg,2016-01-05 09:07:40.188000,2017-06-01 07:01:20.240000
MEL000466,Matthew A. Harrington,Matthew A.,,Harrington,,,True,me,lower,19,Republican,http://www.maine.gov/legis/house/photo128/harrma.jpg,2016-01-05 09:07:40.961000,2017-06-01 07:01:20.259000
MEL000467,Barbara A. Cardone,Barbara A.,,Cardone,,,True,me,lower,127,Democratic,http://www.maine.gov/legis/house/photo128/cardba.jpg,2016-12-27 23:49:32.888000,2017-06-01 07:01:20.158000
MEL000468,Rachel Talbot Ross,Rachel Talbot,,Ross,,,True,me,lower,40,Democratic,http://www.maine.gov/legis/house/photo128/talbr_.jpg,2016-12-27 23:49:32.897000,2017-06-01 07:01:20.282000
MEL000469,James R. Handy,James R.,,Handy,,,True,me,lower,58,Democratic,http://www.maine.gov/legis/house/photo128/handjr.jpg,2016-12-27 23:49:32.920000,2017-06-01 07:01:20.211000
MEL000470,Roger Jason Fuller,Roger Jason,,Fuller,,,True,me,lower,59,Democratic,http://www.maine.gov/legis/house/photo128/fullrj.jpg,2016-12-27 23:49:32.926000,2017-06-01 07:01:20.298000
MEL000471,Lois Galgay Reckitt,Lois Galgay,,Reckitt,,,True,me,lower,31,Democratic,http://www.maine.gov/legis/house/photo128/recklg.jpg,2016-12-27 23:49:32.983000,2017-06-01 07:01:20.243000
MEL000473,Richard M. Cebra,Richard M.,,Cebra,,,True,me,lower,68,Republican,http://www.maine.gov/legis/house/photo128/cebrrm.jpg,2016-12-27 23:49:33.024000,2017-06-01 07:01:20.288000
MEL000474,Michael D. Perkins,Michael D.,,Perkins,,,True,me,lower,77,Republican,http://www.maine.gov/legis/house/photo128/perkmd.jpg,2016-12-27 23:49:33.078000,2017-06-01 07:01:20.265000
MEL000475,Michelle Dunphy,Michelle,,Dunphy,,,True,me,lower,122,Democratic,http://www.maine.gov/legis/house/photo128/dunpma.jpg,2016-12-27 23:49:33.119000,2017-06-01 07:01:20.267000
MEL000476,Heather B. Sanborn,Heather B.,,Sanborn,,,True,me,lower,43,Democratic,http://www.maine.gov/legis/house/photo128/sanbhb.jpg,2016-12-27 23:49:33.131000,2017-06-01 07:01:20.207000
MEL000477,Donna Bailey,Donna,,Bailey,,,True,me,lower,14,Democratic,http://www.maine.gov/legis/house/photo128/bailda.jpg,2016-12-27 23:49:33.154000,2017-06-01 07:01:20.188000
MEL000478,Paul B. Chace,Paul B.,,Chace,,,True,me,lower,46,Republican,http://www.maine.gov/legis/house/photo128/chacpb.jpg,2016-12-27 23:49:33.165000,2017-06-01 07:01:20.276000
MEL000479,John Alden Spear,John Alden,,Spear,,,True,me,lower,92,Democratic,http://www.maine.gov/legis/house/photo128/speaja.jpg,2016-12-27 23:49:33.194000,2017-06-01 07:01:20.223000
MEL000480,Mark W. Lawrence,Mark W.,,Lawrence,,,True,me,lower,2,Democratic,http://www.maine.gov/legis/house/photo128/lawrmw.jpg,2016-12-27 23:49:33.246000,2017-06-01 07:01:20.248000
MEL000481,Margaret M. O'Neil,Margaret M.,,O'Neil,,,True,me,lower,15,Democratic,http://www.maine.gov/legis/house/photo128/oneimm.jpg,2016-12-27 23:49:33.257000,2017-06-01 07:01:20.246000
MEL000482,Jessica L. Fay,Jessica L.,,Fay,,,True,me,lower,66,Democratic,http://www.maine.gov/legis/house/photo128/fay_jl.jpg,2016-12-27 23:49:33.269000,2017-06-01 07:01:20.220000
MEL000483,Chris A. Johansen,Chris A.,,Johansen,,,True,me,lower,145,Republican,http://www.maine.gov/legis/house/photo128/johaca.jpg,2016-12-27 23:49:33.320000,2017-06-01 07:01:20.173000
MEL000484,Lance Evans Harvell,Lance Evans,,Harvell,,,True,me,lower,113,Republican,http://www.maine.gov/legis/house/photo128/harvle.jpg,2016-12-27 23:49:33.331000,2017-06-01 07:01:20.238000
MEL000485,Jennifer Ellen Parker,Jennifer Ellen,,Parker,,,True,me,lower,6,Democratic,http://www.maine.gov/legis/house/photo128/parkje.jpg,2016-12-27 23:49:33.354000,2017-06-01 07:01:20.218000
MEL000486,Owen D. Casás,Owen,D.,Casás,,,True,me,lower,94,Independent,http://www.maine.gov/legis/house/photo128/casaod.jpg,2016-12-27 23:49:33.365000,2017-06-01 07:01:20.271000
MEL000487,Ryan Tipping,Ryan,,Tipping,,,True,me,lower,123,Democratic,http://www.maine.gov/legis/house/photo128/tipprd.jpg,2016-12-27 23:49:33.371000,2017-06-01 07:01:20.303000
MEL000488,Michael A. Sylvester,Michael A.,,Sylvester,,,True,me,lower,39,Democratic,http://www.maine.gov/legis/house/photo128/sylvma.jpg,2016-12-27 23:49:33.382000,2017-06-01 07:01:20.264000
MEL000489,Maureen Fitzgerald Terry,Maureen Fitzgerald,,Terry,,,True,me,lower,26,Democratic,http://www.maine.gov/legis/house/photo128/terrmf.jpg,2016-12-27 23:49:33.399000,2017-06-01 07:01:20.262000
MEL000490,Paula G. Sutton,Paula G.,,Sutton,,,True,me,lower,95,Republican,http://www.maine.gov/legis/house/photo128/suttpg.jpg,2016-12-27 23:49:33.410000,2017-06-01 07:01:20.277000
MEL000491,Lydia C. Blume,Lydia C.,,Blume,,,True,me,lower,3,Democratic,http://www.maine.gov/legis/house/photo128/blumlc.jpg,2016-12-27 23:49:33.421000,2017-06-01 07:01:20.245000
MEL000492,Abden S. Simmons,Abden S.,,Simmons,,,True,me,lower,91,Republican,http://www.maine.gov/legis/house/photo128/simmas.jpg,2016-12-27 23:49:33.491000,2017-06-01 07:01:20.154000
MEL000493,"Stanley Paige Zeigler, Jr.",Stanley Paige,,Zeigler,Jr.,,True,me,lower,96,Democratic,http://www.maine.gov/legis/house/photo128/zeigsp.jpg,2016-12-27 23:49:33.496000,2017-06-01 07:01:20.311000
MEL000494,Gina M. Mason,Gina M.,,Mason,,,True,me,lower,56,Republican,http://www.maine.gov/legis/house/photo128/masogm.jpg,2016-12-27 23:49:33.508000,2017-06-01 07:01:20.203000
MEL000495,Anne C. Perry,Anne C.,,Perry,,,True,me,lower,140,Democratic,http://www.maine.gov/legis/house/photo128/perrac.jpg,2016-12-27 23:49:33.520000,2017-06-01 07:01:20.156000
MEL000496,Colleen M. Madigan,Colleen M.,,Madigan,,,True,me,lower,110,Democratic,http://www.maine.gov/legis/house/photo128/madicm.jpg,2016-12-27 23:49:33.531000,2017-06-01 07:01:20.176000
MEL000497,Richard T. Bradstreet,Richard T.,,Bradstreet,,,True,me,lower,80,Republican,http://www.maine.gov/legis/house/photo128/bradrt.jpg,2016-12-27 23:49:33.542000,2017-06-01 07:01:20.292000
MEL000498,Karen R. Vachon,Karen R.,,Vachon,,,True,me,lower,29,Republican,http://www.maine.gov/legis/house/photo128/vachkr.jpg,2016-12-27 23:49:33.565000,2017-06-01 07:01:20.231000
MEL000499,"John E. Madigan, Jr.",John E.,,Madigan,Jr.,,True,me,lower,115,Democratic,http://www.maine.gov/legis/house/photo128/madije.jpg,2016-12-27 23:49:33.601000,2017-06-01 07:01:20.225000
MEL000500,Chad Wayne Grignon,Chad Wayne,,Grignon,,,True,me,lower,118,Republican,http://www.maine.gov/legis/house/photo128/grigcw.jpg,2016-12-27 23:49:33.625000,2017-06-01 07:01:20.171000
MEL000501,Bettyann W. Sheats,Bettyann W.,,Sheats,,,True,me,lower,64,Democratic,http://www.maine.gov/legis/house/photo128/sheabw.jpg,2016-12-27 23:49:33.636000,2017-06-01 07:01:20.164000
MEL000502,Harold L. Stewart III,Harold L.,,Stewart,III,,True,me,lower,147,Republican,http://www.maine.gov/legis/house/photo128/stewhl.jpg,2016-12-27 23:49:33.685000,2017-06-01 07:01:20.206000
MEL000503,Beth Peloquin Turner,Beth Peloquin,,Turner,,,True,me,lower,141,Republican,http://www.maine.gov/legis/house/photo128/turnbp.jpg,2016-12-27 23:49:33.690000,2017-06-01 07:01:20.162000
MEL000504,David G. Haggan,David G.,,Haggan,,,True,me,lower,101,Republican,http://www.maine.gov/legis/house/photo128/haggdg.jpg,2016-12-27 23:49:33.714000,2017-06-01 07:01:20.180000
MEL000505,Betty A. Austin,Betty A.,,Austin,,,True,me,lower,107,Democratic,http://www.maine.gov/legis/house/photo128/austba.jpg,2016-12-27 23:49:33.769000,2017-06-01 07:01:20.163000
MEL000506,Benjamin T. Collings,Benjamin T.,,Collings,,,True,me,lower,42,Democratic,http://www.maine.gov/legis/house/photo128/collbt.jpg,2016-12-27 23:49:33.775000,2017-06-01 07:01:20.159000
MEL000507,Kent Ackley,Kent,,Ackley,,,True,me,lower,82,Independent,http://www.maine.gov/legis/house/photo128/acklkf.jpg,2016-12-27 23:49:33.781000,2017-06-01 07:01:20.235000
MEL000508,Scott Walter Strom,Scott Walter,,Strom,,,True,me,lower,106,Republican,http://www.maine.gov/legis/house/photo128/strosw.jpg,2016-12-27 23:49:33.823000,2017-06-01 07:01:20.306000
MEL000509,Seth A. Berry,Seth A.,,Berry,,,True,me,lower,55,Democratic,http://www.maine.gov/legis/house/photo128/berrsa.jpg,2016-12-27 23:49:33.834000,2017-06-01 07:01:20.307000
MEL000510,Christina Riley,Christina,,Riley,,,True,me,lower,74,Democratic,http://www.maine.gov/legis/house/photo128/rilec_.jpg,2016-12-27 23:49:33.870000,2017-06-01 07:01:20.174000
MEL000511,Dale J. Denno,Dale J.,,Denno,,,True,me,lower,45,Democratic,http://www.maine.gov/legis/house/photo128/denndj.jpg,2016-12-27 23:49:33.893000,2017-06-01 07:01:20.179000
MEL000512,Heidi H. Sampson,Heidi H.,,Sampson,,,True,me,lower,21,Republican,http://www.maine.gov/legis/house/photo128/samphh.jpg,2016-12-27 23:49:33.911000,2017-06-01 07:01:20.210000
MEL000513,Garrel Robert Craig,Garrel Robert,,Craig,,,True,me,lower,128,Republican,http://www.maine.gov/legis/house/photo128/craigr.jpg,2016-12-27 23:49:33.923000,2017-06-01 07:01:20.198000
MEL000514,David Harold McCrea,David Harold,,McCrea,,,True,me,lower,148,Democratic,http://www.maine.gov/legis/house/photo128/mccrdh.jpg,2016-12-27 23:49:33.959000,2017-06-01 07:01:20.181000
MEL000001,Dawn Hill,Dawn,,Hill,,,True,me,upper,35,Democratic,https://mainelegislature.org/images/logo.png,2011-06-13 17:13:38.694000,2017-06-01 07:01:20.335000
MEL000002,Ronald F Collins,Ronald,F.,Collins,,,True,me,upper,34,Republican,https://mainelegislature.org/images/logo.png,2011-06-13 17:13:38.696000,2017-06-01 07:01:20.356000
MEL000017,Garrett Paul Mason,Garrett,P.,Mason,,,True,me,upper,22,Republican,https://mainelegislature.org/images/logo.png,2011-06-13 17:13:39.062000,2017-06-01 07:01:20.339000
MEL000018,Thomas B. Saviello,Thomas,B.,Saviello,,,True,me,upper,17,Republican,https://mainelegislature.org/images/logo.png,2011-06-13 17:13:39.064000,2017-06-01 07:01:20.360000
MEL000023,Michael D. Thibodeau,Michael,D.,Thibodeau,,,True,me,upper,11,Republican,https://mainelegislature.org/images/logo.png,2011-06-13 17:13:39.120000,2017-06-01 07:01:20.348000
MEL000024,Roger J. Katz,Roger,J.,Katz,,,True,me,upper,15,Republican,https://mainelegislature.org/images/logo.png,2011-06-13 17:13:39.142000,2017-06-01 07:01:20.355000
MEL000026,Rodney L. Whittemore,Rodney,L.,Whittemore,,,True,me,upper,3,Republican,https://mainelegislature.org/images/logo.png,2011-06-13 17:13:39.146000,2017-06-01 07:01:20.354000
MEL000028,Brian D. Langley,Brian,D.,Langley,,,True,me,upper,7,Republican,https://mainelegislature.org/images/logo.png,2011-06-13 17:13:39.160000,2017-06-01 07:01:20.329000
MEL000049,James F. Dill,James,F.,Dill,,,True,me,upper,5,Democratic,https://mainelegislature.org/images/logo.png,2011-06-13 17:13:39.229000,2017-06-01 07:01:20.341000
MEL000074,Andre E. Cushing III,Andre,E.,Cushing,,,True,me,upper,10,Republican,https://mainelegislature.org/images/logo.png,2011-06-13 17:13:39.551000,2017-06-01 07:01:20.327000
MEL000075,Kimberley C. Rosen,Kimberley,C.,Rosen,,,True,me,upper,8,Republican,https://mainelegislature.org/images/logo.png,2011-06-13 17:13:39.553000,2017-06-01 07:01:20.345000
MEL000135,James M. Hamper,James,M.,Hamper,,,True,me,upper,19,Republican,https://mainelegislature.org/images/logo.png,2011-06-13 17:13:39.790000,2017-06-01 07:01:20.342000
MEL000161,Amy Fern Volk,Amy,Fern,Volk,,,True,me,upper,30,Republican,https://mainelegislature.org/images/logo.png,2011-06-13 17:13:39.860000,2017-06-01 07:01:20.325000
MEL000195,Rebecca J. Millett,Rebecca,J.,Millett,,,True,me,upper,29,Democratic,https://mainelegislature.org/images/logo.png,2013-01-04 00:07:10.441000,2017-06-01 07:01:20.353000
MEL000208,Geoffrey M. Gratwick,Geoffrey,M.,Gratwick,,,True,me,upper,9,Democratic,https://mainelegislature.org/images/logo.png,2013-01-04 00:07:10.625000,2017-06-01 07:01:20.340000
MEL000247,Nathan L. Libby,Nathan,L.,Libby,,,True,me,upper,21,Democratic,https://mainelegislature.org/images/logo.png,2013-01-04 00:07:11.162000,2017-06-01 07:01:20.351000
MEL000280,Scott W. Cyrway,Scott,W.,Cyrway,,,True,me,upper,16,Republican,https://mainelegislature.org/images/logo.png,2015-01-05 15:44:58.825000,2017-06-01 07:01:20.357000
MEL000321,Paul T. Davis,Paul,T.,Davis,,,True,me,upper,4,Republican,https://mainelegislature.org/images/logo.png,2015-01-05 15:44:59.110000,2017-06-01 07:01:20.352000
MEL000386,Eric L. Brakey,Eric,L.,Brakey,,,True,me,upper,20,Republican,https://mainelegislature.org/images/logo.png,2015-01-05 15:44:59.574000,2017-06-01 07:01:20.337000
MEL000393,G. William Diamond,G.,William,Diamond,,,True,me,upper,26,Democratic,https://mainelegislature.org/images/logo.png,2015-01-05 15:44:59.622000,2017-06-01 07:01:20.338000
MEL000396,David R. Miramant,David,R.,Miramant,,,True,me,upper,12,Democratic,https://mainelegislature.org/images/logo.png,2015-01-05 15:44:59.644000,2017-06-01 07:01:20.334000
MEL000448,David C. Woodsome,David,C.,Woodsome,,,True,me,upper,33,Republican,https://mainelegislature.org/images/logo.png,2015-01-05 15:45:00.172000,2017-06-01 07:01:20.333000
MEL000458,Catherine Breen,Catherine,,Breen,,,True,me,upper,25,Democratic,https://mainelegislature.org/images/logo.png,2015-01-05 15:45:00.247000,2017-06-01 07:01:20.331000
MEL000515,Shenna L Bellows,Shenna,L,Bellows,,,True,me,upper,14,Democratic,https://mainelegislature.org/images/logo.png,2017-01-09 01:10:59.027000,2017-06-01 07:01:20.358000
MEL000516,Eloise A. Vitelli,Eloise,A.,Vitelli,,,True,me,upper,23,Democratic,https://mainelegislature.org/images/logo.png,2017-01-09 01:10:59.039000,2017-06-01 07:01:20.336000
MEL000517,Troy D Jackson,Troy,D,Jackson,,,True,me,upper,1,Democratic,https://mainelegislature.org/images/logo.png,2017-01-09 01:10:59.084000,2017-06-01 07:01:20.361000
MEL000518,Susan A. Deschambault,Susan,A.,Deschambault,,,True,me,upper,32,Democratic,https://mainelegislature.org/images/logo.png,2017-01-09 01:10:59.112000,2017-06-01 07:01:20.359000
MEL000519,Brownie Carson,Brownie,,Carson,,,True,me,upper,24,Democratic,https://mainelegislature.org/images/logo.png,2017-01-09 01:10:59.195000,2017-06-01 07:01:20.330000
MEL000520,Benjamin M. Chipman,Benjamin,M.,Chipman,,,True,me,upper,27,Democratic,https://mainelegislature.org/images/logo.png,2017-01-09 01:10:59.219000,2017-06-01 07:01:20.328000
MEL000521,Michael E Carpenter,Michael,E,Carpenter,,,True,me,upper,2,Democratic,https://mainelegislature.org/images/logo.png,2017-01-09 01:10:59.256000,2017-06-01 07:01:20.350000
MEL000522,Lisa Keim,Lisa,,Keim,,,True,me,upper,18,Republican,https://mainelegislature.org/images/logo.png,2017-01-09 01:10:59.314000,2017-06-01 07:01:20.347000
MEL000523,Dana L. Dow,Dana,L.,Dow,,,True,me,upper,13,Republican,https://mainelegislature.org/images/logo.png,2017-01-09 01:10:59.323000,2017-06-01 07:01:20.332000
MEL000524,Mark N. Dion,Mark,N.,Dion,,,True,me,upper,28,Democratic,https://mainelegislature.org/images/logo.png,2017-01-09 01:10:59.330000,2017-06-01 07:01:20.348000
MEL000526,Justin M. Chenette,Justin,M.,Chenette,,,True,me,upper,31,Democratic,https://mainelegislature.org/images/logo.png,2017-01-09 01:10:59.404000,2017-06-01 07:01:20.345000
MEL000527,Joyce A. Maker,Joyce,A.,Maker,,,True,me,upper,6,Republican,https://mainelegislature.org/images/logo.png,2017-01-09 01:10:59.492000,2017-06-01 07:01:20.344000
