id,state,chamber,committee,subcommittee,parent_id
ILC000066,il,lower,Rules,,
ILC000121,il,lower,Adoption Reform,,
ILC000122,il,lower,Agriculture & Conservation,,
ILC000123,il,lower,Approp-Elementary & Secondary Educ,,
ILC000124,il,lower,Appropriations-General Service,,
ILC000125,il,lower,Appropriations-Higher Education,,
ILC000126,il,lower,Appropriations-Human Services,,
ILC000127,il,lower,Appropriations-Public Safety,,
ILC000128,il,lower,Business Growth & Incentives,,
ILC000129,il,lower,Business Occupational Licenses,,
ILC000130,il,lower,Cities & Villages,,
ILC000131,il,lower,Consumer Protection,,
ILC000132,il,lower,Counties & Townships,,
ILC000135,il,lower,Energy,,
ILC000136,il,lower,Environment,,
ILC000137,il,lower,Executive,,
ILC000138,il,lower,Financial Institutions,,
ILC000139,il,lower,Health & Healthcare Disparities,,
ILC000140,il,lower,Health Care Availability  Access,,
ILC000141,il,lower,Health Care Licenses,,
ILC000142,il,lower,Higher Education,,
ILC000144,il,lower,Human Services,,
ILC000145,il,lower,Insurance,,
ILC000146,il,lower,International Trade & Commerce,,
ILC000148,il,lower,Labor & Commerce Committee,,
ILC000150,il,lower,"Museums, Arts, & Cultural Enhanceme",,
ILC000151,il,lower,Personnel & Pensions,,
ILC000153,il,lower,Public Utilities,,
ILC000154,il,lower,Restorative Justice,,
ILC000155,il,lower,Revenue & Finance,,
ILC000157,il,lower,State Government Administration,,
ILC000158,il,lower,Tollway Oversight,,
ILC000159,il,lower,Tourism & Conventions,,
ILC000160,il,lower,"Transportation, Regulation, Roads",,
ILC000161,il,lower,Transportation: Vehicles & Safety,,
ILC000162,il,lower,Human Services,Facilities Subcommittee,ILC000144
ILC000163,il,lower,Human Services,Public Benefits Subcommittee,ILC000144
ILC000174,il,lower,Labor & Commerce Committee,Unemployment Insurance Subcommittee,ILC000148
ILC000176,il,lower,Revenue & Finance,Finance Subcommittee,ILC000155
ILC000177,il,lower,Revenue & Finance,Income Tax Subcommittee,ILC000155
ILC000178,il,lower,Revenue & Finance,Property Tax Subcommittee,ILC000155
ILC000179,il,lower,Revenue & Finance,Sales and Other Taxes Subcommittee,ILC000155
ILC000181,il,lower,Veterans' Affairs,,
ILC000201,il,lower,Business Occupational Licenses,Business Licenses Subcommittee,ILC000129
ILC000202,il,lower,Cities & Villages,Local Government Subcommittee,ILC000130
ILC000207,il,lower,Labor & Commerce Committee,Workforce Reconciliation Subcommitt,ILC000148
ILC000224,il,lower,Human Services,Informed Consent Subcommittee,ILC000144
ILC000228,il,lower,Revenue & Finance,Towing Oversight Subcommittee,ILC000155
ILC000247,il,lower,Renewable Energy & Sustainability,,
ILC000248,il,lower,Special Needs Services,,
ILC000249,il,lower,Juvenile Justice & System-Involved,,
ILC000250,il,lower,Youth & Young Adults,,
ILC000252,il,lower,Intermodal Infrastructure,,
ILC000253,il,lower,Community College Access & Afford.,,
ILC000254,il,lower,Economic Development & Housing,,
ILC000256,il,lower,Judiciary - Criminal,,
ILC000257,il,lower,Judiciary - Civil,,
ILC000264,il,lower,Sex Offenses and Sex Offender Regis,,
ILC000265,il,lower,Judiciary - Criminal,Firearms and Firearm Safety Subcomm,ILC000256
ILC000268,il,lower,"Sentencing, Penalties, and Criminal",,
ILC000269,il,lower,Transportation: Vehicles & Safety,Transportation: License Plates Subc,ILC000161
ILC000270,il,lower,Transportation: Vehicles & Safety,Transportation: Signs & Signals Sub,ILC000161
ILC000272,il,lower,"Transportation, Regulation, Roads",Transportation: Reg. & Reg. Sub.,ILC000160
ILC000273,il,lower,"Transportation, Regulation, Roads",Transportation: Railroad & Air Subc,ILC000160
ILC000274,il,lower,Labor & Commerce Committee,Workers Compensation Subcommittee,ILC000148
ILC000276,il,lower,Single Family Homeownership Stabili,,
ILC000277,il,lower,Violence Prevention Task Force,,
ILC000278,il,lower,Economic Development & Housing,Economic Growth and Mod. Sub.,ILC000254
ILC000279,il,lower,Senior and Veterans Housing Sustain,,
ILC000280,il,lower,Health Care Licenses,Practice Acts Subcommittee,ILC000141
ILC000281,il,lower,Sm Bus Empowerment Wkforce Develop,,
ILC000282,il,lower,Counties & Townships,Local Government Efficiency Subcomm,ILC000132
ILC000283,il,lower,Elem Sec Ed School Curricu Policies,Special Issues Subcommittee,ILC000284
ILC000284,il,lower,Elem Sec Ed School Curricu Policies,,
ILC000285,il,lower,Elem Sec Ed: Licensing Oversight,,
ILC000289,il,lower,Elem Sec Ed  Charter School Policy,,
ILC000290,il,lower,House Education Task Force,,
ILC000291,il,lower,Restorative Justice,Criminal Justice Reform Subcommitte,ILC000154
ILC000293,il,lower,Judiciary - Civil,Civil Process Subcommittee,ILC000257
ILC000294,il,lower,Judiciary - Civil,General Law Subcommittee,ILC000257
ILC000297,il,lower,State Government Administration,Agency Operations Subcommittee,ILC000157
ILC000298,il,lower,State Government Administration,Special Bills Subcommittee,ILC000157
ILC000302,il,lower,State Government Administration,Government Process Subcommittee,ILC000157
ILC000303,il,lower,House Budget Oversight Panel,,
ILC000307,il,lower,Revenue & Finance,Coal Finance Subcommittee,ILC000155
ILC000308,il,lower,"Real Estate, Prop. Probate & Trust",,
ILC000312,il,lower,Public Private Partnerships,,
ILC000315,il,lower,Higher Education,Higher Education Issues Subcommitte,ILC000142
ILC000316,il,lower,Personnel & Pensions,End of Career Compensation Sub,ILC000151
ILC000317,il,lower,Public Utilities,Special Matters Subcommittee,ILC000153
ILC000318,il,lower,State Government Administration,Substance Abuse Special,ILC000157
ILC000322,il,lower,Consumer Protection,Public Health Subcommittee,ILC000131
ILC000325,il,lower,State Government Administration,State Government Subcommittee,ILC000157
ILC000326,il,lower,Judiciary - Civil,Real & Personal Property Law Subcom,ILC000257
ILC000327,il,lower,Criminal Admin and Enforcement,,
ILC000328,il,lower,"Tourism, Hospitality & Craft Ind.",,
ILC000329,il,lower,Appropriations-Human Services,Medicaid Subcommittee,ILC000126
ILC000330,il,lower,Elections & Campaign Finance,Ballott Access Subcommittee,ILC000377
ILC000331,il,lower,"Elem Sec Ed: Licensing, Admin.",Special Issues Subcommittee,ILC000365
ILC000332,il,lower,Executive,Gaming Subcommittee,ILC000137
ILC000333,il,lower,Criminal Admin and Enforcement,Firearms and Firearm Safety Subcomm,ILC000327
ILC000334,il,lower,Judiciary - Civil,Commercial Law Subcommittee,ILC000257
ILC000335,il,lower,Elem Sec Ed:  Charter School Policy,,
ILC000336,il,lower,Judiciary - Civil,Civil Procedure Subcommittee,ILC000257
ILC000338,il,lower,Elections & Campaign Finance,Election Administration Subcommitte,ILC000377
ILC000339,il,lower,Health Care Availability & Access,,
ILC000341,il,lower,Elections & Campaign Finance,Voter Education & Registration Sub,ILC000377
ILC000343,il,lower,Human Services,Medicaid Subcommittee,ILC000144
ILC000344,il,lower,Human Services,Informed Consent Subcommitee,ILC000144
ILC000345,il,lower,Revenue & Finance,"Growth, Reform & Fairness Subcommit",ILC000155
ILC000346,il,lower,Aging,,
ILC000347,il,lower,Fire & Emergency Services,Fire Service Subcommittee,ILC000387
ILC000350,il,lower,Mental Health,,
ILC000351,il,lower,Cost Benefit Analysis,,
ILC000353,il,lower,Environment,Environment Subcommittee,ILC000136
ILC000354,il,lower,Higher Education,Higher Education Analysis Subcommit,ILC000142
ILC000355,il,lower,Elections & Campaign Finance,Campaign Finance Subcommittee,ILC000377
ILC000357,il,lower,Judiciary - Civil,Domestic Relations Law Subcommittee,ILC000257
ILC000359,il,lower,Economic Opportunity,,
ILC000360,il,lower,Business Incentives for Local Comm.,,
ILC000361,il,lower,Economic Justice & Equity,,
ILC000362,il,lower,"Transportation: Regulation, Roads",,
ILC000364,il,lower,Transportation: Vehicles & Safety,Special License Plates Subcommittee,ILC000161
ILC000365,il,lower,"Elem Sec Ed: Licensing, Admin.",,
ILC000366,il,lower,Counties & Townships,Consolidated Subcommittee,ILC000132
ILC000367,il,lower,Insurance: Health & Life,,
ILC000368,il,lower,Judiciary - Civil,Tort Liability Law Subcommittee,ILC000257
ILC000369,il,lower,Insurance: Property & Casualty,,
ILC000371,il,lower,"Cybersecurity, Data Analytics, & IT",,
ILC000372,il,lower,Government Consolidation &  Modern,,
ILC000373,il,lower,Elem Sec Ed: School Curric Policies,,
ILC000375,il,lower,"Sentencing, Penalties and Criminal",,
ILC000376,il,lower,Business & Occupational Licenses,Business Licenses Subcommittee,ILC000383
ILC000377,il,lower,Elections & Campaign Finance,,
ILC000378,il,lower,Juvenile Justice and System Involve,,
ILC000379,il,lower,Mass Transit,,
ILC000380,il,lower,Construction Industry & Code Enforc,,
ILC000381,il,lower,Police & First Responders,,
ILC000382,il,lower,Government Transparency,,
ILC000383,il,lower,Business & Occupational Licenses,,
ILC000384,il,lower,Judiciary - Civil,Trusts & Estates Law Subcommittee,ILC000257
ILC000386,il,lower,Counties & Townships,Transparency Subcommittee,ILC000132
ILC000387,il,lower,Fire & Emergency Services,,
ILC000388,il,lower,Cost Benefit Analysis,Analytics Subcommittee,ILC000351
ILC000389,il,lower,Transportation: Vehicles & Safety,Red Light Camera Subcommittee,ILC000161
ILC000392,il,lower,Elem Sec Ed: School Curric Policies,Special Issues Subcommittee,ILC000373
ILC000394,il,lower,Environment,Environmental Regulations Subcommit,ILC000136
ILC000396,il,lower,Energy,Resources and Management Subcommitt,ILC000135
ILC000397,il,lower,Counties & Townships,Compensation Subcommittee,ILC000132
ILC000398,il,lower,Mental Health,Justice System Subcommittee,ILC000350
ILC000399,il,lower,Mental Health,Childhood and Young Adult Onset Sub,ILC000350
ILC000400,il,lower,Mental Health,Substance Abuse Subcommittee,ILC000350
ILC000401,il,lower,Agriculture & Conservation,Negotiations Subcommittee,ILC000122
ILC000402,il,lower,Future Roads: Growth & Improvement,"Roads, Ports & Aviation Subcommitte",ILC000404
ILC000403,il,lower,Future Roads: Growth & Improvement,Highways & Transit Subcommittee,ILC000404
ILC000404,il,lower,Future Roads: Growth & Improvement,,
ILC000405,il,lower,Future Roads: Growth & Improvement,Motor Fuel Analysis Subcommittee,ILC000404
ILC000406,il,lower,Aging,Community Care Program Subcommittee,ILC000346
ILC000407,il,lower,Transportation: Vehicles & Safety,School Buses Subcommittee,ILC000161
ILC000408,il,lower,Human Services,HS Medicaid Subcommittee,ILC000144
ILC000409,il,lower,Health Care Licenses,Negotiations Subcommittee,ILC000141
ILC000412,il,lower,Future Roads: Growth & Improvement,"Railroads, Ports and Aviation Subco",ILC000404
ILC000413,il,lower,Appropriations-Higher Education,Cost Analysis Subcommittee,ILC000125
ILC000414,il,lower,Agriculture & Conservation,Animal Baiting Subcommittee,ILC000122
ILC000418,il,lower,Elections & Campaign Finance,Ballot Access Subcommittee,ILC000377
ILC000419,il,lower,Appropriations-Public Safety,Transportation Subcommittee,ILC000127
ILC000421,il,lower,Restorative Justice,Social Change Subcommittee,ILC000154
ILC000097,il,upper,Assignments,,
ILC000099,il,upper,Appropriations I,,
ILC000100,il,upper,Appropriations II,,
ILC000101,il,upper,Committee of the Whole,,
ILC000102,il,upper,Criminal Law,,
ILC000103,il,upper,Education,,
ILC000106,il,upper,Executive,,
ILC000107,il,upper,Executive Appointments,,
ILC000108,il,upper,Financial Institutions,,
ILC000109,il,upper,Higher Education,,
ILC000110,il,upper,Human Services,,
ILC000111,il,upper,Insurance,,
ILC000112,il,upper,Judiciary,,
ILC000115,il,upper,Local Government,,
ILC000116,il,upper,Public Health,,
ILC000117,il,upper,Revenue,,
ILC000118,il,upper,State Government & Veterans Affairs,,
ILC000119,il,upper,Transportation,,
ILC000171,il,upper,Licensed Activities and Pensions,,
ILC000185,il,upper,Criminal Law,Subcommittee on CLEAR Compliance,ILC000102
ILC000186,il,upper,Criminal Law,Subcommittee on Special Issues (CL),ILC000102
ILC000187,il,upper,Education,Subcommittee on Charter Schools,ILC000103
ILC000188,il,upper,Education,Subcommittee on Special Issues (ED),ILC000103
ILC000189,il,upper,Executive,Sub on Constitutional Amendments,ILC000106
ILC000190,il,upper,Executive,Sub on Governmental Operations,ILC000106
ILC000191,il,upper,Executive,Subcommittee on Civil Rights,ILC000106
ILC000192,il,upper,Executive,Subcommittee on Election Law,ILC000106
ILC000193,il,upper,Executive,Subcommittee on Gaming,ILC000106
ILC000195,il,upper,Executive,Subcommittee on Special Issues (EX),ILC000106
ILC000196,il,upper,Human Services,Subcommittee on Special Issues (HS),ILC000110
ILC000197,il,upper,Public Health,Subcommittee on Amendments,ILC000116
ILC000198,il,upper,Public Health,Subcommittee on Special Issues (PH),ILC000116
ILC000209,il,upper,Local Government,Subcommittee on Special Issues (LG),ILC000115
ILC000214,il,upper,Executive,Subcommittee on Procurement,ILC000106
ILC000215,il,upper,Human Services,Sub on Issues Relating to DCFS,ILC000110
ILC000235,il,upper,Revenue,Subcommittee on Special Issues (RV),ILC000117
ILC000236,il,upper,Revenue,Subcommittee on Tax Credits,ILC000117
ILC000237,il,upper,Revenue,Subcommittee on Property Tax,ILC000117
ILC000258,il,upper,Energy and Public Utilities,,
ILC000259,il,upper,Commerce and Economic Development,,
ILC000260,il,upper,Environment and Conservation,,
ILC000261,il,upper,Labor,,
ILC000262,il,upper,Agriculture,,
ILC000263,il,upper,Committee on Restorative Justice,,
ILC000266,il,upper,Higher Education,Sub. Public Higher Edu. Exec. Comp.,ILC000109
ILC000275,il,upper,Public Health,Subcommittee on Immunization,ILC000116
ILC000288,il,upper,Environment and Conservation,Sub on EPA 111(d) Requirements,ILC000260
ILC000295,il,upper,Energy and Public Utilities,"Sub. on Generation, Util, & Telecom",ILC000258
ILC000299,il,upper,Judiciary,Subcommittee on Firearms (JU),ILC000112
ILC000300,il,upper,Criminal Law,Subcommittee on Firearms (CL),ILC000102
ILC000301,il,upper,Committee on Pension Investments,,
ILC000304,il,upper,State Government & Veterans Affairs,Subcommittee on Prison Operation,ILC000118
ILC000305,il,upper,Judiciary,Subcommittee on Special Issues (JU),ILC000112
ILC000306,il,upper,Com. Oversight Medicaid Mang. Care,,
ILC000309,il,upper,Transportation,Sub on Transportation Innovation,ILC000119
ILC000310,il,upper,Transportation,Subcommittee on Amtrak,ILC000119
ILC000311,il,upper,Higher Education,Sub. on the Monetary Award Program,ILC000109
ILC000313,il,upper,Executive,Sub. on Police Professionalism,ILC000106
ILC000314,il,upper,Judiciary,Subcommittee on Court Fees & Fines,ILC000112
ILC000319,il,upper,Human Services,Sub. on Issues Impacting IL Youth,ILC000110
ILC000320,il,upper,Local Government,Subcommittee on Consolidation,ILC000115
ILC000321,il,upper,Revenue,Subcommittee on Information Sharing,ILC000117
ILC000323,il,upper,Judiciary,Sub Com on CA Affecting the Jud,ILC000112
ILC000324,il,upper,Criminal Law,Sub. Comm on Statues of Limiatation,ILC000102
ILC000337,il,upper,Government Reform,,
ILC000340,il,upper,Licensed Activities and Pensions,Subcommitee on Special Issues (LA),ILC000171
ILC000342,il,upper,Pub. High. Ed. Adm. Cost. Tui. Fees,,
ILC000348,il,upper,Judiciary,Subcommittee on Firearms,ILC000112
ILC000349,il,upper,Judiciary,Subcommittee on Tort Reform,ILC000112
ILC000352,il,upper,Veterans Affairs,,
ILC000356,il,upper,Executive,Subcommittee on Gov. Operations,ILC000106
ILC000358,il,upper,Gaming,,
ILC000363,il,upper,State Government,Subcommittee on State Designations,ILC000391
ILC000370,il,upper,Judiciary,Subcommittee on Civil Rights,ILC000112
ILC000374,il,upper,Executive,Subcommittee on Const. Amendments,ILC000106
ILC000385,il,upper,Executive,Subcommittee on Pensions,ILC000106
ILC000390,il,upper,Telecommunications & InfoTechnology,,
ILC000391,il,upper,State Government,,
ILC000393,il,upper,Government Reform,Subcommittee on Special Issues (GR),ILC000337
ILC000395,il,upper,Education,Sub. on Interscholastic Athletics,ILC000103
ILC000410,il,upper,Telecommunications & InfoTechnology,Subcommittee on Cybersecurity,ILC000390
ILC000411,il,upper,Licensed Activities and Pensions,Subcommittee on Special Issues (LA),ILC000171
ILC000415,il,upper,Public Health,Subcommittee on Long Term Care,ILC000116
ILC000416,il,upper,Human Services,Sub. on Consequences of Fed.Policy,ILC000110
ILC000417,il,upper,Criminal Law,Subcommittee on Bail Reform,ILC000102
ILC000420,il,upper,Judiciary,Sub. On The Const.and Redist Issues,ILC000112
ILC000422,il,upper,Oversight Medicaid Mang. Care,,
ILC000423,il,upper,Executive,Subcommittee on Regulatory Reform,ILC000106
ILC000424,il,upper,Insurance,Subcommittee on Insurance Rates,ILC000111
ILC000425,il,upper,Agriculture,Sub. Confined Animal Feeding Ops.,ILC000262
ILC000426,il,upper,Insurance,Sub. on Auto Insurance Rates,ILC000111
ILC000427,il,upper,Environment and Conservation,Subcommittee on Fracking,ILC000260
