id,state,chamber,committee,subcommittee,parent_id
INC000257,in,joint,Legislative Council,,
INC000258,in,joint,"Legislative Council, Personnel Subcommittee",,
INC000259,in,joint,"Legislative Council, Technology Oversight Subcommittee",,
INC000260,in,joint,"Legislative Council, Audit and Financial Reporting Subcommittee",,
INC000261,in,joint,"Legislative Council, Space Utilization Subcommittee",,
INC000031,in,lower,Agriculture and Rural Development,,
INC000032,in,lower,"Commerce, Small Business and Economic Development",,
INC000033,in,lower,Courts and Criminal Code,,
INC000034,in,lower,Education,,
INC000035,in,lower,Elections and Apportionment,,
INC000036,in,lower,"Employment, Labor and Pensions",,
INC000037,in,lower,Environmental Affairs,,
INC000038,in,lower,"Family, Children and Human Affairs",,
INC000039,in,lower,Financial Institutions,,
INC000040,in,lower,Government and Regulatory Reform,,
INC000041,in,lower,Insurance,,
INC000042,in,lower,Judiciary,,
INC000043,in,lower,Local Government,,
INC000044,in,lower,Natural Resources,,
INC000045,in,lower,Public Health,,
INC000046,in,lower,Public Policy,,
INC000047,in,lower,Roads and Transportation,,
INC000048,in,lower,Rules and Legislative Procedures,,
INC000049,in,lower,Select Committee on Government Reduction,,
INC000053,in,lower,Veterans Affairs and Public Safety,,
INC000054,in,lower,Ways and Means,,
INC000191,in,lower,"Utilities, Energy and Telecommunications",,
INC000208,in,lower,Interstate and International Cooperation,,
INC000211,in,lower,Ethics,,
INC000003,in,upper,Appropriations,,
INC000009,in,upper,Education and Career Development,,
INC000010,in,upper,Elections,,
INC000012,in,upper,Ethics,,
INC000014,in,upper,Health and Provider Services,,
INC000018,in,upper,Joint Rules,,
INC000019,in,upper,Judiciary,,
INC000020,in,upper,Local Government,,
INC000021,in,upper,Pensions and Labor,,
INC000025,in,upper,Public Policy,,
INC000027,in,upper,Rules and Legislative Procedure,,
INC000028,in,upper,Tax and Fiscal Policy,,
INC000055,in,upper,Civil Law,,
INC000060,in,upper,Environmental Affairs,,
INC000063,in,upper,Utilities,,
INC000201,in,upper,Agriculture,,
INC000203,in,upper,Natural Resources,,
INC000216,in,upper,Appropriations,School Funding,INC000003
INC000251,in,upper,Homeland Security and Transportation,,
INC000252,in,upper,Veterans Affairs and The Military,,
INC000253,in,upper,Corrections and Criminal Law,,
INC000254,in,upper,Family and Children Services,,
INC000255,in,upper,Commerce and Technology,,
INC000256,in,upper,Insurance and Financial Institutions,,
