id,state,chamber,committee,subcommittee,parent_id
FLC000093,fl,joint,Joint Administrative Procedures Committee,,
FLC000094,fl,joint,Joint Committee on Public Counsel Oversight,,
FLC000095,fl,joint,Joint Legislative Auditing Committee,,
FLC000100,fl,joint,Joint Legislative Budget Commission,,
FLC000154,fl,joint,Joint Subcommittee on Auditor General Selection,,
FLC000157,fl,joint,Joint Select Committee on Collective Bargaining,,
FLC000060,fl,lower,Appropriations,,
FLC000061,fl,lower,Appropriations,Agriculture & Natural Resources Appropriations,FLC000060
FLC000062,fl,lower,Appropriations,Government Operations Appropriations,FLC000060
FLC000063,fl,lower,Appropriations,Health Care Appropriations,FLC000060
FLC000065,fl,lower,Appropriations,Justice Appropriations,FLC000060
FLC000067,fl,lower,Appropriations,Transportation & Economic Development Appropriations,FLC000060
FLC000068,fl,lower,Economic Affairs,,
FLC000074,fl,lower,Education,,
FLC000078,fl,lower,Health & Human Services,,
FLC000081,fl,lower,Judiciary,,
FLC000082,fl,lower,Judiciary,Civil Justice,FLC000081
FLC000083,fl,lower,Judiciary,Criminal Justice,FLC000081
FLC000086,fl,lower,State Affairs,,
FLC000087,fl,lower,State Affairs,Agriculture & Natural Resources,FLC000086
FLC000090,fl,lower,State Affairs,Government Operations,FLC000086
FLC000113,fl,lower,Appropriations,Education Appropriations,FLC000060
FLC000115,fl,lower,Economic Affairs,Economic Development & Tourism,FLC000068
FLC000117,fl,lower,Education,Choice & Innovation,FLC000074
FLC000118,fl,lower,Education,Higher Education & Workforce,FLC000074
FLC000119,fl,lower,Education,K-12,FLC000074
FLC000120,fl,lower,Health & Human Services,Health Innovation,FLC000078
FLC000121,fl,lower,Health & Human Services,Health Quality,FLC000078
FLC000123,fl,lower,Local & Federal Affairs,,
FLC000124,fl,lower,Regulatory Affairs,,
FLC000126,fl,lower,Regulatory Affairs,Energy & Utilities,FLC000124
FLC000127,fl,lower,Regulatory Affairs,Insurance & Banking,FLC000124
FLC000140,fl,lower,"Rules, Calendar & Ethics",,
FLC000141,fl,lower,Finance & Tax,,
FLC000147,fl,lower,Local & Federal Affairs,Veteran & Military Affairs,FLC000123
FLC000148,fl,lower,Economic Affairs,Transportation & Ports,FLC000068
FLC000149,fl,lower,Local & Federal Affairs,Local Government Affairs,FLC000123
FLC000150,fl,lower,Regulatory Affairs,Business & Professions,FLC000124
FLC000151,fl,lower,"Rules, Calendar & Ethics",Rulemaking Oversight & Repeal,FLC000140
FLC000152,fl,lower,Economic Affairs,Highway & Waterway Safety,FLC000068
FLC000153,fl,lower,Health & Human Services,"Children, Families & Seniors",FLC000078
FLC000155,fl,lower,Select Committee on Redistricting,,
FLC000158,fl,lower,Select Committee on Affordable Healthcare Access,,
FLC000159,fl,lower,Ways & Means Committee,,
FLC000160,fl,lower,Health & Human Services Committee,Health Innovation Subcommittee,FLC000200
FLC000161,fl,lower,Commerce Committee,Insurance & Banking Subcommittee,FLC000191
FLC000163,fl,lower,Commerce Committee,Careers & Competition Subcommittee,FLC000191
FLC000166,fl,lower,Appropriations Committee,Government Operations & Technology Appropriations Subcommittee,FLC000170
FLC000167,fl,lower,Government Accountability Committee,Transportation & Infrastructure Subcommittee,FLC000198
FLC000169,fl,lower,Education Committee,PreK-12 Innovation Subcommittee,FLC000193
FLC000170,fl,lower,Appropriations Committee,,
FLC000171,fl,lower,Commerce Committee,Tourism & Gaming Control Subcommittee,FLC000191
FLC000173,fl,lower,Appropriations Committee,PreK-12 Appropriations Subcommittee,FLC000170
FLC000174,fl,lower,Education Committee,Post-Secondary Education Subcommittee,FLC000193
FLC000175,fl,lower,Public Integrity & Ethics Committee,,
FLC000177,fl,lower,Appropriations Committee,Higher Education Appropriations Subcommittee,FLC000170
FLC000179,fl,lower,Commerce Committee,Agriculture & Property Rights Subcommittee,FLC000191
FLC000180,fl,lower,Government Accountability Committee,Natural Resources & Public Lands Subcommittee,FLC000198
FLC000181,fl,lower,Commerce Committee,Energy & Utilities Subcommittee,FLC000191
FLC000182,fl,lower,Select Committee on Triumph Gulf Coast,,
FLC000184,fl,lower,Appropriations Committee,Justice Appropriations Subcommittee,FLC000170
FLC000185,fl,lower,Government Accountability Committee,"Oversight, Transparency & Administration Subcommittee",FLC000198
FLC000186,fl,lower,Appropriations Committee,Health Care Appropriations Subcommittee,FLC000170
FLC000187,fl,lower,Government Accountability Committee,"Local, Federal & Veterans Affairs Subcommittee",FLC000198
FLC000188,fl,lower,Health & Human Services Committee,"Children, Families & Seniors Subcommittee",FLC000200
FLC000189,fl,lower,Health & Human Services Committee,Health Quality Subcommittee,FLC000200
FLC000190,fl,lower,Judiciary Committee,,
FLC000191,fl,lower,Commerce Committee,,
FLC000192,fl,lower,Appropriations Committee,Transportation & Tourism Appropriations Subcommittee,FLC000170
FLC000193,fl,lower,Education Committee,,
FLC000194,fl,lower,Judiciary Committee,Criminal Justice Subcommittee,FLC000190
FLC000195,fl,lower,Education Committee,PreK-12 Quality Subcommittee,FLC000193
FLC000196,fl,lower,Appropriations Committee,Agriculture & Natural Resources Appropriations Subcommittee,FLC000170
FLC000198,fl,lower,Government Accountability Committee,,
FLC000199,fl,lower,Judiciary Committee,Civil Justice & Claims Subcommittee,FLC000190
FLC000200,fl,lower,Health & Human Services Committee,,
FLC000201,fl,lower,Rules & Policy Committee,,
FLC000001,fl,upper,Agriculture,,
FLC000002,fl,upper,Banking and Insurance,,
FLC000011,fl,upper,"Children, Families, and Elder Affairs",,
FLC000012,fl,upper,Commerce and Tourism,,
FLC000013,fl,upper,"Communications, Energy, and Public Utilities",,
FLC000014,fl,upper,Community Affairs,,
FLC000015,fl,upper,Criminal Justice,,
FLC000017,fl,upper,Environmental Preservation and Conservation,,
FLC000018,fl,upper,Governmental Oversight and Accountability,,
FLC000021,fl,upper,Judiciary,,
FLC000024,fl,upper,Regulated Industries,,
FLC000025,fl,upper,Rules,,
FLC000027,fl,upper,Transportation,,
FLC000101,fl,upper,Appropriations,,
FLC000102,fl,upper,Appropriations,Criminal and Civil Justice,FLC000101
FLC000103,fl,upper,Appropriations,Education,FLC000101
FLC000105,fl,upper,Appropriations,General Government,FLC000101
FLC000106,fl,upper,Appropriations,Health and Human Services,FLC000101
FLC000107,fl,upper,Appropriations,"Transportation, Tourism, and Economic Development",FLC000101
FLC000109,fl,upper,Ethics and Elections,,
FLC000111,fl,upper,Health Policy,,
FLC000135,fl,upper,"Military and Veterans Affairs, Space, and Domestic Security",,
FLC000142,fl,upper,Fiscal Policy,,
FLC000143,fl,upper,Education Pre-K - 12,,
FLC000144,fl,upper,Higher Education,,
FLC000145,fl,upper,Finance and Tax,,
FLC000156,fl,upper,Reapportionment,,
FLC000162,fl,upper,Appropriations,Subcommittee on Finance and Tax,FLC000101
FLC000164,fl,upper,Appropriations,Subcommittee on Health and Human Services,FLC000101
FLC000165,fl,upper,Appropriations,Subcommittee on Criminal and Civil Justice,FLC000101
FLC000168,fl,upper,Appropriations,Subcommittee on General Government,FLC000101
FLC000172,fl,upper,Appropriations,Subcommittee on the Environment and Natural Resources,FLC000101
FLC000176,fl,upper,Education,,
FLC000178,fl,upper,Appropriations,Subcommittee on Higher Education,FLC000101
FLC000183,fl,upper,Appropriations,Subcommittee on Pre-K - 12 Education,FLC000101
FLC000197,fl,upper,Appropriations,"Subcommittee on Transportation, Tourism, and Economic Development",FLC000101
