id,state,chamber,committee,subcommittee,parent_id
PAC000334,pa,lower,Education,,
PAC000335,pa,lower,Tourism & Recreational Development,,
PAC000336,pa,lower,Children & Youth,,
PAC000337,pa,lower,Labor & Industry,,
PAC000338,pa,lower,Finance,,
PAC000339,pa,lower,State Government,,
PAC000340,pa,lower,Local Government,,
PAC000341,pa,lower,Game & Fisheries,,
PAC000342,pa,lower,Judiciary,,
PAC000343,pa,lower,Gaming Oversight,,
PAC000344,pa,lower,Liquor Control,,
PAC000345,pa,lower,Veterans Affairs & Emergency Preparedness,,
PAC000346,pa,lower,Urban Affairs,,
PAC000347,pa,lower,Appropriations,,
PAC000348,pa,lower,Health,,
PAC000349,pa,lower,Human Services,,
PAC000350,pa,lower,Environmental Resources & Energy,,
PAC000351,pa,lower,Transportation,,
PAC000352,pa,lower,Professional Licensure,,
PAC000353,pa,lower,Committee On Committees,,
PAC000354,pa,lower,Consumer Affairs,,
PAC000355,pa,lower,Aging & Older Adult Services,,
PAC000356,pa,lower,Agriculture & Rural Affairs,,
PAC000357,pa,lower,Commerce,,
PAC000358,pa,lower,Insurance,,
PAC000359,pa,lower,Committee On Ethics,,
PAC000360,pa,lower,Rules,,
PAC000252,pa,upper,Transportation,,
PAC000253,pa,upper,Judiciary,,
PAC000255,pa,upper,Local Government,,
PAC000256,pa,upper,Appropriations,,
PAC000258,pa,upper,State Government,,
PAC000260,pa,upper,Finance,,
PAC000261,pa,upper,Education,,
PAC000266,pa,upper,Intergovernmental Operations,,
PAC000314,pa,upper,"Community, Economic  & Recreational Development",,
PAC000315,pa,upper,Communications  & Technology,,
PAC000316,pa,upper,Rules  & Executive Nominations,,
PAC000317,pa,upper,Labor  & Industry,,
PAC000318,pa,upper,Aging  & Youth,,
PAC000319,pa,upper,Law  & Justice,,
PAC000320,pa,upper,Environmental Resources  & Energy,,
PAC000321,pa,upper,Consumer Protection  & Professional Licensure,,
PAC000322,pa,upper,Urban Affairs  & Housing,,
PAC000323,pa,upper,Agriculture  & Rural Affairs,,
PAC000324,pa,upper,Banking  & Insurance,,
PAC000325,pa,upper,Veterans Affairs  & Emergency Preparedness,,
PAC000326,pa,upper,Game  & Fisheries,,
PAC000331,pa,upper," Appropriations, ",,
PAC000333,pa,upper,Health  & Human Services,,
