id,state,chamber,committee,subcommittee,parent_id
OKC000123,ok,lower,Agriculture & Rural Development,,
OKC000124,ok,lower,Appropriations & Budget,General Government,OKC000147
OKC000125,ok,lower,Government Modernization,,
OKC000126,ok,lower,Appropriations & Budget,Transportation,OKC000147
OKC000127,ok,lower,Energy & Natural Resources,,
OKC000128,ok,lower,Administrative Rules,,
OKC000129,ok,lower,"Business, Commerce & Tourism",,
OKC000130,ok,lower,Higher Education & Career Tech,,
OKC000131,ok,lower,Appropriations & Budget,Select Agencies,OKC000147
OKC000132,ok,lower,Judiciary - Civil & Environmental,,
OKC000133,ok,lower,General Government Oversight & Accountability,,
OKC000134,ok,lower,Appropriations & Budget,Natural Resources & Regulatory Services,OKC000147
OKC000135,ok,lower,Rules,,
OKC000136,ok,lower,Appropriations & Budget,Health,OKC000147
OKC000137,ok,lower,Wildlife,,
OKC000138,ok,lower,Judiciary - Criminal Justice & Corrections,,
OKC000139,ok,lower,Appropriations & Budget,Finance,OKC000147
OKC000140,ok,lower,Public Health,,
OKC000141,ok,lower,Veterans & Military Affairs,,
OKC000142,ok,lower,Elections & Ethics,,
OKC000143,ok,lower,Appropriations & Budget,Public Safety,OKC000147
OKC000144,ok,lower,"Children, Youth & Family Services",,
OKC000145,ok,lower,Common Education,,
OKC000146,ok,lower,Transportation,,
OKC000147,ok,lower,Appropriations & Budget,,
OKC000148,ok,lower,Appropriations & Budget,Judiciary,OKC000147
OKC000149,ok,lower,Public Safety,,
OKC000150,ok,lower,Health Services & Long-Term Care,,
OKC000151,ok,lower,Utilities,,
OKC000152,ok,lower,County & Municipal Government,,
OKC000153,ok,lower,"Banking, Financial Services & Pensions",,
OKC000154,ok,lower,Appropriations & Budget,Education,OKC000147
OKC000155,ok,lower,Appropriations & Budget,Human Services,OKC000147
OKC000156,ok,lower,Insurance,,
OKC000157,ok,lower,Appropriations and Budget,Judiciary,OKC000164
OKC000158,ok,lower,Higher Education and Career Tech,,
OKC000159,ok,lower,Appropriations and Budget,Natural Resources and Regulatory Services,OKC000164
OKC000160,ok,lower,Energy and Natural Resources,,
OKC000161,ok,lower,Veterans and Military Affairs,,
OKC000162,ok,lower,"Banking, Financial Services and Pensions",,
OKC000163,ok,lower,Elections and Ethics,,
OKC000164,ok,lower,Appropriations and Budget,,
OKC000165,ok,lower,Appropriations and Budget,Public Safety,OKC000164
OKC000166,ok,lower,Judiciary - Civil and Environmental,,
OKC000167,ok,lower,Health Services and Long-Term Care,,
OKC000168,ok,lower,Agriculture and Rural Development,,
OKC000169,ok,lower,General Government Oversight and Accountability,,
OKC000170,ok,lower,Judiciary - Criminal Justice and Corrections,,
OKC000171,ok,lower,Appropriations and Budget,General Government,OKC000164
OKC000172,ok,lower,Appropriations and Budget,Select Agencies,OKC000164
OKC000173,ok,lower,Appropriations and Budget,Human Services,OKC000164
OKC000174,ok,lower,Appropriations and Budget,Health,OKC000164
OKC000175,ok,lower,County and Municipal Government,,
OKC000176,ok,lower,Appropriations and Budget,Transportation,OKC000164
OKC000177,ok,lower,"Business, Commerce and Tourism",,
OKC000178,ok,lower,Appropriations and Budget,Finance,OKC000164
OKC000179,ok,lower,Appropriations and Budget,Education,OKC000164
OKC000180,ok,lower,"Children, Youth and Family Services",,
OKC000005,ok,upper,Education,,
OKC000006,ok,upper,Energy,,
OKC000008,ok,upper,General Government,,
OKC000009,ok,upper,Health and Human Services,,
OKC000010,ok,upper,Judiciary,,
OKC000011,ok,upper,Public Safety,,
OKC000013,ok,upper,Rules,,
OKC000015,ok,upper,Transportation,,
OKC000016,ok,upper,Veterans and Military Affairs,,
OKC000119,ok,upper,Retirement and Insurance,,
OKC000121,ok,upper,"Business, Commerce and Tourism",,
OKC000122,ok,upper,Agriculture and Wildlife,,
