leg_id,full_name,first_name,middle_name,last_name,suffixes,nickname,active,state,chamber,district,party,photo_url,created_at,updated_at
OKL000001,Tom Adelson,Tom,,Adelson,,,False,ok,,,,http://www.oksenate.gov/Senators/biographies/adelson_bio.jpg,2011-07-08 20:39:11.614000,2013-01-09 20:44:14.990000
OKL000002,Cliff Aldridge,Cliff,,Aldridge,,,False,ok,,,,http://www.oksenate.gov/Senators/biographies/aldridge_bio.jpg,2011-07-08 20:39:11.616000,2015-01-12 16:02:57.368000
OKL000004,Patrick Anderson,Patrick,,Anderson,,,False,ok,,,,http://www.oksenate.gov/Senators/biographies/anderson_bio.jpg,2011-07-08 20:39:11.620000,2016-12-30 00:47:08.602000
OKL000005,Roger Ballenger,Roger,,Ballenger,,,False,ok,,,,http://www.oksenate.gov/Senators/biographies/ballenger_bio.jpg,2011-07-08 20:39:11.621000,2015-01-12 16:02:57.377000
OKL000006,Don Barrington,Don,,Barrington,,,False,ok,,,,http://www.oksenate.gov/Senators/biographies/barrington_bio.jpg,2011-07-08 20:39:11.623000,2016-12-30 00:47:08.596000
OKL000008,Brian Bingman,Brian,,Bingman,,,False,ok,,,,http://www.oksenate.gov/Senators/biographies/bingman_bio.jpg,2011-07-08 20:39:11.652000,2016-12-30 00:47:08.590000
OKL000009,Cliff Branan,Cliff,,Branan,,,False,ok,,,,http://www.oksenate.gov/Senators/biographies/branan_bio.jpg,2011-07-08 20:39:11.654000,2015-01-12 16:02:57.366000
OKL000011,Rick Brinkley,Rick,,Brinkley,,,False,ok,,,,http://www.oksenate.gov/Senators/biographies/Brinkley.jpg,2011-07-08 20:39:11.668000,2016-02-05 02:18:23.198000
OKL000013,Sean Burrage,Sean,,Burrage,,,False,ok,,,,http://www.oksenate.gov/Senators/biographies/burrage_bio.jpg,2011-07-08 20:39:11.709000,2015-01-12 16:02:57.358000
OKL000014,Harry Coates,Harry,,Coates,,,False,ok,,,,http://www.oksenate.gov/Senators/biographies/coates_bio.jpg,2011-07-08 20:39:11.711000,2015-01-12 16:02:57.364000
OKL000015,Brian Crain,Brian,,Crain,,,False,ok,,,,http://www.oksenate.gov/Senators/biographies/crain_bio.jpg,2011-07-08 20:39:11.714000,2016-12-30 00:47:08.591000
OKL000017,Judy Eason Mcintyre,Judy,,Eason Mcintyre,,,False,ok,,,,http://www.oksenate.gov/Senators/biographies/eason_mcintyre_bio.jpg,2011-07-08 20:39:11.717000,2013-01-09 20:44:14.987000
OKL000018,Jerry Ellis,Jerry,,Ellis,,,False,ok,,,,http://www.oksenate.gov/Senators/biographies/ellis_bio.jpg,2011-07-08 20:39:11.727000,2015-01-12 16:02:57.375000
OKL000020,John Ford,John,,Ford,,,False,ok,,,,http://www.oksenate.gov/Senators/biographies/ford_bio.jpg,2011-07-08 20:39:11.750000,2016-12-30 00:47:08.600000
OKL000021,Earl Garrison,Earl,,Garrison,,,False,ok,,,,http://www.oksenate.gov/Senators/biographies/garrison_bio.jpg,2011-07-08 20:39:11.752000,2016-12-30 00:47:08.597000
OKL000022,Jim Halligan,Jim,,Halligan,,,False,ok,,,,http://www.oksenate.gov/Senators/biographies/halligan_bio.jpg,2011-07-08 20:39:11.770000,2016-12-30 00:47:08.599000
OKL000024,Tom Ivester,Tom,,Ivester,,,False,ok,,,,http://www.oksenate.gov/Senators/biographies/ivester_bio.jpg,2011-07-08 20:39:11.774000,2015-01-12 16:02:57.362000
OKL000025,Constance Johnson,Constance N.,,Johnson,,,False,ok,,,,http://www.oksenate.gov/Senators/biographies/johnsonc_bio.jpg,2011-07-08 20:39:11.776000,2015-01-12 16:02:57.373000
OKL000026,Rob Johnson,Rob,,Johnson,,,False,ok,,,,http://www.oksenate.gov/Senators/biographies/Johnsonr.jpg,2011-07-08 20:39:11.778000,2015-01-12 16:02:57.360000
OKL000027,Clark Jolley,Clark,,Jolley,,,False,ok,,,,http://www.oksenate.gov/Senators/biographies/jolley_bio.jpg,2011-07-08 20:39:11.779000,2016-12-30 00:47:08.594000
OKL000028,Ron Justice,Ron,,Justice,,,False,ok,,,,http://www.oksenate.gov/Senators/biographies/justice_bio.jpg,2011-07-08 20:39:11.781000,2016-12-30 00:47:08.604000
OKL000029,Charlie Laster,Charlie,,Laster,,,False,ok,,,,http://www.oksenate.gov/Senators/biographies/laster_bio.jpg,2011-07-08 20:39:11.783000,2013-01-09 20:44:14.986000
OKL000030,Richard Lerblance,Richard,,Lerblance,,,False,ok,,,,http://www.oksenate.gov/Senators/biographies/lerblance_bio.jpg,2011-07-08 20:39:11.789000,2013-01-09 20:44:14.985000
OKL000032,Mike Mazzei,Mike,,Mazzei,,,False,ok,,,,http://www.oksenate.gov/Senators/biographies/mazzei_bio.jpg,2011-07-08 20:39:11.801000,2016-12-30 00:47:08.601000
OKL000033,David Myers,David,,Myers,,,False,ok,,,,http://www.oksenate.gov/Senators/biographies/myers_bio.jpg,2011-07-08 20:39:11.802000,2012-07-12 16:39:20.543000
OKL000035,Jonathan Nichols,Jonathan,,Nichols,,,False,ok,,,,http://www.oksenate.gov/Senators/biographies/nichols_bio.jpg,2011-07-08 20:39:11.806000,2013-01-09 20:44:14.989000
OKL000036,Susan Paddack,Susan,,Paddack,,,False,ok,,,,http://www.oksenate.gov/Senators/biographies/paddack_bio.jpg,2011-07-08 20:39:11.808000,2016-12-30 00:47:08.605000
OKL000037,Jim Reynolds,Jim,,Reynolds,,,False,ok,,,,http://www.oksenate.gov/Senators/biographies/reynolds_bio.jpg,2011-07-08 20:39:11.810000,2012-02-22 21:22:51.676000
OKL000038,Andrew Rice,Andrew,,Rice,,,False,ok,,,,http://www.oksenate.gov/Senators/biographies/rice_bio.jpg,2011-07-08 20:39:11.812000,2012-02-22 21:23:47.903000
OKL000039,Steve Russell,Steve,,Russell,,,False,ok,,,,http://www.oksenate.gov/Senators/biographies/russell_bio.jpg,2011-07-08 20:39:11.815000,2013-01-09 20:44:14.992000
OKL000041,Ralph Shortey,Ralph,,Shortey,,,False,ok,,,,http://www.oksenate.gov/Senators/biographies/Shortey.jpg,2011-07-08 20:39:11.819000,2017-04-10 02:46:35.406000
OKL000047,Jim Wilson,Jim,,Wilson,,,False,ok,,,,http://www.oksenate.gov/Senators/biographies/wilson_bio.jpg,2011-07-08 20:39:11.878000,2013-01-09 20:44:14.988000
OKL000048,Charles Wyrick,Charles,,Wyrick,,,False,ok,,,,http://www.oksenate.gov/Senators/biographies/wyrick_bio.jpg,2011-07-08 20:39:11.880000,2016-12-30 00:47:08.592000
OKL000049,Don Armes,Don,,Armes,,,False,ok,,,,http://www.okhouse.gov/Members/Pictures/Armes%20with%20flags.jpg,2011-07-08 20:39:11.882000,2015-01-12 16:02:57.332000
OKL000050,Gary W. Banz,Gary,W.,Banz,,,False,ok,,,,http://www.okhouse.gov/Members/Pictures/Banz%20with%20flags.jpg,2011-07-08 20:39:11.884000,2016-12-30 00:47:08.557000
OKL000052,Lisa J. Billy,Lisa J.,,Billy,,,False,ok,,,,http://www.votesmart.org/canphoto/46161.jpg,2011-07-08 20:39:11.887000,2015-01-12 16:02:57.315000
OKL000053,Gus Blackwell,Gus,,Blackwell,,,False,ok,,,,http://www.okhouse.gov/Members/Pictures/BlackwellFlags.jpg,2011-07-08 20:39:11.890000,2015-01-12 16:02:57.328000
OKL000054,Mike Brown,Mike,,Brown,,,False,ok,,,,http://www.okhouse.gov/Members/Pictures/Brown.jpg,2011-07-08 20:39:11.891000,2016-12-30 00:47:08.575000
OKL000058,Mike Christian,Mike,William,Christian,,,False,ok,,,,http://www.okhouse.gov/Members/Pictures/Mike-Christian2x175.jpg,2011-07-08 20:39:11.901000,2016-12-30 00:47:08.576000
OKL000061,Ann Coody,Ann,,Coody,,,False,ok,,,,http://www.okhouse.gov/Members/Pictures/coody_a%20with%20flags.jpg,2011-07-08 20:39:11.922000,2016-12-30 00:47:08.548000
OKL000062,Marian Cooksey,Marian,,Cooksey,,,False,ok,,,,http://www.okhouse.gov/Members/Pictures/Cooksey%20with%20flags.jpg,2011-07-08 20:39:11.924000,2016-12-30 00:47:08.572000
OKL000063,Doug Cox,Doug,,Cox,,,False,ok,,,,http://www.okhouse.gov/Members/Pictures/cox%20with%20flags.jpg,2011-07-08 20:39:11.930000,2016-12-30 00:47:08.556000
OKL000064,David Dank,David,,Dank,,,False,ok,,,,"http://www.okhouse.gov/Members/Pictures/Dank,%20David.jpg",2011-07-08 20:39:11.932000,2015-09-16 18:21:09.815000
OKL000065,Lee Denney,Lee,,Denney,,,False,ok,,,,http://www.okhouse.gov/Members/Pictures/Denney%20with%20flags.jpg,2011-07-08 20:39:11.946000,2016-12-30 00:47:08.570000
OKL000066,David Derby,David,,Derby,,,False,ok,,,,"http://www.okhouse.gov/Members/Pictures/Derby,%20D.jpg",2011-07-08 20:39:11.947000,2016-12-30 00:47:08.553000
OKL000067,Dale DeWitt,Dale,,DeWitt,,,False,ok,,,,http://www.okhouse.gov/Members/Pictures/DeWitt.jpg,2011-07-08 20:39:11.949000,2015-01-12 16:02:57.305000
OKL000068,Joe Dorman,Joe,,Dorman,,,False,ok,,,,http://www.okhouse.gov/Members/Pictures/joe_photox175.jpg,2011-07-08 20:39:11.952000,2015-01-12 16:02:57.334000
OKL000070,Rusty Farley,Rusty,,Farley,,,False,ok,,,,http://www.okhouse.gov/Members/Pictures/Farley-Rustyx175.jpg,2011-07-08 20:39:11.956000,2012-06-05 20:37:16.906000
OKL000073,Larry Glenn,Larry,,Glenn,,,False,ok,,,,http://www.okhouse.gov/Members/Pictures/Glenn%20with%20flags.jpg,2011-07-08 20:39:11.962000,2015-01-12 16:02:57.338000
OKL000074,Randy Grau,Randy,,Grau,,,False,ok,,,,http://www.okhouse.gov/Members/Pictures/Grau-Randyx175.jpg,2011-07-08 20:39:11.965000,2016-12-30 00:47:08.583000
OKL000076,Rebecca Hamilton,Rebecca,,Hamilton,,,False,ok,,,,http://www.okhouse.gov/Members/Pictures/Hamilton%20with%20flags.jpg,2011-07-08 20:39:11.983000,2015-01-12 16:02:57.345000
OKL000078,Jeffrey W. Hickman,Jeffrey,W.,Hickman,,,False,ok,,,,http://www.okhouse.gov/Members/Pictures/HiRes/Hickman_hr.jpg,2011-07-08 20:39:11.987000,2016-12-30 00:47:08.564000
OKL000079,Wes Hilliard,Wes,,Hilliard,,,False,ok,,,,http://www.okhouse.gov/Members/Pictures/Hilliard%2006.jpg,2011-07-08 20:39:11.988000,2013-01-09 20:44:14.980000
OKL000080,Corey Holland,Corey,,Holland,,,False,ok,,,,http://www.okhouse.gov/Members/Pictures/Corey-Holland2x175.jpg,2011-07-08 20:39:11.990000,2013-01-09 20:44:14.971000
OKL000083,Mike Jackson,Mike,,Jackson,,,False,ok,,,,http://www.okhouse.gov/Members/Pictures/Jackson-Mikex175.jpg,2011-07-08 20:39:11.996000,2015-01-12 16:02:57.313000
OKL000084,Dennis Johnson,Dennis,,Johnson,,,False,ok,,,,"http://www.okhouse.gov/Members/Pictures/Johnson,%20Dennis.jpg",2011-07-08 20:39:11.998000,2016-12-30 00:47:08.554000
OKL000085,Fred Jordan,Fred,,Jordan,,,False,ok,,,,http://www.okhouse.gov/Members/Pictures/Jordan-Fredx175.jpg,2011-07-08 20:39:12.003000,2015-01-12 16:02:57.336000
OKL000086,Charlie Joyner,Charlie,,Joyner,,,False,ok,,,,http://www.okhouse.gov/Members/Pictures/Charlie-Joynerx175.jpg,2011-07-08 20:39:12.005000,2016-12-30 00:47:08.551000
OKL000087,Sally Kern,Sally,,Kern,,,False,ok,,,,"http://www.okhouse.gov/Members/Pictures/Kern,-Sallyx175.jpg",2011-07-08 20:39:12.007000,2016-12-30 00:47:08.585000
OKL000088,Charles Key,Charles,,Key,,,False,ok,,,,http://www.okhouse.gov/Members/Pictures/Charles-Keyx175.jpg,2011-07-08 20:39:12.008000,2013-01-09 20:44:14.979000
OKL000091,Guy Liebmann,Guy,,Liebmann,,,False,ok,,,,http://www.okhouse.gov/Members/Pictures/Liebmann%20with%20flags.jpg,2011-07-08 20:39:12.014000,2013-01-09 20:44:14.982000
OKL000092,James Lockhart,James,,Lockhart,,,False,ok,,,,http://www.okhouse.gov/Members/Pictures/Lockhart-Jamesx175.jpg,2011-07-08 20:39:12.016000,2016-12-30 00:47:08.560000
OKL000094,Steve Martin,Steve,,Martin,,,False,ok,,,,http://www.okhouse.gov/Members/Pictures/SteveMartinx175.jpg,2011-07-08 20:39:12.019000,2015-01-12 16:02:57.287000
OKL000095,Al McAffrey,Al,,McAffrey,,,False,ok,,,,"http://www.okhouse.gov/Members/Pictures/McAfferey,%20Al.jpg",2011-07-08 20:39:12.021000,2015-01-12 16:02:57.371000
OKL000096,Mark McCullough,Mark,,McCullough,,,False,ok,,,,http://www.okhouse.gov/Members/Pictures/Mark-McCulloughx175.jpg,2011-07-08 20:39:12.023000,2016-12-30 00:47:08.573000
OKL000097,Jeannie McDaniel,Jeannie,,McDaniel,,,False,ok,,,,http://www.okhouse.gov/Members/Pictures/mcdaniel.jpg,2011-07-08 20:39:12.025000,2016-12-30 00:47:08.562000
OKL000099,Skye McNiel,Skye,,McNiel,,,False,ok,,,,http://www.okhouse.gov/Members/Pictures/McNiel-Skyex175.jpg,2011-07-08 20:39:12.028000,2015-01-12 16:02:57.298000
OKL000100,Jerry McPeak,Jerry,,McPeak,,,False,ok,,,,http://www.okhouse.gov/Members/Pictures/mcpeak%20with%20flags.jpg,2011-07-08 20:39:12.030000,2016-12-30 00:47:08.565000
OKL000102,Danny Morgan,Danny,,Morgan,,,False,ok,,,,http://www.okhouse.gov/Members/Pictures/Morgan%20D%20with%20flags.jpg,2011-07-08 20:39:12.039000,2013-01-09 20:44:14.976000
OKL000103,Richard Morrissette,Richard,,Morrissette,,,False,ok,,,,http://www.okhouse.gov/Members/Pictures/Morrissette-Lrg.jpg,2011-07-08 20:39:12.041000,2016-12-30 00:47:08.584000
OKL000106,Jason Nelson,Jason,,Nelson,,,False,ok,,,,http://www.okhouse.gov/Members/Pictures/Jason-Nelsonx175.jpg,2011-07-08 20:39:12.047000,2016-12-30 00:47:08.561000
OKL000112,Ron Peters,Ron,,Peters,,,False,ok,,,,http://www.okhouse.gov/Members/Pictures/peters.jpg,2011-07-08 20:39:12.102000,2013-01-09 20:44:14.972000
OKL000113,Pam Peterson,Pam,,Peterson,,,False,ok,,,,http://www.okhouse.gov/Members/Pictures/Peterson-Pamx175.jpg,2011-07-08 20:39:12.118000,2016-12-30 00:47:08.579000
OKL000116,R. C. Pruett,R. C.,,Pruett,,,False,ok,,,,http://www.votesmart.org/canphoto/46041.jpg,2011-07-08 20:39:12.124000,2016-12-30 00:47:08.581000
OKL000119,Mike Reynolds,Mike,,Reynolds,,,False,ok,,,,http://www.okhouse.gov/Members/Pictures/Reynolds.jpg,2011-07-08 20:39:12.146000,2015-01-12 16:02:57.349000
OKL000120,Phil Richardson,Phil,,Richardson,,,False,ok,,,,http://www.okhouse.gov/Members/Pictures/richardson%20with%20flags.jpg,2011-07-08 20:39:12.149000,2013-01-09 20:44:14.977000
OKL000122,Paul D. Roan,Paul D.,,Roan,,,False,ok,,,,http://www.okhouse.gov/Members/Pictures/Roan.jpg,2011-07-08 20:39:12.155000,2013-01-09 20:44:14.981000
OKL000125,Wade Rousselot,Wade,,Rousselot,,,False,ok,,,,http://www.okhouse.gov/Members/Pictures/Rousselot%20with%20flags.jpg,2011-07-08 20:39:12.160000,2016-12-30 00:47:08.588000
OKL000128,Colby Schwartz,Colby,,Schwartz,,,False,ok,,,,"http://www.okhouse.gov/Members/Pictures/Schwartz,%20Colby.jpg",2011-07-08 20:39:12.166000,2015-01-12 16:02:57.317000
OKL000129,Seneca Scott,Seneca,,Scott,,,False,ok,,,,http://www.okhouse.gov/Members/Pictures/Seneca-Scott2x175.jpg,2011-07-08 20:39:12.167000,2016-12-30 00:47:08.587000
OKL000131,T. W. Shannon,Tahrohon,Wayne,Shannon,,T.W.,False,ok,,,,http://www.okhouse.gov/Members/Pictures/Shannon-TWx175.jpg,2011-07-08 20:39:12.172000,2015-01-12 16:02:57.330000
OKL000132,Mike Shelton,Mike,,Shelton,,,False,ok,,,,http://www.okhouse.gov/Members/Pictures/MikeSheltonx175.jpg,2011-07-08 20:39:12.173000,2016-12-30 00:47:08.577000
OKL000133,Ben Sherrer,Ben,,Sherrer,,,False,ok,,,,http://www.okhouse.gov/Members/Pictures/sherrer%20with%20flags.jpg,2011-07-08 20:39:12.175000,2016-12-30 00:47:08.549000
OKL000134,Jerry Shoemake,Jerry,,Shoemake,,,False,ok,,,,http://www.okhouse.gov/Members/Pictures/shoemake%20with%20flags.jpg,2011-07-08 20:39:12.177000,2016-12-30 00:47:08.566000
OKL000135,Jabar Shumate,Jabar,,Shumate,,,False,ok,,,,http://www.oksenate.gov/Senators/biographies/shumate_bio.jpg,2011-07-08 20:39:12.179000,2015-05-14 20:21:42.072000
OKL000136,Kris Steele,Kris,,Steele,,,False,ok,,,,http://www.okhouse.gov/Members/Pictures/Steele-Krisx175.jpg,2011-07-08 20:39:12.180000,2013-01-09 20:44:14.995000
OKL000137,Aaron Stiles,Aaron,,Stiles,,,False,ok,,,,http://www.okhouse.gov/Members/Pictures/Stiles-Aaronx175.jpg,2011-07-08 20:39:12.182000,2015-01-12 16:02:57.319000
OKL000138,Daniel Sullivan,Daniel,,Sullivan,,,False,ok,,,,http://www.okhouse.gov/Members/Pictures/Sullivan.jpg,2011-07-08 20:39:12.184000,2012-06-05 20:40:10.025000
OKL000139,Randy Terrill,Randy,,Terrill,,,False,ok,,,,http://www.votesmart.org/canphoto/46293.jpg,2011-07-08 20:39:12.186000,2013-01-09 20:44:14.978000
OKL000141,Sue Tibbs,Sue,,Tibbs,,,False,ok,,,,"http://www.okhouse.gov/Members/Pictures/Tibbs,%20Sue.jpg",2011-07-08 20:39:12.198000,2013-01-09 20:44:14.994000
OKL000142,John Trebilcock,John,,Trebilcock,,,False,ok,,,,"http://www.okhouse.gov/Members/Pictures/HiRes/Trebilcock,%20John.jpg",2011-07-08 20:39:12.200000,2015-01-12 16:02:57.353000
OKL000145,Purcy D. Walker,Purcy,D.,Walker,,,False,ok,,,,"http://www.okhouse.gov/Members/Pictures/Walker,%20Purcy.jpg",2011-07-08 20:39:12.206000,2013-01-09 20:44:14.973000
OKL000147,Paul Wesselhoft,Paul,,Wesselhoft,,,False,ok,,,,http://www.okhouse.gov/Members/Pictures/Wesselhoft%20with%20flags.jpg,2011-07-08 20:39:12.210000,2016-12-30 00:47:08.580000
OKL000151,Greg Childers,Greg,,Childers,,,False,ok,,,,,2011-10-20 02:17:42.067000,2013-01-09 20:44:14.991000
OKL000154,Curtis McDaniel,Curtis,,McDaniel,,,False,ok,,,,"http://www.okhouse.gov/Members/Pictures/HiRes/McDaniel,%20Curtis.jpg",2012-03-06 02:47:53.536000,2015-01-12 16:02:57.284000
OKL000157,Corey Brooks,Corey,,Brooks,,,False,ok,,,,http://www.oksenate.gov/Senators/biographies/Brooks_bio.jpg,2013-01-09 20:44:13.797000,2016-12-30 00:47:08.595000
OKL000167,Dan Fisher,Dan,,Fisher,,,False,ok,,,,"http://www.okhouse.gov/Members/Pictures/HiRes/Fisher,%20Dan.jpg",2013-01-09 20:44:14.225000,2016-12-30 00:47:08.552000
OKL000170,Arthur Hulbert,Arthur,,Hulbert,,,False,ok,,,,"http://www.okhouse.gov/Members/Pictures/HiRes/Hulbert,%20Arthur.jpg",2013-01-09 20:44:14.296000,2015-01-12 16:02:57.291000
OKL000177,Mike Turner,Mike,,Turner,,,False,ok,,,,"http://www.okhouse.gov/Members/Pictures/HiRes/Turner,%20Mike.jpg",2013-01-09 20:44:14.675000,2015-01-12 16:02:57.341000
OKL000178,Ken Walker,Ken,,Walker,,,False,ok,,,,"http://www.okhouse.gov/Members/Pictures/HiRes/Walker,%20Ken.jpg",2013-01-09 20:44:14.695000,2016-12-30 00:47:08.568000
OKL000179,Justin F. Wood,Justin,F.,Wood,,,False,ok,,,,http://www.okhouse.gov/Members/Pictures/HiRes/Justin%20Wood.jpg,2013-01-09 20:44:14.720000,2016-12-30 00:47:08.567000
OKL000187,Lisa Billy,Lisa,,Billy,,,False,ok,,,,"http://www.okhouse.gov/Members/Pictures/HiRes/Billy,%20Lisa.JPG",2015-01-12 16:02:55.553000,2016-12-30 00:47:08.571000
OKL000197,James Leewright,James,,Leewright,,,False,ok,,,,"http://www.okhouse.gov/Members/Pictures/HiRes/Leewright,%20James.jpg",2015-01-12 16:02:56.025000,2016-12-30 00:47:08.558000
OKL000320,District 28,District,,28,,,False,ok,,,,http://www.okhouse.gov/Members/Pictures/HiRes/NoPhotox175.jpg,2017-01-09 06:07:27.297000,2017-02-27 06:49:44.424000
OKL000051,John Bennett,John,,Bennett,,,True,ok,lower,2,Republican,"http://www.okhouse.gov/Members/Pictures/HiRes/Bennett,%20John.jpg",2011-07-08 20:39:11.886000,2017-06-01 07:09:36.573000
OKL000055,David Brumbaugh,David,,Brumbaugh,,,True,ok,lower,76,Republican,"http://www.okhouse.gov/Members/Pictures/HiRes/Brumbraugh,%20David.jpg",2011-07-08 20:39:11.893000,2017-06-01 07:09:36.548000
OKL000056,Ed Cannaday,Ed,,Cannaday,,,True,ok,lower,15,Democratic,"http://www.okhouse.gov/Members/Pictures/HiRes/Cannaday,%20Ed.jpg",2011-07-08 20:39:11.896000,2017-06-01 07:09:36.557000
OKL000057,Dennis Casey,Dennis,,Casey,,,True,ok,lower,35,Republican,"http://www.okhouse.gov/Members/Pictures/HiRes/Casey,%20Dennis.jpg",2011-07-08 20:39:11.899000,2017-06-01 07:09:36.552000
OKL000059,Josh Cockroft,Josh,,Cockroft,,,True,ok,lower,27,Republican,"http://www.okhouse.gov/Members/Pictures/HiRes/Cockroft,%20Josh.jpg",2011-07-08 20:39:11.902000,2017-06-01 07:09:36.581000
OKL000060,Donnie Condit,Donnie,,Condit,,,True,ok,lower,18,Democratic,"http://www.okhouse.gov/Members/Pictures/HiRes/Condit,%20Donnie.jpg",2011-07-08 20:39:11.920000,2017-06-01 07:09:36.553000
OKL000069,John Enns,John,,Enns,,,True,ok,lower,41,Republican,"http://www.okhouse.gov/Members/Pictures/HiRes/Enns,%20John.jpg",2011-07-08 20:39:11.953000,2017-06-01 07:09:36.574000
OKL000071,George Faught,George,,Faught,,,True,ok,lower,14,Republican,"http://www.okhouse.gov/Members/Pictures/HiRes/Faught,%20George.jpg",2011-07-08 20:39:11.958000,2017-06-01 07:09:36.562000
OKL000072,William Fourkiller,William,,Fourkiller,,,True,ok,lower,86,Democratic,"http://www.okhouse.gov/Members/Pictures/HiRes/Fourkiller,%20Will.jpg",2011-07-08 20:39:11.960000,2017-06-01 07:09:36.642000
OKL000075,Elise Hall,Elise,,Hall,,,True,ok,lower,100,Republican,"http://www.okhouse.gov/Members/Pictures/HiRes/Hall,%20Elise.jpg",2011-07-08 20:39:11.981000,2017-06-01 07:09:36.558000
OKL000077,Tommy Hardin,Tommy,,Hardin,,,True,ok,lower,49,Republican,"http://www.okhouse.gov/Members/Pictures/HiRes/Hardin,%20Tommy.jpg",2011-07-08 20:39:11.985000,2017-06-01 07:09:36.638000
OKL000081,Chuck Hoskin,Chuck,,Hoskin,,,True,ok,lower,6,Democratic,"http://www.okhouse.gov/Members/Pictures/HiRes/Hoskin,%20Chuck.jpg",2011-07-08 20:39:11.993000,2017-06-01 07:09:36.540000
OKL000082,Scott Inman,Scott,,Inman,,,True,ok,lower,94,Democratic,"http://www.okhouse.gov/Members/Pictures/HiRes/Inman,%20Scott.jpg",2011-07-08 20:39:11.995000,2017-06-01 07:09:36.619000
OKL000089,Dan Kirby,Dan,,Kirby,,,True,ok,lower,75,Republican,http://www.okhouse.gov/Members/Pictures/Kirby-Danx175.jpg,2011-07-08 20:39:12.010000,2017-06-01 07:09:36.703000
OKL000090,Steve Kouplen,Steve,,Kouplen,,,True,ok,lower,24,Democratic,"http://www.okhouse.gov/Members/Pictures/HiRes/Kouplen,%20Steve.jpg",2011-07-08 20:39:12.012000,2017-06-01 07:09:36.627000
OKL000093,Scott Martin,Scott,,Martin,,,True,ok,lower,46,Republican,"http://www.okhouse.gov/Members/Pictures/HiRes/Martin,%20Scott.jpg",2011-07-08 20:39:12.017000,2017-06-01 07:09:36.621000
OKL000098,Randy McDaniel,Randy,,McDaniel,,,True,ok,lower,83,Republican,"http://www.okhouse.gov/Members/Pictures/HiRes/McDaniel,%20Randy.jpg",2011-07-08 20:39:12.026000,2017-06-01 07:09:36.610000
OKL000101,Lewis H. Moore,Lewis,H.,Moore,,,True,ok,lower,96,Republican,"http://www.okhouse.gov/Members/Pictures/HiRes/Moore,%20Lewis.JPG",2011-07-08 20:39:12.038000,2017-06-01 07:09:36.592000
OKL000104,Glen Mulready,Glen,,Mulready,,,True,ok,lower,68,Republican,"http://www.okhouse.gov/Members/Pictures/HiRes/Mulready,%20Glen.jpg",2011-07-08 20:39:12.043000,2017-06-01 07:09:36.565000
OKL000105,Jason Murphey,Jason,,Murphey,,,True,ok,lower,31,Republican,"http://www.okhouse.gov/Members/Pictures/HiRes/Murphey,%20Jason.jpg",2011-07-08 20:39:12.045000,2017-06-01 07:09:36.571000
OKL000107,Tom Newell,Tom,,Newell,,,True,ok,lower,28,Republican,http://www.okhouse.gov/Members/Pictures/Newell-Tomx175.jpg,2011-07-08 20:39:12.050000,2017-06-01 07:09:36.705000
OKL000108,Jadine Nollan,Jadine,,Nollan,,,True,ok,lower,66,Republican,"http://www.okhouse.gov/Members/Pictures/HiRes/Nollan,%20Jadine.jpg",2011-07-08 20:39:12.052000,2017-06-01 07:09:36.567000
OKL000109,Charles Ortega,Charles,,Ortega,,,True,ok,lower,52,Republican,"http://www.okhouse.gov/Members/Pictures/HiRes/Ortega,%20Charles.jpg",2011-07-08 20:39:12.053000,2017-06-01 07:09:36.538000
OKL000110,Leslie Osborn,Leslie,,Osborn,,,True,ok,lower,47,Republican,"http://www.okhouse.gov/Members/Pictures/HiRes/Osborn,%20Leslie.jpg",2011-07-08 20:39:12.055000,2017-06-01 07:09:36.591000
OKL000111,Pat Ownbey,Pat,,Ownbey,,,True,ok,lower,48,Republican,"http://www.okhouse.gov/Members/Pictures/HiRes/Ownbey,%20Pat.jpg",2011-07-08 20:39:12.057000,2017-06-01 07:09:36.608000
OKL000115,Eric Proctor,Eric,,Proctor,,,True,ok,lower,77,Democratic,"http://www.okhouse.gov/Members/Pictures/HiRes/Proctor,%20Eric.jpg",2011-07-08 20:39:12.122000,2017-06-01 07:09:36.560000
OKL000118,Brian Renegar,Brian,,Renegar,,,True,ok,lower,17,Democratic,"http://www.okhouse.gov/Members/Pictures/HiRes/Renegar,%20Brian.jpg",2011-07-08 20:39:12.144000,2017-06-01 07:09:36.532000
OKL000121,Mike Ritze,Mike,,Ritze,,,True,ok,lower,80,Republican,"http://www.okhouse.gov/Members/Pictures/HiRes/Ritze,%20Mike.jpg",2011-07-08 20:39:12.150000,2017-06-01 07:09:36.604000
OKL000123,Dustin Roberts,Dustin,,Roberts,,,True,ok,lower,21,Republican,"http://www.okhouse.gov/Members/Pictures/HiRes/Roberts,%20Dustin.jpg",2011-07-08 20:39:12.157000,2017-06-01 07:09:36.554000
OKL000124,Sean Roberts,Sean,,Roberts,,,True,ok,lower,36,Republican,"http://www.okhouse.gov/Members/Pictures/HiRes/Roberts,%20Sean.jpg",2011-07-08 20:39:12.158000,2017-06-01 07:09:36.625000
OKL000126,Todd Russ,Todd,,Russ,,,True,ok,lower,55,Republican,"http://www.okhouse.gov/Members/Pictures/HiRes/Russ,%20Todd.jpg",2011-07-08 20:39:12.162000,2017-06-01 07:09:36.635000
OKL000127,Mike Sanders,Mike,,Sanders,,,True,ok,lower,59,Republican,"http://www.okhouse.gov/Members/Pictures/HiRes/Sanders,%20Mike.JPG",2011-07-08 20:39:12.164000,2017-06-01 07:09:36.605000
OKL000130,Earl Sears,Earl,,Sears,,,True,ok,lower,11,Republican,"http://www.okhouse.gov/Members/Pictures/HiRes/Sears,%20Earl.jpg",2011-07-08 20:39:12.170000,2017-06-01 07:09:36.555000
OKL000140,Todd Thomsen,Todd,,Thomsen,,,True,ok,lower,25,Republican,"http://www.okhouse.gov/Members/Pictures/HiRes/Thomsen,%20Todd.jpg",2011-07-08 20:39:12.188000,2017-06-01 07:09:36.636000
OKL000143,Steve Vaughan,Steve,,Vaughan,,,True,ok,lower,37,Republican,"http://www.okhouse.gov/Members/Pictures/HiRes/Vaughan,%20Steve.jpg",2011-07-08 20:39:12.203000,2017-06-01 07:09:36.629000
OKL000144,Emily Virgin,Emily,,Virgin,,,True,ok,lower,44,Democratic,"http://www.okhouse.gov/Members/Pictures/HiRes/Virgin,%20Emily.jpg",2011-07-08 20:39:12.205000,2017-06-01 07:09:36.559000
OKL000146,Weldon Watson,Weldon,,Watson,,,True,ok,lower,79,Republican,"http://www.okhouse.gov/Members/Pictures/HiRes/Watson,%20Weldon.jpg",2011-07-08 20:39:12.208000,2017-06-01 07:09:36.640000
OKL000148,Cory T. Williams,Cory,T.,Williams,,,True,ok,lower,34,Democratic,http://www.okhouse.gov/Members/Pictures/HiRes/Cory%20Williams.jpg,2011-07-08 20:39:12.212000,2017-06-01 07:09:36.545000
OKL000149,Harold Wright,Harold,,Wright,,,True,ok,lower,57,Republican,"http://www.okhouse.gov/Members/Pictures/HiRes/Wright,%20Harold.jpg",2011-07-08 20:39:12.214000,2017-06-01 07:09:36.704000
OKL000164,Scott R. Biggs,Scott,R.,Biggs,,,True,ok,lower,51,Republican,"http://www.okhouse.gov/Members/Pictures/HiRes/Biggs,%20Scott.jpg",2013-01-09 20:44:14.092000,2017-06-01 07:09:36.623000
OKL000165,Bobby Cleveland,Bobby,,Cleveland,,,True,ok,lower,20,Republican,"http://www.okhouse.gov/Members/Pictures/HiRes/Cleveland,%20Bobby.jpg",2013-01-09 20:44:14.144000,2017-06-01 07:09:36.531000
OKL000166,Jon Echols,Jon,,Echols,,,True,ok,lower,90,Republican,"http://www.okhouse.gov/Members/Pictures/HiRes/Echols,%20Jon.jpg",2013-01-09 20:44:14.212000,2017-06-01 07:09:36.580000
OKL000169,Katie Henke,Katie,,Henke,,,True,ok,lower,71,Republican,"http://www.okhouse.gov/Members/Pictures/HiRes/Henke,%20Katie.jpg",2013-01-09 20:44:14.276000,2017-06-01 07:09:36.585000
OKL000172,Mark McBride,Mark,,McBride,,,True,ok,lower,53,Republican,"http://www.okhouse.gov/Members/Pictures/HiRes/McBride,%20Mark.jpg",2013-01-09 20:44:14.385000,2017-06-01 07:09:36.597000
OKL000173,Charles A. McCall,Charles,A.,McCall,,,True,ok,lower,22,Republican,"http://www.okhouse.gov/Members/Pictures/HiRes/McCall,%20Charles.jpg",2013-01-09 20:44:14.391000,2017-06-01 07:09:36.701000
OKL000174,Terry O'Donnell,Terry,,O'Donnell,,,True,ok,lower,23,Republican,"http://www.okhouse.gov/Members/Pictures/HiRes/O'Donnell,%20Terry.jpg",2013-01-09 20:44:14.483000,2017-06-01 07:09:36.631000
OKL000175,David L. Perryman,David,L.,Perryman,,,True,ok,lower,56,Democratic,"http://www.okhouse.gov/Members/Pictures/HiRes/Perryman,%20David.jpg",2013-01-09 20:44:14.510000,2017-06-01 07:09:36.549000
OKL000180,Johnny Tadlock,Johnny,,Tadlock,,,True,ok,lower,1,Democratic,"http://www.okhouse.gov/Members/Pictures/HiRes/Tadlock,%20Johnny.jpg",2015-01-12 16:02:55.109000,2017-06-01 07:09:36.579000
OKL000183,John Pfeiffer,John,,Pfeiffer,,,True,ok,lower,38,Republican,"http://www.okhouse.gov/Members/Pictures/HiRes/Pfeiffer,%20John.JPG",2015-01-12 16:02:55.206000,2017-06-01 07:09:36.578000
OKL000185,Chris Kannady,Chris,,Kannady,,,True,ok,lower,91,Republican,"http://www.okhouse.gov/Members/Pictures/HiRes/Kannady,%20Chris.jpg",2015-01-12 16:02:55.294000,2017-06-01 07:09:36.539000
OKL000186,Shane Stone,Shane,,Stone,,,True,ok,lower,89,Democratic,"http://www.okhouse.gov/Members/Pictures/HiRes/Stone,%20Shane.jpg",2015-01-12 16:02:55.305000,2017-06-01 07:09:36.626000
OKL000189,Kevin Calvey,Kevin,,Calvey,,,True,ok,lower,82,Republican,"http://www.okhouse.gov/Members/Pictures/HiRes/Calvey,%20Kevin.jpg",2015-01-12 16:02:55.629000,2017-06-01 07:09:36.586000
OKL000190,Mark Lepak,Mark,,Lepak,,,True,ok,lower,9,Republican,"http://www.okhouse.gov/Members/Pictures/HiRes/Lepak,%20Mark.jpg",2015-01-12 16:02:55.721000,2017-06-01 07:09:36.596000
OKL000191,Scooter Park,Scooter,,Park,,,True,ok,lower,65,Republican,"http://www.okhouse.gov/Members/Pictures/HiRes/Park,%20Scooter.jpg",2015-01-12 16:02:55.732000,2017-06-01 07:09:36.617000
OKL000193,Jeff Coody,Jeff,,Coody,,,True,ok,lower,63,Republican,"http://www.okhouse.gov/Members/Pictures/HiRes/Coody,%20Jeff.jpg",2015-01-12 16:02:55.807000,2017-06-01 07:09:36.572000
OKL000194,Casey Murdock,Casey,,Murdock,,,True,ok,lower,61,Republican,"http://www.okhouse.gov/Members/Pictures/HiRes/Murdock,%20Casey.jpg",2015-01-12 16:02:55.828000,2017-06-01 07:09:36.536000
OKL000195,Kevin Wallace,Kevin,,Wallace,,,True,ok,lower,32,Republican,"http://www.okhouse.gov/Members/Pictures/HiRes/Wallace,%20Kevin.jpg",2015-01-12 16:02:55.993000,2017-06-01 07:09:36.588000
OKL000200,George Young,George,,Young,,,True,ok,lower,99,Democratic,"http://www.okhouse.gov/Members/Pictures/HiRes/Young,%20George.jpg",2015-01-12 16:02:56.094000,2017-06-01 07:09:36.564000
OKL000202,Travis Dunlap,Travis,,Dunlap,,,True,ok,lower,10,Republican,"http://www.okhouse.gov/Members/Pictures/HiRes/Dunlap,%20Travis.jpg",2015-01-12 16:02:56.114000,2017-06-01 07:09:36.639000
OKL000203,Ben Loring,Ben,,Loring,,,True,ok,lower,7,Democratic,"http://www.okhouse.gov/Members/Pictures/HiRes/Loring,%20Ben.jpg",2015-01-12 16:02:56.158000,2017-06-01 07:09:36.530000
OKL000253,John Montgomery,John,,Montgomery,,,True,ok,lower,62,Republican,"http://www.okhouse.gov/Members/Pictures/HiRes/Montgomery,%20John.jpg",2015-01-12 16:02:56.278000,2017-06-01 07:09:36.576000
OKL000254,Chad Caldwell,Chad,,Caldwell,,,True,ok,lower,40,Republican,"http://www.okhouse.gov/Members/Pictures/HiRes/Caldwell,%20Chad.jpg",2015-01-12 16:02:56.425000,2017-06-01 07:09:36.537000
OKL000257,Chuck Strohm,Chuck,,Strohm,,,True,ok,lower,69,Republican,"http://www.okhouse.gov/Members/Pictures/HiRes/Strohm,%20Chuck.JPG",2015-01-12 16:02:56.492000,2017-06-01 07:09:36.542000
OKL000261,Jason Dunnington,Jason,,Dunnington,,,True,ok,lower,88,Democratic,"http://www.okhouse.gov/Members/Pictures/HiRes/Dunnington,%20Jason.jpg",2015-01-12 16:02:56.643000,2017-06-01 07:09:36.568000
OKL000264,Claudia Griffith,Claudia,,Griffith,,,True,ok,lower,45,Democratic,"http://www.okhouse.gov/Members/Pictures/HiRes/Griffith,%20Claudia.jpg",2015-01-12 16:02:56.735000,2017-06-01 07:09:36.543000
OKL000266,John Paul Jordan,John,Paul,Jordan,,,True,ok,lower,43,Republican,"http://www.okhouse.gov/Members/Pictures/HiRes/Jordan,%20John.jpg",2015-01-12 16:02:56.850000,2017-06-01 07:09:36.577000
OKL000267,Michael Rogers,Michael,,Rogers,,,True,ok,lower,98,Republican,"http://www.okhouse.gov/Members/Pictures/HiRes/Rogers,%20Michael.jpg",2015-01-12 16:02:56.871000,2017-06-01 07:09:36.600000
OKL000268,Regina Goodwin,Regina,,Goodwin,,,True,ok,lower,73,Democratic,"http://www.okhouse.gov/Members/Pictures/HiRes/Goodwin,%20Regina.jpg",2015-07-22 00:23:28.836000,2017-06-01 07:09:36.612000
OKL000270,Cyndi Munson,Cyndi,,Munson,,,True,ok,lower,85,Democratic,"http://www.okhouse.gov/Members/Pictures/HiRes/Munson,%20Cyndie.jpg",2015-09-15 06:07:20.324000,2017-06-01 07:09:36.546000
OKL000275,Roger Ford,Roger,,Ford,,,True,ok,lower,95,Republican,"http://www.okhouse.gov/Members/Pictures/HiRes/Ford,%20Roger.jpg",2016-12-30 00:47:07.507000,2017-06-01 07:09:36.615000
OKL000276,Josh West,Josh,,West,,,True,ok,lower,5,Republican,"http://www.okhouse.gov/Members/Pictures/HiRes/West,%20Josh.jpg",2016-12-30 00:47:07.526000,2017-06-01 07:09:36.582000
OKL000278,Carl Newton,Carl,,Newton,,,True,ok,lower,58,Republican,"http://www.okhouse.gov/Members/Pictures/HiRes/Newton,%20Carl.jpg",2016-12-30 00:47:07.554000,2017-06-01 07:09:36.534000
OKL000279,Scott Fetgatter,Scott,,Fetgatter,,,True,ok,lower,16,Republican,"http://www.okhouse.gov/Members/Pictures/HiRes/Fetgatter,%20Scott.jpg",2016-12-30 00:47:07.559000,2017-06-01 07:09:36.618000
OKL000280,Tim Downing,Tim,,Downing,,,True,ok,lower,42,Republican,"http://www.okhouse.gov/Members/Pictures/HiRes/Downing,%20Tim.jpg",2016-12-30 00:47:07.564000,2017-06-01 07:09:36.633000
OKL000281,Avery Frix,Avery,,Frix,,,True,ok,lower,13,Republican,"http://www.okhouse.gov/Members/Pictures/HiRes/Frix,%20Avery.jpg",2016-12-30 00:47:07.620000,2017-06-01 07:09:36.529000
OKL000282,Collin Walke,Collin,,Walke,,,True,ok,lower,87,Democratic,"http://www.okhouse.gov/Members/Pictures/HiRes/Walke,%20Collin.jpg",2016-12-30 00:47:07.625000,2017-06-01 07:09:36.544000
OKL000284,Tammy West,Tammy,,West,,,True,ok,lower,84,Republican,"http://www.okhouse.gov/Members/Pictures/HiRes/West,%20Tammy.jpg",2016-12-30 00:47:07.648000,2017-06-01 07:09:36.630000
OKL000288,Dell Kerbs,Dell,,Kerbs,,,True,ok,lower,26,Republican,"http://www.okhouse.gov/Members/Pictures/HiRes/Kerbs,%20Dell.jpg",2016-12-30 00:47:07.720000,2017-06-01 07:09:36.551000
OKL000289,Marcus McEntire,Marcus,,McEntire,,,True,ok,lower,50,Republican,"http://www.okhouse.gov/Members/Pictures/HiRes/McEntire,%20Marcus.jpg",2016-12-30 00:47:07.731000,2017-06-01 07:09:36.594000
OKL000292,Rande Worthen,Rande,,Worthen,,,True,ok,lower,64,Republican,"http://www.okhouse.gov/Members/Pictures/HiRes/Worthen,%20Rande.jpg",2016-12-30 00:47:07.765000,2017-06-01 07:09:36.609000
OKL000293,Mickey Dollens,Mickey,,Dollens,,,True,ok,lower,93,Democratic,"http://www.okhouse.gov/Members/Pictures/HiRes/Dollens,%20Mickey.jpg",2016-12-30 00:47:07.788000,2017-06-01 07:09:36.602000
OKL000294,Tom Gann,Tom,,Gann,,,True,ok,lower,8,Republican,"http://www.okhouse.gov/Members/Pictures/HiRes/Gann,%20Tom.jpg",2016-12-30 00:47:07.793000,2017-06-01 07:09:36.637000
OKL000295,Monroe Nichols,Monroe,,Nichols,,,True,ok,lower,72,Democratic,"http://www.okhouse.gov/Members/Pictures/HiRes/Nichols,%20Monroe.jpg",2016-12-30 00:47:07.810000,2017-06-01 07:09:36.607000
OKL000296,Kevin West,Kevin,,West,,,True,ok,lower,54,Republican,"http://www.okhouse.gov/Members/Pictures/HiRes/West,%20Kevin.jpg",2016-12-30 00:47:07.860000,2017-06-01 07:09:36.589000
OKL000297,Meloyde Blancett,Meloyde,,Blancett,,,True,ok,lower,78,Democratic,"http://www.okhouse.gov/Members/Pictures/HiRes/Blancett,%20Meloyde.jpg",2016-12-30 00:47:07.871000,2017-06-01 07:09:36.599000
OKL000298,Mike Osburn,Mike,,Osburn,,,True,ok,lower,81,Republican,"http://www.okhouse.gov/Members/Pictures/HiRes/Osburn,%20Mike.jpg",2016-12-30 00:47:07.877000,2017-06-01 07:09:36.603000
OKL000299,Dale Derby,Dale,,Derby,,,True,ok,lower,74,Republican,"http://www.okhouse.gov/Members/Pictures/HiRes/Derby,%20Dale.jpg",2016-12-30 00:47:07.882000,2017-06-01 07:09:36.547000
OKL000300,Scott McEachin,Scott,,McEachin,,,True,ok,lower,67,Republican,"http://www.okhouse.gov/Members/Pictures/HiRes/McEachin,%20Scott.jpg",2016-12-30 00:47:07.898000,2017-06-01 07:09:36.622000
OKL000302,Justin Humphrey,Justin,,Humphrey,,,True,ok,lower,19,Republican,"http://www.okhouse.gov/Members/Pictures/HiRes/Humphrey,%20Justin.jpg",2016-12-30 00:47:07.961000,2017-06-01 07:09:36.584000
OKL000303,Ryan Martinez,Ryan,,Martinez,,,True,ok,lower,39,Republican,"http://www.okhouse.gov/Members/Pictures/HiRes/Martinez,%20Ryan.jpg",2016-12-30 00:47:07.982000,2017-06-01 07:09:36.616000
OKL000304,Forrest Bennett,Forrest,,Bennett,,,True,ok,lower,92,Democratic,"http://www.okhouse.gov/Members/Pictures/HiRes/Bennett,%20Forrest.jpg",2016-12-30 00:47:07.988000,2017-06-01 07:09:36.561000
OKL000306,Tess Teague,Tess,,Teague,,,True,ok,lower,101,Republican,"http://www.okhouse.gov/Members/Pictures/HiRes/Teague,%20Tess.jpg",2016-12-30 00:47:08.005000,2017-06-01 07:09:36.632000
OKL000308,Jason Lowe,Jason,,Lowe,,,True,ok,lower,97,Democratic,"http://www.okhouse.gov/Members/Pictures/HiRes/Lowe,%20Jason.jpg",2016-12-30 00:47:08.046000,2017-06-01 07:09:36.569000
OKL000310,Matt Meredith,Matt,,Meredith,,,True,ok,lower,4,Democratic,"http://www.okhouse.gov/Members/Pictures/HiRes/Meredith,%20Matt.jpg",2016-12-30 00:47:08.075000,2017-06-01 07:09:36.598000
OKL000312,Carol Bush,Carol,,Bush,,,True,ok,lower,70,Republican,"http://www.okhouse.gov/Members/Pictures/HiRes/Bush,%20Carol.jpg",2016-12-30 00:47:08.092000,2017-06-01 07:09:36.535000
OKL000313,Rhonda Baker,Rhonda,,Baker,,,True,ok,lower,60,Republican,"http://www.okhouse.gov/Members/Pictures/HiRes/Baker,%20Rhonda.jpg",2016-12-30 00:47:08.097000,2017-06-01 07:09:36.613000
OKL000315,Rick West,Rick,,West,,,True,ok,lower,3,Republican,"http://www.okhouse.gov/Members/Pictures/HiRes/West,%20Rick.jpg",2016-12-30 00:47:08.155000,2017-06-01 07:09:36.614000
OKL000316,Kevin McDugle,Kevin,,McDugle,,,True,ok,lower,12,Republican,"http://www.okhouse.gov/Members/Pictures/HiRes/McDugle,%20Kevin.jpg",2016-12-30 00:47:08.160000,2017-06-01 07:09:36.587000
OKL000317,Greg Babinec,Greg,,Babinec,,,True,ok,lower,33,Republican,"http://www.okhouse.gov/Members/Pictures/HiRes/Babinec,%20Greg.jpg",2016-12-30 00:47:08.207000,2017-06-01 07:09:36.566000
OKL000318,Mark Lawson,Mark,,Lawson,,,True,ok,lower,30,Republican,"http://www.okhouse.gov/Members/Pictures/HiRes/Lawson,%20Mark.jpg",2016-12-30 00:47:08.253000,2017-06-01 07:09:36.595000
OKL000319,Kyle Hilbert,Kyle,,Hilbert,,,True,ok,lower,29,Republican,"http://www.okhouse.gov/Members/Pictures/HiRes/Hilbert,%20Kyle.jpg",2016-12-30 00:47:08.258000,2017-06-01 07:09:36.590000
OKL000003,Mark Allen,Mark,,Allen,,,True,ok,upper,4,Republican,http://www.oksenate.gov/Senators/biographies/allen.jpg,2011-07-08 20:39:11.618000,2017-06-01 07:09:36.687000
OKL000007,Randy Bass,Randy,,Bass,,,True,ok,upper,32,Democratic,http://www.oksenate.gov/Senators/biographies/bass_bio.jpg,2011-07-08 20:39:11.651000,2017-06-01 07:09:36.692000
OKL000010,Josh Brecheen,Josh,,Brecheen,,,True,ok,upper,6,Republican,http://www.oksenate.gov/Senators/biographies/Brecheen.jpg,2011-07-08 20:39:11.656000,2017-06-01 07:09:36.678000
OKL000012,Bill Brown,Bill,,Brown,,,True,ok,upper,36,Republican,http://www.oksenate.gov/Senators/biographies/brown_bio.jpg,2011-07-08 20:39:11.707000,2017-06-01 07:09:36.655000
OKL000016,Kim David,Kim,,David,,,True,ok,upper,18,Republican,http://www.oksenate.gov/Senators/biographies/David_bio.jpg,2011-07-08 20:39:11.716000,2017-06-01 07:09:36.682000
OKL000019,Eddie Fields,Eddie,,Fields,,,True,ok,upper,10,Republican,http://www.oksenate.gov/Senators/biographies/Fields.jpg,2011-07-08 20:39:11.729000,2017-06-01 07:09:36.664000
OKL000023,David Holt,David,,Holt,,,True,ok,upper,30,Republican,http://www.oksenate.gov/Senators/biographies/Holt_bio.jpg,2011-07-08 20:39:11.771000,2017-06-01 07:09:36.662000
OKL000031,Bryce Marlatt,Bryce,,Marlatt,,,True,ok,upper,27,Republican,http://www.oksenate.gov/Senators/biographies/marlatt_bio.jpg,2011-07-08 20:39:11.791000,2017-06-01 07:09:36.656000
OKL000034,Dan Newberry,Dan,,Newberry,,,True,ok,upper,37,Republican,http://www.oksenate.gov/Senators/biographies/newberry_bio.jpg,2011-07-08 20:39:11.804000,2017-06-01 07:09:36.658000
OKL000040,Mike Schulz,Mike,,Schulz,,,True,ok,upper,38,Republican,http://www.oksenate.gov/Senators/biographies/schulz_bio.jpg,2011-07-08 20:39:11.817000,2017-06-01 07:09:36.707000
OKL000042,Frank Simpson,Frank,,Simpson,,,True,ok,upper,14,Republican,http://www.oksenate.gov/Senators/biographies/Simpson.jpg,2011-07-08 20:39:11.856000,2017-06-01 07:09:36.666000
OKL000043,John Sparks,John,,Sparks,,,True,ok,upper,16,Democratic,http://www.oksenate.gov/Senators/biographies/sparks_bio.jpg,2011-07-08 20:39:11.858000,2017-06-01 07:09:36.675000
OKL000044,Gary Stanislawski,Gary,,Stanislawski,,,True,ok,upper,35,Republican,http://www.oksenate.gov/Senators/biographies/stanislawski_bio.jpg,2011-07-08 20:39:11.860000,2017-06-01 07:09:36.668000
OKL000045,Anthony Sykes,Anthony,,Sykes,,,True,ok,upper,24,Republican,http://www.oksenate.gov/Senators/biographies/sykes_bio.jpg,2011-07-08 20:39:11.862000,2017-06-01 07:09:36.646000
OKL000046,Greg Treat,Greg,,Treat,,,True,ok,upper,47,Republican,http://www.oksenate.gov/Senators/biographies/Treat.jpg,2011-07-08 20:39:11.864000,2017-06-01 07:09:36.706000
OKL000114,Anastasia Pittman,Anastasia,,Pittman,,,True,ok,upper,48,Democratic,http://www.okhouse.gov/Members/Pictures/AnastasiaPitmannx175.JPG,2011-07-08 20:39:12.119000,2017-06-01 07:09:36.645000
OKL000117,Marty Quinn,Marty,,Quinn,,,True,ok,upper,2,Republican,http://www.okhouse.gov/Members/Pictures/Quinn-Martyx175.jpg,2011-07-08 20:39:12.125000,2017-06-01 07:09:36.688000
OKL000155,A J Griffin,AJ,,Griffin,,,True,ok,upper,20,Republican,http://www.oksenate.gov/Senators/biographies/griffin_bio.jpg,2012-04-13 02:59:31.453000,2017-06-01 07:09:36.643000
OKL000156,Larry Boggs,Larry,,Boggs,,,True,ok,upper,7,Republican,http://www.oksenate.gov/Senators/biographies/Boggs_bio.jpg,2013-01-09 20:44:13.764000,2017-06-01 07:09:36.684000
OKL000158,Nathan Dahm,Nathan,,Dahm,,,True,ok,upper,33,Republican,http://www.oksenate.gov/Senators/biographies/Dahm_bio.jpg,2013-01-09 20:44:13.841000,2017-06-01 07:09:36.690000
OKL000159,Kyle Loveless,Kyle,,Loveless,,,True,ok,upper,45,Republican,http://www.oksenate.gov/Senators/biographies/Loveless_bio.jpg,2013-01-09 20:44:13.939000,2017-06-01 07:09:36.683000
OKL000160,Ron Sharp,Ron,,Sharp,,,True,ok,upper,17,Republican,http://www.oksenate.gov/Senators/biographies/sharp_bio.jpg,2013-01-09 20:44:14.001000,2017-06-01 07:09:36.697000
OKL000161,Wayne Shaw,Wayne,,Shaw,,,True,ok,upper,3,Republican,http://www.oksenate.gov/Senators/biographies/Shaw_bio.jpg,2013-01-09 20:44:14.007000,2017-06-01 07:09:36.700000
OKL000163,Rob Standridge,Rob,,Standridge,,,True,ok,upper,15,Republican,http://www.oksenate.gov/Senators/biographies/Standridge_bio.jpg,2013-01-09 20:44:14.040000,2017-06-01 07:09:36.693000
OKL000168,Kay Floyd,Kay,,Floyd,,,True,ok,upper,46,Democratic,"http://www.okhouse.gov/Members/Pictures/HiRes/Floyd,%20Kay.jpg",2013-01-09 20:44:14.231000,2017-06-01 07:09:36.680000
OKL000171,Kevin Matthews,Kevin,,Matthews,,,True,ok,upper,11,Democratic,"http://www.okhouse.gov/Members/Pictures/HiRes/Matthews,%20Kevin.jpg",2013-01-09 20:44:14.379000,2017-06-01 07:09:36.681000
OKL000176,Jason Smalley,Jason,,Smalley,,,True,ok,upper,28,Republican,"http://www.okhouse.gov/Members/Pictures/HiRes/Smalley,%20Jason.jpg",2013-01-09 20:44:14.649000,2017-06-01 07:09:36.673000
OKL000181,Ervin Yen,Ervin,,Yen,,,True,ok,upper,40,Republican,,2015-01-12 16:02:55.185000,2017-06-01 07:09:36.665000
OKL000196,Stephanie Bice,Stephanie,,Bice,,,True,ok,upper,22,Republican,,2015-01-12 16:02:56.015000,2017-06-01 07:09:36.698000
OKL000199,Darcy Jech,Darcy,,Jech,,,True,ok,upper,26,Republican,,2015-01-12 16:02:56.069000,2017-06-01 07:09:36.660000
OKL000255,Joseph Silk,Joseph,,Silk,,,True,ok,upper,5,Republican,,2015-01-12 16:02:56.449000,2017-06-01 07:09:36.676000
OKL000258,Roger Thompson,Roger,,Thompson,,,True,ok,upper,8,Republican,,2015-01-12 16:02:56.535000,2017-06-01 07:09:36.695000
OKL000262,Jack Fry,Jack,,Fry,,,True,ok,upper,42,Republican,,2015-01-12 16:02:56.653000,2017-06-01 07:09:36.671000
OKL000273,J.J. Dossett,J.J.,,Dossett,,,True,ok,upper,34,Democratic,,2016-02-02 07:09:41.964000,2017-06-01 07:09:36.670000
OKL000277,Dewayne Pemberton,Dewayne,,Pemberton,,,True,ok,upper,9,Republican,,2016-12-30 00:47:07.548000,2017-06-01 07:09:36.663000
OKL000283,Julie Daniels,Julie,,Daniels,,,True,ok,upper,29,Republican,,2016-12-30 00:47:07.631000,2017-06-01 07:09:36.679000
OKL000285,Joe Newhouse,Joe,,Newhouse,,,True,ok,upper,25,Republican,,2016-12-30 00:47:07.654000,2017-06-01 07:09:36.674000
OKL000286,Paul Scott,Paul,,Scott,,,True,ok,upper,43,Republican,,2016-12-30 00:47:07.693000,2017-06-01 07:09:36.691000
OKL000287,Adam Pugh,Adam,,Pugh,,,True,ok,upper,41,Republican,,2016-12-30 00:47:07.709000,2017-06-01 07:09:36.644000
OKL000290,Micheal Bergstrom,Micheal,,Bergstrom,,,True,ok,upper,1,Republican,,2016-12-30 00:47:07.737000,2017-06-01 07:09:36.689000
OKL000291,Dave Rader,Dave,,Rader,,,True,ok,upper,39,Republican,,2016-12-30 00:47:07.742000,2017-06-01 07:09:36.661000
OKL000301,Lonnie Paxton,Lonnie,,Paxton,,,True,ok,upper,23,Republican,,2016-12-30 00:47:07.921000,2017-06-01 07:09:36.685000
OKL000305,Chris Kidd,Chris,,Kidd,,,True,ok,upper,31,Republican,,2016-12-30 00:47:07.999000,2017-06-01 07:09:36.657000
OKL000307,Tom Dugger,Tom,,Dugger,,,True,ok,upper,21,Republican,,2016-12-30 00:47:08.034000,2017-06-01 07:09:36.699000
OKL000309,Greg McCortney,Greg,,McCortney,,,True,ok,upper,13,Republican,,2016-12-30 00:47:08.058000,2017-06-01 07:09:36.669000
OKL000311,James Leewright,James,,Leewright,,,True,ok,upper,12,Republican,,2016-12-30 00:47:08.081000,2017-06-01 07:09:36.672000
OKL000314,Roland Pederson,Roland,,Pederson,,,True,ok,upper,19,Republican,,2016-12-30 00:47:08.143000,2017-06-01 07:09:36.696000
