id,state,chamber,committee,subcommittee,parent_id
MOC000266,mo,joint,Solid Waste Management District Operations,,
MOC000267,mo,joint,Mo Health Net,,
MOC000268,mo,joint,Tax Policy,,
MOC000269,mo,joint,Life Sciences,,
MOC000272,mo,joint,Public Employee Retirement,,
MOC000274,mo,joint,Missouri'S Promise,,
MOC000276,mo,joint,Education,,
MOC000277,mo,joint,The Justice System,,
MOC000280,mo,joint,Child Abuse And Neglect,,
MOC000281,mo,joint,Transportation Oversight,,
MOC000283,mo,joint,Gaming And Wagering,,
MOC000286,mo,joint,Capital Improvements And Leases Oversight,,
MOC000290,mo,joint,Administrative Rules,,
MOC000292,mo,joint,Government Accountability,,
MOC000295,mo,joint,Real Property Tax Increment Allocation Redevelopment,,
MOC000296,mo,joint,Corrections,,
MOC000297,mo,joint,Legislative Research,,
MOC000298,mo,joint,Legislative Research - Personnel Subcommittee,,
MOC000306,mo,joint,Legislative Court Automation,,
MOC000315,mo,joint,Interim State Employee Wages,,
MOC000323,mo,joint,Public Assistance,,
MOC000332,mo,joint,Justice System,,
MOC000345,mo,joint,Capitol Security,,
MOC000357,mo,joint,Legislative Research - Oversight Subcommittee,,
MOC000358,mo,joint,Legislative Research - Revision,,
MOC000019,mo,lower,Administration And Accounts,,
MOC000021,mo,lower,Agriculture Policy,,
MOC000024,mo,lower,Appropriations - General Administration,,
MOC000025,mo,lower,Appropriations - Health,,
MOC000026,mo,lower,Appropriations - Public Safety And Corrections,,
MOC000028,mo,lower,Budget,,
MOC000030,mo,lower,Corrections,,
MOC000034,mo,lower,Elections,,
MOC000035,mo,lower,Elementary And Secondary Education,,
MOC000037,mo,lower,Ethics,,
MOC000039,mo,lower,Fiscal Review,,
MOC000040,mo,lower,General Laws,,
MOC000042,mo,lower,Health Insurance,,
MOC000043,mo,lower,Higher Education,,
MOC000074,mo,lower,Judiciary,,
MOC000075,mo,lower,Local Government,,
MOC000077,mo,lower,Professional Registration And Licensing,,
MOC000079,mo,lower,Rules,,
MOC000081,mo,lower,Small Business,,
MOC000091,mo,lower,Transportation,,
MOC000093,mo,lower,Urban Issues,,
MOC000094,mo,lower,Utilities,,
MOC000095,mo,lower,Veterans,,
MOC000096,mo,lower,Ways And Means,,
MOC000133,mo,lower,Appropriations - Revenue,,
MOC000136,mo,lower,Government Oversight And Accountability,,
MOC000212,mo,lower,Employment Security,,
MOC000213,mo,lower,Trade And Tourism,,
MOC000215,mo,lower,Property,,
MOC000216,mo,lower,Appropriations - Elementary And Secondary Education,,
MOC000218,mo,lower,Government Efficiency,,
MOC000220,mo,lower,Emerging Issues In Education,,
MOC000224,mo,lower,Children And Families,,
MOC000225,mo,lower,Civil And Criminal Proceedings,,
MOC000226,mo,lower,Utility Infrastructure,,
MOC000228,mo,lower,Conservation And Natural Resources,,
MOC000229,mo,lower,Pensions,,
MOC000231,mo,lower,Appropriations - Agriculture,,
MOC000232,mo,lower,Health And Mental Health Policy,,
MOC000233,mo,lower,Economic Development And Business Attraction And Retention,,
MOC000234,mo,lower,Telecommunications,,
MOC000236,mo,lower,Energy And The Environment,,
MOC000239,mo,lower,Appropriations - Higher Education,,
MOC000240,mo,lower,Banking,,
MOC000241,mo,lower,Workforce Standards And Development,,
MOC000242,mo,lower,Consumer Affairs,,
MOC000243,mo,lower,Public Safety And Emergency Preparedness,,
MOC000245,mo,lower,Emerging Issues,,
MOC000270,mo,lower,Social Services,,
MOC000271,mo,lower,Labor And Industrial Relations,,
MOC000273,mo,lower,Agriculture,,
MOC000275,mo,lower,Commerce,,
MOC000279,mo,lower,Insurance,,
MOC000285,mo,lower,Security Infrastructure Of The Capitol Complex,,
MOC000287,mo,lower,Financial Institutions And Taxation,,
MOC000288,mo,lower,State And Local Governments,,
MOC000293,mo,lower,Education,,
MOC000307,mo,lower,Crime Prevention And Public Safety,,
MOC000308,mo,lower,Subcommittee On Corrections Workforce Environment And Conduct,,
MOC000309,mo,lower,Subcommittee On Scope Of Practice,,
MOC000312,mo,lower,Corrections And Public Institutions,,
MOC000316,mo,lower,Elections And Elected Officials,,
MOC000319,mo,lower,Workforce Development,,
MOC000320,mo,lower,Subcommittee On Appropriations - Education,,
MOC000322,mo,lower,Legislative Task Force On Dyslexia,,
MOC000324,mo,lower,Litigation Reform,,
MOC000325,mo,lower,Financial Institutions,,
MOC000326,mo,lower,Subcommittee On Appropriations - Health,,
MOC000327,mo,lower,Consent And House Procedure,,
MOC000328,mo,lower,Insurance Policy,,
MOC000330,mo,lower,Tourism,,
MOC000335,mo,lower,Innovation And Technology,,
MOC000336,mo,lower,Rules - Legislative Oversight,,
MOC000337,mo,lower,Rules - Administrative Oversight,,
MOC000338,mo,lower,Homeland Security,,
MOC000339,mo,lower,Subcommittee On Boards And Commissions,,
MOC000340,mo,lower,University Of Missouri System Review Commission,,
MOC000341,mo,lower,Government Oversight,,
MOC000342,mo,lower,Subcommittee On Appropriations - Public Safety,,
MOC000343,mo,lower,Subcommittee On Appropriations - General Administration,,
MOC000344,mo,lower,Subcommittee On Appropriations - Agriculture,,
MOC000346,mo,lower,Economic Development,,
MOC000347,mo,lower,Subcommittee On Second Amendment Preservation,,
MOC000348,mo,lower,Subcommittee On Education Savings Accounts,,
MOC000349,mo,lower,Subcommittee On Creation And Appointments,,
MOC000350,mo,lower,Subcommittee On Agriculture Education,,
MOC000351,mo,lower,Tax Policy,,
MOC000352,mo,lower,Tax Policy For Working Families,,
MOC000353,mo,lower,Subcommittee On Urban Community Economic Development,,
MOC000354,mo,lower,Subcommittee On Student Debt Relief,,
MOC000355,mo,lower,Subcommittee On Police/Community Rleations,,
MOC000356,mo,lower,Subcommittee On Police/Community Relations,,
MOC000359,mo,lower,Local,,
MOC000001,mo,upper,Administration,,
MOC000003,mo,upper,Appropriations,,
MOC000004,mo,upper,"Commerce, Consumer Protection, Energy and the Environment",,
MOC000005,mo,upper,Education,,
MOC000006,mo,upper,Financial and Governmental Organizations and Elections,,
MOC000009,mo,upper,Gubernatorial Appointments,,
MOC000011,mo,upper,"Jobs, Economic Development and Local Government",,
MOC000012,mo,upper,Judiciary and Civil and Criminal Jurisprudence,,
MOC000013,mo,upper,Progress and Development,,
MOC000015,mo,upper,"Small Business, Insurance and Industry",,
MOC000127,mo,upper,Governmental Accountability and Fiscal Oversight,,
MOC000130,mo,upper,Veterans' Affairs and Health,,
MOC000131,mo,upper,Ways and Means,,
MOC000250,mo,upper,Judiciary and Civil and Criminal,,
MOC000257,mo,upper,"Commerce, Consumer Protection, Energy",,
MOC000258,mo,upper,"Agriculture, Food Production",,
MOC000261,mo,upper,"Transportation, Infrastructure, and",,
MOC000262,mo,upper,"Jobs, Economic Development",,
MOC000264,mo,upper,Financial and Governmental Organizations,,
MOC000278,mo,upper,General Laws and Pensions,,
MOC000282,mo,upper,"Seniors, Families and Children",,
MOC000289,mo,upper,"Rules, Joint Rules, Resolutions and Ethics",,
MOC000294,mo,upper,Governmental Accountability & Fiscal Oversight,,
MOC000303,mo,upper,"Agriculture, Food Production, and Outdoor Resources",,
MOC000304,mo,upper,"Transportation, Infrastructure, and Public Safety",,
MOC000305,mo,upper,Veterans’ Affairs and Health,,
MOC000310,mo,upper,Small Business and Industry,,
MOC000311,mo,upper,"Transportation, Infrastructure and Public Safety",,
MOC000313,mo,upper,Professional Registration,,
MOC000314,mo,upper,Government Reform,,
MOC000317,mo,upper,Health and Pensions,,
MOC000318,mo,upper,Veterans and Military Affairs,,
MOC000321,mo,upper,Economic Development,,
MOC000329,mo,upper,Fiscal Oversight,,
MOC000331,mo,upper,Insurance and Banking,,
MOC000333,mo,upper,General Laws,,
MOC000334,mo,upper,Local Government and Elections,,
