leg_id,full_name,first_name,middle_name,last_name,suffixes,nickname,active,state,chamber,district,party,photo_url,created_at,updated_at
MOL000002,Victor Callahan,Victor,,Callahan,,,False,mo,,,,http://www.senate.mo.gov/12info/graphics/d11-photo.gif,2012-03-07 01:44:45.281000,2013-01-07 16:28:43.598000
MOL000004,Jason Crowell,Jason,,Crowell,,,False,mo,,,,http://www.senate.mo.gov/12info/graphics/D27-photo.gif,2012-03-07 01:44:45.295000,2013-01-07 16:28:43.601000
MOL000005,Jane Cunningham,Jane,,Cunningham,,,False,mo,,,,http://www.senate.mo.gov/12info/graphics/d07-photo051211.gif,2012-03-07 01:44:45.325000,2013-01-07 16:28:43.553000
MOL000007,Tom Dempsey,Tom,,Dempsey,,,False,mo,,,,http://www.senate.mo.gov/15info/graphics/d23-photo.gif,2012-03-07 01:44:45.370000,2016-07-07 06:30:44.019000
MOL000010,Jack Goodman,Jack,,Goodman,,,False,mo,,,,http://www.senate.mo.gov/12info/graphics/d29-photo.gif,2012-03-07 01:44:45.397000,2013-01-07 16:28:43.604000
MOL000011,Timothy P. Green,Timothy P.,,Green,,,False,mo,,,,http://www.senate.mo.gov/12info/graphics/d13-photo.gif,2012-03-07 01:44:45.412000,2013-01-07 16:28:43.874000
MOL000012,Jolie Justus,Jolie,,Justus,,,False,mo,,,,http://www.senate.mo.gov/15info/graphics/d10-photo.gif,2012-03-07 01:44:45.420000,2015-01-15 16:15:05.690000
MOL000013,Joseph Keaveny,Joseph,,Keaveny,,,False,mo,,,,http://www.senate.mo.gov/17web/wp-content/uploads/2015/11/301px-Seal_of_the_Senate_of_Missouri_svg-e1448041814274.png,2012-03-07 01:44:45.429000,2017-01-29 19:46:29.714000
MOL000016,Brad Lager,Brad,,Lager,,,False,mo,,,,http://www.senate.mo.gov/15info/graphics/d12-photo.gif,2012-03-07 01:44:45.452000,2015-02-06 16:26:34.800000
MOL000017,John T. Lamping,John T.,,Lamping,,,False,mo,,,,http://www.senate.mo.gov/15info/graphics/D24-photo.gif,2012-03-07 01:44:45.464000,2015-01-14 16:06:13.339000
MOL000018,Jim Lembke,Jim,,Lembke,,,False,mo,,,,http://www.senate.mo.gov/12info/graphics/d01-photo.gif,2012-03-07 01:44:45.472000,2013-01-07 16:28:43.602000
MOL000019,Robert Mayer,Robert,,Mayer,,,False,mo,,,,http://www.senate.mo.gov/12info/graphics/d25-photo.gif,2012-03-07 01:44:45.490000,2013-01-07 16:28:43.873000
MOL000020,Ryan McKenna,Ryan,,McKenna,,,False,mo,,,,http://www.senate.mo.gov/13info/graphics/d22-photo.gif,2012-03-07 01:44:45.500000,2014-12-08 20:07:54.561000
MOL000022,Brian Nieves,Brian,,Nieves,,,False,mo,,,,http://www.senate.mo.gov/Flashshow/images/District26/Nieves-Photo.jpg,2012-03-07 01:44:45.524000,2015-01-15 16:15:09.365000
MOL000023,Mike Parson,Mike,,Parson,,,False,mo,,,,http://www.senate.mo.gov/15info/graphics/d28-photo.gif,2012-03-07 01:44:45.537000,2017-01-10 23:43:18.893000
MOL000024,David Pearce,David,,Pearce,,,False,mo,,,,http://www.senate.mo.gov/17web/wp-content/uploads/2015/11/301px-Seal_of_the_Senate_of_Missouri_svg-e1448041814274.png,2012-03-07 01:44:45.545000,2017-01-29 19:46:46.649000
MOL000025,Chuck Purgason,Chuck,,Purgason,,,False,mo,,,,http://www.senate.mo.gov/12info/graphics/d33-photo.gif,2012-03-07 01:44:45.553000,2013-01-07 16:28:43.596000
MOL000027,Luann Ridgeway,Luann,,Ridgeway,,,False,mo,,,,http://www.senate.mo.gov/12info/graphics/d17-photo.gif,2012-03-07 01:44:45.569000,2013-01-07 16:28:43.599000
MOL000028,Scott Rupp,Scott,,Rupp,,,False,mo,,,,http://www.senate.mo.gov/13info/graphics/d02-photo.gif,2012-03-07 01:44:45.577000,2014-12-08 20:07:54.560000
MOL000030,Kurt Schaefer,Kurt,,Schaefer,,,False,mo,,,,http://www.senate.mo.gov/17web/wp-content/uploads/2015/11/301px-Seal_of_the_Senate_of_Missouri_svg-e1448041814274.png,2012-03-07 01:44:45.633000,2017-01-29 19:46:43.060000
MOL000031,Eric Schmitt,Eric,,Schmitt,,,False,mo,,,,http://www.senate.mo.gov/17web/wp-content/uploads/2015/11/301px-Seal_of_the_Senate_of_Missouri_svg-e1448041814274.png,2012-03-07 01:44:45.641000,2017-01-29 19:46:39.257000
MOL000032,Bill Stouffer,Bill,,Stouffer,,,False,mo,,,,http://www.senate.mo.gov/12info/graphics/d21-photo.gif,2012-03-07 01:44:45.650000,2013-01-07 16:28:43.554000
MOL000034,Robin Wright-Jones,Robin,,Wright-Jones,,,False,mo,,,,http://www.senate.mo.gov/12info/graphics/d05-photo.gif,2012-03-07 01:44:45.677000,2013-01-07 16:28:43.551000
MOL000035,Sue Allen,Sue,,Allen,,,False,mo,,,,http://www.house.mo.gov/MemberPhoto.aspx?id=357,2012-03-07 01:44:45.685000,2017-01-10 23:43:18.885000
MOL000037,Randy Asbury,Randy,,Asbury,,,False,mo,,,,http://www.house.mo.gov/billtracking/bills121/member/mem022.jpg,2012-03-07 01:44:45.710000,2013-01-07 16:28:43.677000
MOL000038,Bert Atkins,Bert,,Atkins,,,False,mo,,,,http://www.house.mo.gov/billtracking/bills121/member/mem075.jpg,2012-03-07 01:44:45.719000,2013-01-07 16:28:43.658000
MOL000039,Joe Aull,Joe,,Aull,,,False,mo,,,,http://www.house.mo.gov/billtracking/bills121/member/mem026.jpg,2012-03-07 01:44:45.727000,2013-01-07 16:28:43.776000
MOL000044,Linda Black,Linda,,Black,,,False,mo,,,,http://www.house.mo.gov/MemberPhoto.aspx?id=368,2012-03-07 01:44:45.768000,2017-01-10 23:43:18.864000
MOL000045,Ellen Brandom,Ellen,,Brandom,,,False,mo,,,,http://www.house.mo.gov/billtracking/bills121/member/mem160.jpg,2012-03-07 01:44:45.783000,2013-01-07 16:28:43.681000
MOL000048,Michael Brown,Michael,,Brown,,,False,mo,,,,http://www.house.mo.gov/billtracking/bills121/member/mem050.jpg,2012-03-07 01:44:45.844000,2013-01-07 16:28:43.637000
MOL000050,Eric Burlison,Eric,,Burlison,,,False,mo,,,,http://www.house.mo.gov/MemberPhoto.aspx?id=360,2012-03-07 01:44:45.941000,2017-01-10 23:43:18.853000
MOL000051,Susan Carlson,Susan,,Carlson,,,False,mo,,,,http://www.house.mo.gov/billtracking/bills121/member/mem064.jpg,2012-03-07 01:44:45.972000,2013-01-07 16:28:43.771000
MOL000052,Chris Carter,Chris,,Carter,,,False,mo,,,,http://www.house.mo.gov/billtracking/bills111/member/mem061.jpg,2012-03-07 01:44:45.987000,2013-01-07 16:28:43.893000
MOL000053,Ron Casey,Ron,,Casey,,,False,mo,,,,http://www.house.mo.gov/billtracking/bills121/member/mem103.jpg,2012-03-07 01:44:45.995000,2013-01-07 16:28:43.661000
MOL000054,John Cauthorn,John,,Cauthorn,,,False,mo,,,,http://www.house.mo.gov/billtracking/bills121/member/mem021.jpg,2012-03-07 01:44:46.022000,2013-01-07 16:28:43.780000
MOL000056,Mike Colona,Mike,,Colona,,,False,mo,,,,http://www.house.mo.gov/MemberPhoto.aspx?id=363,2012-03-07 01:44:46.049000,2017-01-10 23:43:18.870000
MOL000060,Stanley Cox,Stanley,,Cox,,,False,mo,,,,http://www.house.mo.gov/MemberPhoto.aspx?id=151,2012-03-07 01:44:46.087000,2014-12-08 20:07:54.551000
MOL000065,David Day,David,,Day,,,False,mo,,,,http://www.house.mo.gov/billtracking/bills121/member/mem148.jpg,2012-03-07 01:44:46.196000,2013-01-07 16:28:43.655000
MOL000066,Charlie Denison,Charlie,,Denison,,,False,mo,,,,http://www.house.mo.gov/billtracking/bills121/member/mem135.jpg,2012-03-07 01:44:46.205000,2013-01-07 16:28:43.646000
MOL000067,Scott Dieckhaus,Scott,,Dieckhaus,,,False,mo,,,,http://www.house.mo.gov/billtracking/bills121/member/mem109.jpg,2012-03-07 01:44:46.213000,2013-01-07 16:28:43.548000
MOL000068,John Diehl,John,,Diehl,,,False,mo,,,,http://www.house.mo.gov/MemberPhoto.aspx?id=365,2012-03-07 01:44:46.222000,2016-03-14 19:12:04.945000
MOL000069,Tony Dugger,Tony,,Dugger,,,False,mo,,,,http://www.house.mo.gov/MemberPhoto.aspx?id=366,2012-03-07 01:44:46.241000,2017-01-10 23:43:18.891000
MOL000070,Rory Ellinger,Rory,,Ellinger,,,False,mo,,,,http://www.house.mo.gov/MemberPhoto.aspx?id=567,2012-03-07 01:44:46.279000,2014-11-19 16:27:21.374000
MOL000071,Kevin Elmer,Kevin,,Elmer,,,False,mo,,,,http://www.house.mo.gov/MemberPhoto.aspx?id=480,2012-03-07 01:44:46.290000,2014-12-08 20:07:54.536000
MOL000072,Sue Entlicher,Sue,,Entlicher,,,False,mo,,,,http://www.house.mo.gov/MemberPhoto.aspx?id=481,2012-03-07 01:44:46.328000,2017-01-10 23:43:18.886000
MOL000073,Joe Fallert,Joe,,Fallert,,,False,mo,,,,http://www.house.mo.gov/billtracking/bills121/member/mem104.jpg,2012-03-07 01:44:46.346000,2013-01-07 16:28:43.594000
MOL000074,Barney Fisher,Barney,,Fisher,,,False,mo,,,,http://www.house.mo.gov/billtracking/bills121/member/mem125.jpg,2012-03-07 01:44:46.356000,2013-01-07 16:28:43.741000
MOL000076,Tom Flanigan,Tom,,Flanigan,,,False,mo,,,,http://www.house.mo.gov/MemberPhoto.aspx?id=369,2012-03-07 01:44:46.391000,2017-01-10 23:43:18.887000
MOL000079,Ward Franz,Ward,,Franz,,,False,mo,,,,http://www.house.mo.gov/billtracking/bills121/member/mem151.jpg,2012-03-07 01:44:46.419000,2013-01-07 16:28:43.648000
MOL000081,Gary Fuhr,Gary,,Fuhr,,,False,mo,,,,http://www.house.mo.gov/billtracking/bills111/member/mem097.jpg,2012-03-07 01:44:46.443000,2013-01-07 16:28:43.913000
MOL000082,Doug Funderburk,Doug,,Funderburk,,,False,mo,,,,http://www.house.mo.gov/MemberPhoto.aspx?id=56,2012-03-07 01:44:46.452000,2014-12-08 20:07:54.523000
MOL000083,Chuck Gatschenberger,Chuck,,Gatschenberger,,,False,mo,,,,http://www.house.mo.gov/MemberPhoto.aspx?id=57,2012-03-07 01:44:46.462000,2014-12-08 20:07:54.524000
MOL000084,Don Gosen,Don,,Gosen,,,False,mo,,,,http://www.house.mo.gov/MemberPhoto.aspx?id=456,2012-03-07 01:44:46.477000,2016-03-14 19:12:05
MOL000085,Jeff Grisamore,Jeff,,Grisamore,,,False,mo,,,,http://www.house.mo.gov/MemberPhoto.aspx?id=341,2012-03-07 01:44:46.699000,2014-12-08 20:07:54.545000
MOL000086,Casey Guernsey,Casey,,Guernsey,,,False,mo,,,,http://www.house.mo.gov/MemberPhoto.aspx?id=47,2012-03-07 01:44:46.724000,2014-12-08 20:07:54.543000
MOL000088,Kent Hampton,Kent,,Hampton,,,False,mo,,,,http://www.house.mo.gov/MemberPhoto.aspx?id=517,2012-03-07 01:44:46.761000,2014-12-08 20:07:54.539000
MOL000091,Dave Hinson,Dave,,Hinson,,,False,mo,,,,http://www.house.mo.gov/MemberPhoto.aspx?id=500,2012-03-07 01:44:46.816000,2017-01-10 23:43:18.850000
MOL000092,Steve Hodges,Steve,,Hodges,,,False,mo,,,,http://www.house.mo.gov/MemberPhoto.aspx?id=275,2012-03-07 01:44:46.825000,2014-12-08 20:07:54.538000
MOL000094,Denny Hoskins,Denny,,Hoskins,,,False,mo,,,,http://www.house.mo.gov/MemberPhoto.aspx?id=371,2012-03-07 01:44:46.851000,2017-01-10 23:43:18.851000
MOL000095,Lincoln Hough,Lincoln,,Hough,,,False,mo,,,,http://www.house.mo.gov/MemberPhoto.aspx?id=510,2012-03-07 01:44:46.860000,2017-01-10 23:43:18.863000
MOL000097,Penny Hubbard,Penny,,Hubbard,,,False,mo,,,,http://www.house.mo.gov/MemberPhoto.aspx?id=496,2012-03-07 01:44:46.983000,2017-01-10 23:43:18.875000
MOL000098,Leonard Hughes IV,Leonard,,Hughes IV,,,False,mo,,,,http://www.house.mo.gov/billtracking/bills121/member/mem042.jpg,2012-03-07 01:44:46.994000,2013-01-07 16:28:43.693000
MOL000099,Jacob Hummel,Jacob,,Hummel,,,False,mo,,,,http://www.house.mo.gov/MemberPhoto.aspx?id=372,2012-03-07 01:44:47.003000,2017-01-10 23:43:18.855000
MOL000101,Caleb Jones,Caleb,,Jones,,,False,mo,,,,http://www.house.mo.gov/MemberPhoto.aspx?id=506,2012-03-07 01:44:47.024000,2017-01-10 23:43:18.846000
MOL000102,Timothy Jones,Timothy,,Jones,,,False,mo,,,,http://www.house.mo.gov/MemberPhoto.aspx?id=174,2012-03-07 01:44:47.036000,2014-12-08 20:07:54.526000
MOL000103,Tishaura Jones,Tishaura,,Jones,,,False,mo,,,,http://www.house.mo.gov/billtracking/bills121/member/mem063.jpg,2012-03-07 01:44:47.062000,2013-01-07 16:28:43.588000
MOL000104,Jason Kander,Jason,,Kander,,,False,mo,,,,http://www.house.mo.gov/billtracking/bills121/member/mem044.jpg,2012-03-07 01:44:47.087000,2013-01-07 16:28:43.761000
MOL000105,Shelley Keeney Taylor,Shelley,Keeney,Taylor,,,False,mo,,,,http://www.house.mo.gov/MemberPhoto.aspx?id=158,2012-03-07 01:44:47.096000,2017-01-10 23:43:18.882000
MOL000107,Chris Kelly,Chris,,Kelly,,,False,mo,,,,http://www.house.mo.gov/MemberPhoto.aspx?id=75,2012-03-07 01:44:47.147000,2014-12-08 20:07:54.547000
MOL000108,Jeanne Kirkton,Jeanne,,Kirkton,,,False,mo,,,,http://www.house.mo.gov/MemberPhoto.aspx?id=356,2012-03-07 01:44:47.201000,2017-01-10 23:43:18.857000
MOL000109,Glen Klippenstein,Glen,,Klippenstein,,,False,mo,,,,http://www.house.mo.gov/billtracking/bills121/member/mem005.jpg,2012-03-07 01:44:47.214000,2013-01-07 16:28:43.865000
MOL000110,Andrew Koenig,Andrew,,Koenig,,,False,mo,,,,http://www.house.mo.gov/MemberPhoto.aspx?id=375,2012-03-07 01:44:47.224000,2017-01-10 23:43:18.841000
MOL000112,Michele Kratky,Michele,,Kratky,,,False,mo,,,,http://www.house.mo.gov/MemberPhoto.aspx?id=350,2012-03-07 01:44:47.261000,2017-01-10 23:43:18.868000
MOL000113,Mike Lair,Mike,,Lair,,,False,mo,,,,http://www.house.mo.gov/MemberPhoto.aspx?id=51,2012-03-07 01:44:47.281000,2017-01-10 23:43:18.871000
MOL000114,Sara Lampe,Sara,,Lampe,,,False,mo,,,,http://www.house.mo.gov/billtracking/bills121/member/mem138.jpg,2012-03-07 01:44:47.328000,2013-01-07 16:28:43.843000
MOL000116,Scott Largent,Scott,,Largent,,,False,mo,,,,http://www.house.mo.gov/billtracking/bills121/member/mem120.jpg,2012-03-07 01:44:47.426000,2013-01-07 16:28:43.664000
MOL000117,Brent Lasater,Brent,,Lasater,,,False,mo,,,,http://www.house.mo.gov/billtracking/bills121/member/mem053.jpg,2012-03-07 01:44:47.445000,2013-01-07 16:28:43.768000
MOL000119,Melissa Leach,Melissa,,Leach,,,False,mo,,,,http://www.house.mo.gov/billtracking/bills121/member/mem137.jpg,2012-03-07 01:44:47.486000,2013-01-07 16:28:43.844000
MOL000120,Mike Leara,Mike,,Leara,,,False,mo,,,,http://www.house.mo.gov/MemberPhoto.aspx?id=377,2012-03-07 01:44:47.506000,2017-01-10 23:43:18.873000
MOL000122,Tom Loehner,Tom,,Loehner,,,False,mo,,,,http://www.house.mo.gov/billtracking/bills121/member/mem112.jpg,2012-03-07 01:44:47.535000,2013-01-07 16:28:43.568000
MOL000123,Thomas Long,Thomas,,Long,,,False,mo,,,,http://www.house.mo.gov/billtracking/bills121/member/mem134.jpg,2012-03-07 01:44:47.546000,2013-01-07 16:28:43.636000
MOL000128,Tom McDonald,Tom,,McDonald,,,False,mo,,,,http://www.house.mo.gov/MemberPhoto.aspx?id=379,2012-03-07 01:44:47.639000,2017-01-10 23:43:18.889000
MOL000129,Eileen McGeoghegan,Eileen,,McGeoghegan,,,False,mo,,,,http://www.house.mo.gov/billtracking/bills121/member/mem077.jpg,2012-03-07 01:44:47.649000,2013-01-07 16:28:43.784000
MOL000130,Mike McGhee,Mike,,McGhee,,,False,mo,,,,http://www.house.mo.gov/billtracking/bills121/member/mem122.jpg,2012-03-07 01:44:47.666000,2013-01-07 16:28:43.614000
MOL000131,Kevin McManus,Kevin,,McManus,,,False,mo,,,,http://www.house.mo.gov/MemberPhoto.aspx?id=485,2012-03-07 01:44:47.683000,2016-03-14 19:12:04.704000
MOL000132,Cole McNary,Cole,,McNary,,,False,mo,,,,http://www.house.mo.gov/billtracking/bills121/member/mem086.jpg,2012-03-07 01:44:47.731000,2013-01-07 16:28:43.571000
MOL000133,Margo McNeil,Margo,,McNeil,,,False,mo,,,,http://www.house.mo.gov/MemberPhoto.aspx?id=380,2012-03-07 01:44:47.773000,2017-01-10 23:43:18.866000
MOL000134,Tim Meadows,Tim,,Meadows,,,False,mo,,,,http://www.house.mo.gov/billtracking/bills121/member/mem101.jpg,2012-03-07 01:44:47.791000,2013-01-07 16:28:43.672000
MOL000135,Chris Molendorp,Chris,,Molendorp,,,False,mo,,,,http://www.house.mo.gov/MemberPhoto.aspx?id=381,2012-03-07 01:44:47.821000,2014-12-08 20:07:54.552000
MOL000136,Genise Montecillo,Genise,,Montecillo,,,False,mo,,,,http://www.house.mo.gov/MemberPhoto.aspx?id=568,2012-03-07 01:44:47.854000,2017-01-10 23:43:18.854000
MOL000137,Bob Nance,Bob,,Nance,,,False,mo,,,,http://www.house.mo.gov/billtracking/bills121/member/mem036.jpg,2012-03-07 01:44:47.893000,2013-01-07 16:28:43.753000
MOL000139,Myron Neth,Myron,,Neth,,,False,mo,,,,http://www.house.mo.gov/MemberPhoto.aspx?id=486,2012-03-07 01:44:47.924000,2014-12-08 20:07:54.540000
MOL000142,Jerry Nolte,Jerry,,Nolte,,,False,mo,,,,http://www.house.mo.gov/billtracking/bills121/member/mem033.jpg,2012-03-07 01:44:47.993000,2013-01-07 16:28:43.749000
MOL000143,Jeanette Mott Oxford,Jeanette Mott,,Oxford,,,False,mo,,,,http://www.house.mo.gov/billtracking/bills121/member/mem059.jpg,2012-03-07 01:44:48.010000,2013-01-07 16:28:43.789000
MOL000144,Sharon Pace,Sharon,,Pace,,,False,mo,,,,http://www.house.mo.gov/MemberPhoto.aspx?id=383,2012-03-07 01:44:48.020000,2017-01-10 23:43:18.879000
MOL000145,Mark Parkinson,Mark,,Parkinson,,,False,mo,,,,http://www.house.mo.gov/MemberPhoto.aspx?id=351,2012-03-07 01:44:48.096000,2017-01-10 23:43:18.867000
MOL000147,Tommie Pierson,Tommie,,Pierson,,,False,mo,,,,http://www.house.mo.gov/MemberPhoto.aspx?id=497,2012-03-07 01:44:48.115000,2017-01-10 23:43:18.890000
MOL000148,Darrell Pollock,Darrell,,Pollock,,,False,mo,,,,http://www.house.mo.gov/billtracking/bills121/member/mem146.jpg,2012-03-07 01:44:48.124000,2013-01-07 16:28:43.572000
MOL000149,Paul Quinn,Paul,,Quinn,,,False,mo,,,,http://www.house.mo.gov/billtracking/bills121/member/mem009.jpg,2012-03-07 01:44:48.133000,2013-01-07 16:28:43.562000
MOL000154,John Rizzo,John,,Rizzo,,,False,mo,,,,http://www.house.mo.gov/MemberPhoto.aspx?id=464,2012-03-07 01:44:48.188000,2017-01-10 23:43:18.859000
MOL000156,Don Ruzicka,Don,,Ruzicka,,,False,mo,,,,http://www.house.mo.gov/billtracking/bills121/member/mem132.jpg,2012-03-07 01:44:48.209000,2013-01-07 16:28:43.690000
MOL000158,Rodney Schad,Rodney,,Schad,,,False,mo,,,,http://www.house.mo.gov/billtracking/bills121/member/mem115.jpg,2012-03-07 01:44:48.235000,2013-01-07 16:28:43.652000
MOL000159,Dwight Scharnhorst,Dwight,,Scharnhorst,,,False,mo,,,,http://www.house.mo.gov/MemberPhoto.aspx?id=137,2012-03-07 01:44:48.252000,2014-12-08 20:07:54.559000
MOL000161,Ronald Schieber,Ronald,,Schieber,,,False,mo,,,,http://www.house.mo.gov/MemberPhoto.aspx?id=489,2012-03-07 01:44:48.287000,2014-12-08 20:07:54.537000
MOL000162,Ed Schieffer,Ed,,Schieffer,,,False,mo,,,,http://www.house.mo.gov/MemberPhoto.aspx?id=55,2012-03-07 01:44:48.299000,2014-12-08 20:07:54.546000
MOL000163,Vicki Schneider,Vicki,,Schneider,,,False,mo,,,,http://www.house.mo.gov/billtracking/bills121/member/mem017.jpg,2012-03-07 01:44:48.312000,2013-01-07 16:28:43.760000
MOL000164,Shane Schoeller,Shane,,Schoeller,,,False,mo,,,,http://www.house.mo.gov/billtracking/bills121/member/mem139.jpg,2012-03-07 01:44:48.344000,2013-01-07 16:28:43.767000
MOL000166,Tom Shively,Tom,,Shively,,,False,mo,,,,http://www.house.mo.gov/billtracking/bills121/member/mem008.jpg,2012-03-07 01:44:48.440000,2013-01-07 16:28:43.870000
MOL000171,Jason Smith,Jason,,Smith,,,False,mo,,,,http://www.house.mo.gov/MemberPhoto.aspx?id=235,2012-03-07 01:44:48.555000,2014-09-17 15:04:27.284000
MOL000172,Sheila Solon,Sheila,,Solon,,,False,mo,,,,http://www.house.mo.gov/MemberPhoto.aspx?id=495,2012-03-07 01:44:48.567000,2017-01-10 23:43:18.881000
MOL000173,Churie Spreng,Churie,,Spreng,,,False,mo,,,,http://www.house.mo.gov/billtracking/bills121/member/mem076.jpg,2012-03-07 01:44:48.586000,2013-01-07 16:28:43.770000
MOL000174,Mary Still,Mary,,Still,,,False,mo,,,,http://www.house.mo.gov/billtracking/bills121/member/mem025.jpg,2012-03-07 01:44:48.602000,2013-01-07 16:28:43.757000
MOL000175,Rick Stream,Rick,,Stream,,,False,mo,,,,http://www.house.mo.gov/MemberPhoto.aspx?id=197,2012-03-07 01:44:48.641000,2014-12-08 20:07:54.555000
MOL000176,Jay Swearingen,Jay,,Swearingen,,,False,mo,,,,http://www.house.mo.gov/MemberPhoto.aspx?id=492,2012-03-07 01:44:48.668000,2014-12-08 20:07:54.541000
MOL000177,Terry Swinger,Terry,,Swinger,,,False,mo,,,,http://www.house.mo.gov/billtracking/bills121/member/mem162.jpg,2012-03-07 01:44:48.680000,2013-01-07 16:28:43.745000
MOL000178,Mike Talboy,Mike,,Talboy,,,False,mo,,,,http://www.house.mo.gov/billtracking/bills121/member/mem037.jpg,2012-03-07 01:44:48.699000,2013-01-07 16:28:43.555000
MOL000179,Sylvester Taylor,Sylvester,,Taylor,,,False,mo,,,,http://www.house.mo.gov/billtracking/bills121/member/mem080.jpg,2012-03-07 01:44:48.715000,2013-01-07 16:28:43.868000
MOL000180,Mike Thomson,Mike,,Thomson,,,False,mo,,,,http://www.house.mo.gov/MemberPhoto.aspx?id=48,2012-03-07 01:44:48.726000,2014-12-08 20:07:54.519000
MOL000181,Steven Tilley,Steven,,Tilley,,,False,mo,,,,http://www.house.mo.gov/billtracking/bills111/member/mem106.jpg,2012-03-07 01:44:48.747000,2013-01-07 16:28:43.875000
MOL000182,Noel Torpey,Noel,,Torpey,,,False,mo,,,,http://www.house.mo.gov/MemberPhoto.aspx?id=494,2012-03-07 01:44:48.766000,2016-02-05 07:21:23.860000
MOL000184,Rochelle Walton Gray,Rochelle,,Walton Gray,,,False,mo,,,,http://www.house.mo.gov/MemberPhoto.aspx?id=370,2012-03-07 01:44:48.798000,2017-01-10 23:43:18.877000
MOL000185,Steve Webb,Steve,,Webb,,,False,mo,,,,http://www.house.mo.gov/MemberPhoto.aspx?id=388,2012-03-07 01:44:48.807000,2014-09-17 15:08:14.589000
MOL000186,Stephen Webber,Stephen,,Webber,,,False,mo,,,,http://www.house.mo.gov/MemberPhoto.aspx?id=389,2012-03-07 01:44:48.817000,2017-01-10 23:43:18.883000
MOL000187,Don Wells,Don,,Wells,,,False,mo,,,,http://www.house.mo.gov/billtracking/bills121/member/mem147.jpg,2012-03-07 01:44:48.833000,2013-01-07 16:28:43.694000
MOL000188,Ray Weter,Ray,,Weter,,,False,mo,,,,http://www.house.mo.gov/billtracking/bills111/member/mem142.jpg,2012-03-07 01:44:48.844000,2013-01-07 16:28:43.877000
MOL000191,Billy Pat Wright,Billy Pat,,Wright,,,False,mo,,,,http://www.house.mo.gov/billtracking/bills121/member/mem159.jpg,2012-03-07 01:44:48.877000,2013-01-07 16:28:43.850000
MOL000192,Zachary Wyatt,Zachary,,Wyatt,,,False,mo,,,,http://www.house.mo.gov/billtracking/bills121/member/mem002.jpg,2012-03-07 01:44:48.890000,2013-01-07 16:28:43.665000
MOL000193,Anne Zerr,Anne,,Zerr,,,False,mo,,,,http://www.house.mo.gov/MemberPhoto.aspx?id=390,2012-03-07 01:44:48.902000,2017-01-10 23:43:18.842000
MOL000201,Paul LeVota,Paul,,LeVota,,,False,mo,,,,http://www.senate.mo.gov/15info/graphics/d11-photo.gif,2013-01-07 16:28:41.741000,2016-07-07 06:30:44.020000
MOL000245,Keith English,Keith,,English,,,False,mo,,,,http://www.house.mo.gov/MemberPhoto.aspx?id=674,2013-01-07 16:28:42.169000,2017-01-10 23:43:18.861000
MOL000246,Vicki Englund,Vicki,,Englund,,,False,mo,,,,http://www.house.mo.gov/MemberPhoto.aspx?id=367,2013-01-07 16:28:42.176000,2014-12-08 20:07:54.558000
MOL000251,Dennis Fowler,Dennis,,Fowler,,,False,mo,,,,http://www.house.mo.gov/MemberPhoto.aspx?id=656,2013-01-07 16:28:42.217000,2014-09-17 15:02:33.526000
MOL000253,Michael Frame,Michael,,Frame,,,False,mo,,,,http://www.house.mo.gov/MemberPhoto.aspx?id=270,2013-01-07 16:28:42.232000,2014-12-08 20:07:54.527000
MOL000258,Kimberly Gardner,Kimberly,,Gardner,,,False,mo,,,,http://www.house.mo.gov/MemberPhoto.aspx?id=680,2013-01-07 16:28:42.271000,2017-01-10 23:43:18.862000
MOL000268,Ron Hicks,Ron,,Hicks,,,False,mo,,,,http://www.house.mo.gov/MemberPhoto.aspx?id=690,2013-01-07 16:28:42.349000,2017-01-10 23:43:18.878000
MOL000289,Jeremy LaFaver,Jeremy,,LaFaver,,,False,mo,,,,http://www.house.mo.gov/MemberPhoto.aspx?id=652,2013-01-07 16:28:42.529000,2017-01-10 23:43:18.858000
MOL000298,John Mayfield,John,,Mayfield,,,False,mo,,,,http://www.house.mo.gov/MemberPhoto.aspx?id=650,2013-01-07 16:28:42.610000,2014-12-08 20:07:54.544000
MOL000303,TJ McKenna,TJ,,McKenna,,,False,mo,,,,http://www.house.mo.gov/MemberPhoto.aspx?id=689,2013-01-07 16:28:42.650000,2014-12-08 20:07:54.530000
MOL000309,Bonnaye Mims,Bonnaye,,Mims,,,False,mo,,,,http://www.house.mo.gov/MemberPhoto.aspx?id=653,2013-01-07 16:28:42.700000,2017-01-10 23:43:18.845000
MOL000320,Charlie Norr,Charlie,,Norr,,,False,mo,,,,http://www.house.mo.gov/MemberPhoto.aspx?id=77,2013-01-07 16:28:42.791000,2017-01-10 23:43:18.849000
MOL000321,Bill Otto,Bill,,Otto,,,False,mo,,,,http://www.house.mo.gov/MemberPhoto.aspx?id=675,2013-01-07 16:28:42.799000,2017-01-10 23:43:18.844000
MOL000327,Randy Pike,Randy,,Pike,,,False,mo,,,,http://www.house.mo.gov/MemberPhoto.aspx?id=681,2013-01-07 16:28:42.853000,2014-12-08 20:07:54.534000
MOL000337,Jeff Roorda,Jeff,,Roorda,,,False,mo,,,,http://www.house.mo.gov/MemberPhoto.aspx?id=219,2013-01-07 16:28:42.938000,2014-12-08 20:07:54.529000
MOL000339,Caleb Rowden,Caleb,,Rowden,,,False,mo,,,,http://www.house.mo.gov/MemberPhoto.aspx?id=661,2013-01-07 16:28:42.955000,2017-01-10 23:43:18.848000
MOL000367,John Wright,John,,Wright,,,False,mo,,,,http://www.house.mo.gov/MemberPhoto.aspx?id=662,2013-01-07 16:28:43.230000,2014-12-08 20:07:54.549000
MOL000376,Shawn Sisco,Shawn,,Sisco,,,False,mo,,,,http://www.house.mo.gov/MemberPhoto.aspx?id=0,2014-09-15 20:41:20.239000,2014-12-08 20:07:54.531000
MOL000388,Nick King,Nick,,King,,,False,mo,,,,http://www.house.mo.gov/MemberPhoto.aspx?id=1785,2014-12-08 20:07:53.174000,2017-01-10 23:43:18.874000
MOL000433,Tom Dempsey,Tom,,Dempsey,,,False,mo,,,,http://www.senate.mo.gov/17web/wp-content/uploads/2015/11/301px-Seal_of_the_Senate_of_Missouri_svg-e1448041814274.png,2017-01-10 23:43:17.565000,2017-01-29 19:46:50.412000
MOL000440,Paul LeVota,Paul,,LeVota,,,False,mo,,,,http://www.senate.mo.gov/17web/wp-content/uploads/2015/11/301px-Seal_of_the_Senate_of_Missouri_svg-e1448041814274.png,2017-01-10 23:43:17.805000,2017-01-29 19:46:34.972000
MOL000009,Kevin Engler,Kevin,,Engler,,,True,mo,lower,116,Republican,http://www.house.mo.gov/MemberPhoto.aspx?id=687,2012-03-07 01:44:45.389000,2017-06-01 06:41:09.119000
MOL000036,Ira Anders,Ira,,Anders,,,True,mo,lower,21,Democratic,http://www.house.mo.gov/MemberPhoto.aspx?id=470,2012-03-07 01:44:45.701000,2017-06-01 06:41:09.075000
MOL000040,Kurt Bahr,Kurt,,Bahr,,,True,mo,lower,102,Republican,http://www.house.mo.gov/MemberPhoto.aspx?id=471,2012-03-07 01:44:45.736000,2017-06-01 06:41:09.123000
MOL000041,Jay Barnes,Jay,,Barnes,,,True,mo,lower,60,Republican,http://www.house.mo.gov/MemberPhoto.aspx?id=504,2012-03-07 01:44:45.744000,2017-06-01 06:41:09.082000
MOL000042,Mike Bernskoetter,Mike,,Bernskoetter,,,True,mo,lower,59,Republican,http://www.house.mo.gov/MemberPhoto.aspx?id=472,2012-03-07 01:44:45.752000,2017-06-01 06:41:09.161000
MOL000043,T.J. Berry,T.J.,,Berry,,,True,mo,lower,38,Republican,http://www.house.mo.gov/MemberPhoto.aspx?id=473,2012-03-07 01:44:45.760000,2017-06-01 06:41:09.222000
MOL000046,Rick Brattin,Rick,,Brattin,,,True,mo,lower,55,Republican,http://www.house.mo.gov/MemberPhoto.aspx?id=474,2012-03-07 01:44:45.798000,2017-06-01 06:41:09.195000
MOL000047,Cloria Brown,Cloria,,Brown,,,True,mo,lower,94,Republican,http://www.house.mo.gov/MemberPhoto.aspx?id=451,2012-03-07 01:44:45.816000,2017-06-01 06:41:09.027000
MOL000049,Wanda Brown,Wanda,,Brown,,,True,mo,lower,57,Republican,http://www.house.mo.gov/MemberPhoto.aspx?id=505,2012-03-07 01:44:45.912000,2017-06-01 06:41:09.234000
MOL000055,Mike Cierpiot,Mike,,Cierpiot,,,True,mo,lower,30,Republican,http://www.house.mo.gov/MemberPhoto.aspx?id=476,2012-03-07 01:44:46.040000,2017-06-01 06:41:09.163000
MOL000057,Kathie Conway,Kathie,,Conway,,,True,mo,lower,104,Republican,http://www.house.mo.gov/MemberPhoto.aspx?id=477,2012-03-07 01:44:46.058000,2017-06-01 06:41:09.112000
MOL000058,Pat Conway,Pat,,Conway,,,True,mo,lower,10,Democratic,http://www.house.mo.gov/MemberPhoto.aspx?id=427,2012-03-07 01:44:46.069000,2017-06-01 06:41:09.182000
MOL000059,Steve Cookson,Steve,,Cookson,,,True,mo,lower,153,Republican,http://www.house.mo.gov/MemberPhoto.aspx?id=513,2012-03-07 01:44:46.078000,2017-06-01 06:41:09.216000
MOL000061,Sandy Crawford,Sandy,,Crawford,,,True,mo,lower,129,Republican,http://www.house.mo.gov/MemberPhoto.aspx?id=478,2012-03-07 01:44:46.100000,2017-06-01 06:41:09.205000
MOL000062,Gary L. Cross,Gary L.,,Cross,,,True,mo,lower,35,Republican,http://www.house.mo.gov/MemberPhoto.aspx?id=479,2012-03-07 01:44:46.108000,2017-06-01 06:41:09.067000
MOL000063,Paul Curtman,Paul,,Curtman,,,True,mo,lower,109,Republican,http://www.house.mo.gov/MemberPhoto.aspx?id=503,2012-03-07 01:44:46.148000,2017-06-01 06:41:09.185000
MOL000064,Charlie Davis,Charlie,,Davis,,,True,mo,lower,162,Republican,http://www.house.mo.gov/MemberPhoto.aspx?id=449,2012-03-07 01:44:46.172000,2017-06-01 06:41:09.021000
MOL000075,Paul Fitzwater,Paul,,Fitzwater,,,True,mo,lower,144,Republican,http://www.house.mo.gov/MemberPhoto.aspx?id=512,2012-03-07 01:44:46.373000,2017-06-01 06:41:09.186000
MOL000077,Lyndall Fraker,Lyndall,,Fraker,,,True,mo,lower,137,Republican,http://www.house.mo.gov/MemberPhoto.aspx?id=482,2012-03-07 01:44:46.401000,2017-06-01 06:41:09.129000
MOL000078,Diane Franklin,Diane,,Franklin,,,True,mo,lower,123,Republican,http://www.house.mo.gov/MemberPhoto.aspx?id=455,2012-03-07 01:44:46.410000,2017-06-01 06:41:09.052000
MOL000080,Keith Frederick,Keith,,Frederick,,,True,mo,lower,121,Republican,http://www.house.mo.gov/MemberPhoto.aspx?id=511,2012-03-07 01:44:46.431000,2017-06-01 06:41:09.115000
MOL000087,Marsha Haefner,Marsha,,Haefner,,,True,mo,lower,95,Republican,http://www.house.mo.gov/MemberPhoto.aspx?id=501,2012-03-07 01:44:46.738000,2017-06-01 06:41:09.154000
MOL000089,Ben Harris,Ben,,Harris,,,True,mo,lower,118,Democratic,http://www.house.mo.gov/MemberPhoto.aspx?id=444,2012-03-07 01:44:46.790000,2017-06-01 06:41:09.006000
MOL000090,Galen Higdon,Galen,,Higdon,,,True,mo,lower,11,Republican,http://www.house.mo.gov/MemberPhoto.aspx?id=458,2012-03-07 01:44:46.807000,2017-06-01 06:41:09.065000
MOL000096,Jay Houghton,Jay,,Houghton,,,True,mo,lower,43,Republican,http://www.house.mo.gov/MemberPhoto.aspx?id=461,2012-03-07 01:44:46.910000,2017-06-01 06:41:09.084000
MOL000100,Delus Johnson,Delus,,Johnson,,,True,mo,lower,9,Republican,http://www.house.mo.gov/MemberPhoto.aspx?id=453,2012-03-07 01:44:47.012000,2017-06-01 06:41:09.049000
MOL000106,Mike Kelley,Mike,,Kelley,,,True,mo,lower,127,Republican,http://www.house.mo.gov/MemberPhoto.aspx?id=507,2012-03-07 01:44:47.137000,2017-06-01 06:41:09.165000
MOL000111,Bart Korman,Bart,,Korman,,,True,mo,lower,42,Republican,http://www.house.mo.gov/MemberPhoto.aspx?id=468,2012-03-07 01:44:47.236000,2017-06-01 06:41:09.004000
MOL000115,Bill Lant,Bill,,Lant,,,True,mo,lower,159,Republican,http://www.house.mo.gov/MemberPhoto.aspx?id=445,2012-03-07 01:44:47.344000,2017-06-01 06:41:09.009000
MOL000118,Jeanie Lauer,Jeanie,,Lauer,,,True,mo,lower,32,Republican,http://www.house.mo.gov/MemberPhoto.aspx?id=462,2012-03-07 01:44:47.463000,2017-06-01 06:41:09.087000
MOL000121,Donna Lichtenegger,Donna,,Lichtenegger,,,True,mo,lower,146,Republican,http://www.house.mo.gov/MemberPhoto.aspx?id=515,2012-03-07 01:44:47.519000,2017-06-01 06:41:09.056000
MOL000124,Nick Marshall,Nick,,Marshall,,,True,mo,lower,13,Republican,http://www.house.mo.gov/MemberPhoto.aspx?id=493,2012-03-07 01:44:47.557000,2017-06-01 06:41:09.176000
MOL000125,Karla May,Karla,,May,,,True,mo,lower,84,Democratic,http://www.house.mo.gov/MemberPhoto.aspx?id=484,2012-03-07 01:44:47.584000,2017-06-01 06:41:09.111000
MOL000126,John McCaherty,John,,McCaherty,,,True,mo,lower,97,Republican,http://www.house.mo.gov/MemberPhoto.aspx?id=463,2012-03-07 01:44:47.608000,2017-06-01 06:41:09.101000
MOL000127,Gail McCann Beatty,Gail,,McCann Beatty,,,True,mo,lower,26,Democratic,http://www.house.mo.gov/MemberPhoto.aspx?id=459,2012-03-07 01:44:47.629000,2017-06-01 06:41:09.064000
MOL000140,Stacey Newman,Stacey,,Newman,,,True,mo,lower,87,Democratic,http://www.house.mo.gov/MemberPhoto.aspx?id=417,2012-03-07 01:44:47.934000,2017-06-01 06:41:09.215000
MOL000141,Mary Nichols,Mary,,Nichols,,,True,mo,lower,72,Democratic,http://www.house.mo.gov/MemberPhoto.aspx?id=467,2012-03-07 01:44:47.961000,2017-06-01 06:41:09.158000
MOL000146,Don Phillips,Don,,Phillips,,,True,mo,lower,138,Republican,http://www.house.mo.gov/MemberPhoto.aspx?id=732,2012-03-07 01:44:48.106000,2017-06-01 06:41:09.053000
MOL000150,Craig Redmon,Craig,,Redmon,,,True,mo,lower,4,Republican,http://www.house.mo.gov/MemberPhoto.aspx?id=452,2012-03-07 01:44:48.143000,2017-06-01 06:41:09.032000
MOL000151,Bill Reiboldt,Bill,,Reiboldt,,,True,mo,lower,160,Republican,http://www.house.mo.gov/MemberPhoto.aspx?id=446,2012-03-07 01:44:48.154000,2017-06-01 06:41:09.010000
MOL000152,Todd Richardson,Todd,,Richardson,,,True,mo,lower,152,Republican,http://www.house.mo.gov/MemberPhoto.aspx?id=514,2012-03-07 01:44:48.166000,2017-06-01 06:41:09.225000
MOL000155,Lyle Rowland,Lyle,,Rowland,,,True,mo,lower,155,Republican,http://www.house.mo.gov/MemberPhoto.aspx?id=488,2012-03-07 01:44:48.199000,2017-06-01 06:41:09.127000
MOL000167,Lindell Shumake,Lindell,,Shumake,,,True,mo,lower,5,Republican,http://www.house.mo.gov/MemberPhoto.aspx?id=490,2012-03-07 01:44:48.461000,2017-06-01 06:41:09.126000
MOL000170,Clem Smith,Clem,,Smith,,,True,mo,lower,85,Democratic,http://www.house.mo.gov/MemberPhoto.aspx?id=442,2012-03-07 01:44:48.534000,2017-06-01 06:41:09.025000
MOL000189,Bill White,Bill,,White,,,True,mo,lower,161,Republican,http://www.house.mo.gov/MemberPhoto.aspx?id=447,2012-03-07 01:44:48.855000,2017-06-01 06:41:09.011000
MOL000194,Brandon Ellington,Brandon,,Ellington,,,True,mo,lower,22,Democratic,http://www.house.mo.gov/MemberPhoto.aspx?id=609,2012-03-08 01:49:19.814000,2017-06-01 06:41:09.016000
MOL000195,Tracy McCreery,Tracy,,McCreery,,,True,mo,lower,88,Democratic,http://www.house.mo.gov/MemberPhoto.aspx?id=623,2012-03-08 01:49:19.833000,2017-06-01 06:41:09.232000
MOL000196,Judy Morgan,Judy,,Morgan,,,True,mo,lower,24,Democratic,http://www.house.mo.gov/MemberPhoto.aspx?id=620,2012-03-08 01:49:19.849000,2017-06-01 06:41:09.105000
MOL000197,Chrissy Sommer,Chrissy,,Sommer,,,True,mo,lower,106,Republican,http://www.house.mo.gov/MemberPhoto.aspx?id=628,2012-03-08 01:49:19.872000,2017-06-01 06:41:09.023000
MOL000213,Sonya Anderson,Sonya,,Anderson,,,True,mo,lower,131,Republican,http://www.house.mo.gov/MemberPhoto.aspx?id=691,2013-01-07 16:28:41.919000,2017-06-01 06:41:09.214000
MOL000214,Kevin Austin,Kevin,,Austin,,,True,mo,lower,136,Republican,http://www.house.mo.gov/MemberPhoto.aspx?id=669,2013-01-07 16:28:41.926000,2017-06-01 06:41:09.117000
MOL000223,Bob Burns,Bob,,Burns,,,True,mo,lower,93,Democratic,http://www.house.mo.gov/MemberPhoto.aspx?id=686,2013-01-07 16:28:41.992000,2017-06-01 06:41:09.015000
MOL000224,Michael Butler,Michael,,Butler,,,True,mo,lower,79,Democratic,http://www.house.mo.gov/MemberPhoto.aspx?id=60,2013-01-07 16:28:42.002000,2017-06-01 06:41:09.160000
MOL000225,Jon Carpenter,Jon,,Carpenter,,,True,mo,lower,15,Democratic,http://www.house.mo.gov/MemberPhoto.aspx?id=647,2013-01-07 16:28:42.009000,2017-06-01 06:41:09.103000
MOL000230,Robert Cornejo,Robert,,Cornejo,,,True,mo,lower,64,Republican,http://www.house.mo.gov/MemberPhoto.aspx?id=672,2013-01-07 16:28:42.053000,2017-06-01 06:41:09.198000
MOL000234,Courtney Allen Curtis,Courtney Allen,,Curtis,,,True,mo,lower,73,Democratic,http://www.house.mo.gov/MemberPhoto.aspx?id=679,2013-01-07 16:28:42.083000,2017-06-01 06:41:09.031000
MOL000238,Dean Dohrman,Dean,,Dohrman,,,True,mo,lower,51,Republican,http://www.house.mo.gov/MemberPhoto.aspx?id=665,2013-01-07 16:28:42.115000,2017-06-01 06:41:09.043000
MOL000240,Randy Dunn,Randy,,Dunn,,,True,mo,lower,23,Democratic,http://www.house.mo.gov/MemberPhoto.aspx?id=692,2013-01-07 16:28:42.132000,2017-06-01 06:41:09.190000
MOL000248,Scott Fitzpatrick,Scott,,Fitzpatrick,,,True,mo,lower,158,Republican,http://www.house.mo.gov/MemberPhoto.aspx?id=648,2013-01-07 16:28:42.191000,2017-06-01 06:41:09.209000
MOL000257,Elaine Gannon,Elaine,,Gannon,,,True,mo,lower,115,Republican,http://www.house.mo.gov/MemberPhoto.aspx?id=688,2013-01-07 16:28:42.263000,2017-06-01 06:41:09.060000
MOL000263,Elijah Haahr,Elijah,,Haahr,,,True,mo,lower,134,Republican,http://www.house.mo.gov/MemberPhoto.aspx?id=673,2013-01-07 16:28:42.310000,2017-06-01 06:41:09.062000
MOL000266,Jim Hansen,Jim,,Hansen,,,True,mo,lower,40,Republican,http://www.house.mo.gov/MemberPhoto.aspx?id=659,2013-01-07 16:28:42.334000,2017-06-01 06:41:09.095000
MOL000277,Tom Hurst,Tom,,Hurst,,,True,mo,lower,62,Republican,http://www.house.mo.gov/MemberPhoto.aspx?id=670,2013-01-07 16:28:42.419000,2017-06-01 06:41:09.229000
MOL000281,Jeffery Justus,Jeffery,,Justus,,,True,mo,lower,156,Republican,http://www.house.mo.gov/MemberPhoto.aspx?id=651,2013-01-07 16:28:42.458000,2017-06-01 06:41:09.090000
MOL000286,Glen Kolkmeyer,Glen,,Kolkmeyer,,,True,mo,lower,53,Republican,http://www.house.mo.gov/MemberPhoto.aspx?id=666,2013-01-07 16:28:42.505000,2017-06-01 06:41:09.069000
MOL000294,Warren Love,Warren,,Love,,,True,mo,lower,125,Republican,http://www.house.mo.gov/MemberPhoto.aspx?id=682,2013-01-07 16:28:42.578000,2017-06-01 06:41:09.235000
MOL000295,Steve Lynch,Steve,,Lynch,,,True,mo,lower,122,Republican,http://www.house.mo.gov/MemberPhoto.aspx?id=685,2013-01-07 16:28:42.586000,2017-06-01 06:41:09.218000
MOL000302,Joe Don McGaugh,Joe Don,,McGaugh,,,True,mo,lower,39,Republican,http://www.house.mo.gov/MemberPhoto.aspx?id=658,2013-01-07 16:28:42.642000,2017-06-01 06:41:09.098000
MOL000306,Sue Meredith,Sue,,Meredith,,,True,mo,lower,71,Democratic,http://www.house.mo.gov/MemberPhoto.aspx?id=677,2013-01-07 16:28:42.676000,2017-06-01 06:41:09.221000
MOL000307,Jeffrey Messenger,Jeffrey,,Messenger,,,True,mo,lower,130,Republican,http://www.house.mo.gov/MemberPhoto.aspx?id=678,2013-01-07 16:28:42.684000,2017-06-01 06:41:09.091000
MOL000308,Rocky Miller,Rocky,,Miller,,,True,mo,lower,124,Republican,http://www.house.mo.gov/MemberPhoto.aspx?id=684,2013-01-07 16:28:42.691000,2017-06-01 06:41:09.201000
MOL000310,Gina Mitten,Gina,,Mitten,,,True,mo,lower,83,Democratic,http://www.house.mo.gov/MemberPhoto.aspx?id=683,2013-01-07 16:28:42.708000,2017-06-01 06:41:09.068000
MOL000314,Lynn Morris,Lynn,,Morris,,,True,mo,lower,140,Republican,http://www.house.mo.gov/MemberPhoto.aspx?id=667,2013-01-07 16:28:42.741000,2017-06-01 06:41:09.150000
MOL000315,Dave Muntzel,Dave,,Muntzel,,,True,mo,lower,48,Republican,http://www.house.mo.gov/MemberPhoto.aspx?id=664,2013-01-07 16:28:42.749000,2017-06-01 06:41:09.039000
MOL000316,Jim Neely,Jim,,Neely,,,True,mo,lower,8,Republican,http://www.house.mo.gov/MemberPhoto.aspx?id=645,2013-01-07 16:28:42.758000,2017-06-01 06:41:09.096000
MOL000324,Donna Pfautsch,Donna,,Pfautsch,,,True,mo,lower,33,Republican,http://www.house.mo.gov/MemberPhoto.aspx?id=655,2013-01-07 16:28:42.825000,2017-06-01 06:41:09.057000
MOL000328,Jeff Pogue,Jeff,,Pogue,,,True,mo,lower,143,Republican,http://www.house.mo.gov/MemberPhoto.aspx?id=663,2013-01-07 16:28:42.861000,2017-06-01 06:41:09.088000
MOL000330,Holly Rehder,Holly,,Rehder,,,True,mo,lower,148,Republican,http://www.house.mo.gov/MemberPhoto.aspx?id=657,2013-01-07 16:28:42.878000,2017-06-01 06:41:09.073000
MOL000332,Tim Remole,Tim,,Remole,,,True,mo,lower,6,Republican,http://www.house.mo.gov/MemberPhoto.aspx?id=643,2013-01-07 16:28:42.895000,2017-06-01 06:41:09.224000
MOL000333,Shawn Rhoads,Shawn,,Rhoads,,,True,mo,lower,154,Republican,http://www.house.mo.gov/MemberPhoto.aspx?id=654,2013-01-07 16:28:42.903000,2017-06-01 06:41:09.213000
MOL000338,Robert Ross,Robert,,Ross,,,True,mo,lower,142,Republican,http://www.house.mo.gov/MemberPhoto.aspx?id=694,2013-01-07 16:28:42.946000,2017-06-01 06:41:09.199000
MOL000341,Joe Runions,Joe,,Runions,,,True,mo,lower,37,Democratic,http://www.house.mo.gov/MemberPhoto.aspx?id=693,2013-01-07 16:28:42.971000,2017-06-01 06:41:09.100000
MOL000347,Noel J Shull,Noel J,,Shull,,,True,mo,lower,16,Republican,http://www.house.mo.gov/MemberPhoto.aspx?id=649,2013-01-07 16:28:43.023000,2017-06-01 06:41:09.181000
MOL000353,Bryan Spencer,Bryan,,Spencer,,,True,mo,lower,63,Republican,http://www.house.mo.gov/MemberPhoto.aspx?id=671,2013-01-07 16:28:43.075000,2017-06-01 06:41:09.020000
MOL000355,Kathryn Swan,Kathryn,,Swan,,,True,mo,lower,147,Republican,http://www.house.mo.gov/MemberPhoto.aspx?id=660,2013-01-07 16:28:43.093000,2017-06-01 06:41:09.114000
MOL000359,Nate Walker,Nate,,Walker,,,True,mo,lower,3,Republican,http://www.house.mo.gov/MemberPhoto.aspx?id=644,2013-01-07 16:28:43.154000,2017-06-01 06:41:09.170000
MOL000365,Kenneth Wilson,Kenneth,,Wilson,,,True,mo,lower,12,Republican,http://www.house.mo.gov/MemberPhoto.aspx?id=646,2013-01-07 16:28:43.212000,2017-06-01 06:41:09.116000
MOL000366,David Wood,David,,Wood,,,True,mo,lower,58,Republican,http://www.house.mo.gov/MemberPhoto.aspx?id=668,2013-01-07 16:28:43.221000,2017-06-01 06:41:09.042000
MOL000372,Joshua Peters,Joshua,,Peters,,,True,mo,lower,76,Democratic,http://www.house.mo.gov/MemberPhoto.aspx?id=726,2013-04-19 02:55:57.102000,2017-06-01 06:41:09.104000
MOL000373,Mike Moon,Mike,,Moon,,,True,mo,lower,157,Republican,http://www.house.mo.gov/MemberPhoto.aspx?id=727,2013-04-24 03:05:39.684000,2017-06-01 06:41:09.167000
MOL000377,Alan Green,Alan,,Green,,,True,mo,lower,67,Democratic,http://www.house.mo.gov/MemberPhoto.aspx?id=1798,2014-09-15 20:41:20.296000,2017-06-01 06:41:09.001000
MOL000378,Tila Hubrecht,Tila,,Hubrecht,,,True,mo,lower,151,Republican,http://www.house.mo.gov/MemberPhoto.aspx?id=1809,2014-09-15 20:41:20.325000,2017-06-01 06:41:09.223000
MOL000381,Patricia Pike,Patricia,,Pike,,,True,mo,lower,126,Republican,http://www.house.mo.gov/MemberPhoto.aspx?id=1788,2014-12-08 20:07:52.979000,2017-06-01 06:41:09.184000
MOL000382,Shane Roden,Shane,,Roden,,,True,mo,lower,111,Republican,http://www.house.mo.gov/MemberPhoto.aspx?id=1789,2014-12-08 20:07:53.015000,2017-06-01 06:41:09.211000
MOL000383,Kirk Mathews,Kirk,,Mathews,,,True,mo,lower,110,Republican,http://www.house.mo.gov/MemberPhoto.aspx?id=1801,2014-12-08 20:07:53.059000,2017-06-01 06:41:09.122000
MOL000385,Nathan Beard,Nathan,,Beard,,,True,mo,lower,52,Republican,http://www.house.mo.gov/MemberPhoto.aspx?id=1807,2014-12-08 20:07:53.104000,2017-06-01 06:41:09.175000
MOL000386,Chuck Basye,Chuck,,Basye,,,True,mo,lower,47,Republican,http://www.house.mo.gov/MemberPhoto.aspx?id=1781,2014-12-08 20:07:53.121000,2017-06-01 06:41:09.024000
MOL000387,Travis Fitzwater,Travis,,Fitzwater,,,True,mo,lower,49,Republican,http://www.house.mo.gov/MemberPhoto.aspx?id=1804,2014-12-08 20:07:53.133000,2017-06-01 06:41:09.233000
MOL000389,Andrew McDaniel,Andrew,,McDaniel,,,True,mo,lower,150,Republican,http://www.house.mo.gov/MemberPhoto.aspx?id=1787,2014-12-08 20:07:53.220000,2017-06-01 06:41:09.003000
MOL000391,Shamed Dogan,Shamed,,Dogan,,,True,mo,lower,98,Republican,http://www.house.mo.gov/MemberPhoto.aspx?id=1783,2014-12-08 20:07:53.276000,2017-06-01 06:41:09.210000
MOL000392,Rob Vescovo,Rob,,Vescovo,,,True,mo,lower,112,Republican,http://www.house.mo.gov/MemberPhoto.aspx?id=1793,2014-12-08 20:07:53.291000,2017-06-01 06:41:09.197000
MOL000393,John Wiemann,John,,Wiemann,,,True,mo,lower,103,Republican,http://www.house.mo.gov/MemberPhoto.aspx?id=1803,2014-12-08 20:07:53.366000,2017-06-01 06:41:09.102000
MOL000394,Don Rone,Don,,Rone,,,True,mo,lower,149,Republican,http://www.house.mo.gov/MemberPhoto.aspx?id=1800,2014-12-08 20:07:53.376000,2017-06-01 06:41:09.054000
MOL000395,Kevin Corlew,Kevin,,Corlew,,,True,mo,lower,14,Republican,http://www.house.mo.gov/MemberPhoto.aspx?id=1805,2014-12-08 20:07:53.385000,2017-06-01 06:41:09.118000
MOL000396,Jered Taylor,Jered,,Taylor,,,True,mo,lower,139,Republican,http://www.house.mo.gov/MemberPhoto.aspx?id=1806,2014-12-08 20:07:53.396000,2017-06-01 06:41:09.093000
MOL000397,Joe Adams,Joe,,Adams,,,True,mo,lower,86,Democratic,http://www.house.mo.gov/MemberPhoto.aspx?id=1780,2014-12-08 20:07:53.411000,2017-06-01 06:41:09.097000
MOL000398,Kip Kendrick,Kip,,Kendrick,,,True,mo,lower,45,Democratic,http://www.house.mo.gov/MemberPhoto.aspx?id=1802,2014-12-08 20:07:53.452000,2017-06-01 06:41:09.120000
MOL000399,Randy Pietzman,Randy,,Pietzman,,,True,mo,lower,41,Republican,http://www.house.mo.gov/MemberPhoto.aspx?id=1812,2014-12-08 20:07:53.509000,2017-06-01 06:41:09.191000
MOL000400,Allen Andrews,Allen,,Andrews,,,True,mo,lower,1,Republican,http://www.house.mo.gov/MemberPhoto.aspx?id=1811,2014-12-08 20:07:53.549000,2017-06-01 06:41:09.002000
MOL000401,Jack Bondon,Jack,,Bondon,,,True,mo,lower,56,Republican,http://www.house.mo.gov/MemberPhoto.aspx?id=1808,2014-12-08 20:07:53.641000,2017-06-01 06:41:09.080000
MOL000402,Justin Alferman,Justin,,Alferman,,,True,mo,lower,61,Republican,http://www.house.mo.gov/MemberPhoto.aspx?id=1799,2014-12-08 20:07:53.669000,2017-06-01 06:41:09.106000
MOL000403,Dan Shaul,Dan,,Shaul,,,True,mo,lower,113,Republican,http://www.house.mo.gov/MemberPhoto.aspx?id=1792,2014-12-08 20:07:53.777000,2017-06-01 06:41:09.037000
MOL000404,Lauren Arthur,Lauren,,Arthur,,,True,mo,lower,18,Democratic,http://www.house.mo.gov/MemberPhoto.aspx?id=1810,2014-12-08 20:07:53.782000,2017-06-01 06:41:09.125000
MOL000405,Rebecca Roeber,Rebecca,,Roeber,,,True,mo,lower,34,Republican,http://www.house.mo.gov/MemberPhoto.aspx?id=1790,2014-12-08 20:07:54.068000,2017-06-01 06:41:09.192000
MOL000406,Becky Ruth,Becky,,Ruth,,,True,mo,lower,114,Republican,http://www.house.mo.gov/MemberPhoto.aspx?id=1791,2014-12-08 20:07:54.096000,2017-06-01 06:41:09.005000
MOL000407,J. Eggleston,J.,,Eggleston,,,True,mo,lower,2,Republican,http://www.house.mo.gov/MemberPhoto.aspx?id=1795,2014-12-08 20:07:54.101000,2017-06-01 06:41:09.079000
MOL000408,Justin Hill,Justin,,Hill,,,True,mo,lower,108,Republican,http://www.house.mo.gov/MemberPhoto.aspx?id=1784,2014-12-08 20:07:54.132000,2017-06-01 06:41:09.110000
MOL000409,Jason Chipman,Jason,,Chipman,,,True,mo,lower,120,Republican,http://www.house.mo.gov/MemberPhoto.aspx?id=1782,2014-12-08 20:07:54.162000,2017-06-01 06:41:09.081000
MOL000410,Deb Lavender,Deb,,Lavender,,,True,mo,lower,90,Democratic,http://www.house.mo.gov/MemberPhoto.aspx?id=1786,2014-12-08 20:07:54.188000,2017-06-01 06:41:09.048000
MOL000411,Bill Kidd,Bill,,Kidd,,,True,mo,lower,20,Republican,http://www.house.mo.gov/MemberPhoto.aspx?id=1796,2014-12-08 20:07:54.241000,2017-06-01 06:41:09.008000
MOL000421,DaRon McGee,DaRon,,McGee,,,True,mo,lower,36,Democratic,http://www.house.mo.gov/MemberPhoto.aspx?id=1872,2016-01-13 07:00:34.019000,2017-06-01 06:41:09.035000
MOL000422,Dean Plocher,Dean,,Plocher,,,True,mo,lower,89,Republican,http://www.house.mo.gov/MemberPhoto.aspx?id=1873,2016-01-13 07:00:34.207000,2017-06-01 06:41:09.044000
MOL000423,Rory Rowland,Rory,,Rowland,,,True,mo,lower,29,Democratic,http://www.house.mo.gov/MemberPhoto.aspx?id=1871,2016-01-13 07:00:34.330000,2017-06-01 06:41:09.202000
MOL000426,Mike Stephens,Mike,,Stephens,,,True,mo,lower,128,Republican,http://www.house.mo.gov/MemberPhoto.aspx?id=1903,2017-01-10 23:43:17.383000,2017-06-01 06:41:09.168000
MOL000427,Ingrid Burnett,Ingrid,,Burnett,,,True,mo,lower,19,Democratic,http://www.house.mo.gov/MemberPhoto.aspx?id=1916,2017-01-10 23:43:17.391000,2017-06-01 06:41:09.074000
MOL000428,Mark Ellebracht,Mark,,Ellebracht,,,True,mo,lower,17,Democratic,http://www.house.mo.gov/MemberPhoto.aspx?id=1913,2017-01-10 23:43:17.422000,2017-06-01 06:41:09.152000
MOL000429,Steven Roberts,Steven,,Roberts,,,True,mo,lower,77,Democratic,http://www.house.mo.gov/MemberPhoto.aspx?id=1940,2017-01-10 23:43:17.532000,2017-06-01 06:41:09.220000
MOL000430,Cora Faith Walker,Cora Faith,,Walker,,,True,mo,lower,74,Democratic,http://www.house.mo.gov/MemberPhoto.aspx?id=1921,2017-01-10 23:43:17.539000,2017-06-01 06:41:09.030000
MOL000431,Jerome Barnes,Jerome,,Barnes,,,True,mo,lower,28,Democratic,http://www.house.mo.gov/MemberPhoto.aspx?id=1931,2017-01-10 23:43:17.552000,2017-06-01 06:41:09.094000
MOL000432,Bruce DeGroot,Bruce,,DeGroot,,,True,mo,lower,101,Republican,http://www.house.mo.gov/MemberPhoto.aspx?id=1948,2017-01-10 23:43:17.557000,2017-06-01 06:41:09.018000
MOL000434,Cheri Toalson Reisch,Cheri,,Toalson Reisch,,,True,mo,lower,44,Republican,http://www.house.mo.gov/MemberPhoto.aspx?id=1946,2017-01-10 23:43:17.571000,2017-06-01 06:41:09.022000
MOL000435,Peter Merideth,Peter,,Merideth,,,True,mo,lower,80,Democratic,http://www.house.mo.gov/MemberPhoto.aspx?id=1920,2017-01-10 23:43:17.607000,2017-06-01 06:41:09.188000
MOL000436,Hannah Kelly,Hannah,,Kelly,,,True,mo,lower,141,Republican,http://www.house.mo.gov/MemberPhoto.aspx?id=1927,2017-01-10 23:43:17.678000,2017-06-01 06:41:09.072000
MOL000437,Dan Houx,Dan,,Houx,,,True,mo,lower,54,Republican,http://www.house.mo.gov/MemberPhoto.aspx?id=1904,2017-01-10 23:43:17.690000,2017-06-01 06:41:09.036000
MOL000438,Fred Wessels,Fred,,Wessels,,,True,mo,lower,81,Democratic,http://www.house.mo.gov/MemberPhoto.aspx?id=1947,2017-01-10 23:43:17.697000,2017-06-01 06:41:09.063000
MOL000439,Dan Stacy,Dan,,Stacy,,,True,mo,lower,31,Republican,http://www.house.mo.gov/MemberPhoto.aspx?id=1899,2017-01-10 23:43:17.781000,2017-06-01 06:41:09.038000
MOL000441,Cody Smith,Cody,,Smith,,,True,mo,lower,163,Republican,http://www.house.mo.gov/MemberPhoto.aspx?id=1945,2017-01-10 23:43:17.829000,2017-06-01 06:41:09.028000
MOL000442,Jean Evans,Jean,,Evans,,,True,mo,lower,99,Republican,http://www.house.mo.gov/MemberPhoto.aspx?id=1912,2017-01-10 23:43:17.859000,2017-06-01 06:41:09.086000
MOL000443,Tom Hannegan,Tom,,Hannegan,,,True,mo,lower,65,Republican,http://www.house.mo.gov/MemberPhoto.aspx?id=1936,2017-01-10 23:43:17.918000,2017-06-01 06:41:09.227000
MOL000444,Tommie Pierson Jr.,Tommie,,Pierson Jr.,,,True,mo,lower,66,Democratic,http://www.house.mo.gov/MemberPhoto.aspx?id=1922,2017-01-10 23:43:17.941000,2017-06-01 06:41:09.231000
MOL000445,Crystal Quade,Crystal,,Quade,,,True,mo,lower,132,Democratic,http://www.house.mo.gov/MemberPhoto.aspx?id=1919,2017-01-10 23:43:17.973000,2017-06-01 06:41:09.033000
MOL000446,Sarah Unsicker,Sarah,,Unsicker,,,True,mo,lower,91,Democratic,http://www.house.mo.gov/MemberPhoto.aspx?id=1923,2017-01-10 23:43:18.003000,2017-06-01 06:41:09.208000
MOL000447,Rusty Black,Rusty,,Black,,,True,mo,lower,7,Republican,http://www.house.mo.gov/MemberPhoto.aspx?id=1933,2017-01-10 23:43:18.009000,2017-06-01 06:41:09.203000
MOL000448,Rick Francis,Rick,,Francis,,,True,mo,lower,145,Republican,http://www.house.mo.gov/MemberPhoto.aspx?id=1901,2017-01-10 23:43:18.014000,2017-06-01 06:41:09.196000
MOL000449,Gretchen Bangert,Gretchen,,Bangert,,,True,mo,lower,69,Democratic,http://www.house.mo.gov/MemberPhoto.aspx?id=1908,2017-01-10 23:43:18.055000,2017-06-01 06:41:09.071000
MOL000450,Alan Gray,Alan,,Gray,,,True,mo,lower,75,Democratic,http://www.house.mo.gov/MemberPhoto.aspx?id=1934,2017-01-10 23:43:18.085000,2017-06-01 06:41:08.999000
MOL000451,Nick Schroer,Nick,,Schroer,,,True,mo,lower,107,Republican,http://www.house.mo.gov/MemberPhoto.aspx?id=1909,2017-01-10 23:43:18.091000,2017-06-01 06:41:09.178000
MOL000452,Derek Grier,Derek,,Grier,,,True,mo,lower,100,Republican,http://www.house.mo.gov/MemberPhoto.aspx?id=1935,2017-01-10 23:43:18.120000,2017-06-01 06:41:09.051000
MOL000453,Mark Matthiesen,Mark,,Matthiesen,,,True,mo,lower,70,Republican,http://www.house.mo.gov/MemberPhoto.aspx?id=1937,2017-01-10 23:43:18.198000,2017-06-01 06:41:09.153000
MOL000454,Nate Tate,Nate,,Tate,,,True,mo,lower,119,Republican,http://www.house.mo.gov/MemberPhoto.aspx?id=1941,2017-01-10 23:43:18.204000,2017-06-01 06:41:09.169000
MOL000455,Curtis Trent,Curtis,,Trent,,,True,mo,lower,133,Republican,http://www.house.mo.gov/MemberPhoto.aspx?id=1942,2017-01-10 23:43:18.232000,2017-06-01 06:41:09.034000
MOL000456,Doug Beck,Doug,,Beck,,,True,mo,lower,92,Democratic,http://www.house.mo.gov/MemberPhoto.aspx?id=1932,2017-01-10 23:43:18.238000,2017-06-01 06:41:09.059000
MOL000457,Steve Helms,Steve,,Helms,,,True,mo,lower,135,Republican,http://www.house.mo.gov/MemberPhoto.aspx?id=1925,2017-01-10 23:43:18.273000,2017-06-01 06:41:09.217000
MOL000458,Greg Razer,Greg,,Razer,,,True,mo,lower,25,Democratic,http://www.house.mo.gov/MemberPhoto.aspx?id=1911,2017-01-10 23:43:18.325000,2017-06-01 06:41:09.070000
MOL000459,David Gregory,David,,Gregory,,,True,mo,lower,96,Republican,http://www.house.mo.gov/MemberPhoto.aspx?id=1943,2017-01-10 23:43:18.331000,2017-06-01 06:41:09.041000
MOL000460,Bruce Franks Jr.,Bruce,,Franks Jr.,,,True,mo,lower,78,Democratic,http://www.house.mo.gov/MemberPhoto.aspx?id=1915,2017-01-10 23:43:18.342000,2017-06-01 06:41:09.019000
MOL000461,Richard Brown,Richard,,Brown,,,True,mo,lower,27,Democratic,http://www.house.mo.gov/MemberPhoto.aspx?id=1917,2017-01-10 23:43:18.365000,2017-06-01 06:41:09.193000
MOL000462,Phil Christofanelli,Phil,,Christofanelli,,,True,mo,lower,105,Republican,http://www.house.mo.gov/MemberPhoto.aspx?id=1914,2017-01-10 23:43:18.425000,2017-06-01 06:41:09.189000
MOL000463,Mike Henderson,Mike,,Henderson,,,True,mo,lower,117,Republican,http://www.house.mo.gov/MemberPhoto.aspx?id=1944,2017-01-10 23:43:18.437000,2017-06-01 06:41:09.164000
MOL000464,Donna Baringer,Donna,,Baringer,,,True,mo,lower,82,Democratic,http://www.house.mo.gov/MemberPhoto.aspx?id=1918,2017-01-10 23:43:18.484000,2017-06-01 06:41:09.055000
MOL000465,Martha Stevens,Martha,,Stevens,,,True,mo,lower,46,Democratic,http://www.house.mo.gov/MemberPhoto.aspx?id=1939,2017-01-10 23:43:18.490000,2017-06-01 06:41:09.155000
MOL000466,Jay Mosley,Jay,,Mosley,,,True,mo,lower,68,Democratic,http://www.house.mo.gov/MemberPhoto.aspx?id=1938,2017-01-10 23:43:18.524000,2017-06-01 06:41:09.085000
MOL000001,Dan Brown,Dan,,Brown,,,True,mo,upper,16,Republican,http://www.senate.mo.gov/17web/wp-content/uploads/2015/11/Brown-200x300.jpg,2012-03-07 01:44:45.273000,2017-06-01 06:41:09.243000
MOL000003,Maria Chappelle-Nadal,Maria,,Chappelle-Nadal,,,True,mo,upper,14,Democratic,http://www.senate.mo.gov/17web/wp-content/uploads/2015/11/Chappelle-Nadal-200x300.jpg,2012-03-07 01:44:45.288000,2017-06-01 06:41:09.264000
MOL000006,S. Kiki Curls,S. Kiki,,Curls,,,True,mo,upper,9,Democratic,http://www.senate.mo.gov/17web/wp-content/uploads/2015/11/Curls-200x300.jpg,2012-03-07 01:44:45.362000,2017-06-01 06:41:09.274000
MOL000008,Bob Dixon,Bob,,Dixon,,,True,mo,upper,30,Republican,http://www.senate.mo.gov/17web/wp-content/uploads/2015/11/Dixon-7-16-15-200x300.jpg,2012-03-07 01:44:45.377000,2017-06-01 06:41:09.238000
MOL000014,Mike Kehoe,Mike,,Kehoe,,,True,mo,upper,6,Republican,http://www.senate.mo.gov/17web/wp-content/uploads/2015/11/Kehoe-200x300.jpg,2012-03-07 01:44:45.437000,2017-06-01 06:41:09.267000
MOL000015,Will Kraus,Will,,Kraus,,,True,mo,upper,8,Republican,http://www.senate.mo.gov/17web/wp-content/uploads/2015/11/Kraus-200x300.jpg,2012-03-07 01:44:45.445000,2017-06-01 06:41:09.278000
MOL000021,Brian Munzlinger,Brian,,Munzlinger,,,True,mo,upper,18,Republican,http://www.senate.mo.gov/17web/wp-content/uploads/2015/11/Munzlinger-200x300.jpg,2012-03-07 01:44:45.508000,2017-06-01 06:41:09.241000
MOL000026,Ron Richard,Ron,,Richard,,,True,mo,upper,32,Republican,http://www.senate.mo.gov/17web/wp-content/uploads/2015/11/richard.gif,2012-03-07 01:44:45.561000,2017-06-01 06:41:09.271000
MOL000029,Rob Schaaf,Rob,,Schaaf,,,True,mo,upper,34,Republican,http://www.senate.mo.gov/17web/wp-content/uploads/2015/11/Schaaf-200x300.jpg,2012-03-07 01:44:45.585000,2017-06-01 06:41:09.270000
MOL000033,Jay Wasson,Jay,,Wasson,,,True,mo,upper,20,Republican,http://www.senate.mo.gov/17web/wp-content/uploads/2015/11/Wasson-200x300.jpg,2012-03-07 01:44:45.668000,2017-06-01 06:41:09.259000
MOL000093,Jason Holsman,Jason,,Holsman,,,True,mo,upper,7,Democratic,http://www.senate.mo.gov/17web/wp-content/uploads/2015/11/Holsman-200x300.jpg,2012-03-07 01:44:46.837000,2017-06-01 06:41:09.258000
MOL000138,Jamilah Nasheed,Jamilah,,Nasheed,,,True,mo,upper,5,Democratic,http://www.senate.mo.gov/17web/wp-content/uploads/2015/11/Nasheed-200x300.jpg,2012-03-07 01:44:47.914000,2017-06-01 06:41:09.256000
MOL000153,Jeanie Riddle,Jeanie,,Riddle,,,True,mo,upper,10,Republican,http://www.senate.mo.gov/17web/wp-content/uploads/2015/11/Riddle-200x300.jpg,2012-03-07 01:44:48.176000,2017-06-01 06:41:09.260000
MOL000157,David Sater,David,,Sater,,,True,mo,upper,29,Republican,http://www.senate.mo.gov/17web/wp-content/uploads/2015/11/Sater-200x300.jpg,2012-03-07 01:44:48.224000,2017-06-01 06:41:09.247000
MOL000160,Dave Schatz,Dave,,Schatz,,,True,mo,upper,26,Republican,http://www.senate.mo.gov/17web/wp-content/uploads/2015/11/Schatz-200x300.jpg,2012-03-07 01:44:48.270000,2017-06-01 06:41:09.246000
MOL000165,Jill Schupp,Jill,,Schupp,,,True,mo,upper,24,Democratic,http://www.senate.mo.gov/17web/wp-content/uploads/2015/11/Schupp-031516-175-200x300.jpg,2012-03-07 01:44:48.424000,2017-06-01 06:41:09.262000
MOL000168,Scott Sifton,Scott,,Sifton,,,True,mo,upper,1,Democratic,http://www.senate.mo.gov/17web/wp-content/uploads/2015/11/Sifton-200x300.jpg,2012-03-07 01:44:48.484000,2017-06-01 06:41:09.276000
MOL000169,Ryan Silvey,Ryan,,Silvey,,,True,mo,upper,17,Republican,http://www.senate.mo.gov/17web/wp-content/uploads/2015/11/Silvey-200x300.jpg,2012-03-07 01:44:48.514000,2017-06-01 06:41:09.272000
MOL000183,Wayne Wallingford,Wayne,,Wallingford,,,True,mo,upper,27,Republican,http://www.senate.mo.gov/17web/wp-content/uploads/2015/11/Wallingford-200x300.jpg,2012-03-07 01:44:48.785000,2017-06-01 06:41:09.277000
MOL000190,Paul Wieland,Paul,,Wieland,,,True,mo,upper,22,Republican,http://www.senate.mo.gov/17web/wp-content/uploads/2015/11/Wieland-200x300.jpg,2012-03-07 01:44:48.866000,2017-06-01 06:41:09.268000
MOL000198,Mike Cunningham,Mike,,Cunningham,,,True,mo,upper,33,Republican,http://www.senate.mo.gov/17web/wp-content/uploads/2015/11/Cunningham-200x300.jpg,2013-01-07 16:28:41.592000,2017-06-01 06:41:09.266000
MOL000199,Ed Emery,Ed,,Emery,,,True,mo,upper,31,Republican,http://www.senate.mo.gov/17web/wp-content/uploads/2015/11/Emery-200x300.jpg,2013-01-07 16:28:41.625000,2017-06-01 06:41:09.250000
MOL000202,Doug Libla,Doug,,Libla,,,True,mo,upper,25,Republican,http://www.senate.mo.gov/17web/wp-content/uploads/2015/11/Libla-2017-200x300.jpg,2013-01-07 16:28:41.748000,2017-06-01 06:41:09.249000
MOL000205,Gary Romine,Gary,,Romine,,,True,mo,upper,3,Republican,http://www.senate.mo.gov/17web/wp-content/uploads/2015/11/Romine-200x300.jpg,2013-01-07 16:28:41.812000,2017-06-01 06:41:09.251000
MOL000210,Gina Walsh,Gina,,Walsh,,,True,mo,upper,13,Democratic,http://www.senate.mo.gov/17web/wp-content/uploads/2015/11/Walsh-200x300.jpg,2013-01-07 16:28:41.882000,2017-06-01 06:41:09.252000
MOL000415,Dan Hegeman,Dan,,Hegeman,,,True,mo,upper,12,Republican,http://www.senate.mo.gov/17web/wp-content/uploads/2015/11/Hegeman-200x300.jpg,2015-01-07 16:53:38.699000,2017-06-01 06:41:09.245000
MOL000417,Bob Onder,Bob,,Onder,,,True,mo,upper,2,Republican,http://www.senate.mo.gov/17web/wp-content/uploads/2015/11/Onder-200x300.jpg,2015-01-07 16:53:38.745000,2017-06-01 06:41:09.240000
MOL000468,Jacob Hummel,Jacob,,Hummel,,,True,mo,upper,4,Democratic,http://www.senate.mo.gov/17web/wp-content/uploads/2016/12/Hummel2017w-200x300.jpg,2017-01-29 06:53:45.381000,2017-06-01 06:41:09.254000
MOL000469,Bill Eigel,Bill,,Eigel,,,True,mo,upper,23,Republican,http://www.senate.mo.gov/17web/wp-content/uploads/2017/01/Eigel-Bill-D23-2017-200x300.jpg,2017-01-29 06:53:45.405000,2017-06-01 06:41:09.237000
MOL000470,John Rizzo,John,,Rizzo,,,True,mo,upper,11,Democratic,http://www.senate.mo.gov/17web/wp-content/uploads/2017/01/Rizzo-2017-200x300.jpg,2017-01-29 06:53:45.471000,2017-06-01 06:41:09.263000
MOL000471,Caleb Rowden,Caleb,,Rowden,,,True,mo,upper,19,Republican,http://www.senate.mo.gov/17web/wp-content/uploads/2015/11/rowden-2017-200x300.jpg,2017-01-29 06:53:45.514000,2017-06-01 06:41:09.242000
MOL000472,Denny Hoskins,Denny,,Hoskins,,,True,mo,upper,21,Republican,http://www.senate.mo.gov/17web/wp-content/uploads/2016/12/Hoskins-200x300.jpg,2017-01-29 06:53:45.605000,2017-06-01 06:41:09.248000
MOL000473,Andrew Koenig,Andrew,,Koenig,,,True,mo,upper,15,Republican,http://www.senate.mo.gov/17web/wp-content/uploads/2017/01/Koenig-Andrew-2017w-200x300.jpg,2017-01-29 06:53:45.682000,2017-06-01 06:41:09.236000
