leg_id,type,term,district,chamber,state,party,committee_id,committee,subcommittee,start_date,end_date
NEL000001,member,2011-2012,1,upper,ne,Nonpartisan,,,,,
NEL000001,committee member,2011-2012,,upper,ne,,NEC000002,Appropriations,,,
NEL000001,committee member,2011-2012,,upper,ne,,NEC000011,Nebraska Retirement Systems,,,
NEL000001,committee member,2011-2012,,upper,ne,,NEC000018,Building Maintenance,,,
NEL000001,committee member,2011-2012,,upper,ne,,NEC000021,Executive Board of the Legislative Council,,,
NEL000001,committee member,2011-2012,,upper,ne,,NEC000023,Legislative Performance Audit,,,
NEL000001,committee member,2011-2012,,upper,ne,,NEC000024,Legislature's Planning Committee,,,
NEL000002,member,2011-2012,2,upper,ne,Nonpartisan,,,,,2011-10-31 00:00:00
NEL000002,committee member,2011-2012,,upper,ne,,NEC000003,"Banking, Commerce and Insurance",,,
NEL000002,committee member,2011-2012,,upper,ne,,NEC000011,Nebraska Retirement Systems,,,
NEL000002,committee member,2011-2012,,upper,ne,,NEC000012,Revenue,,,
NEL000002,committee member,2011-2012,,upper,ne,,NEC000015,Committee on Committees,,,
NEL000003,committee member,2013-2014,,upper,ne,,NEC000007,"Government, Military and Veterans Affairs",,,
NEL000003,committee member,2013-2014,,upper,ne,,NEC000013,Transportation and Telecommunications,,,
NEL000003,member,2013-2014,3,upper,ne,Nonpartisan,,,,,2013-11-01 00:00:00
NEL000003,committee member,2013-2014,,upper,ne,,NEC000007,"Government, Military and Veterans Affairs",,,
NEL000003,committee member,2013-2014,,upper,ne,,NEC000013,Transportation and Telecommunications,,,
NEL000003,member,2011-2012,3,upper,ne,Nonpartisan,,,,,
NEL000003,committee member,2011-2012,,upper,ne,,NEC000007,"Government, Military and Veterans Affairs",,,
NEL000003,committee member,2011-2012,,upper,ne,,NEC000013,Transportation and Telecommunications,,,
NEL000003,committee member,2011-2012,,upper,ne,,NEC000026,State Tribal Relations,,,
NEL000004,member,2013-2014,4,upper,ne,Nonpartisan,,,,,
NEL000004,committee member,2013-2014,,upper,ne,,NEC000012,Revenue,,,
NEL000004,committee member,2013-2014,,upper,ne,,NEC000026,Tax Modernization Committee,,,
NEL000004,committee member,2013-2014,,upper,ne,,NEC000003,"Banking, Commerce and Insurance",,,
NEL000004,member,2011-2012,4,upper,ne,Nonpartisan,,,,,
NEL000004,committee member,2011-2012,,upper,ne,,NEC000003,"Banking, Commerce and Insurance",,,
NEL000004,committee member,2011-2012,,upper,ne,,NEC000012,Revenue,,,
NEL000004,committee member,2011-2012,,upper,ne,,NEC000019,Children's Behavioral Health Oversight Committee,,,
NEL000005,member,2015-2016,5,upper,ne,Nonpartisan,,,,,
NEL000005,committee member,2015-2016,,upper,ne,,NEC000017,Rules,,,
NEL000005,committee member,2015-2016,,upper,ne,,NEC000035,LR455 Special Committee,,,
NEL000005,committee member,2015-2016,,upper,ne,,NEC000036,LR601 Special Committee,,,
NEL000005,committee member,2015-2016,,upper,ne,,NEC000037,Tribal Economic Development Committee (LR547),,,
NEL000005,committee member,2015-2016,,upper,ne,,NEC000038,Bioscience Steering Committee (LB605),,,
NEL000005,committee member,2015-2016,,upper,ne,,NEC000021,Executive Board of the Legislative Council,,,
NEL000005,committee member,2015-2016,,upper,ne,,NEC000033,Dept. of Correctional Services Special Investigative Committee (LR34),,,
NEL000005,committee member,2015-2016,,upper,ne,,NEC000002,Appropriations,,,
NEL000005,committee member,2015-2016,,upper,ne,,NEC000015,Committee on Committees,,,
NEL000005,committee member,2015-2016,,upper,ne,,NEC000011,Nebraska Retirement Systems,,,
NEL000005,committee member,2015-2016,,upper,ne,,NEC000022,Building Maintenance,,,
NEL000005,committee member,2015-2016,,upper,ne,,NEC000024,Legislature's Planning Committee,,,
NEL000005,committee member,2015-2016,,upper,ne,,NEC000023,Legislative Performance Audit,,,
NEL000005,member,2013-2014,5,upper,ne,Nonpartisan,,,,,
NEL000005,committee member,2013-2014,,upper,ne,,NEC000021,Executive Board of the Legislative Council,,,
NEL000005,committee member,2013-2014,,upper,ne,,NEC000024,Legislature's Planning Committee,,,
NEL000005,committee member,2013-2014,,upper,ne,,NEC000011,Nebraska Retirement Systems,,,
NEL000005,committee member,2013-2014,,upper,ne,,NEC000026,Tax Modernization Committee,,,
NEL000005,committee member,2013-2014,,upper,ne,,NEC000028,Tax Incentive Evaluation Committee (LR444),,,
NEL000005,committee member,2013-2014,,upper,ne,,NEC000023,Legislative Performance Audit,,,
NEL000005,committee member,2013-2014,,upper,ne,,NEC000015,Committee on Committees,,,
NEL000005,committee member,2013-2014,,upper,ne,,NEC000002,Appropriations,,,
NEL000005,committee member,2013-2014,,upper,ne,,NEC000022,Building Maintenance,,,
NEL000005,committee member,2013-2014,,upper,ne,,NEC000030,Dept. of Correctional Services Special Investigative Committee (LR424),,,
NEL000005,member,2011-2012,5,upper,ne,Nonpartisan,,,,,
NEL000005,committee member,2011-2012,,upper,ne,,NEC000002,Appropriations,,,
NEL000005,committee member,2011-2012,,upper,ne,,NEC000011,Nebraska Retirement Systems,,,
NEL000005,committee member,2011-2012,,upper,ne,,NEC000018,Building Maintenance,,,
NEL000005,committee member,2011-2012,,upper,ne,,NEC000023,Legislative Performance Audit,,,
NEL000005,committee member,2011-2012,,upper,ne,,NEC000024,Legislature's Planning Committee,,,
NEL000006,member,2013-2014,6,upper,ne,Nonpartisan,,,,,
NEL000006,committee member,2013-2014,,upper,ne,,NEC000002,Appropriations,,,
NEL000006,committee member,2013-2014,,upper,ne,,NEC000022,Building Maintenance,,,
NEL000006,member,2011-2012,6,upper,ne,Nonpartisan,,,,,
NEL000006,committee member,2011-2012,,upper,ne,,NEC000002,Appropriations,,,
NEL000006,committee member,2011-2012,,upper,ne,,NEC000021,Executive Board of the Legislative Council,,,
NEL000007,committee member,2015-2016,,upper,ne,,NEC000017,Rules,,,
NEL000007,committee member,2015-2016,,upper,ne,,NEC000002,Appropriations,,,
NEL000007,committee member,2015-2016,,upper,ne,,NEC000011,Nebraska Retirement Systems,,,
NEL000007,member,2015-2016,7,upper,ne,Nonpartisan,,,,,2015-06-30 00:00:00
NEL000007,committee member,2015-2016,,upper,ne,,NEC000017,Rules,,,
NEL000007,committee member,2015-2016,,upper,ne,,NEC000002,Appropriations,,,
NEL000007,committee member,2015-2016,,upper,ne,,NEC000011,Nebraska Retirement Systems,,,
NEL000007,member,2013-2014,7,upper,ne,Nonpartisan,,,,,
NEL000007,committee member,2013-2014,,upper,ne,,NEC000027,State-Tribal Relations,,,
NEL000007,committee member,2013-2014,,upper,ne,,NEC000011,Nebraska Retirement Systems,,,
NEL000007,committee member,2013-2014,,upper,ne,,NEC000026,Tax Modernization Committee,,,
NEL000007,committee member,2013-2014,,upper,ne,,NEC000002,Appropriations,,,
NEL000007,committee member,2013-2014,,upper,ne,,NEC000029,ACCESSNebraska Special Investigative Committee (LR400),,,
NEL000007,member,2011-2012,7,upper,ne,Nonpartisan,,,,,
NEL000007,committee member,2011-2012,,upper,ne,,NEC000002,Appropriations,,,
NEL000007,committee member,2011-2012,,upper,ne,,NEC000011,Nebraska Retirement Systems,,,
NEL000007,committee member,2011-2012,,upper,ne,,NEC000019,Children's Behavioral Health Oversight Committee,,,
NEL000007,committee member,2011-2012,,upper,ne,,NEC000026,State Tribal Relations,,,
NEL000009,member,2011-2012,9,upper,ne,Nonpartisan,,,,,
NEL000009,committee member,2011-2012,,upper,ne,,NEC000005,Education,,,
NEL000009,committee member,2011-2012,,upper,ne,,NEC000008,Health and Human Services,,,
NEL000009,committee member,2011-2012,,upper,ne,,NEC000015,Committee on Committees,,,
NEL000011,member,2011-2012,11,upper,ne,Nonpartisan,,,,,
NEL000011,committee member,2011-2012,,upper,ne,,NEC000005,Education,,,
NEL000011,committee member,2011-2012,,upper,ne,,NEC000009,Judiciary,,,
NEL000012,member,2013-2014,12,upper,ne,Nonpartisan,,,,,
NEL000012,committee member,2013-2014,,upper,ne,,NEC000021,Executive Board of the Legislative Council,,,
NEL000012,committee member,2013-2014,,upper,ne,,NEC000031,Developmental Disabilities Special Investigative Committee,,,
NEL000012,committee member,2013-2014,,upper,ne,,NEC000015,Committee on Committees,,,
NEL000012,committee member,2013-2014,,upper,ne,,NEC000004,Business and Labor,,,
NEL000012,committee member,2013-2014,,upper,ne,,NEC000009,Judiciary,,,
NEL000012,committee member,2013-2014,,upper,ne,,NEC000017,Rules,,,
NEL000012,committee member,2013-2014,,upper,ne,,NEC000030,Dept. of Correctional Services Special Investigative Committee (LR424),,,
NEL000012,committee member,2013-2014,,upper,ne,,NEC000001,Agriculture,,,
NEL000012,member,2011-2012,12,upper,ne,Nonpartisan,,,,,
NEL000012,committee member,2011-2012,,upper,ne,,NEC000001,Agriculture,,,
NEL000012,committee member,2011-2012,,upper,ne,,NEC000004,Business and Labor,,,
NEL000012,committee member,2011-2012,,upper,ne,,NEC000009,Judiciary,,,
NEL000012,committee member,2011-2012,,upper,ne,,NEC000015,Committee on Committees,,,
NEL000012,committee member,2011-2012,,upper,ne,,NEC000017,Rules,,,
NEL000012,committee member,2011-2012,,upper,ne,,NEC000020,Developmental Disabilities Special Investigative Committee,,,
NEL000012,committee member,2011-2012,,upper,ne,,NEC000021,Executive Board of the Legislative Council,,,
NEL000013,member,2015-2016,13,upper,ne,Nonpartisan,,,,,
NEL000013,committee member,2015-2016,,upper,ne,,NEC000002,Appropriations,,,
NEL000013,committee member,2015-2016,,upper,ne,,NEC000024,Legislature's Planning Committee,,,
NEL000013,member,2013-2014,13,upper,ne,Nonpartisan,,,,,
NEL000013,committee member,2013-2014,,upper,ne,,NEC000008,Health and Human Services,,,
NEL000013,committee member,2013-2014,,upper,ne,,NEC000024,Legislature's Planning Committee,,,
NEL000013,committee member,2013-2014,,upper,ne,,NEC000005,Education,,,
NEL000013,member,2011-2012,13,upper,ne,Nonpartisan,,,,,
NEL000013,committee member,2011-2012,,upper,ne,,NEC000004,Business and Labor,,,
NEL000013,committee member,2011-2012,,upper,ne,,NEC000008,Health and Human Services,,,
NEL000013,committee member,2011-2012,,upper,ne,,NEC000014,Urban Affairs,,,
NEL000013,committee member,2011-2012,,upper,ne,,NEC000019,Children's Behavioral Health Oversight Committee,,,
NEL000013,committee member,2011-2012,,upper,ne,,NEC000024,Legislature's Planning Committee,,,
NEL000015,member,2013-2014,15,upper,ne,Nonpartisan,,,,,
NEL000015,committee member,2013-2014,,upper,ne,,NEC000012,Revenue,,,
NEL000015,committee member,2013-2014,,upper,ne,,NEC000013,Transportation and Telecommunications,,,
NEL000015,committee member,2013-2014,,upper,ne,,NEC000026,Tax Modernization Committee,,,
NEL000015,member,2011-2012,15,upper,ne,Nonpartisan,,,,,
NEL000015,committee member,2011-2012,,upper,ne,,NEC000007,"Government, Military and Veterans Affairs",,,
NEL000015,committee member,2011-2012,,upper,ne,,NEC000013,Transportation and Telecommunications,,,
NEL000017,member,2015-2016,17,upper,ne,Nonpartisan,,,,,
NEL000017,committee member,2015-2016,,upper,ne,,NEC000017,Rules,,,
NEL000017,committee member,2015-2016,,upper,ne,,NEC000015,Committee on Committees,,,
NEL000017,committee member,2015-2016,,upper,ne,,NEC000001,Agriculture,,,
NEL000017,committee member,2015-2016,,upper,ne,,NEC000007,"Government, Military and Veterans Affairs",,,
NEL000017,committee member,2015-2016,,upper,ne,,NEC000027,State-Tribal Relations,,,
NEL000017,committee member,2015-2016,,upper,ne,,NEC000004,Business and Labor,,,
NEL000017,member,2013-2014,17,upper,ne,Nonpartisan,,,,,
NEL000017,committee member,2013-2014,,upper,ne,,NEC000007,"Government, Military and Veterans Affairs",,,
NEL000017,committee member,2013-2014,,upper,ne,,NEC000027,State-Tribal Relations,,,
NEL000017,committee member,2013-2014,,upper,ne,,NEC000006,General Affairs,,,
NEL000017,committee member,2013-2014,,upper,ne,,NEC000001,Agriculture,,,
NEL000017,member,2011-2012,17,upper,ne,Nonpartisan,,,,,
NEL000017,committee member,2011-2012,,upper,ne,,NEC000001,Agriculture,,,
NEL000017,committee member,2011-2012,,upper,ne,,NEC000006,General Affairs,,,
NEL000017,committee member,2011-2012,,upper,ne,,NEC000008,Health and Human Services,,,
NEL000017,committee member,2011-2012,,upper,ne,,NEC000026,State Tribal Relations,,,
NEL000018,member,2013-2014,18,upper,ne,Nonpartisan,,,,,
NEL000018,committee member,2013-2014,,upper,ne,,NEC000007,"Government, Military and Veterans Affairs",,,
NEL000018,committee member,2013-2014,,upper,ne,,NEC000014,Urban Affairs,,,
NEL000018,committee member,2013-2014,,upper,ne,,NEC000006,General Affairs,,,
NEL000018,committee member,2013-2014,,upper,ne,,NEC000017,Rules,,,
NEL000018,member,2011-2012,18,upper,ne,Nonpartisan,,,,,
NEL000018,committee member,2011-2012,,upper,ne,,NEC000009,Judiciary,,,
NEL000018,committee member,2011-2012,,upper,ne,,NEC000013,Transportation and Telecommunications,,,
NEL000018,committee member,2011-2012,,upper,ne,,NEC000017,Rules,,,
NEL000019,member,2013-2014,19,upper,ne,Nonpartisan,,,,,2013-01-09 00:00:00
NEL000019,member,2011-2012,19,upper,ne,Nonpartisan,,,,,
NEL000019,committee member,2011-2012,,upper,ne,,NEC000015,Committee on Committees,,,
NEL000019,committee member,2011-2012,,upper,ne,,NEC000017,Rules,,,
NEL000019,committee member,2011-2012,,upper,ne,,NEC000021,Executive Board of the Legislative Council,,,
NEL000019,committee member,2011-2012,,upper,ne,,NEC000023,Legislative Performance Audit,,,
NEL000019,committee member,2011-2012,,upper,ne,,NEC000024,Legislature's Planning Committee,,,
NEL000020,member,2013-2014,20,upper,ne,Nonpartisan,,,,,
NEL000020,committee member,2013-2014,,upper,ne,,NEC000014,Urban Affairs,,,
NEL000020,committee member,2013-2014,,upper,ne,,NEC000015,Committee on Committees,,,
NEL000020,committee member,2013-2014,,upper,ne,,NEC000004,Business and Labor,,,
NEL000020,committee member,2013-2014,,upper,ne,,NEC000009,Judiciary,,,
NEL000020,member,2011-2012,20,upper,ne,Nonpartisan,,,,,
NEL000020,committee member,2011-2012,,upper,ne,,NEC000004,Business and Labor,,,
NEL000020,committee member,2011-2012,,upper,ne,,NEC000009,Judiciary,,,
NEL000020,committee member,2011-2012,,upper,ne,,NEC000014,Urban Affairs,,,
NEL000020,committee member,2011-2012,,upper,ne,,NEC000015,Committee on Committees,,,
NEL000021,member,2015-2016,21,upper,ne,Nonpartisan,,,,,
NEL000021,committee member,2015-2016,,upper,ne,,NEC000035,LR455 Special Committee,,,
NEL000021,committee member,2015-2016,,upper,ne,,NEC000002,Appropriations,,,
NEL000021,member,2013-2014,21,upper,ne,Nonpartisan,,,,,
NEL000021,committee member,2013-2014,,upper,ne,,NEC000005,Education,,,
NEL000021,committee member,2013-2014,,upper,ne,,NEC000010,Natural Resources,,,
NEL000021,member,2011-2012,21,upper,ne,Nonpartisan,,,,,
NEL000021,committee member,2011-2012,,upper,ne,,NEC000005,Education,,,
NEL000021,committee member,2011-2012,,upper,ne,,NEC000010,Natural Resources,,,
NEL000023,member,2011-2012,23,upper,ne,Nonpartisan,,,,,
NEL000023,committee member,2011-2012,,upper,ne,,NEC000003,"Banking, Commerce and Insurance",,,
NEL000023,committee member,2011-2012,,upper,ne,,NEC000010,Natural Resources,,,
NEL000023,committee member,2011-2012,,upper,ne,,NEC000015,Committee on Committees,,,
NEL000023,committee member,2011-2012,,upper,ne,,NEC000021,Executive Board of the Legislative Council,,,
NEL000024,member,2013-2014,24,upper,ne,Nonpartisan,,,,,
NEL000024,committee member,2013-2014,,upper,ne,,NEC000021,Executive Board of the Legislative Council,,,
NEL000024,committee member,2013-2014,,upper,ne,,NEC000024,Legislature's Planning Committee,,,
NEL000024,committee member,2013-2014,,upper,ne,,NEC000028,Tax Incentive Evaluation Committee (LR444),,,
NEL000024,committee member,2013-2014,,upper,ne,,NEC000023,Legislative Performance Audit,,,
NEL000024,committee member,2013-2014,,upper,ne,,NEC000015,Committee on Committees,,,
NEL000024,committee member,2013-2014,,upper,ne,,NEC000017,Rules,,,
NEL000024,member,2011-2012,24,upper,ne,Nonpartisan,,,,,
NEL000024,committee member,2011-2012,,upper,ne,,NEC000005,Education,,,
NEL000024,committee member,2011-2012,,upper,ne,,NEC000012,Revenue,,,
NEL000024,committee member,2011-2012,,upper,ne,,NEC000015,Committee on Committees,,,
NEL000025,member,2015-2016,25,upper,ne,Nonpartisan,,,,,
NEL000025,committee member,2015-2016,,upper,ne,,NEC000021,Executive Board of the Legislative Council,,,
NEL000025,committee member,2015-2016,,upper,ne,,NEC000008,Health and Human Services,,,
NEL000025,committee member,2015-2016,,upper,ne,,NEC000015,Committee on Committees,,,
NEL000025,committee member,2015-2016,,upper,ne,,NEC000003,"Banking, Commerce and Insurance",,,
NEL000025,committee member,2015-2016,,upper,ne,,NEC000024,Legislature's Planning Committee,,,
NEL000025,member,2013-2014,25,upper,ne,Nonpartisan,,,,,
NEL000025,committee member,2013-2014,,upper,ne,,NEC000008,Health and Human Services,,,
NEL000025,committee member,2013-2014,,upper,ne,,NEC000021,Executive Board of the Legislative Council,,,
NEL000025,committee member,2013-2014,,upper,ne,,NEC000024,Legislature's Planning Committee,,,
NEL000025,committee member,2013-2014,,upper,ne,,NEC000026,Tax Modernization Committee,,,
NEL000025,committee member,2013-2014,,upper,ne,,NEC000015,Committee on Committees,,,
NEL000025,committee member,2013-2014,,upper,ne,,NEC000003,"Banking, Commerce and Insurance",,,
NEL000025,member,2011-2012,25,upper,ne,Nonpartisan,,,,,
NEL000025,committee member,2011-2012,,upper,ne,,NEC000008,Health and Human Services,,,
NEL000025,committee member,2011-2012,,upper,ne,,NEC000013,Transportation and Telecommunications,,,
NEL000025,committee member,2011-2012,,upper,ne,,NEC000015,Committee on Committees,,,
NEL000025,committee member,2011-2012,,upper,ne,,NEC000019,Children's Behavioral Health Oversight Committee,,,
NEL000026,member,2013-2014,26,upper,ne,Nonpartisan,,,,,
NEL000026,committee member,2013-2014,,upper,ne,,NEC000014,Urban Affairs,,,
NEL000026,committee member,2013-2014,,upper,ne,,NEC000004,Business and Labor,,,
NEL000026,committee member,2013-2014,,upper,ne,,NEC000009,Judiciary,,,
NEL000026,committee member,2013-2014,,upper,ne,,NEC000029,ACCESSNebraska Special Investigative Committee (LR400),,,
NEL000026,member,2011-2012,26,upper,ne,Nonpartisan,,,,,
NEL000026,committee member,2011-2012,,upper,ne,,NEC000006,General Affairs,,,
NEL000026,committee member,2011-2012,,upper,ne,,NEC000009,Judiciary,,,
NEL000026,committee member,2011-2012,,upper,ne,,NEC000014,Urban Affairs,,,
NEL000026,committee member,2011-2012,,upper,ne,,NEC000019,Children's Behavioral Health Oversight Committee,,,
NEL000027,member,2015-2016,27,upper,ne,Nonpartisan,,,,,
NEL000027,committee member,2015-2016,,upper,ne,,NEC000014,Urban Affairs,,,
NEL000027,committee member,2015-2016,,upper,ne,,NEC000021,Executive Board of the Legislative Council,,,
NEL000027,committee member,2015-2016,,upper,ne,,NEC000033,Dept. of Correctional Services Special Investigative Committee (LR34),,,
NEL000027,committee member,2015-2016,,upper,ne,,NEC000015,Committee on Committees,,,
NEL000027,committee member,2015-2016,,upper,ne,,NEC000009,Judiciary,,,
NEL000027,committee member,2015-2016,,upper,ne,,NEC000034,Developmental Disabilities Special Investigative Committee (LR32),,,
NEL000027,committee member,2015-2016,,upper,ne,,NEC000027,State-Tribal Relations,,,
NEL000027,committee member,2015-2016,,upper,ne,,NEC000006,General Affairs,,,
NEL000027,member,2013-2014,27,upper,ne,Nonpartisan,,,,,
NEL000027,committee member,2013-2014,,upper,ne,,NEC000014,Urban Affairs,,,
NEL000027,committee member,2013-2014,,upper,ne,,NEC000027,State-Tribal Relations,,,
NEL000027,committee member,2013-2014,,upper,ne,,NEC000031,Developmental Disabilities Special Investigative Committee,,,
NEL000027,committee member,2013-2014,,upper,ne,,NEC000015,Committee on Committees,,,
NEL000027,committee member,2013-2014,,upper,ne,,NEC000009,Judiciary,,,
NEL000027,committee member,2013-2014,,upper,ne,,NEC000006,General Affairs,,,
NEL000027,member,2011-2012,27,upper,ne,Nonpartisan,,,,,
NEL000027,committee member,2011-2012,,upper,ne,,NEC000006,General Affairs,,,
NEL000027,committee member,2011-2012,,upper,ne,,NEC000009,Judiciary,,,
NEL000027,committee member,2011-2012,,upper,ne,,NEC000014,Urban Affairs,,,
NEL000027,committee member,2011-2012,,upper,ne,,NEC000019,Children's Behavioral Health Oversight Committee,,,
NEL000027,committee member,2011-2012,,upper,ne,,NEC000020,Developmental Disabilities Special Investigative Committee,,,
NEL000027,committee member,2011-2012,,upper,ne,,NEC000026,State Tribal Relations,,,
NEL000028,member,2013-2014,28,upper,ne,Nonpartisan,,,,,
NEL000028,committee member,2013-2014,,upper,ne,,NEC000021,Executive Board of the Legislative Council,,,
NEL000028,committee member,2013-2014,,upper,ne,,NEC000007,"Government, Military and Veterans Affairs",,,
NEL000028,committee member,2013-2014,,upper,ne,,NEC000027,State-Tribal Relations,,,
NEL000028,committee member,2013-2014,,upper,ne,,NEC000005,Education,,,
NEL000028,member,2011-2012,28,upper,ne,Nonpartisan,,,,,
NEL000028,committee member,2011-2012,,upper,ne,,NEC000005,Education,,,
NEL000028,committee member,2011-2012,,upper,ne,,NEC000007,"Government, Military and Veterans Affairs",,,
NEL000028,committee member,2011-2012,,upper,ne,,NEC000019,Children's Behavioral Health Oversight Committee,,,
NEL000029,member,2011-2012,29,upper,ne,Nonpartisan,,,,,
NEL000029,committee member,2011-2012,,upper,ne,,NEC000002,Appropriations,,,
NEL000030,member,2013-2014,30,upper,ne,Nonpartisan,,,,,
NEL000030,committee member,2013-2014,,upper,ne,,NEC000007,"Government, Military and Veterans Affairs",,,
NEL000030,committee member,2013-2014,,upper,ne,,NEC000031,Developmental Disabilities Special Investigative Committee,,,
NEL000030,committee member,2013-2014,,upper,ne,,NEC000022,Building Maintenance,,,
NEL000030,committee member,2013-2014,,upper,ne,,NEC000004,Business and Labor,,,
NEL000030,committee member,2013-2014,,upper,ne,,NEC000001,Agriculture,,,
NEL000030,member,2011-2012,30,upper,ne,Nonpartisan,,,,,
NEL000030,committee member,2011-2012,,upper,ne,,NEC000001,Agriculture,,,
NEL000030,committee member,2011-2012,,upper,ne,,NEC000004,Business and Labor,,,
NEL000030,committee member,2011-2012,,upper,ne,,NEC000007,"Government, Military and Veterans Affairs",,,
NEL000030,committee member,2011-2012,,upper,ne,,NEC000018,Building Maintenance,,,
NEL000030,committee member,2011-2012,,upper,ne,,NEC000020,Developmental Disabilities Special Investigative Committee,,,
NEL000031,member,2011-2012,31,upper,ne,Nonpartisan,,,,,
NEL000031,committee member,2011-2012,,upper,ne,,NEC000003,"Banking, Commerce and Insurance",,,
NEL000031,committee member,2011-2012,,upper,ne,,NEC000007,"Government, Military and Veterans Affairs",,,
NEL000031,committee member,2011-2012,,upper,ne,,NEC000021,Executive Board of the Legislative Council,,,
NEL000032,member,2013-2014,32,upper,ne,Nonpartisan,,,,,
NEL000032,committee member,2013-2014,,upper,ne,,NEC000021,Executive Board of the Legislative Council,,,
NEL000032,committee member,2013-2014,,upper,ne,,NEC000007,"Government, Military and Veterans Affairs",,,
NEL000032,committee member,2013-2014,,upper,ne,,NEC000014,Urban Affairs,,,
NEL000032,committee member,2013-2014,,upper,ne,,NEC000031,Developmental Disabilities Special Investigative Committee,,,
NEL000032,committee member,2013-2014,,upper,ne,,NEC000011,Nebraska Retirement Systems,,,
NEL000032,committee member,2013-2014,,upper,ne,,NEC000006,General Affairs,,,
NEL000032,member,2011-2012,32,upper,ne,Nonpartisan,,,,,
NEL000032,committee member,2011-2012,,upper,ne,,NEC000001,Agriculture,,,
NEL000032,committee member,2011-2012,,upper,ne,,NEC000006,General Affairs,,,
NEL000032,committee member,2011-2012,,upper,ne,,NEC000007,"Government, Military and Veterans Affairs",,,
NEL000032,committee member,2011-2012,,upper,ne,,NEC000011,Nebraska Retirement Systems,,,
NEL000032,committee member,2011-2012,,upper,ne,,NEC000020,Developmental Disabilities Special Investigative Committee,,,
NEL000032,committee member,2011-2012,,upper,ne,,NEC000021,Executive Board of the Legislative Council,,,
NEL000033,member,2011-2012,33,upper,ne,Nonpartisan,,,,,2011-12-27 00:00:00
NEL000033,committee member,2011-2012,,upper,ne,,NEC000003,"Banking, Commerce and Insurance",,,
NEL000033,committee member,2011-2012,,upper,ne,,NEC000012,Revenue,,,
NEL000033,committee member,2011-2012,,upper,ne,,NEC000017,Rules,,,
NEL000034,member,2013-2014,34,upper,ne,Nonpartisan,,,,,
NEL000034,committee member,2013-2014,,upper,ne,,NEC000027,State-Tribal Relations,,,
NEL000034,committee member,2013-2014,,upper,ne,,NEC000013,Transportation and Telecommunications,,,
NEL000034,committee member,2013-2014,,upper,ne,,NEC000028,Tax Incentive Evaluation Committee (LR444),,,
NEL000034,committee member,2013-2014,,upper,ne,,NEC000023,Legislative Performance Audit,,,
NEL000034,committee member,2013-2014,,upper,ne,,NEC000010,Natural Resources,,,
NEL000034,committee member,2013-2014,,upper,ne,,NEC000029,ACCESSNebraska Special Investigative Committee (LR400),,,
NEL000034,committee member,2013-2014,,upper,ne,,NEC000017,Rules,,,
NEL000034,member,2011-2012,34,upper,ne,Nonpartisan,,,,,
NEL000034,committee member,2011-2012,,upper,ne,,NEC000010,Natural Resources,,,
NEL000034,committee member,2011-2012,,upper,ne,,NEC000013,Transportation and Telecommunications,,,
NEL000034,committee member,2011-2012,,upper,ne,,NEC000017,Rules,,,
NEL000034,committee member,2011-2012,,upper,ne,,NEC000019,Children's Behavioral Health Oversight Committee,,,
NEL000034,committee member,2011-2012,,upper,ne,,NEC000023,Legislative Performance Audit,,,
NEL000034,committee member,2011-2012,,upper,ne,,NEC000026,State Tribal Relations,,,
NEL000035,member,2015-2016,35,upper,ne,Nonpartisan,,,,,
NEL000035,committee member,2015-2016,,upper,ne,,NEC000003,"Banking, Commerce and Insurance",,,
NEL000035,committee member,2015-2016,,upper,ne,,NEC000012,Revenue,,,
NEL000035,committee member,2015-2016,,upper,ne,,NEC000024,Legislature's Planning Committee,,,
NEL000035,member,2013-2014,35,upper,ne,Nonpartisan,,,,,
NEL000035,committee member,2013-2014,,upper,ne,,NEC000008,Health and Human Services,,,
NEL000035,committee member,2013-2014,,upper,ne,,NEC000024,Legislature's Planning Committee,,,
NEL000035,committee member,2013-2014,,upper,ne,,NEC000029,ACCESSNebraska Special Investigative Committee (LR400),,,
NEL000035,committee member,2013-2014,,upper,ne,,NEC000003,"Banking, Commerce and Insurance",,,
NEL000035,member,2011-2012,35,upper,ne,Nonpartisan,,,,,
NEL000035,committee member,2011-2012,,upper,ne,,NEC000003,"Banking, Commerce and Insurance",,,
NEL000035,committee member,2011-2012,,upper,ne,,NEC000008,Health and Human Services,,,
NEL000035,committee member,2011-2012,,upper,ne,,NEC000024,Legislature's Planning Committee,,,
NEL000036,member,2013-2014,36,upper,ne,Nonpartisan,,,,,
NEL000036,committee member,2013-2014,,upper,ne,,NEC000021,Executive Board of the Legislative Council,,,
NEL000036,committee member,2013-2014,,upper,ne,,NEC000024,Legislature's Planning Committee,,,
NEL000036,committee member,2013-2014,,upper,ne,,NEC000028,Tax Incentive Evaluation Committee (LR444),,,
NEL000036,committee member,2013-2014,,upper,ne,,NEC000023,Legislative Performance Audit,,,
NEL000036,committee member,2013-2014,,upper,ne,,NEC000002,Appropriations,,,
NEL000036,member,2011-2012,36,upper,ne,Nonpartisan,,,,,
NEL000036,committee member,2011-2012,,upper,ne,,NEC000002,Appropriations,,,
NEL000036,committee member,2011-2012,,upper,ne,,NEC000021,Executive Board of the Legislative Council,,,
NEL000036,committee member,2011-2012,,upper,ne,,NEC000023,Legislative Performance Audit,,,
NEL000036,committee member,2011-2012,,upper,ne,,NEC000024,Legislature's Planning Committee,,,
NEL000037,member,2015-2016,37,upper,ne,Nonpartisan,,,,,
NEL000037,committee member,2015-2016,,upper,ne,,NEC000017,Rules,,,
NEL000037,committee member,2015-2016,,upper,ne,,NEC000021,Executive Board of the Legislative Council,,,
NEL000037,committee member,2015-2016,,upper,ne,,NEC000015,Committee on Committees,,,
NEL000037,committee member,2015-2016,,upper,ne,,NEC000024,Legislature's Planning Committee,,,
NEL000037,committee member,2015-2016,,upper,ne,,NEC000023,Legislative Performance Audit,,,
NEL000037,member,2013-2014,37,upper,ne,Nonpartisan,,,,,
NEL000037,committee member,2013-2014,,upper,ne,,NEC000012,Revenue,,,
NEL000037,committee member,2013-2014,,upper,ne,,NEC000013,Transportation and Telecommunications,,,
NEL000037,committee member,2013-2014,,upper,ne,,NEC000026,Tax Modernization Committee,,,
NEL000037,committee member,2013-2014,,upper,ne,,NEC000028,Tax Incentive Evaluation Committee (LR444),,,
NEL000037,committee member,2013-2014,,upper,ne,,NEC000015,Committee on Committees,,,
NEL000037,member,2011-2012,37,upper,ne,Nonpartisan,,,,,
NEL000037,committee member,2011-2012,,upper,ne,,NEC000012,Revenue,,,
NEL000037,committee member,2011-2012,,upper,ne,,NEC000013,Transportation and Telecommunications,,,
NEL000038,member,2013-2014,38,upper,ne,Nonpartisan,,,,,
NEL000038,committee member,2013-2014,,upper,ne,,NEC000015,Committee on Committees,,,
NEL000038,committee member,2013-2014,,upper,ne,,NEC000010,Natural Resources,,,
NEL000038,committee member,2013-2014,,upper,ne,,NEC000003,"Banking, Commerce and Insurance",,,
NEL000038,member,2011-2012,38,upper,ne,Nonpartisan,,,,,
NEL000038,committee member,2011-2012,,upper,ne,,NEC000001,Agriculture,,,
NEL000038,committee member,2011-2012,,upper,ne,,NEC000004,Business and Labor,,,
NEL000038,committee member,2011-2012,,upper,ne,,NEC000010,Natural Resources,,,
NEL000038,committee member,2011-2012,,upper,ne,,NEC000015,Committee on Committees,,,
NEL000039,member,2015-2016,39,upper,ne,Nonpartisan,,,,,
NEL000039,committee member,2015-2016,,upper,ne,,NEC000013,Transportation and Telecommunications,,,
NEL000039,committee member,2015-2016,,upper,ne,,NEC000015,Committee on Committees,,,
NEL000039,committee member,2015-2016,,upper,ne,,NEC000007,"Government, Military and Veterans Affairs",,,
NEL000039,member,2013-2014,39,upper,ne,Nonpartisan,,,,,
NEL000039,committee member,2013-2014,,upper,ne,,NEC000012,Revenue,,,
NEL000039,committee member,2013-2014,,upper,ne,,NEC000013,Transportation and Telecommunications,,,
NEL000039,committee member,2013-2014,,upper,ne,,NEC000026,Tax Modernization Committee,,,
NEL000039,committee member,2013-2014,,upper,ne,,NEC000015,Committee on Committees,,,
NEL000039,member,2011-2012,39,upper,ne,Nonpartisan,,,,,
NEL000039,committee member,2011-2012,,upper,ne,,NEC000003,"Banking, Commerce and Insurance",,,
NEL000039,committee member,2011-2012,,upper,ne,,NEC000010,Natural Resources,,,
NEL000041,member,2015-2016,41,upper,ne,Nonpartisan,,,,,
NEL000041,committee member,2015-2016,,upper,ne,,NEC000005,Education,,,
NEL000041,committee member,2015-2016,,upper,ne,,NEC000012,Revenue,,,
NEL000041,member,2013-2014,41,upper,ne,Nonpartisan,,,,,
NEL000041,committee member,2013-2014,,upper,ne,,NEC000012,Revenue,,,
NEL000041,committee member,2013-2014,,upper,ne,,NEC000024,Legislature's Planning Committee,,,
NEL000041,committee member,2013-2014,,upper,ne,,NEC000026,Tax Modernization Committee,,,
NEL000041,committee member,2013-2014,,upper,ne,,NEC000005,Education,,,
NEL000041,committee member,2013-2014,,upper,ne,,NEC000015,Committee on Committees,,,
NEL000041,member,2011-2012,41,upper,ne,Nonpartisan,,,,,
NEL000041,committee member,2011-2012,,upper,ne,,NEC000005,Education,,,
NEL000041,committee member,2011-2012,,upper,ne,,NEC000007,"Government, Military and Veterans Affairs",,,
NEL000041,committee member,2011-2012,,upper,ne,,NEC000018,Building Maintenance,,,
NEL000041,committee member,2011-2012,,upper,ne,,NEC000024,Legislature's Planning Committee,,,
NEL000042,member,2013-2014,42,upper,ne,Nonpartisan,,,,,
NEL000042,committee member,2013-2014,,upper,ne,,NEC000012,Revenue,,,
NEL000042,committee member,2013-2014,,upper,ne,,NEC000026,Tax Modernization Committee,,,
NEL000042,committee member,2013-2014,,upper,ne,,NEC000022,Building Maintenance,,,
NEL000042,committee member,2013-2014,,upper,ne,,NEC000004,Business and Labor,,,
NEL000042,committee member,2013-2014,,upper,ne,,NEC000001,Agriculture,,,
NEL000042,member,2011-2012,42,upper,ne,Nonpartisan,,,,,
NEL000042,committee member,2011-2012,,upper,ne,,NEC000002,Appropriations,,,
NEL000042,committee member,2011-2012,,upper,ne,,NEC000015,Committee on Committees,,,
NEL000042,committee member,2011-2012,,upper,ne,,NEC000018,Building Maintenance,,,
NEL000042,committee member,2011-2012,,upper,ne,,NEC000019,Children's Behavioral Health Oversight Committee,,,
NEL000043,member,2011-2012,43,upper,ne,Nonpartisan,,,,,
NEL000043,committee member,2011-2012,,upper,ne,,NEC000012,Revenue,,,
NEL000043,committee member,2011-2012,,upper,ne,,NEC000013,Transportation and Telecommunications,,,
NEL000043,committee member,2011-2012,,upper,ne,,NEC000015,Committee on Committees,,,
NEL000043,committee member,2011-2012,,upper,ne,,NEC000021,Executive Board of the Legislative Council,,,
NEL000044,member,2013-2014,44,upper,ne,Nonpartisan,,,,,
NEL000044,committee member,2013-2014,,upper,ne,,NEC000021,Executive Board of the Legislative Council,,,
NEL000044,committee member,2013-2014,,upper,ne,,NEC000009,Judiciary,,,
NEL000044,committee member,2013-2014,,upper,ne,,NEC000003,"Banking, Commerce and Insurance",,,
NEL000044,member,2011-2012,44,upper,ne,Nonpartisan,,,,,
NEL000044,committee member,2011-2012,,upper,ne,,NEC000003,"Banking, Commerce and Insurance",,,
NEL000044,committee member,2011-2012,,upper,ne,,NEC000010,Natural Resources,,,
NEL000044,committee member,2011-2012,,upper,ne,,NEC000021,Executive Board of the Legislative Council,,,
NEL000045,member,2011-2012,45,upper,ne,Nonpartisan,,,,,
NEL000045,committee member,2011-2012,,upper,ne,,NEC000005,Education,,,
NEL000045,committee member,2011-2012,,upper,ne,,NEC000012,Revenue,,,
NEL000045,committee member,2011-2012,,upper,ne,,NEC000015,Committee on Committees,,,
NEL000045,committee member,2011-2012,,upper,ne,,NEC000020,Developmental Disabilities Special Investigative Committee,,,
NEL000046,member,2013-2014,46,upper,ne,Nonpartisan,,,,,
NEL000046,committee member,2013-2014,,upper,ne,,NEC000011,Nebraska Retirement Systems,,,
NEL000046,committee member,2013-2014,,upper,ne,,NEC000015,Committee on Committees,,,
NEL000046,committee member,2013-2014,,upper,ne,,NEC000002,Appropriations,,,
NEL000046,member,2011-2012,46,upper,ne,Nonpartisan,,,,,
NEL000046,committee member,2011-2012,,upper,ne,,NEC000002,Appropriations,,,
NEL000046,committee member,2011-2012,,upper,ne,,NEC000015,Committee on Committees,,,
NEL000047,member,2015-2016,47,upper,ne,Nonpartisan,,,,,
NEL000047,committee member,2015-2016,,upper,ne,,NEC000035,LR455 Special Committee,,,
NEL000047,committee member,2015-2016,,upper,ne,,NEC000037,Tribal Economic Development Committee (LR547),,,
NEL000047,committee member,2015-2016,,upper,ne,,NEC000015,Committee on Committees,,,
NEL000047,committee member,2015-2016,,upper,ne,,NEC000010,Natural Resources,,,
NEL000047,committee member,2015-2016,,upper,ne,,NEC000001,Agriculture,,,
NEL000047,committee member,2015-2016,,upper,ne,,NEC000024,Legislature's Planning Committee,,,
NEL000047,committee member,2015-2016,,upper,ne,,NEC000006,General Affairs,,,
NEL000047,member,2013-2014,47,upper,ne,Nonpartisan,,,,,
NEL000047,committee member,2013-2014,,upper,ne,,NEC000026,Tax Modernization Committee,,,
NEL000047,committee member,2013-2014,,upper,ne,,NEC000010,Natural Resources,,,
NEL000047,committee member,2013-2014,,upper,ne,,NEC000006,General Affairs,,,
NEL000047,committee member,2013-2014,,upper,ne,,NEC000001,Agriculture,,,
NEL000047,member,2011-2012,47,upper,ne,Nonpartisan,,,,,
NEL000047,committee member,2011-2012,,upper,ne,,NEC000003,"Banking, Commerce and Insurance",,,
NEL000047,committee member,2011-2012,,upper,ne,,NEC000010,Natural Resources,,,
NEL000047,committee member,2011-2012,,upper,ne,,NEC000017,Rules,,,
NEL000048,member,2013-2014,48,upper,ne,Nonpartisan,,,,,
NEL000048,committee member,2013-2014,,upper,ne,,NEC000031,Developmental Disabilities Special Investigative Committee,,,
NEL000048,committee member,2013-2014,,upper,ne,,NEC000024,Legislature's Planning Committee,,,
NEL000048,committee member,2013-2014,,upper,ne,,NEC000026,Tax Modernization Committee,,,
NEL000048,committee member,2013-2014,,upper,ne,,NEC000028,Tax Incentive Evaluation Committee (LR444),,,
NEL000048,committee member,2013-2014,,upper,ne,,NEC000023,Legislative Performance Audit,,,
NEL000048,committee member,2013-2014,,upper,ne,,NEC000002,Appropriations,,,
NEL000048,member,2011-2012,48,upper,ne,Nonpartisan,,,,,
NEL000048,committee member,2011-2012,,upper,ne,,NEC000002,Appropriations,,,
NEL000048,committee member,2011-2012,,upper,ne,,NEC000020,Developmental Disabilities Special Investigative Committee,,,
NEL000048,committee member,2011-2012,,upper,ne,,NEC000023,Legislative Performance Audit,,,
NEL000048,committee member,2011-2012,,upper,ne,,NEC000024,Legislature's Planning Committee,,,
NEL000049,member,2011-2012,49,upper,ne,Nonpartisan,,,,,
NEL000049,committee member,2011-2012,,upper,ne,,NEC000011,Nebraska Retirement Systems,,,
NEL000049,committee member,2011-2012,,upper,ne,,NEC000012,Revenue,,,
NEL000049,committee member,2011-2012,,upper,ne,,NEC000013,Transportation and Telecommunications,,,
NEL000049,committee member,2011-2012,,upper,ne,,NEC000015,Committee on Committees,,,
NEL000049,committee member,2011-2012,,upper,ne,,NEC000018,Building Maintenance,,,
NEL000052,member,2011-2012,2,upper,ne,Nonpartisan,,,,,
NEL000052,committee member,2011-2012,,upper,ne,,NEC000006,General Affairs,,,
NEL000052,committee member,2011-2012,,upper,ne,,NEC000008,Health and Human Services,,,
NEL000052,committee member,2011-2012,,upper,ne,,NEC000011,Nebraska Retirement Systems,,,
NEL000052,committee member,2011-2012,,upper,ne,,NEC000014,Urban Affairs,,,
NEL000053,member,2015-2016,33,upper,ne,Nonpartisan,,,,,
NEL000053,committee member,2015-2016,,upper,ne,,NEC000013,Transportation and Telecommunications,,,
NEL000053,committee member,2015-2016,,upper,ne,,NEC000036,LR601 Special Committee,,,
NEL000053,committee member,2015-2016,,upper,ne,,NEC000033,Dept. of Correctional Services Special Investigative Committee (LR34),,,
NEL000053,committee member,2015-2016,,upper,ne,,NEC000009,Judiciary,,,
NEL000053,member,2013-2014,33,upper,ne,Nonpartisan,,,,,
NEL000053,committee member,2013-2014,,upper,ne,,NEC000005,Education,,,
NEL000053,committee member,2013-2014,,upper,ne,,NEC000009,Judiciary,,,
NEL000053,committee member,2013-2014,,upper,ne,,NEC000030,Dept. of Correctional Services Special Investigative Committee (LR424),,,
NEL000053,member,2011-2012,33,upper,ne,Nonpartisan,,,,,
NEL000053,committee member,2011-2012,,upper,ne,,NEC000005,Education,,,
NEL000053,committee member,2011-2012,,upper,ne,,NEC000007,"Government, Military and Veterans Affairs",,,
NEL000055,member,2013-2014,2,upper,ne,Nonpartisan,,,,,
NEL000055,committee member,2013-2014,,upper,ne,,NEC000002,Appropriations,,,
NEL000055,member,2017-2018,2,upper,ne,Nonpartisan,,,,,2017-01-25 00:00:00
NEL000055,committee member,2017-2018,,upper,ne,,NEC000002,Appropriations,,,
NEL000055,member,2015-2016,2,upper,ne,Nonpartisan,,,,,
NEL000055,committee member,2015-2016,,upper,ne,,NEC000002,Appropriations,,,
NEL000059,member,2013-2014,23,upper,ne,Nonpartisan,,,,,
NEL000059,committee member,2013-2014,,upper,ne,,NEC000010,Natural Resources,,,
NEL000059,committee member,2013-2014,,upper,ne,,NEC000022,Building Maintenance,,,
NEL000059,committee member,2013-2014,,upper,ne,,NEC000006,General Affairs,,,
NEL000059,committee member,2013-2014,,upper,ne,,NEC000001,Agriculture,,,
NEL000059,member,2015-2016,23,upper,ne,Nonpartisan,,,,,
NEL000059,committee member,2015-2016,,upper,ne,,NEC000038,Bioscience Steering Committee (LB605),,,
NEL000059,committee member,2015-2016,,upper,ne,,NEC000010,Natural Resources,,,
NEL000059,committee member,2015-2016,,upper,ne,,NEC000001,Agriculture,,,
NEL000059,committee member,2015-2016,,upper,ne,,NEC000034,Developmental Disabilities Special Investigative Committee (LR32),,,
NEL000059,committee member,2015-2016,,upper,ne,,NEC000004,Business and Labor,,,
NEL000062,member,2013-2014,43,upper,ne,Nonpartisan,,,,,
NEL000062,committee member,2013-2014,,upper,ne,,NEC000027,State-Tribal Relations,,,
NEL000062,committee member,2013-2014,,upper,ne,,NEC000011,Nebraska Retirement Systems,,,
NEL000062,committee member,2013-2014,,upper,ne,,NEC000028,Tax Incentive Evaluation Committee (LR444),,,
NEL000062,committee member,2013-2014,,upper,ne,,NEC000005,Education,,,
NEL000062,committee member,2013-2014,,upper,ne,,NEC000015,Committee on Committees,,,
NEL000062,committee member,2013-2014,,upper,ne,,NEC000022,Building Maintenance,,,
NEL000062,committee member,2013-2014,,upper,ne,,NEC000009,Judiciary,,,
NEL000062,member,2015-2016,43,upper,ne,Nonpartisan,,,,,
NEL000062,committee member,2015-2016,,upper,ne,,NEC000013,Transportation and Telecommunications,,,
NEL000062,committee member,2015-2016,,upper,ne,,NEC000032,ACCESSNebraska Special Investigative Committee (LR33),,,
NEL000062,committee member,2015-2016,,upper,ne,,NEC000039,Venture Development and Innovation Task Force (LB1083),,,
NEL000062,committee member,2015-2016,,upper,ne,,NEC000011,Nebraska Retirement Systems,,,
NEL000062,committee member,2015-2016,,upper,ne,,NEC000034,Developmental Disabilities Special Investigative Committee (LR32),,,
NEL000062,committee member,2015-2016,,upper,ne,,NEC000027,State-Tribal Relations,,,
NEL000062,committee member,2015-2016,,upper,ne,,NEC000012,Revenue,,,
NEL000066,member,2013-2014,3,upper,ne,Nonpartisan,,,,,
NEL000066,committee member,2013-2014,,upper,ne,,NEC000007,"Government, Military and Veterans Affairs",,,
NEL000066,committee member,2013-2014,,upper,ne,,NEC000003,"Banking, Commerce and Insurance",,,
NEL000066,member,2015-2016,3,upper,ne,Nonpartisan,,,,,
NEL000066,committee member,2015-2016,,upper,ne,,NEC000017,Rules,,,
NEL000066,committee member,2015-2016,,upper,ne,,NEC000013,Transportation and Telecommunications,,,
NEL000066,committee member,2015-2016,,upper,ne,,NEC000015,Committee on Committees,,,
NEL000066,committee member,2015-2016,,upper,ne,,NEC000007,"Government, Military and Veterans Affairs",,,
NEL000069,member,2015-2016,15,upper,ne,Nonpartisan,,,,,
NEL000069,committee member,2015-2016,,upper,ne,,NEC000010,Natural Resources,,,
NEL000069,committee member,2015-2016,,upper,ne,,NEC000005,Education,,,
NEL000087,member,2015-2016,7,upper,ne,Nonpartisan,,,,,
NEL000087,committee member,2015-2016,,upper,ne,,NEC000008,Health and Human Services,,,
NEL000087,committee member,2015-2016,,upper,ne,,NEC000003,"Banking, Commerce and Insurance",,,
NEL000106,member,2017-2018,,,ne,Nonpartisan,,,,,
NEL000107,member,2017-2018,,,ne,Nonpartisan,,,,,
NEL000108,member,2017-2018,,,ne,Nonpartisan,,,,,
NEL000109,member,2017-2018,,,ne,Nonpartisan,,,,,
NEL000110,member,2017-2018,,,ne,Nonpartisan,,,,,
NEL000111,member,2017-2018,,,ne,Nonpartisan,,,,,
NEL000112,member,2017-2018,,,ne,Nonpartisan,,,,,
NEL000113,member,2017-2018,,,ne,Nonpartisan,,,,,
NEL000114,member,2017-2018,,,ne,Nonpartisan,,,,,
NEL000115,member,2017-2018,,,ne,Nonpartisan,,,,,
NEL000116,member,2017-2018,,,ne,Nonpartisan,,,,,
NEL000117,member,2017-2018,,,ne,Nonpartisan,,,,,
NEL000118,member,2017-2018,,,ne,Nonpartisan,,,,,
NEL000119,member,2017-2018,,,ne,Nonpartisan,,,,,
NEL000120,member,2017-2018,,,ne,Nonpartisan,,,,,
NEL000121,member,2017-2018,,,ne,Nonpartisan,,,,,
NEL000122,member,2017-2018,,,ne,Nonpartisan,,,,,
NEL000123,member,2017-2018,,,ne,Nonpartisan,,,,,
NEL000124,member,2017-2018,,,ne,Nonpartisan,,,,,
NEL000125,member,2017-2018,,,ne,Nonpartisan,,,,,
NEL000126,member,2017-2018,,,ne,Nonpartisan,,,,,
NEL000127,member,2017-2018,,,ne,Nonpartisan,,,,,
NEL000128,member,2017-2018,,,ne,Nonpartisan,,,,,
NEL000129,member,2017-2018,,,ne,Nonpartisan,,,,,
NEL000130,member,2017-2018,,,ne,Nonpartisan,,,,,
NEL000131,member,2017-2018,,,ne,Nonpartisan,,,,,
NEL000132,member,2017-2018,,,ne,Nonpartisan,,,,,
NEL000133,member,2017-2018,,,ne,Nonpartisan,,,,,
NEL000134,member,2017-2018,,,ne,Nonpartisan,,,,,
NEL000135,member,2017-2018,,,ne,Nonpartisan,,,,,
NEL000136,member,2017-2018,,,ne,Nonpartisan,,,,,
NEL000137,member,2017-2018,,,ne,Nonpartisan,,,,,
NEL000138,member,2017-2018,,,ne,Nonpartisan,,,,,
NEL000139,member,2017-2018,,,ne,Nonpartisan,,,,,
NEL000140,member,2017-2018,,,ne,Nonpartisan,,,,,
NEL000141,member,2017-2018,,,ne,Nonpartisan,,,,,
NEL000142,member,2017-2018,,,ne,Nonpartisan,,,,,
NEL000143,member,2017-2018,,,ne,Nonpartisan,,,,,
NEL000144,member,2017-2018,,,ne,Nonpartisan,,,,,
NEL000145,member,2017-2018,,,ne,Nonpartisan,,,,,
NEL000146,member,2017-2018,,,ne,Nonpartisan,,,,,
NEL000147,member,2017-2018,,,ne,Nonpartisan,,,,,
NEL000148,member,2017-2018,,,ne,Nonpartisan,,,,,
NEL000149,member,2017-2018,,,ne,Nonpartisan,,,,,
NEL000150,member,2017-2018,,,ne,Nonpartisan,,,,,
NEL000151,member,2017-2018,,,ne,Nonpartisan,,,,,
NEL000152,member,2017-2018,,,ne,Nonpartisan,,,,,
NEL000153,member,2017-2018,,,ne,Nonpartisan,,,,,
NEL000154,member,2017-2018,,,ne,Nonpartisan,,,,,
NEL000008,member,2017-2018,8,upper,ne,Nonpartisan,,,,,
NEL000008,committee member,2017-2018,,upper,ne,,NEC000006,General Affairs,,,
NEL000008,committee member,2017-2018,,upper,ne,,NEC000017,Rules,,,
NEL000008,committee member,2017-2018,,upper,ne,,NEC000001,Agriculture,,,
NEL000008,committee member,2017-2018,,upper,ne,,NEC000015,Committee on Committees,,,
NEL000008,committee member,2017-2018,,upper,ne,,NEC000012,Revenue,,,
NEL000008,member,2013-2014,8,upper,ne,Nonpartisan,,,,,
NEL000008,committee member,2013-2014,,upper,ne,,NEC000012,Revenue,,,
NEL000008,committee member,2013-2014,,upper,ne,,NEC000026,Tax Modernization Committee,,,
NEL000008,committee member,2013-2014,,upper,ne,,NEC000004,Business and Labor,,,
NEL000008,committee member,2013-2014,,upper,ne,,NEC000001,Agriculture,,,
NEL000008,member,2011-2012,8,upper,ne,Nonpartisan,,,,,
NEL000008,committee member,2011-2012,,upper,ne,,NEC000001,Agriculture,,,
NEL000008,committee member,2011-2012,,upper,ne,,NEC000004,Business and Labor,,,
NEL000008,committee member,2011-2012,,upper,ne,,NEC000009,Judiciary,,,
NEL000008,member,2015-2016,8,upper,ne,Nonpartisan,,,,,
NEL000008,committee member,2015-2016,,upper,ne,,NEC000015,Committee on Committees,,,
NEL000008,committee member,2015-2016,,upper,ne,,NEC000001,Agriculture,,,
NEL000008,committee member,2015-2016,,upper,ne,,NEC000034,Developmental Disabilities Special Investigative Committee (LR32),,,
NEL000008,committee member,2015-2016,,upper,ne,,NEC000004,Business and Labor,,,
NEL000008,committee member,2015-2016,,upper,ne,,NEC000012,Revenue,,,
NEL000010,member,2017-2018,10,upper,ne,Nonpartisan,,,,,
NEL000010,committee member,2017-2018,,upper,ne,,NEC000006,General Affairs,,,
NEL000010,committee member,2017-2018,,upper,ne,,NEC000017,Rules,,,
NEL000010,committee member,2017-2018,,upper,ne,,NEC000001,Agriculture,,,
NEL000010,committee member,2017-2018,,upper,ne,,NEC000009,Judiciary,,,
NEL000010,member,2013-2014,10,upper,ne,Nonpartisan,,,,,
NEL000010,committee member,2013-2014,,upper,ne,,NEC000008,Health and Human Services,,,
NEL000010,committee member,2013-2014,,upper,ne,,NEC000021,Executive Board of the Legislative Council,,,
NEL000010,committee member,2013-2014,,upper,ne,,NEC000014,Urban Affairs,,,
NEL000010,committee member,2013-2014,,upper,ne,,NEC000031,Developmental Disabilities Special Investigative Committee,,,
NEL000010,committee member,2013-2014,,upper,ne,,NEC000028,Tax Incentive Evaluation Committee (LR444),,,
NEL000010,committee member,2013-2014,,upper,ne,,NEC000023,Legislative Performance Audit,,,
NEL000010,committee member,2013-2014,,upper,ne,,NEC000015,Committee on Committees,,,
NEL000010,committee member,2013-2014,,upper,ne,,NEC000006,General Affairs,,,
NEL000010,committee member,2013-2014,,upper,ne,,NEC000030,Dept. of Correctional Services Special Investigative Committee (LR424),,,
NEL000010,member,2011-2012,10,upper,ne,Nonpartisan,,,,,
NEL000010,committee member,2011-2012,,upper,ne,,NEC000006,General Affairs,,,
NEL000010,committee member,2011-2012,,upper,ne,,NEC000008,Health and Human Services,,,
NEL000010,committee member,2011-2012,,upper,ne,,NEC000014,Urban Affairs,,,
NEL000010,committee member,2011-2012,,upper,ne,,NEC000020,Developmental Disabilities Special Investigative Committee,,,
NEL000010,committee member,2011-2012,,upper,ne,,NEC000023,Legislative Performance Audit,,,
NEL000010,member,2015-2016,10,upper,ne,Nonpartisan,,,,,
NEL000010,committee member,2015-2016,,upper,ne,,NEC000017,Rules,,,
NEL000010,committee member,2015-2016,,upper,ne,,NEC000021,Executive Board of the Legislative Council,,,
NEL000010,committee member,2015-2016,,upper,ne,,NEC000033,Dept. of Correctional Services Special Investigative Committee (LR34),,,
NEL000010,committee member,2015-2016,,upper,ne,,NEC000015,Committee on Committees,,,
NEL000010,committee member,2015-2016,,upper,ne,,NEC000009,Judiciary,,,
NEL000010,committee member,2015-2016,,upper,ne,,NEC000005,Education,,,
NEL000010,committee member,2015-2016,,upper,ne,,NEC000024,Legislature's Planning Committee,,,
NEL000010,committee member,2015-2016,,upper,ne,,NEC000023,Legislative Performance Audit,,,
NEL000014,member,2017-2018,14,upper,ne,Nonpartisan,,,,,
NEL000014,committee member,2017-2018,,upper,ne,,NEC000013,Transportation and Telecommunications,,,
NEL000014,committee member,2017-2018,,upper,ne,,NEC000015,Committee on Committees,,,
NEL000014,committee member,2017-2018,,upper,ne,,NEC000012,Revenue,,,
NEL000014,member,2013-2014,14,upper,ne,Nonpartisan,,,,,
NEL000014,committee member,2013-2014,,upper,ne,,NEC000013,Transportation and Telecommunications,,,
NEL000014,committee member,2013-2014,,upper,ne,,NEC000010,Natural Resources,,,
NEL000014,member,2011-2012,14,upper,ne,Nonpartisan,,,,,
NEL000014,committee member,2011-2012,,upper,ne,,NEC000004,Business and Labor,,,
NEL000014,committee member,2011-2012,,upper,ne,,NEC000010,Natural Resources,,,
NEL000014,committee member,2011-2012,,upper,ne,,NEC000014,Urban Affairs,,,
NEL000014,member,2015-2016,14,upper,ne,Nonpartisan,,,,,
NEL000014,committee member,2015-2016,,upper,ne,,NEC000013,Transportation and Telecommunications,,,
NEL000014,committee member,2015-2016,,upper,ne,,NEC000037,Tribal Economic Development Committee (LR547),,,
NEL000014,committee member,2015-2016,,upper,ne,,NEC000015,Committee on Committees,,,
NEL000014,committee member,2015-2016,,upper,ne,,NEC000012,Revenue,,,
NEL000016,member,2017-2018,16,upper,ne,Nonpartisan,,,,,
NEL000016,committee member,2017-2018,,upper,ne,,NEC000006,General Affairs,,,
NEL000016,committee member,2017-2018,,upper,ne,,NEC000027,State-Tribal Relations,,,
NEL000016,committee member,2017-2018,,upper,ne,,NEC000001,Agriculture,,,
NEL000016,committee member,2017-2018,,upper,ne,,NEC000012,Revenue,,,
NEL000016,member,2013-2014,16,upper,ne,Nonpartisan,,,,,
NEL000016,committee member,2013-2014,,upper,ne,,NEC000027,State-Tribal Relations,,,
NEL000016,committee member,2013-2014,,upper,ne,,NEC000013,Transportation and Telecommunications,,,
NEL000016,committee member,2013-2014,,upper,ne,,NEC000010,Natural Resources,,,
NEL000016,committee member,2013-2014,,upper,ne,,NEC000017,Rules,,,
NEL000016,member,2011-2012,16,upper,ne,Nonpartisan,,,,,
NEL000016,committee member,2011-2012,,upper,ne,,NEC000001,Agriculture,,,
NEL000016,committee member,2011-2012,,upper,ne,,NEC000006,General Affairs,,,
NEL000016,committee member,2011-2012,,upper,ne,,NEC000012,Revenue,,,
NEL000016,committee member,2011-2012,,upper,ne,,NEC000017,Rules,,,
NEL000016,committee member,2011-2012,,upper,ne,,NEC000026,State Tribal Relations,,,
NEL000016,member,2015-2016,16,upper,ne,Nonpartisan,,,,,
NEL000016,committee member,2015-2016,,upper,ne,,NEC000013,Transportation and Telecommunications,,,
NEL000016,committee member,2015-2016,,upper,ne,,NEC000027,State-Tribal Relations,,,
NEL000016,committee member,2015-2016,,upper,ne,,NEC000012,Revenue,,,
NEL000022,member,2017-2018,22,upper,ne,Nonpartisan,,,,,
NEL000022,committee member,2017-2018,,upper,ne,,NEC000003,"Banking, Commerce and Insurance",,,
NEL000022,committee member,2017-2018,,upper,ne,,NEC000017,Rules,,,
NEL000022,committee member,2017-2018,,upper,ne,,NEC000015,Committee on Committees,,,
NEL000022,committee member,2017-2018,,upper,ne,,NEC000012,Revenue,,,
NEL000022,committee member,2017-2018,,upper,ne,,NEC000024,Legislature's Planning Committee,,,
NEL000022,member,2013-2014,22,upper,ne,Nonpartisan,,,,,
NEL000022,committee member,2013-2014,,upper,ne,,NEC000012,Revenue,,,
NEL000022,committee member,2013-2014,,upper,ne,,NEC000024,Legislature's Planning Committee,,,
NEL000022,committee member,2013-2014,,upper,ne,,NEC000026,Tax Modernization Committee,,,
NEL000022,committee member,2013-2014,,upper,ne,,NEC000028,Tax Incentive Evaluation Committee (LR444),,,
NEL000022,committee member,2013-2014,,upper,ne,,NEC000017,Rules,,,
NEL000022,committee member,2013-2014,,upper,ne,,NEC000003,"Banking, Commerce and Insurance",,,
NEL000022,committee member,2013-2014,,upper,ne,,NEC000030,Dept. of Correctional Services Special Investigative Committee (LR424),,,
NEL000022,member,2011-2012,22,upper,ne,Nonpartisan,,,,,
NEL000022,committee member,2011-2012,,upper,ne,,NEC000003,"Banking, Commerce and Insurance",,,
NEL000022,committee member,2011-2012,,upper,ne,,NEC000012,Revenue,,,
NEL000022,committee member,2011-2012,,upper,ne,,NEC000024,Legislature's Planning Committee,,,
NEL000022,member,2015-2016,22,upper,ne,Nonpartisan,,,,,
NEL000022,committee member,2015-2016,,upper,ne,,NEC000017,Rules,,,
NEL000022,committee member,2015-2016,,upper,ne,,NEC000038,Bioscience Steering Committee (LB605),,,
NEL000022,committee member,2015-2016,,upper,ne,,NEC000039,Venture Development and Innovation Task Force (LB1083),,,
NEL000022,committee member,2015-2016,,upper,ne,,NEC000033,Dept. of Correctional Services Special Investigative Committee (LR34),,,
NEL000022,committee member,2015-2016,,upper,ne,,NEC000015,Committee on Committees,,,
NEL000022,committee member,2015-2016,,upper,ne,,NEC000003,"Banking, Commerce and Insurance",,,
NEL000022,committee member,2015-2016,,upper,ne,,NEC000012,Revenue,,,
NEL000022,committee member,2015-2016,,upper,ne,,NEC000024,Legislature's Planning Committee,,,
NEL000040,member,2017-2018,40,upper,ne,Nonpartisan,,,,,
NEL000040,committee member,2017-2018,,upper,ne,,NEC000006,General Affairs,,,
NEL000040,committee member,2017-2018,,upper,ne,,NEC000021,Executive Board of the Legislative Council,,,
NEL000040,committee member,2017-2018,,upper,ne,,NEC000014,Urban Affairs,,,
NEL000040,committee member,2017-2018,,upper,ne,,NEC000012,Revenue,,,
NEL000040,member,2013-2014,40,upper,ne,Nonpartisan,,,,,
NEL000040,committee member,2013-2014,,upper,ne,,NEC000002,Appropriations,,,
NEL000040,member,2011-2012,40,upper,ne,Nonpartisan,,,,,
NEL000040,committee member,2011-2012,,upper,ne,,NEC000001,Agriculture,,,
NEL000040,committee member,2011-2012,,upper,ne,,NEC000006,General Affairs,,,
NEL000040,committee member,2011-2012,,upper,ne,,NEC000009,Judiciary,,,
NEL000040,committee member,2011-2012,,upper,ne,,NEC000016,Enrollment and Review,,,
NEL000040,committee member,2011-2012,,upper,ne,,NEC000026,State Tribal Relations,,,
NEL000040,member,2015-2016,40,upper,ne,Nonpartisan,,,,,
NEL000040,committee member,2015-2016,,upper,ne,,NEC000035,LR455 Special Committee,,,
NEL000040,committee member,2015-2016,,upper,ne,,NEC000037,Tribal Economic Development Committee (LR547),,,
NEL000040,committee member,2015-2016,,upper,ne,,NEC000021,Executive Board of the Legislative Council,,,
NEL000040,committee member,2015-2016,,upper,ne,,NEC000001,Agriculture,,,
NEL000040,committee member,2015-2016,,upper,ne,,NEC000007,"Government, Military and Veterans Affairs",,,
NEL000040,committee member,2015-2016,,upper,ne,,NEC000006,General Affairs,,,
NEL000040,committee member,2015-2016,,upper,ne,,NEC000023,Legislative Performance Audit,,,
NEL000054,member,2017-2018,1,upper,ne,Nonpartisan,,,,,
NEL000054,committee member,2017-2018,,upper,ne,,NEC000002,Appropriations,,,
NEL000054,committee member,2017-2018,,upper,ne,,NEC000021,Executive Board of the Legislative Council,,,
NEL000054,committee member,2017-2018,,upper,ne,,NEC000023,Legislative Performance Audit,,,
NEL000054,committee member,2017-2018,,upper,ne,,NEC000024,Legislature's Planning Committee,,,
NEL000054,member,2013-2014,1,upper,ne,Nonpartisan,,,,,
NEL000054,committee member,2013-2014,,upper,ne,,NEC000008,Health and Human Services,,,
NEL000054,committee member,2013-2014,,upper,ne,,NEC000013,Transportation and Telecommunications,,,
NEL000054,committee member,2013-2014,,upper,ne,,NEC000028,Tax Incentive Evaluation Committee (LR444),,,
NEL000054,committee member,2013-2014,,upper,ne,,NEC000023,Legislative Performance Audit,,,
NEL000054,member,2015-2016,1,upper,ne,Nonpartisan,,,,,
NEL000054,committee member,2015-2016,,upper,ne,,NEC000021,Executive Board of the Legislative Council,,,
NEL000054,committee member,2015-2016,,upper,ne,,NEC000039,Venture Development and Innovation Task Force (LB1083),,,
NEL000054,committee member,2015-2016,,upper,ne,,NEC000002,Appropriations,,,
NEL000054,committee member,2015-2016,,upper,ne,,NEC000015,Committee on Committees,,,
NEL000054,committee member,2015-2016,,upper,ne,,NEC000022,Building Maintenance,,,
NEL000054,committee member,2015-2016,,upper,ne,,NEC000023,Legislative Performance Audit,,,
NEL000056,member,2017-2018,9,upper,ne,Nonpartisan,,,,,
NEL000056,committee member,2017-2018,,upper,ne,,NEC000008,Health and Human Services,,,
NEL000056,committee member,2017-2018,,upper,ne,,NEC000004,Business and Labor,,,
NEL000056,committee member,2017-2018,,upper,ne,,NEC000015,Committee on Committees,,,
NEL000056,committee member,2017-2018,,upper,ne,,NEC000014,Urban Affairs,,,
NEL000056,member,2013-2014,9,upper,ne,Nonpartisan,,,,,
NEL000056,committee member,2013-2014,,upper,ne,,NEC000008,Health and Human Services,,,
NEL000056,committee member,2013-2014,,upper,ne,,NEC000029,ACCESSNebraska Special Investigative Committee (LR400),,,
NEL000056,committee member,2013-2014,,upper,ne,,NEC000003,"Banking, Commerce and Insurance",,,
NEL000056,member,2015-2016,9,upper,ne,Nonpartisan,,,,,
NEL000056,committee member,2015-2016,,upper,ne,,NEC000014,Urban Affairs,,,
NEL000056,committee member,2015-2016,,upper,ne,,NEC000032,ACCESSNebraska Special Investigative Committee (LR33),,,
NEL000056,committee member,2015-2016,,upper,ne,,NEC000008,Health and Human Services,,,
NEL000056,committee member,2015-2016,,upper,ne,,NEC000004,Business and Labor,,,
NEL000057,member,2017-2018,11,upper,ne,Nonpartisan,,,,,
NEL000057,committee member,2017-2018,,upper,ne,,NEC000004,Business and Labor,,,
NEL000057,committee member,2017-2018,,upper,ne,,NEC000001,Agriculture,,,
NEL000057,committee member,2017-2018,,upper,ne,,NEC000021,Executive Board of the Legislative Council,,,
NEL000057,committee member,2017-2018,,upper,ne,,NEC000009,Judiciary,,,
NEL000057,member,2013-2014,11,upper,ne,Nonpartisan,,,,,
NEL000057,committee member,2013-2014,,upper,ne,,NEC000021,Executive Board of the Legislative Council,,,
NEL000057,committee member,2013-2014,,upper,ne,,NEC000004,Business and Labor,,,
NEL000057,committee member,2013-2014,,upper,ne,,NEC000009,Judiciary,,,
NEL000057,committee member,2013-2014,,upper,ne,,NEC000030,Dept. of Correctional Services Special Investigative Committee (LR424),,,
NEL000057,committee member,2013-2014,,upper,ne,,NEC000001,Agriculture,,,
NEL000057,member,2015-2016,11,upper,ne,Nonpartisan,,,,,
NEL000057,committee member,2015-2016,,upper,ne,,NEC000036,LR601 Special Committee,,,
NEL000057,committee member,2015-2016,,upper,ne,,NEC000021,Executive Board of the Legislative Council,,,
NEL000057,committee member,2015-2016,,upper,ne,,NEC000033,Dept. of Correctional Services Special Investigative Committee (LR34),,,
NEL000057,committee member,2015-2016,,upper,ne,,NEC000001,Agriculture,,,
NEL000057,committee member,2015-2016,,upper,ne,,NEC000009,Judiciary,,,
NEL000057,committee member,2015-2016,,upper,ne,,NEC000004,Business and Labor,,,
NEL000060,member,2017-2018,29,upper,ne,Nonpartisan,,,,,
NEL000060,committee member,2017-2018,,upper,ne,,NEC000002,Appropriations,,,
NEL000060,committee member,2017-2018,,upper,ne,,NEC000021,Executive Board of the Legislative Council,,,
NEL000060,committee member,2017-2018,,upper,ne,,NEC000011,Nebraska Retirement Systems,,,
NEL000060,member,2013-2014,29,upper,ne,Nonpartisan,,,,,
NEL000060,committee member,2013-2014,,upper,ne,,NEC000031,Developmental Disabilities Special Investigative Committee,,,
NEL000060,committee member,2013-2014,,upper,ne,,NEC000026,Tax Modernization Committee,,,
NEL000060,committee member,2013-2014,,upper,ne,,NEC000002,Appropriations,,,
NEL000060,committee member,2013-2014,,upper,ne,,NEC000029,ACCESSNebraska Special Investigative Committee (LR400),,,
NEL000060,committee member,2013-2014,,upper,ne,,NEC000030,Dept. of Correctional Services Special Investigative Committee (LR424),,,
NEL000060,member,2015-2016,29,upper,ne,Nonpartisan,,,,,
NEL000060,committee member,2015-2016,,upper,ne,,NEC000033,Dept. of Correctional Services Special Investigative Committee (LR34),,,
NEL000060,committee member,2015-2016,,upper,ne,,NEC000002,Appropriations,,,
NEL000060,committee member,2015-2016,,upper,ne,,NEC000034,Developmental Disabilities Special Investigative Committee (LR32),,,
NEL000061,member,2017-2018,31,upper,ne,Nonpartisan,,,,,
NEL000061,committee member,2017-2018,,upper,ne,,NEC000010,Natural Resources,,,
NEL000061,committee member,2017-2018,,upper,ne,,NEC000005,Education,,,
NEL000061,committee member,2017-2018,,upper,ne,,NEC000011,Nebraska Retirement Systems,,,
NEL000061,member,2013-2014,31,upper,ne,Nonpartisan,,,,,
NEL000061,committee member,2013-2014,,upper,ne,,NEC000011,Nebraska Retirement Systems,,,
NEL000061,committee member,2013-2014,,upper,ne,,NEC000005,Education,,,
NEL000061,committee member,2013-2014,,upper,ne,,NEC000010,Natural Resources,,,
NEL000061,member,2015-2016,31,upper,ne,Nonpartisan,,,,,
NEL000061,committee member,2015-2016,,upper,ne,,NEC000036,LR601 Special Committee,,,
NEL000061,committee member,2015-2016,,upper,ne,,NEC000010,Natural Resources,,,
NEL000061,committee member,2015-2016,,upper,ne,,NEC000011,Nebraska Retirement Systems,,,
NEL000061,committee member,2015-2016,,upper,ne,,NEC000005,Education,,,
NEL000063,member,2017-2018,45,upper,ne,Nonpartisan,,,,,
NEL000063,committee member,2017-2018,,upper,ne,,NEC000008,Health and Human Services,,,
NEL000063,committee member,2017-2018,,upper,ne,,NEC000004,Business and Labor,,,
NEL000063,committee member,2017-2018,,upper,ne,,NEC000021,Executive Board of the Legislative Council,,,
NEL000063,committee member,2017-2018,,upper,ne,,NEC000014,Urban Affairs,,,
NEL000063,member,2013-2014,45,upper,ne,Nonpartisan,,,,,
NEL000063,committee member,2013-2014,,upper,ne,,NEC000008,Health and Human Services,,,
NEL000063,committee member,2013-2014,,upper,ne,,NEC000014,Urban Affairs,,,
NEL000063,committee member,2013-2014,,upper,ne,,NEC000029,ACCESSNebraska Special Investigative Committee (LR400),,,
NEL000063,committee member,2013-2014,,upper,ne,,NEC000006,General Affairs,,,
NEL000063,member,2015-2016,45,upper,ne,Nonpartisan,,,,,
NEL000063,committee member,2015-2016,,upper,ne,,NEC000014,Urban Affairs,,,
NEL000063,committee member,2015-2016,,upper,ne,,NEC000008,Health and Human Services,,,
NEL000063,committee member,2015-2016,,upper,ne,,NEC000027,State-Tribal Relations,,,
NEL000063,committee member,2015-2016,,upper,ne,,NEC000004,Business and Labor,,,
NEL000064,member,2017-2018,49,upper,ne,Nonpartisan,,,,,
NEL000064,committee member,2017-2018,,upper,ne,,NEC000013,Transportation and Telecommunications,,,
NEL000064,committee member,2017-2018,,upper,ne,,NEC000007,"Government, Military and Veterans Affairs",,,
NEL000064,member,2013-2014,49,upper,ne,Nonpartisan,,,,,
NEL000064,committee member,2013-2014,,upper,ne,,NEC000007,"Government, Military and Veterans Affairs",,,
NEL000064,committee member,2013-2014,,upper,ne,,NEC000013,Transportation and Telecommunications,,,
NEL000064,committee member,2013-2014,,upper,ne,,NEC000016,Enrollment and Review,,,
NEL000064,member,2015-2016,49,upper,ne,Nonpartisan,,,,,
NEL000064,committee member,2015-2016,,upper,ne,,NEC000013,Transportation and Telecommunications,,,
NEL000064,committee member,2015-2016,,upper,ne,,NEC000021,Executive Board of the Legislative Council,,,
NEL000064,committee member,2015-2016,,upper,ne,,NEC000007,"Government, Military and Veterans Affairs",,,
NEL000065,member,2017-2018,19,upper,ne,Nonpartisan,,,,,
NEL000065,committee member,2017-2018,,upper,ne,,NEC000017,Rules,,,
NEL000065,committee member,2017-2018,,upper,ne,,NEC000021,Executive Board of the Legislative Council,,,
NEL000065,committee member,2017-2018,,upper,ne,,NEC000023,Legislative Performance Audit,,,
NEL000065,committee member,2017-2018,,upper,ne,,NEC000024,Legislature's Planning Committee,,,
NEL000065,member,2013-2014,19,upper,ne,Nonpartisan,,,,,
NEL000065,committee member,2013-2014,,upper,ne,,NEC000007,"Government, Military and Veterans Affairs",,,
NEL000065,committee member,2013-2014,,upper,ne,,NEC000005,Education,,,
NEL000065,member,2015-2016,19,upper,ne,Nonpartisan,,,,,
NEL000065,committee member,2015-2016,,upper,ne,,NEC000003,"Banking, Commerce and Insurance",,,
NEL000065,committee member,2015-2016,,upper,ne,,NEC000027,State-Tribal Relations,,,
NEL000065,committee member,2015-2016,,upper,ne,,NEC000012,Revenue,,,
NEL000065,committee member,2015-2016,,upper,ne,,NEC000023,Legislative Performance Audit,,,
NEL000067,member,2017-2018,34,upper,ne,Nonpartisan,,,,,
NEL000067,committee member,2017-2018,,upper,ne,,NEC000013,Transportation and Telecommunications,,,
NEL000067,committee member,2017-2018,,upper,ne,,NEC000015,Committee on Committees,,,
NEL000067,committee member,2017-2018,,upper,ne,,NEC000012,Revenue,,,
NEL000067,member,2015-2016,34,upper,ne,Nonpartisan,,,,,
NEL000067,committee member,2015-2016,,upper,ne,,NEC000013,Transportation and Telecommunications,,,
NEL000067,committee member,2015-2016,,upper,ne,,NEC000010,Natural Resources,,,
NEL000068,member,2017-2018,42,upper,ne,Nonpartisan,,,,,
NEL000068,committee member,2017-2018,,upper,ne,,NEC000005,Education,,,
NEL000068,committee member,2017-2018,,upper,ne,,NEC000015,Committee on Committees,,,
NEL000068,committee member,2017-2018,,upper,ne,,NEC000011,Nebraska Retirement Systems,,,
NEL000068,committee member,2017-2018,,upper,ne,,NEC000012,Revenue,,,
NEL000068,member,2015-2016,42,upper,ne,Nonpartisan,,,,,
NEL000068,committee member,2015-2016,,upper,ne,,NEC000011,Nebraska Retirement Systems,,,
NEL000068,committee member,2015-2016,,upper,ne,,NEC000007,"Government, Military and Veterans Affairs",,,
NEL000068,committee member,2015-2016,,upper,ne,,NEC000005,Education,,,
NEL000070,member,2017-2018,18,upper,ne,Nonpartisan,,,,,
NEL000070,committee member,2017-2018,,upper,ne,,NEC000003,"Banking, Commerce and Insurance",,,
NEL000070,committee member,2017-2018,,upper,ne,,NEC000027,State-Tribal Relations,,,
NEL000070,committee member,2017-2018,,upper,ne,,NEC000011,Nebraska Retirement Systems,,,
NEL000070,committee member,2017-2018,,upper,ne,,NEC000012,Revenue,,,
NEL000070,member,2015-2016,18,upper,ne,Nonpartisan,,,,,
NEL000070,committee member,2015-2016,,upper,ne,,NEC000037,Tribal Economic Development Committee (LR547),,,
NEL000070,committee member,2015-2016,,upper,ne,,NEC000010,Natural Resources,,,
NEL000070,committee member,2015-2016,,upper,ne,,NEC000003,"Banking, Commerce and Insurance",,,
NEL000070,committee member,2015-2016,,upper,ne,,NEC000011,Nebraska Retirement Systems,,,
NEL000070,committee member,2015-2016,,upper,ne,,NEC000027,State-Tribal Relations,,,
NEL000071,member,2017-2018,44,upper,ne,Nonpartisan,,,,,
NEL000071,committee member,2017-2018,,upper,ne,,NEC000010,Natural Resources,,,
NEL000071,committee member,2017-2018,,upper,ne,,NEC000013,Transportation and Telecommunications,,,
NEL000071,committee member,2017-2018,,upper,ne,,NEC000022,Building Maintenance,,,
NEL000071,committee member,2017-2018,,upper,ne,,NEC000021,Executive Board of the Legislative Council,,,
NEL000071,member,2015-2016,44,upper,ne,Nonpartisan,,,,,
NEL000071,committee member,2015-2016,,upper,ne,,NEC000014,Urban Affairs,,,
NEL000071,committee member,2015-2016,,upper,ne,,NEC000021,Executive Board of the Legislative Council,,,
NEL000071,committee member,2015-2016,,upper,ne,,NEC000010,Natural Resources,,,
NEL000071,committee member,2015-2016,,upper,ne,,NEC000022,Building Maintenance,,,
NEL000071,committee member,2015-2016,,upper,ne,,NEC000006,General Affairs,,,
NEL000072,member,2017-2018,26,upper,ne,Nonpartisan,,,,,
NEL000072,committee member,2017-2018,,upper,ne,,NEC000004,Business and Labor,,,
NEL000072,committee member,2017-2018,,upper,ne,,NEC000009,Judiciary,,,
NEL000072,committee member,2017-2018,,upper,ne,,NEC000014,Urban Affairs,,,
NEL000072,committee member,2017-2018,,upper,ne,,NEC000024,Legislature's Planning Committee,,,
NEL000072,member,2015-2016,26,upper,ne,Nonpartisan,,,,,
NEL000072,committee member,2015-2016,,upper,ne,,NEC000014,Urban Affairs,,,
NEL000072,committee member,2015-2016,,upper,ne,,NEC000032,ACCESSNebraska Special Investigative Committee (LR33),,,
NEL000072,committee member,2015-2016,,upper,ne,,NEC000016,Enrollment and Review,,,
NEL000072,committee member,2015-2016,,upper,ne,,NEC000007,"Government, Military and Veterans Affairs",,,
NEL000072,committee member,2015-2016,,upper,ne,,NEC000006,General Affairs,,,
NEL000073,member,2017-2018,36,upper,ne,Nonpartisan,,,,,
NEL000073,committee member,2017-2018,,upper,ne,,NEC000003,"Banking, Commerce and Insurance",,,
NEL000073,committee member,2017-2018,,upper,ne,,NEC000008,Health and Human Services,,,
NEL000073,committee member,2017-2018,,upper,ne,,NEC000024,Legislature's Planning Committee,,,
NEL000073,member,2015-2016,36,upper,ne,Nonpartisan,,,,,
NEL000073,committee member,2015-2016,,upper,ne,,NEC000036,LR601 Special Committee,,,
NEL000073,committee member,2015-2016,,upper,ne,,NEC000039,Venture Development and Innovation Task Force (LB1083),,,
NEL000073,committee member,2015-2016,,upper,ne,,NEC000033,Dept. of Correctional Services Special Investigative Committee (LR34),,,
NEL000073,committee member,2015-2016,,upper,ne,,NEC000003,"Banking, Commerce and Insurance",,,
NEL000073,committee member,2015-2016,,upper,ne,,NEC000009,Judiciary,,,
NEL000074,member,2017-2018,46,upper,ne,Nonpartisan,,,,,
NEL000074,committee member,2017-2018,,upper,ne,,NEC000005,Education,,,
NEL000074,committee member,2017-2018,,upper,ne,,NEC000009,Judiciary,,,
NEL000074,committee member,2017-2018,,upper,ne,,NEC000015,Committee on Committees,,,
NEL000074,member,2015-2016,46,upper,ne,Nonpartisan,,,,,
NEL000074,committee member,2015-2016,,upper,ne,,NEC000038,Bioscience Steering Committee (LB605),,,
NEL000074,committee member,2015-2016,,upper,ne,,NEC000033,Dept. of Correctional Services Special Investigative Committee (LR34),,,
NEL000074,committee member,2015-2016,,upper,ne,,NEC000009,Judiciary,,,
NEL000074,committee member,2015-2016,,upper,ne,,NEC000005,Education,,,
NEL000075,member,2017-2018,6,upper,ne,Nonpartisan,,,,,
NEL000075,committee member,2017-2018,,upper,ne,,NEC000003,"Banking, Commerce and Insurance",,,
NEL000075,committee member,2017-2018,,upper,ne,,NEC000015,Committee on Committees,,,
NEL000075,committee member,2017-2018,,upper,ne,,NEC000024,Legislature's Planning Committee,,,
NEL000075,committee member,2017-2018,,upper,ne,,NEC000007,"Government, Military and Veterans Affairs",,,
NEL000075,member,2015-2016,6,upper,ne,Nonpartisan,,,,,
NEL000075,committee member,2015-2016,,upper,ne,,NEC000003,"Banking, Commerce and Insurance",,,
NEL000075,committee member,2015-2016,,upper,ne,,NEC000007,"Government, Military and Veterans Affairs",,,
NEL000075,committee member,2015-2016,,upper,ne,,NEC000022,Building Maintenance,,,
NEL000076,member,2017-2018,20,upper,ne,Nonpartisan,,,,,
NEL000076,committee member,2017-2018,,upper,ne,,NEC000003,"Banking, Commerce and Insurance",,,
NEL000076,committee member,2017-2018,,upper,ne,,NEC000010,Natural Resources,,,
NEL000076,committee member,2017-2018,,upper,ne,,NEC000021,Executive Board of the Legislative Council,,,
NEL000076,member,2015-2016,20,upper,ne,Nonpartisan,,,,,
NEL000076,committee member,2015-2016,,upper,ne,,NEC000014,Urban Affairs,,,
NEL000076,committee member,2015-2016,,upper,ne,,NEC000036,LR601 Special Committee,,,
NEL000076,committee member,2015-2016,,upper,ne,,NEC000032,ACCESSNebraska Special Investigative Committee (LR33),,,
NEL000076,committee member,2015-2016,,upper,ne,,NEC000010,Natural Resources,,,
NEL000076,committee member,2015-2016,,upper,ne,,NEC000006,General Affairs,,,
NEL000077,member,2017-2018,28,upper,ne,Nonpartisan,,,,,
NEL000077,committee member,2017-2018,,upper,ne,,NEC000005,Education,,,
NEL000077,committee member,2017-2018,,upper,ne,,NEC000009,Judiciary,,,
NEL000077,committee member,2017-2018,,upper,ne,,NEC000015,Committee on Committees,,,
NEL000077,member,2015-2016,28,upper,ne,Nonpartisan,,,,,
NEL000077,committee member,2015-2016,,upper,ne,,NEC000035,LR455 Special Committee,,,
NEL000077,committee member,2015-2016,,upper,ne,,NEC000032,ACCESSNebraska Special Investigative Committee (LR33),,,
NEL000077,committee member,2015-2016,,upper,ne,,NEC000033,Dept. of Correctional Services Special Investigative Committee (LR34),,,
NEL000077,committee member,2015-2016,,upper,ne,,NEC000009,Judiciary,,,
NEL000077,committee member,2015-2016,,upper,ne,,NEC000005,Education,,,
NEL000078,member,2017-2018,32,upper,ne,Nonpartisan,,,,,
NEL000078,committee member,2017-2018,,upper,ne,,NEC000005,Education,,,
NEL000078,committee member,2017-2018,,upper,ne,,NEC000009,Judiciary,,,
NEL000078,member,2015-2016,32,upper,ne,Nonpartisan,,,,,
NEL000078,committee member,2015-2016,,upper,ne,,NEC000014,Urban Affairs,,,
NEL000078,committee member,2015-2016,,upper,ne,,NEC000033,Dept. of Correctional Services Special Investigative Committee (LR34),,,
NEL000078,committee member,2015-2016,,upper,ne,,NEC000009,Judiciary,,,
NEL000078,committee member,2015-2016,,upper,ne,,NEC000004,Business and Labor,,,
NEL000079,member,2017-2018,12,upper,ne,Nonpartisan,,,,,
NEL000079,committee member,2017-2018,,upper,ne,,NEC000006,General Affairs,,,
NEL000079,committee member,2017-2018,,upper,ne,,NEC000008,Health and Human Services,,,
NEL000079,committee member,2017-2018,,upper,ne,,NEC000014,Urban Affairs,,,
NEL000079,committee member,2017-2018,,upper,ne,,NEC000024,Legislature's Planning Committee,,,
NEL000079,member,2015-2016,12,upper,ne,Nonpartisan,,,,,
NEL000079,committee member,2015-2016,,upper,ne,,NEC000008,Health and Human Services,,,
NEL000079,committee member,2015-2016,,upper,ne,,NEC000001,Agriculture,,,
NEL000079,committee member,2015-2016,,upper,ne,,NEC000024,Legislature's Planning Committee,,,
NEL000079,committee member,2015-2016,,upper,ne,,NEC000006,General Affairs,,,
NEL000080,member,2017-2018,38,upper,ne,Nonpartisan,,,,,
NEL000080,committee member,2017-2018,,upper,ne,,NEC000017,Rules,,,
NEL000080,committee member,2017-2018,,upper,ne,,NEC000002,Appropriations,,,
NEL000080,committee member,2017-2018,,upper,ne,,NEC000021,Executive Board of the Legislative Council,,,
NEL000080,committee member,2017-2018,,upper,ne,,NEC000023,Legislative Performance Audit,,,
NEL000080,committee member,2017-2018,,upper,ne,,NEC000015,Committee on Committees,,,
NEL000080,member,2015-2016,38,upper,ne,Nonpartisan,,,,,
NEL000080,committee member,2015-2016,,upper,ne,,NEC000035,LR455 Special Committee,,,
NEL000080,committee member,2015-2016,,upper,ne,,NEC000032,ACCESSNebraska Special Investigative Committee (LR33),,,
NEL000080,committee member,2015-2016,,upper,ne,,NEC000038,Bioscience Steering Committee (LB605),,,
NEL000080,committee member,2015-2016,,upper,ne,,NEC000002,Appropriations,,,
NEL000080,committee member,2015-2016,,upper,ne,,NEC000023,Legislative Performance Audit,,,
NEL000081,member,2017-2018,24,upper,ne,Nonpartisan,,,,,
NEL000081,committee member,2017-2018,,upper,ne,,NEC000003,"Banking, Commerce and Insurance",,,
NEL000081,committee member,2017-2018,,upper,ne,,NEC000008,Health and Human Services,,,
NEL000081,committee member,2017-2018,,upper,ne,,NEC000015,Committee on Committees,,,
NEL000081,committee member,2017-2018,,upper,ne,,NEC000011,Nebraska Retirement Systems,,,
NEL000081,member,2015-2016,24,upper,ne,Nonpartisan,,,,,
NEL000081,committee member,2015-2016,,upper,ne,,NEC000008,Health and Human Services,,,
NEL000081,committee member,2015-2016,,upper,ne,,NEC000039,Venture Development and Innovation Task Force (LB1083),,,
NEL000081,committee member,2015-2016,,upper,ne,,NEC000001,Agriculture,,,
NEL000081,committee member,2015-2016,,upper,ne,,NEC000011,Nebraska Retirement Systems,,,
NEL000081,committee member,2015-2016,,upper,ne,,NEC000022,Building Maintenance,,,
NEL000081,committee member,2015-2016,,upper,ne,,NEC000006,General Affairs,,,
NEL000082,member,2017-2018,4,upper,ne,Nonpartisan,,,,,
NEL000082,committee member,2017-2018,,upper,ne,,NEC000002,Appropriations,,,
NEL000082,committee member,2017-2018,,upper,ne,,NEC000015,Committee on Committees,,,
NEL000082,member,2015-2016,4,upper,ne,Nonpartisan,,,,,
NEL000082,committee member,2015-2016,,upper,ne,,NEC000036,LR601 Special Committee,,,
NEL000082,committee member,2015-2016,,upper,ne,,NEC000002,Appropriations,,,
NEL000082,committee member,2015-2016,,upper,ne,,NEC000034,Developmental Disabilities Special Investigative Committee (LR32),,,
NEL000083,member,2017-2018,48,upper,ne,Nonpartisan,,,,,
NEL000083,committee member,2017-2018,,upper,ne,,NEC000002,Appropriations,,,
NEL000083,committee member,2017-2018,,upper,ne,,NEC000022,Building Maintenance,,,
NEL000083,committee member,2017-2018,,upper,ne,,NEC000021,Executive Board of the Legislative Council,,,
NEL000083,committee member,2017-2018,,upper,ne,,NEC000023,Legislative Performance Audit,,,
NEL000083,committee member,2017-2018,,upper,ne,,NEC000011,Nebraska Retirement Systems,,,
NEL000083,committee member,2017-2018,,upper,ne,,NEC000024,Legislature's Planning Committee,,,
NEL000083,member,2015-2016,48,upper,ne,Nonpartisan,,,,,
NEL000083,committee member,2015-2016,,upper,ne,,NEC000035,LR455 Special Committee,,,
NEL000083,committee member,2015-2016,,upper,ne,,NEC000032,ACCESSNebraska Special Investigative Committee (LR33),,,
NEL000083,committee member,2015-2016,,upper,ne,,NEC000039,Venture Development and Innovation Task Force (LB1083),,,
NEL000083,committee member,2015-2016,,upper,ne,,NEC000002,Appropriations,,,
NEL000083,committee member,2015-2016,,upper,ne,,NEC000022,Building Maintenance,,,
NEL000084,member,2017-2018,30,upper,ne,Nonpartisan,,,,,
NEL000084,committee member,2017-2018,,upper,ne,,NEC000003,"Banking, Commerce and Insurance",,,
NEL000084,committee member,2017-2018,,upper,ne,,NEC000027,State-Tribal Relations,,,
NEL000084,committee member,2017-2018,,upper,ne,,NEC000009,Judiciary,,,
NEL000084,member,2015-2016,30,upper,ne,Nonpartisan,,,,,
NEL000084,committee member,2015-2016,,upper,ne,,NEC000008,Health and Human Services,,,
NEL000084,committee member,2015-2016,,upper,ne,,NEC000034,Developmental Disabilities Special Investigative Committee (LR32),,,
NEL000084,committee member,2015-2016,,upper,ne,,NEC000005,Education,,,
NEL000088,member,2017-2018,35,upper,ne,Nonpartisan,,,,,
NEL000088,committee member,2017-2018,,upper,ne,,NEC000006,General Affairs,,,
NEL000088,committee member,2017-2018,,upper,ne,,NEC000027,State-Tribal Relations,,,
NEL000088,committee member,2017-2018,,upper,ne,,NEC000010,Natural Resources,,,
NEL000088,committee member,2017-2018,,upper,ne,,NEC000014,Urban Affairs,,,
NEL000089,member,2017-2018,15,upper,ne,Nonpartisan,,,,,
NEL000089,committee member,2017-2018,,upper,ne,,NEC000010,Natural Resources,,,
NEL000089,committee member,2017-2018,,upper,ne,,NEC000005,Education,,,
NEL000090,member,2017-2018,33,upper,ne,Nonpartisan,,,,,
NEL000090,committee member,2017-2018,,upper,ne,,NEC000004,Business and Labor,,,
NEL000090,committee member,2017-2018,,upper,ne,,NEC000001,Agriculture,,,
NEL000090,committee member,2017-2018,,upper,ne,,NEC000009,Judiciary,,,
NEL000091,member,2017-2018,41,upper,ne,Nonpartisan,,,,,
NEL000091,committee member,2017-2018,,upper,ne,,NEC000013,Transportation and Telecommunications,,,
NEL000091,committee member,2017-2018,,upper,ne,,NEC000023,Legislative Performance Audit,,,
NEL000091,committee member,2017-2018,,upper,ne,,NEC000007,"Government, Military and Veterans Affairs",,,
NEL000092,member,2017-2018,17,upper,ne,Nonpartisan,,,,,
NEL000092,committee member,2017-2018,,upper,ne,,NEC000004,Business and Labor,,,
NEL000092,committee member,2017-2018,,upper,ne,,NEC000027,State-Tribal Relations,,,
NEL000092,committee member,2017-2018,,upper,ne,,NEC000010,Natural Resources,,,
NEL000092,committee member,2017-2018,,upper,ne,,NEC000001,Agriculture,,,
NEL000093,member,2017-2018,3,upper,ne,Nonpartisan,,,,,
NEL000093,committee member,2017-2018,,upper,ne,,NEC000006,General Affairs,,,
NEL000093,committee member,2017-2018,,upper,ne,,NEC000001,Agriculture,,,
NEL000093,committee member,2017-2018,,upper,ne,,NEC000007,"Government, Military and Veterans Affairs",,,
NEL000094,member,2017-2018,7,upper,ne,Nonpartisan,,,,,
NEL000094,committee member,2017-2018,,upper,ne,,NEC000027,State-Tribal Relations,,,
NEL000094,committee member,2017-2018,,upper,ne,,NEC000002,Appropriations,,,
NEL000094,committee member,2017-2018,,upper,ne,,NEC000024,Legislature's Planning Committee,,,
NEL000095,member,2017-2018,23,upper,ne,Nonpartisan,,,,,
NEL000095,committee member,2017-2018,,upper,ne,,NEC000010,Natural Resources,,,
NEL000095,committee member,2017-2018,,upper,ne,,NEC000013,Transportation and Telecommunications,,,
NEL000095,committee member,2017-2018,,upper,ne,,NEC000022,Building Maintenance,,,
NEL000096,member,2017-2018,13,upper,ne,Nonpartisan,,,,,
NEL000096,committee member,2017-2018,,upper,ne,,NEC000006,General Affairs,,,
NEL000096,committee member,2017-2018,,upper,ne,,NEC000014,Urban Affairs,,,
NEL000096,committee member,2017-2018,,upper,ne,,NEC000007,"Government, Military and Veterans Affairs",,,
NEL000097,member,2017-2018,21,upper,ne,Nonpartisan,,,,,
NEL000097,committee member,2017-2018,,upper,ne,,NEC000017,Rules,,,
NEL000097,committee member,2017-2018,,upper,ne,,NEC000013,Transportation and Telecommunications,,,
NEL000097,committee member,2017-2018,,upper,ne,,NEC000007,"Government, Military and Veterans Affairs",,,
NEL000098,member,2017-2018,27,upper,ne,Nonpartisan,,,,,
NEL000098,committee member,2017-2018,,upper,ne,,NEC000002,Appropriations,,,
NEL000098,committee member,2017-2018,,upper,ne,,NEC000016,Enrollment and Review,,,
NEL000099,member,2017-2018,47,upper,ne,Nonpartisan,,,,,
NEL000099,committee member,2017-2018,,upper,ne,,NEC000008,Health and Human Services,,,
NEL000099,committee member,2017-2018,,upper,ne,,NEC000005,Education,,,
NEL000099,committee member,2017-2018,,upper,ne,,NEC000022,Building Maintenance,,,
NEL000099,committee member,2017-2018,,upper,ne,,NEC000015,Committee on Committees,,,
NEL000100,member,2017-2018,25,upper,ne,Nonpartisan,,,,,
NEL000100,committee member,2017-2018,,upper,ne,,NEC000010,Natural Resources,,,
NEL000100,committee member,2017-2018,,upper,ne,,NEC000013,Transportation and Telecommunications,,,
NEL000100,committee member,2017-2018,,upper,ne,,NEC000023,Legislative Performance Audit,,,
NEL000101,member,2017-2018,37,upper,ne,Nonpartisan,,,,,
NEL000101,committee member,2017-2018,,upper,ne,,NEC000004,Business and Labor,,,
NEL000101,committee member,2017-2018,,upper,ne,,NEC000022,Building Maintenance,,,
NEL000101,committee member,2017-2018,,upper,ne,,NEC000001,Agriculture,,,
NEL000101,committee member,2017-2018,,upper,ne,,NEC000007,"Government, Military and Veterans Affairs",,,
NEL000102,member,2017-2018,39,upper,ne,Nonpartisan,,,,,
NEL000102,committee member,2017-2018,,upper,ne,,NEC000008,Health and Human Services,,,
NEL000102,committee member,2017-2018,,upper,ne,,NEC000005,Education,,,
NEL000102,committee member,2017-2018,,upper,ne,,NEC000023,Legislative Performance Audit,,,
NEL000103,member,2017-2018,5,upper,ne,Nonpartisan,,,,,
NEL000103,committee member,2017-2018,,upper,ne,,NEC000002,Appropriations,,,
NEL000103,committee member,2017-2018,,upper,ne,,NEC000022,Building Maintenance,,,
NEL000104,member,2017-2018,43,upper,ne,Nonpartisan,,,,,
NEL000104,committee member,2017-2018,,upper,ne,,NEC000003,"Banking, Commerce and Insurance",,,
NEL000104,committee member,2017-2018,,upper,ne,,NEC000027,State-Tribal Relations,,,
NEL000104,committee member,2017-2018,,upper,ne,,NEC000007,"Government, Military and Veterans Affairs",,,
NEL000105,member,2017-2018,2,upper,ne,Nonpartisan,,,,,
NEL000105,committee member,2017-2018,,upper,ne,,NEC000002,Appropriations,,,
NEL000155,member,2017-2018,41,upper,ne,Nonpartisan,,,,,
NEL000156,member,2017-2018,38,upper,ne,Nonpartisan,,,,,
NEL000157,member,2017-2018,48,upper,ne,Nonpartisan,,,,,
NEL000158,member,2017-2018,8,upper,ne,Nonpartisan,,,,,
NEL000159,member,2017-2018,12,upper,ne,Nonpartisan,,,,,
NEL000160,member,2017-2018,5,upper,ne,Nonpartisan,,,,,
NEL000161,member,2017-2018,19,upper,ne,Nonpartisan,,,,,
NEL000162,member,2017-2018,2,upper,ne,Nonpartisan,,,,,
NEL000163,member,2017-2018,33,upper,ne,Nonpartisan,,,,,
NEL000164,member,2017-2018,13,upper,ne,Nonpartisan,,,,,
NEL000165,member,2017-2018,43,upper,ne,Nonpartisan,,,,,
NEL000166,member,2017-2018,46,upper,ne,Nonpartisan,,,,,
NEL000167,member,2017-2018,39,upper,ne,Nonpartisan,,,,,
NEL000168,member,2017-2018,20,upper,ne,Nonpartisan,,,,,
NEL000169,member,2017-2018,15,upper,ne,Nonpartisan,,,,,
NEL000170,member,2017-2018,11,upper,ne,Nonpartisan,,,,,
NEL000171,member,2017-2018,36,upper,ne,Nonpartisan,,,,,
NEL000172,member,2017-2018,21,upper,ne,Nonpartisan,,,,,
NEL000173,member,2017-2018,40,upper,ne,Nonpartisan,,,,,
NEL000174,member,2017-2018,31,upper,ne,Nonpartisan,,,,,
NEL000175,member,2017-2018,27,upper,ne,Nonpartisan,,,,,
NEL000176,member,2017-2018,7,upper,ne,Nonpartisan,,,,,
NEL000177,member,2017-2018,25,upper,ne,Nonpartisan,,,,,
NEL000178,member,2017-2018,3,upper,ne,Nonpartisan,,,,,
NEL000179,member,2017-2018,17,upper,ne,Nonpartisan,,,,,
NEL000180,member,2017-2018,22,upper,ne,Nonpartisan,,,,,
NEL000181,member,2017-2018,30,upper,ne,Nonpartisan,,,,,
NEL000182,member,2017-2018,4,upper,ne,Nonpartisan,,,,,
NEL000183,member,2017-2018,9,upper,ne,Nonpartisan,,,,,
NEL000184,member,2017-2018,42,upper,ne,Nonpartisan,,,,,
NEL000185,member,2017-2018,35,upper,ne,Nonpartisan,,,,,
NEL000186,member,2017-2018,37,upper,ne,Nonpartisan,,,,,
NEL000187,member,2017-2018,44,upper,ne,Nonpartisan,,,,,
NEL000188,member,2017-2018,1,upper,ne,Nonpartisan,,,,,
NEL000189,member,2017-2018,26,upper,ne,Nonpartisan,,,,,
NEL000190,member,2017-2018,10,upper,ne,Nonpartisan,,,,,
NEL000191,member,2017-2018,49,upper,ne,Nonpartisan,,,,,
NEL000192,member,2017-2018,6,upper,ne,Nonpartisan,,,,,
NEL000193,member,2017-2018,14,upper,ne,Nonpartisan,,,,,
NEL000194,member,2017-2018,18,upper,ne,Nonpartisan,,,,,
NEL000195,member,2017-2018,45,upper,ne,Nonpartisan,,,,,
NEL000196,member,2017-2018,32,upper,ne,Nonpartisan,,,,,
NEL000197,member,2017-2018,34,upper,ne,Nonpartisan,,,,,
NEL000198,member,2017-2018,16,upper,ne,Nonpartisan,,,,,
NEL000199,member,2017-2018,47,upper,ne,Nonpartisan,,,,,
NEL000200,member,2017-2018,23,upper,ne,Nonpartisan,,,,,
NEL000201,member,2017-2018,28,upper,ne,Nonpartisan,,,,,
NEL000202,member,2017-2018,29,upper,ne,Nonpartisan,,,,,
NEL000203,member,2017-2018,24,upper,ne,Nonpartisan,,,,,
