id,state,chamber,committee,subcommittee,parent_id
NMC000221,nm,joint,Disabilities Concerns,,
NMC000222,nm,joint,Economic & Rural Development,,
NMC000223,nm,joint,Water & Natural Resources,,
NMC000224,nm,joint,Legislative Council,,
NMC000225,nm,joint,Legislative Health & Human Services,,
NMC000226,nm,joint,Capitol Buildings Planning Commission,,
NMC000227,nm,joint,Jobs Council,,
NMC000228,nm,joint,Military & Veterans' Affairs,,
NMC000230,nm,joint,New Mexico Finance Authority Oversight,,
NMC000231,nm,joint,Revenue Stabilization & Tax Policy,,
NMC000232,nm,joint,"Courts, Corrections & Justice",,
NMC000233,nm,joint,Indian Affairs,,
NMC000234,nm,joint,"Science, Technology & Telecommunications",,
NMC000235,nm,joint,Land Grant,,
NMC000236,nm,joint,Investments & Pensions Oversight,,
NMC000237,nm,joint,Public School Capital Outlay Oversight Task Force,,
NMC000239,nm,joint,Mortgage Finance Authority Act Oversight,,
NMC000240,nm,joint,Tobacco Settlement Revenue Oversight,,
NMC000241,nm,joint,Radioactive & Hazardous Materials,,
NMC000242,nm,joint,Interim Legislative Ethics,,
NMC000243,nm,joint,Capitol Security,,
NMC000245,nm,joint,Interim,,
NMC000249,nm,joint,Transportation Infrastructure Revenue Subcommitee,,
NMC000081,nm,lower,Consumer & Public Affairs,,
NMC000082,nm,lower,Taxation & Revenue,,
NMC000084,nm,lower,Appropriations & Finance,,
NMC000085,nm,lower,Education,,
NMC000086,nm,lower,Judiciary,,
NMC000088,nm,lower,Business & Industry,,
NMC000092,nm,lower,Rules & Order Of Business,,
NMC000095,nm,lower,Agriculture & Water Resources,,
NMC000178,nm,lower,"Energy, Environment & Natural Resources",,
NMC000229,nm,lower,Special Investigatory,,
NMC000244,nm,lower,"Transportation, Public Works & Capital Improvements",,
NMC000246,nm,lower,"State Government, Indian & Veterans Affairs",,
NMC000247,nm,lower,Health & Human Services,,
NMC000248,nm,lower,Labor & Economic Development,,
NMC000250,nm,lower,"Local Government, Elections, Land Grants & Cultural Affairs",,
NMC000097,nm,upper,Indian & Cultural Affairs,,
NMC000098,nm,upper,Public Affairs,,
NMC000099,nm,upper,Conservation,,
NMC000100,nm,upper,Education,,
NMC000101,nm,upper,Judiciary,,
NMC000102,nm,upper,Corporations & Transportation,,
NMC000104,nm,upper,Finance,,
NMC000153,nm,upper,Rules,,
NMC000207,nm,upper,Committees',,
