leg_id,full_name,first_name,middle_name,last_name,suffixes,nickname,active,state,chamber,district,party,photo_url,created_at,updated_at
NML000007,Clinton D. Harden,Clinton,D.,Harden,,,False,nm,,,,http://www.nmlegis.gov/lcs/graphics/photos/SHARD.jpg,2011-08-05 16:10:18.392000,2012-12-17 19:20:06.812000
NML000010,John C. Ryan,John,C.,Ryan,,,False,nm,,,,http://www.nmlegis.gov/lcs/graphics/photos/SRYAN.jpg,2011-08-05 16:10:18.401000,2017-01-23 01:38:49.439000
NML000013,Dede Feldman,Dede,,Feldman,,,False,nm,,,,http://www.nmlegis.gov/lcs/graphics/photos/SFELD.jpg,2011-08-05 16:10:18.420000,2013-01-15 15:51:48.566000
NML000014,Eric G. Griego,Eric,G.,Griego,,,False,nm,,,,http://www.nmlegis.gov/lcs/graphics/photos/SGRIR.jpg,2011-08-05 16:10:18.423000,2013-01-15 15:51:48.567000
NML000015,Tim Eichenberg,Tim,,Eichenberg,,,False,nm,,,,http://www.nmlegis.gov/lcs/graphics/photos/SEICH.jpg,2011-08-05 16:10:18.425000,2013-01-15 15:51:48.568000
NML000017,Timothy M. Keller,Timothy,M.,Keller,,,False,nm,,,,http://www.nmlegis.gov/lcs/graphics/photos/SKELL.jpg,2011-08-05 16:10:18.431000,2015-02-02 20:55:44.180000
NML000018,Mark Boitano,Mark L.,,Boitano,,,False,nm,,,,http://www.nmlegis.gov/lcs/graphics/photos/SBOIT.jpg,2011-08-05 16:10:18.434000,2013-01-15 15:51:48.569000
NML000019,Sue Wilson Beffort,Sue,Wilson,Beffort,,,False,nm,,,,http://www.nmlegis.gov/lcs/graphics/photos/SBEFF.jpg,2011-08-05 16:10:18.437000,2017-01-23 01:38:49.446000
NML000021,Kent L. Cravens,Kent,L.,Cravens,,,False,nm,,,,http://www.nmlegis.gov/lcs/graphics/photos/SCRAV.jpg,2011-08-05 16:10:18.452000,2012-06-05 19:35:43.883000
NML000022,Lynda M. Lovejoy,Lynda,M.,Lovejoy,,,False,nm,,,,http://www.nmlegis.gov/lcs/graphics/photos/SLOVE.jpg,2011-08-05 16:10:18.455000,2013-01-15 15:51:48.580000
NML000026,Bernadette M. Sanchez,Bernadette,M.,Sanchez,,,False,nm,,,,http://www.nmlegis.gov/lcs/graphics/photos/SSANB.jpg,2011-08-05 16:10:18.468000,2013-01-15 15:51:48.570000
NML000029,Michael S. Sanchez,Michael,S.,Sanchez,,,False,nm,,,,http://www.nmlegis.gov/lcs/graphics/photos/SSANC.jpg,2011-08-05 16:10:18.477000,2017-01-23 01:38:49.443000
NML000030,David Ulibarri,David,,Ulibarri,,,False,nm,,,,http://www.nmlegis.gov/lcs/graphics/photos/SULIB.jpg,2011-08-05 16:10:18.490000,2013-01-15 15:51:48.572000
NML000031,Cynthia Nava,Cynthia,,Nava,,,False,nm,,,,http://www.nmlegis.gov/lcs/graphics/photos/SNAVA.jpg,2011-08-05 16:10:18.493000,2013-01-15 15:51:48.573000
NML000032,Timothy Z. Jennings,Timothy,Z.,Jennings,,,False,nm,,,,http://www.nmlegis.gov/lcs/graphics/photos/SJENT.jpg,2011-08-05 16:10:18.496000,2013-01-15 15:51:48.574000
NML000033,Rod Adair,Rod,,Adair,,,False,nm,,,,http://www.nmlegis.gov/lcs/graphics/photos/SADAI.jpg,2011-08-05 16:10:18.500000,2013-01-15 15:51:48.575000
NML000034,Vernon D. Asbill,Vernon,D.,Asbill,,,False,nm,,,,http://www.nmlegis.gov/lcs/graphics/photos/SASBI.jpg,2011-08-05 16:10:18.503000,2013-01-15 15:51:48.577000
NML000036,Mary Jane M. Garcia,Mary Jane,M.,Garcia,,,False,nm,,,,http://www.nmlegis.gov/lcs/graphics/photos/SGARC.jpg,2011-08-05 16:10:18.509000,2013-01-15 15:51:48.578000
NML000037,Stephen H. Fischmann,Stephen,H.,Fischmann,,,False,nm,,,,http://www.nmlegis.gov/lcs/graphics/photos/SFISC.jpg,2011-08-05 16:10:18.512000,2013-01-15 15:51:48.579000
NML000039,Phil A. Griego,Phil,A.,Griego,,,False,nm,,,,http://www.nmlegis.gov/lcs/graphics/photos/SGRIE.jpg,2011-08-05 16:10:18.518000,2015-07-08 20:14:02.039000
NML000043,Thomas C. Taylor,Thomas,C.,Taylor,,,False,nm,,,,http://www.nmlegis.gov/lcs/graphics/photos/HTAYT.jpg,2011-08-05 16:10:18.540000,2015-02-02 20:55:44.075000
NML000046,Ray Begaye,Ray,,Begaye,,,False,nm,,,,http://www.nmlegis.gov/lcs/graphics/photos/HBEGA.jpg,2011-08-05 16:10:18.549000,2013-01-15 15:51:48.535000
NML000047,Sandra D. Jeff,Sandra,D.,Jeff,,,False,nm,,,,http://www.nmlegis.gov/lcs/graphics/photos/HJEFF.jpg,2011-08-05 16:10:18.552000,2015-02-02 20:55:44.137000
NML000049,David C. Chavez,David,C.,Chavez,,,False,nm,,,,http://www.nmlegis.gov/lcs/graphics/photos/HCHAD.jpg,2011-08-05 16:10:18.558000,2013-01-15 15:51:48.537000
NML000052,Henry Kiki Saavedra,Henry,Kiki,Saavedra,,,False,nm,,,,http://www.nmlegis.gov/lcs/graphics/photos/HSAAV.jpg,2011-08-05 16:10:18.577000,2015-02-02 20:55:44.077000
NML000053,Rick Miera,Rick,,Miera,,,False,nm,,,,http://www.nmlegis.gov/lcs/graphics/photos/HMIER.jpg,2011-08-05 16:10:18.579000,2015-02-02 20:55:44.078000
NML000054,Ernest H. Chavez,Ernest,H.,Chavez,,,False,nm,,,,http://www.nmlegis.gov/lcs/graphics/photos/HCHAE.jpg,2011-08-05 16:10:18.582000,2015-02-02 20:55:44.080000
NML000055,Eleanor Chavez,Eleanor,,Chavez,,,False,nm,,,,http://www.nmlegis.gov/lcs/graphics/photos/HCHAL.jpg,2011-08-05 16:10:18.585000,2013-01-15 15:51:48.538000
NML000059,Edward C. Sandoval,Edward,C.,Sandoval,,,False,nm,,,,http://www.nmlegis.gov/lcs/graphics/photos/HSDOV.jpg,2011-08-05 16:10:18.596000,2015-02-02 20:55:44.090000
NML000062,James P. White,James,P.,White,,,False,nm,,,,http://www.nmlegis.gov/lcs/graphics/photos/HWHIJ.jpg,2011-08-05 16:10:18.614000,2015-02-02 20:55:44.095000
NML000065,David L. Doyle,David,L.,Doyle,,,False,nm,,,,http://www.nmlegis.gov/lcs/graphics/photos/HDOYL.jpg,2011-08-05 16:10:18.623000,2013-01-15 15:51:48.540000
NML000066,Conrad D. James,Conrad,D.,James,,,False,nm,,,,http://www.nmlegis.gov/lcs/graphics/photos/HJAME.jpg,2011-08-05 16:10:18.625000,2017-01-23 01:38:49.386000
NML000067,Danice Picraux,Danice,,Picraux,,,False,nm,,,,http://www.nmlegis.gov/lcs/graphics/photos/HPICR.jpg,2011-08-05 16:10:18.628000,2013-01-15 15:51:48.543000
NML000068,Al Park,Al,,Park,,,False,nm,,,,http://www.nmlegis.gov/lcs/graphics/photos/HPARK.jpg,2011-08-05 16:10:18.631000,2013-01-15 15:51:48.549000
NML000071,Thomas A. Anderson,Thomas,A.,Anderson,,,False,nm,,,,http://www.nmlegis.gov/lcs/graphics/photos/HANDE.jpg,2011-08-05 16:10:18.639000,2015-02-02 20:55:44.108000
NML000073,William R. Rehm,William,R.,Rehm,,"""Bill""",False,nm,,,,http://www.nmlegis.gov/lcs/graphics/photos/HREHM.jpg,2011-08-05 16:10:18.645000,2015-02-02 20:55:44.112000
NML000074,Dona G. Irwin,Dona,G.,Irwin,,,False,nm,,,,http://www.nmlegis.gov/lcs/graphics/photos/HIRWI.jpg,2011-08-05 16:10:18.647000,2017-01-23 01:38:49.408000
NML000075,Joni Marie Gutierrez,Joni,Marie,Gutierrez,,,False,nm,,,,http://www.nmlegis.gov/lcs/graphics/photos/HGUTI.jpg,2011-08-05 16:10:18.660000,2013-01-15 15:51:48.551000
NML000076,Mary Helen Garcia,Mary,Helen,Garcia,,,False,nm,,,,http://www.nmlegis.gov/lcs/graphics/photos/HGAMH.jpg,2011-08-05 16:10:18.663000,2015-02-02 20:55:44.115000
NML000077,Antonio Lujan,Antonio,,Lujan,,,False,nm,,,,http://www.nmlegis.gov/lcs/graphics/photos/HLUJT.jpg,2011-08-05 16:10:18.666000,2013-01-15 15:51:48.552000
NML000078,Andy Nuñez,Andy,,Nuñez,,,False,nm,,,,http://www.nmlegis.gov/lcs/graphics/photos/HNUNE.jpg,2011-08-05 16:10:18.668000,2013-01-15 15:51:48.553000
NML000079,Terry H. McMillan,Terry,H.,McMillan,,,False,nm,,,,http://www.nmlegis.gov/lcs/graphics/photos/HMCMI.jpg,2011-08-05 16:10:18.671000,2017-01-23 01:38:49.435000
NML000080,Dianne Miller Hamilton,Dianne,Miller,Hamilton,,,False,nm,,,,http://www.nmlegis.gov/lcs/graphics/photos/HHAMI.jpg,2011-08-05 16:10:18.673000,2017-01-23 01:38:49.393000
NML000081,Rodolpho S. Martinez,Rodolpho,S.,Martinez,,"""Rudy""",False,nm,,,,http://www.nmlegis.gov/lcs/graphics/photos/HMARR.jpg,2011-08-05 16:10:18.676000,2015-02-02 20:55:44.121000
NML000084,Roberto J. Gonzales,Roberto,J.,Gonzales,,"""Bobby""",False,nm,,,,http://www.nmlegis.gov/lcs/graphics/photos/HGONZ.jpg,2011-08-05 16:10:18.686000,2015-02-02 20:55:44.126000
NML000085,Jim W. Hall,Jim,W.,Hall,,,False,nm,,,,http://www.nmlegis.gov/lcs/graphics/photos/HHALJ.jpg,2011-08-05 16:10:18.698000,2013-01-15 15:51:48.554000
NML000088,Ben Lujan,Ben,,Lujan,,,False,nm,,,,http://www.nmlegis.gov/lcs/graphics/photos/HLUJA.jpg,2011-08-05 16:10:18.708000,2013-01-15 15:51:48.555000
NML000090,Luciano Varela,Luciano,,Varela,,"""Lucky""",False,nm,,,,http://www.nmlegis.gov/lcs/graphics/photos/HVARE.jpg,2011-08-05 16:10:18.714000,2015-02-02 20:55:44.134000
NML000091,Don L. Tripp,Don,L.,Tripp,,,False,nm,,,,http://www.nmlegis.gov/lcs/graphics/photos/HTRIP.jpg,2011-08-05 16:10:18.716000,2017-01-23 01:38:49.407000
NML000092,Rhonda S. King,Rhonda,S.,King,,,False,nm,,,,http://www.nmlegis.gov/lcs/graphics/photos/HKINR.jpg,2011-08-05 16:10:18.719000,2013-01-15 15:51:48.556000
NML000096,William J. Gray,William,J.,Gray,,"""Bill""",False,nm,,,,http://www.nmlegis.gov/lcs/graphics/photos/HGRAY.jpg,2011-08-05 16:10:18.740000,2015-02-02 20:55:44.142000
NML000099,Dennis J. Kintigh,Dennis,J.,Kintigh,,,False,nm,,,,http://www.nmlegis.gov/lcs/graphics/photos/HKINT.jpg,2011-08-05 16:10:18.748000,2013-01-15 15:51:48.560000
NML000101,Nora Espinoza,Nora,,Espinoza,,,False,nm,,,,http://www.nmlegis.gov/lcs/graphics/photos/HESPI.jpg,2011-08-05 16:10:18.753000,2017-01-23 01:38:49.432000
NML000103,Shirley A. Tyler,Shirley,A.,Tyler,,,False,nm,,,,http://www.nmlegis.gov/lcs/graphics/photos/HTYLE.jpg,2011-08-05 16:10:18.759000,2013-01-15 15:51:48.561000
NML000104,Donald E. Bratton,Donald,E.,Bratton,,,False,nm,,,,http://www.nmlegis.gov/lcs/graphics/photos/HBRAT.jpg,2011-08-05 16:10:18.762000,2015-02-02 20:55:44.152000
NML000106,Anna M. Crook,Anna,M.,Crook,,,False,nm,,,,http://www.nmlegis.gov/lcs/graphics/photos/HCROO.jpg,2011-08-05 16:10:18.778000,2015-02-02 20:55:44.154000
NML000107,James Roger Madalena,James,Roger,Madalena,,,False,nm,,,,http://www.nmlegis.gov/lcs/graphics/photos/HMADA.jpg,2011-08-05 16:10:18.781000,2017-01-23 01:38:49.418000
NML000110,Thomas A. Garcia,Thomas,A.,Garcia,,,False,nm,,,,http://www.nmlegis.gov/lcs/graphics/photos/HGART.jpg,2011-08-05 16:10:18.790000,2013-01-15 15:51:48.562000
NML000111,W. Ken Martinez,W. Ken,,Martinez,,,False,nm,,,,http://www.nmlegis.gov/lcs/graphics/photos/HMART.jpg,2011-08-05 16:10:18.793000,2017-01-23 01:38:49.437000
NML000112,Richard D. Vigil,Richard,D.,Vigil,,,False,nm,,,,http://www.nmlegis.gov/lcs/graphics/photos/HVIGR.jpg,2011-08-05 16:10:18.796000,2013-01-15 15:51:48.563000
NML000113,Lisa K. Curtis,Lisa K.,,Curtis,,,False,nm,,,,http://www.nmlegis.gov/lcs/graphics/photos/SCURT.jpg,2012-01-20 00:30:42.622000,2013-01-15 15:51:48.565000
NML000134,Lisa A. Torraco,Lisa,,Torraco,,,False,nm,,,,http://www.nmlegis.gov/Images/Legislators/Senate/STORR.jpg,2013-01-15 15:51:47.294000,2017-01-23 01:38:49.442000
NML000143,Lee S. Cotter,Lee S.,,Cotter,,,False,nm,,,,http://www.nmlegis.gov/Images/Legislators/Senate/SCOTT.jpg,2013-01-15 15:51:47.414000,2017-01-23 01:38:49.441000
NML000149,Emily Kane,Emily,,Kane,,,False,nm,,,,http://www.nmlegis.gov/lcs/graphics/photos/HKANE.jpg,2013-01-15 15:51:47.549000,2015-02-02 20:55:44.087000
NML000150,Paul A. Pacheco,Paul A.,,Pacheco,,,False,nm,,,,http://www.nmlegis.gov/Images/Legislators/House/HPACH.jpg,2013-01-15 15:51:47.602000,2017-01-23 01:38:49.434000
NML000151,"Elizabeth ""Liz"" Thomson","Elizabeth ""Liz""",,Thomson,,,False,nm,,,,http://www.nmlegis.gov/lcs/graphics/photos/HTHOE.jpg,2013-01-15 15:51:47.608000,2015-02-02 20:55:44.100000
NML000155,Jeff Steinborn,Jeff,,Steinborn,,,False,nm,,,,http://www.nmlegis.gov/Images/Legislators/House/HSTEI.jpg,2013-01-15 15:51:47.882000,2017-01-23 01:38:49.419000
NML000156,Phillip M. Archuleta,Phillip M.,,Archuleta,,,False,nm,,,,http://www.nmlegis.gov/lcs/graphics/photos/HARCH.jpg,2013-01-15 15:51:47.978000,2015-02-02 20:55:44.117000
NML000159,Stephen Easley ,Stephen,,Easley,,,False,nm,,,,http://www.nmlegis.gov/lcs/graphics/photos/HEASL.jpg,2013-01-15 15:51:48.190000,2013-11-13 14:47:43.880000
NML000161,"Nathan ""Nate"" Cote","Nathan ""Nate""",,Cote,,,False,nm,,,,http://www.nmlegis.gov/lcs/graphics/photos/HCOTE.jpg,2013-01-15 15:51:48.234000,2015-02-02 20:55:44.141000
NML000282,Vickie Perea,Vickie,,Perea,,,False,nm,,,,http://www.nmlegis.gov/lcs/graphics/photos/HPEVI.jpg,2013-11-13 01:35:12.112000,2015-02-02 20:55:44.138000
NML000291,Stephanie Maez,Stephanie,,Maez,,,False,nm,,,,http://www.nmlegis.gov/lcs/graphics/photos/HMAEZ.jpg,2015-02-02 20:55:43.424000,2015-12-11 22:06:58.360000
NML000299,John L. Zimmerman,John L.,,Zimmerman,,,False,nm,,,,http://www.nmlegis.gov/Images/Legislators/House/HZIMM.jpg,2015-02-02 20:55:43.464000,2017-01-23 01:38:49.421000
NML000308,"Luciano ""Lucky"" Varela","Luciano ""Lucky""",,Varela,,,False,nm,,,,http://www.nmlegis.gov/Images/Legislators/House/HVARE.jpg,2015-02-02 20:55:43.504000,2017-01-23 01:38:49.430000
NML000362,Andy Nunez,Andy,,Nunez,,,False,nm,,,,http://www.nmlegis.gov/Images/Legislators/House/HNUNE.jpg,2015-02-02 20:55:43.746000,2017-01-23 01:38:49.365000
NML000395,Ted Barela,Ted,,Barela,,,False,nm,,,,http://www.nmlegis.gov/Images/Legislators/Senate/SBARE.jpg,2015-04-20 23:56:58.132000,2017-01-23 01:38:49.447000
NML000416,Idalia Lechuga-Tena,Idalia,,Lechuga-Tena,,,False,nm,,,,http://www.nmlegis.gov/Images/Legislators/House/HLECH.jpg,2015-12-02 06:03:31.254000,2017-01-23 01:38:49.409000
NML000044,James R.J. Strickler,James,R.J.,Strickler,,,True,nm,lower,2,Republican,http://www.nmlegis.gov/Images/Legislators/House/HSTRI.jpg,2011-08-05 16:10:18.543000,2017-06-01 07:04:00.716000
NML000045,Paul C. Bandy,Paul,C.,Bandy,,,True,nm,lower,3,Republican,http://www.nmlegis.gov/Images/Legislators/House/HBAND.jpg,2011-08-05 16:10:18.546000,2017-06-01 07:04:01.143000
NML000048,Eliseo Lee Alcon,Eliseo,Lee,Alcon,,,True,nm,lower,6,Democratic,http://www.nmlegis.gov/Images/Legislators/House/HALCO.jpg,2011-08-05 16:10:18.555000,2017-06-01 07:04:01.028000
NML000050,Alonzo Baldonado,Alonzo,,Baldonado,,,True,nm,lower,8,Republican,http://www.nmlegis.gov/Images/Legislators/House/HBALA.jpg,2011-08-05 16:10:18.571000,2017-06-01 07:04:01.222000
NML000051,Patricia A. Lundstrom,Patricia,A.,Lundstrom,,,True,nm,lower,9,Democratic,http://www.nmlegis.gov/Images/Legislators/House/HLUND.jpg,2011-08-05 16:10:18.574000,2017-06-01 07:04:01.062000
NML000056,Miguel P. Garcia,Miguel,P.,Garcia,,,True,nm,lower,14,Democratic,http://www.nmlegis.gov/Images/Legislators/House/HGAMP.jpg,2011-08-05 16:10:18.587000,2017-06-01 07:04:00.955000
NML000058,Antonio Maestas,Antonio,,Maestas,,"""Moe""",True,nm,lower,16,Democratic,http://www.nmlegis.gov/Images/Legislators/House/HMAES.jpg,2011-08-05 16:10:18.593000,2017-06-01 07:04:01.159000
NML000060,Gail Chasey,Gail,,Chasey,,,True,nm,lower,18,Democratic,http://www.nmlegis.gov/Images/Legislators/House/HCHAS.jpg,2011-08-05 16:10:18.608000,2017-06-01 07:04:01.164000
NML000061,Sheryl Williams Stapleton,Sheryl,Williams,Stapleton,,,True,nm,lower,19,Democratic,http://www.nmlegis.gov/Images/Legislators/House/HSTAP.jpg,2011-08-05 16:10:18.612000,2017-06-01 07:04:01.219000
NML000064,James E. Smith,James,E.,Smith,,,True,nm,lower,22,Republican,http://www.nmlegis.gov/Images/Legislators/House/HSMIJ.jpg,2011-08-05 16:10:18.620000,2017-06-01 07:04:01.217000
NML000069,Larry A. Larrañaga,Larry,A.,Larrañaga,,,True,nm,lower,27,Republican,http://www.nmlegis.gov/Images/Legislators/House/HLARR.jpg,2011-08-05 16:10:18.634000,2017-06-01 07:04:00.776000
NML000070,Jimmie C. Hall,Jimmie,C.,Hall,,,True,nm,lower,28,Republican,http://www.nmlegis.gov/Images/Legislators/House/HHALL.jpg,2011-08-05 16:10:18.637000,2017-06-01 07:04:01.215000
NML000072,Nate Gentry,Nate,,Gentry,,,True,nm,lower,30,Republican,http://www.nmlegis.gov/Images/Legislators/House/HGENN.jpg,2011-08-05 16:10:18.642000,2017-06-01 07:04:01.149000
NML000082,Nick L. Salazar,Nick,L.,Salazar,,,True,nm,lower,40,Democratic,http://www.nmlegis.gov/Images/Legislators/House/HSALA.jpg,2011-08-05 16:10:18.679000,2017-06-01 07:04:01.137000
NML000083,Debbie A. Rodella,Debbie,A.,Rodella,,,True,nm,lower,41,Democratic,http://www.nmlegis.gov/Images/Legislators/House/HRODE.jpg,2011-08-05 16:10:18.683000,2017-06-01 07:04:01.145000
NML000086,Jane E. Powdrell-Culbert,Jane,E.,Powdrell-Culbert,,,True,nm,lower,44,Republican,http://www.nmlegis.gov/Images/Legislators/House/HPOWD.jpg,2011-08-05 16:10:18.701000,2017-06-01 07:04:00.433000
NML000087,Jim R. Trujillo,Jim,R.,Trujillo,,,True,nm,lower,45,Democratic,http://www.nmlegis.gov/Images/Legislators/House/HTRUJ.jpg,2011-08-05 16:10:18.704000,2017-06-01 07:04:00.789000
NML000089,Brian F. Egolf,Brian,F.,Egolf,,,True,nm,lower,47,Democratic,http://www.nmlegis.gov/Images/Legislators/House/HEGOL.jpg,2011-08-05 16:10:18.711000,2017-06-01 07:04:01.169000
NML000093,Yvette Herrell,Yvette,,Herrell,,,True,nm,lower,51,Republican,http://www.nmlegis.gov/Images/Legislators/House/HHERY.jpg,2011-08-05 16:10:18.722000,2017-06-01 07:04:00.858000
NML000095,Rick Little,Rick,,Little,,,True,nm,lower,53,Republican,http://www.nmlegis.gov/Images/Legislators/House/HLITT.jpg,2011-08-05 16:10:18.727000,2017-06-01 07:04:01.212000
NML000097,Cathrynn N. Brown,Cathrynn,N.,Brown,,,True,nm,lower,55,Republican,http://www.nmlegis.gov/Images/Legislators/House/HBROW.jpg,2011-08-05 16:10:18.742000,2017-06-01 07:04:00.787000
NML000098,Zachary J. Cook,Zachary,J.,Cook,,,True,nm,lower,56,Republican,http://www.nmlegis.gov/Images/Legislators/House/HCOOK.jpg,2011-08-05 16:10:18.745000,2017-06-01 07:04:01.140000
NML000100,Candy Spence Ezzell,Candy,Spence,Ezzell,,,True,nm,lower,58,Republican,http://www.nmlegis.gov/Images/Legislators/House/HEZZE.jpg,2011-08-05 16:10:18.751000,2017-06-01 07:04:01.075000
NML000102,Tim D. Lewis,Tim,D.,Lewis,,,True,nm,lower,60,Republican,http://www.nmlegis.gov/Images/Legislators/House/HLEWI.jpg,2011-08-05 16:10:18.756000,2017-06-01 07:04:00.723000
NML000105,George Dodge,George,,Dodge,Jr.,,True,nm,lower,63,Democratic,http://www.nmlegis.gov/Images/Legislators/House/HDODG.jpg,2011-08-05 16:10:18.765000,2017-06-01 07:04:01.084000
NML000108,Bob Wooley,Bob,,Wooley,,,True,nm,lower,66,Republican,http://www.nmlegis.gov/Images/Legislators/House/HWOOL.jpg,2011-08-05 16:10:18.784000,2017-06-01 07:04:01.077000
NML000109,Dennis J. Roch,Dennis,J.,Roch,,,True,nm,lower,67,Republican,http://www.nmlegis.gov/Images/Legislators/House/HROCH.jpg,2011-08-05 16:10:18.787000,2017-06-01 07:04:01.224000
NML000146,Sharon Clahchischilliage,Sharon,,Clahchischilliage,,,True,nm,lower,4,Republican,http://www.nmlegis.gov/Images/Legislators/House/HCLAH.jpg,2013-01-15 15:51:47.478000,2017-06-01 07:04:00.855000
NML000147,Kelly K. Fajardo,Kelly K.,,Fajardo,,,True,nm,lower,7,Republican,http://www.nmlegis.gov/Images/Legislators/House/HFAJA.jpg,2013-01-15 15:51:47.498000,2017-06-01 07:04:01.166000
NML000148,Patricia Roybal Caballero,Patricia Roybal,,Caballero,,,True,nm,lower,13,Democratic,http://www.nmlegis.gov/Images/Legislators/House/HROYB.jpg,2013-01-15 15:51:47.537000,2017-06-01 07:04:01.060000
NML000152,Christine Trujillo,Christine,,Trujillo,,,True,nm,lower,25,Democratic,http://www.nmlegis.gov/Images/Legislators/House/HTRCH.jpg,2013-01-15 15:51:47.614000,2017-06-01 07:04:01.208000
NML000153,Georgene Louis,Georgene,,Louis,,,True,nm,lower,26,Democratic,http://www.nmlegis.gov/Images/Legislators/House/HLOUI.jpg,2013-01-15 15:51:47.620000,2017-06-01 07:04:00.881000
NML000154,Bill McCamley,Bill,,McCamley,,,True,nm,lower,33,Democratic,http://www.nmlegis.gov/Images/Legislators/House/HMCCA.jpg,2013-01-15 15:51:47.868000,2017-06-01 07:04:01.156000
NML000157,Stephanie Garcia Richard ,Stephanie Garcia,,Richard,,,True,nm,lower,43,Democratic,http://www.nmlegis.gov/Images/Legislators/House/HGAST.jpg,2013-01-15 15:51:48.140000,2017-06-01 07:04:01.235000
NML000158,Carl Trujillo,Carl,,Trujillo,,,True,nm,lower,46,Democratic,http://www.nmlegis.gov/Images/Legislators/House/HTRCA.jpg,2013-01-15 15:51:48.163000,2017-06-01 07:04:00.706000
NML000160,Doreen Y. Gallegos,Doreen Y.,,Gallegos,,,True,nm,lower,52,Democratic,http://www.nmlegis.gov/Images/Legislators/House/HGADO.jpg,2013-01-15 15:51:48.203000,2017-06-01 07:04:01.132000
NML000162,Jason C. Harper,Jason C.,,Harper,,,True,nm,lower,57,Republican,http://www.nmlegis.gov/Images/Legislators/House/HHARP.jpg,2013-01-15 15:51:48.263000,2017-06-01 07:04:00.711000
NML000163,David M. Gallegos,David M.,,Gallegos,,,True,nm,lower,61,Republican,http://www.nmlegis.gov/Images/Legislators/House/HGADV.jpg,2013-01-15 15:51:48.288000,2017-06-01 07:04:00.973000
NML000164,Monica Youngblood,Monica,,Youngblood,,,True,nm,lower,68,Republican,http://www.nmlegis.gov/Images/Legislators/House/HYOMO.jpg,2013-01-15 15:51:48.339000,2017-06-01 07:04:00.217000
NML000165,Tomás E. Salazar,Tomás E.,,Salazar,,,True,nm,lower,70,Democratic,http://www.nmlegis.gov/Images/Legislators/House/HSATO.jpg,2013-01-15 15:51:48.352000,2017-06-01 07:04:01.231000
NML000295,Sarah Maestas Barnes,Sarah Maestas,,Barnes,,,True,nm,lower,15,Republican,http://www.nmlegis.gov/Images/Legislators/House/HMAEB.jpg,2015-02-02 20:55:43.442000,2017-06-01 07:04:01.154000
NML000300,David E. Adkins,David E.,,Adkins,,,True,nm,lower,29,Republican,http://www.nmlegis.gov/Images/Legislators/House/HADKI.jpg,2015-02-02 20:55:43.469000,2017-06-01 07:04:00.704000
NML000303,Deborah A. Armstrong,Deborah A.,,Armstrong,,,True,nm,lower,17,Democratic,http://www.nmlegis.gov/Images/Legislators/House/HARMS.jpg,2015-02-02 20:55:43.482000,2017-06-01 07:04:01.171000
NML000307,Bealquin Bill Gomez,Bealquin Bill,,Gomez,,,True,nm,lower,34,Democratic,http://www.nmlegis.gov/Images/Legislators/House/HGOME.jpg,2015-02-02 20:55:43.500000,2017-06-01 07:04:01.080000
NML000314,Javier Martínez,Javier,,Martínez,,,True,nm,lower,11,Democratic,http://www.nmlegis.gov/Images/Legislators/House/HMARJ.jpg,2015-02-02 20:55:43.534000,2017-06-01 07:04:00.690000
NML000316,Jim Dines,Jim,,Dines,,,True,nm,lower,20,Republican,http://www.nmlegis.gov/Images/Legislators/House/HDINE.jpg,2015-02-02 20:55:43.543000,2017-06-01 07:04:01.229000
NML000320,Matthew McQueen,Matthew,,McQueen,,,True,nm,lower,50,Democratic,http://www.nmlegis.gov/Images/Legislators/House/HMCQU.jpg,2015-02-02 20:55:43.560000,2017-06-01 07:04:00.975000
NML000322,Rod Montoya,Rod,,Montoya,,,True,nm,lower,1,Republican,http://www.nmlegis.gov/Images/Legislators/House/HMONR.jpg,2015-02-02 20:55:43.569000,2017-06-01 07:04:01.128000
NML000336,Patricio Ruiloba,Patricio,,Ruiloba,,,True,nm,lower,12,Democratic,http://www.nmlegis.gov/Images/Legislators/House/HRUIL.jpg,2015-02-02 20:55:43.631000,2017-06-01 07:04:00.909000
NML000347,G. Andrés Romero,G. Andrés,,Romero,,,True,nm,lower,10,Democratic,http://www.nmlegis.gov/Images/Legislators/House/HROMA.jpg,2015-02-02 20:55:43.682000,2017-06-01 07:04:01.233000
NML000349,James G. Townsend,James G.,,Townsend,,,True,nm,lower,54,Republican,http://www.nmlegis.gov/Images/Legislators/House/HTOWJ.jpg,2015-02-02 20:55:43.690000,2017-06-01 07:04:00.828000
NML000352,Larry R. Scott,Larry R.,,Scott,,,True,nm,lower,62,Republican,http://www.nmlegis.gov/Images/Legislators/House/HSCOT.jpg,2015-02-02 20:55:43.703000,2017-06-01 07:04:00.805000
NML000353,Randal S. Crowder,Randal S.,,Crowder,,,True,nm,lower,64,Republican,http://www.nmlegis.gov/Images/Legislators/House/HCROW.jpg,2015-02-02 20:55:43.707000,2017-06-01 07:04:01.082000
NML000371,"William ""Bill"" R. Rehm","William ""Bill"" R.",,Rehm,,,True,nm,lower,31,Republican,http://www.nmlegis.gov/Images/Legislators/House/HREHM.jpg,2015-02-02 20:55:43.788000,2017-06-01 07:04:00.925000
NML000375,D. Wonda Johnson,D. Wonda,,Johnson,,,True,nm,lower,5,Democratic,http://www.nmlegis.gov/Images/Legislators/House/HJOHD.jpg,2015-02-02 20:55:43.805000,2017-06-01 07:04:01.151000
NML000376,"Roberto ""Bobby"" J. Gonzales","Roberto ""Bobby"" J.",,Gonzales,,,True,nm,lower,42,Democratic,http://www.nmlegis.gov/Images/Legislators/House/HGONZ.jpg,2015-02-02 20:55:43.809000,2017-06-01 07:04:00.774000
NML000420,Linda M. Trujillo,Linda M.,,Trujillo,,,True,nm,lower,48,Democratic,http://www.nmlegis.gov/Images/Legislators/House/HTRUL.jpg,2017-01-23 01:38:48.561000,2017-06-01 07:04:01.210000
NML000422,Greg Nibert,Greg,,Nibert,,,True,nm,lower,59,Republican,http://www.nmlegis.gov/Images/Legislators/House/HNIBE.jpg,2017-01-23 01:38:48.648000,2017-06-01 07:04:00.361000
NML000423,Joanne J. Ferrary,Joanne J.,,Ferrary,,,True,nm,lower,37,Democratic,http://www.nmlegis.gov/Images/Legislators/House/HFERJ.jpg,2017-01-23 01:38:48.690000,2017-06-01 07:04:00.542000
NML000424,Daymon Ely,Daymon,,Ely,,,True,nm,lower,23,Democratic,http://www.nmlegis.gov/Images/Legislators/House/HELYD.jpg,2017-01-23 01:38:48.703000,2017-06-01 07:04:00.500000
NML000425,"Rodolpho ""Rudy"" S. Martinez","Rodolpho ""Rudy"" S.",,Martinez,,,True,nm,lower,39,Democratic,http://www.nmlegis.gov/Images/Legislators/House/HMARR.jpg,2017-01-23 01:38:48.732000,2017-06-01 07:04:00.845000
NML000427,Nathan P. Small,Nathan P.,,Small,,,True,nm,lower,36,Democratic,http://www.nmlegis.gov/Images/Legislators/House/HSMAL.jpg,2017-01-23 01:38:48.792000,2017-06-01 07:04:00.719000
NML000430,"Elizabeth ""Liz"" Thomson","Elizabeth ""Liz""",,Thomson,,,True,nm,lower,24,Democratic,http://www.nmlegis.gov/Images/Legislators/House/HTHOE.jpg,2017-01-23 01:38:48.915000,2017-06-01 07:04:00.546000
NML000431,Derrick J. Lente,Derrick J.,,Lente,,,True,nm,lower,65,Democratic,http://www.nmlegis.gov/Images/Legislators/House/HLENT.jpg,2017-01-23 01:38:48.945000,2017-06-01 07:04:00.851000
NML000433,Debra M. Sariñana,Debra M.,,Sariñana,,,True,nm,lower,21,Democratic,http://www.nmlegis.gov/Images/Legislators/House/HSARI.jpg,2017-01-23 01:38:49.018000,2017-06-01 07:04:01.227000
NML000434,Gail Armstrong,Gail,,Armstrong,,,True,nm,lower,49,Republican,http://www.nmlegis.gov/Images/Legislators/House/HARMG.jpg,2017-01-23 01:38:49.064000,2017-06-01 07:04:00.550000
NML000435,Harry Garcia,Harry,,Garcia,,,True,nm,lower,69,Democratic,http://www.nmlegis.gov/Images/Legislators/House/HGAHA.jpg,2017-01-23 01:38:49.070000,2017-06-01 07:04:00.439000
NML000436,Angelica Rubio,Angelica,,Rubio,,,True,nm,lower,35,Democratic,http://www.nmlegis.gov/Images/Legislators/House/HRUBI.jpg,2017-01-23 01:38:49.127000,2017-06-01 07:04:00.405000
NML000437,Candie G. Sweetser,Candie G.,,Sweetser,,,True,nm,lower,32,Democratic,http://www.nmlegis.gov/Images/Legislators/House/HSWEE.jpg,2017-01-23 01:38:49.170000,2017-06-01 07:04:01.070000
NML000438,Rebecca Dow,Rebecca,,Dow,,,True,nm,lower,38,Republican,http://www.nmlegis.gov/Images/Legislators/House/HDOWR.jpg,2017-01-23 01:38:49.176000,2017-06-01 07:04:00.538000
NML000001,William E. Sharer,William,E.,Sharer,,,True,nm,upper,1,Republican,http://www.nmlegis.gov/Images/Legislators/Senate/SSHAR.jpg,2011-08-05 16:10:18.303000,2017-06-01 07:04:01.025000
NML000002,Steven P. Neville,Steven,P.,Neville,,,True,nm,upper,2,Republican,http://www.nmlegis.gov/Images/Legislators/Senate/SNEVI.jpg,2011-08-05 16:10:18.328000,2017-06-01 07:04:01.106000
NML000003,John Pinto,John,,Pinto,,,True,nm,upper,3,Democratic,http://www.nmlegis.gov/Images/Legislators/Senate/SPINT.jpg,2011-08-05 16:10:18.339000,2017-06-01 07:04:01.012000
NML000004,George K. Munoz,George,K.,Munoz,,,True,nm,upper,4,Democratic,http://www.nmlegis.gov/Images/Legislators/Senate/SMUNO.jpg,2011-08-05 16:10:18.343000,2017-06-01 07:04:01.119000
NML000005,Richard C. Martinez,Richard,C.,Martinez,,,True,nm,upper,5,Democratic,http://www.nmlegis.gov/Images/Legislators/Senate/SMARR.jpg,2011-08-05 16:10:18.374000,2017-06-01 07:04:01.185000
NML000006,Carlos R. Cisneros,Carlos,R.,Cisneros,,,True,nm,upper,6,Democratic,http://www.nmlegis.gov/Images/Legislators/Senate/SCISN.jpg,2011-08-05 16:10:18.377000,2017-06-01 07:04:01.111000
NML000008,Pete Campos,Pete,,Campos,,,True,nm,upper,8,Democratic,http://www.nmlegis.gov/Images/Legislators/Senate/SCAMP.jpg,2011-08-05 16:10:18.395000,2017-06-01 07:04:01.114000
NML000009,John M. Sapien,John,M.,Sapien,,,True,nm,upper,9,Democratic,http://www.nmlegis.gov/Images/Legislators/Senate/SSAPI.jpg,2011-08-05 16:10:18.398000,2017-06-01 07:04:01.101000
NML000011,Linda M. Lopez,Linda,M.,Lopez,,,True,nm,upper,11,Democratic,http://www.nmlegis.gov/Images/Legislators/Senate/SLOPE.jpg,2011-08-05 16:10:18.414000,2017-06-01 07:04:01.190000
NML000012,Gerald Ortiz y Pino,Gerald Ortiz y,,Pino,,,True,nm,upper,12,Democratic,http://www.nmlegis.gov/Images/Legislators/Senate/SORTI.jpg,2011-08-05 16:10:18.417000,2017-06-01 07:04:00.960000
NML000016,Cisco McSorley,Cisco,,McSorley,,,True,nm,upper,16,Democratic,http://www.nmlegis.gov/Images/Legislators/Senate/SMCSO.jpg,2011-08-05 16:10:18.428000,2017-06-01 07:04:01.203000
NML000020,William H. Payne,William,H.,Payne,,,True,nm,upper,20,Republican,http://www.nmlegis.gov/Images/Legislators/Senate/SPAYN.jpg,2011-08-05 16:10:18.441000,2017-06-01 07:04:01.195000
NML000023,Sander Rue,Sander,,Rue,,,True,nm,upper,23,Republican,http://www.nmlegis.gov/Images/Legislators/Senate/SSRUE.jpg,2011-08-05 16:10:18.459000,2017-06-01 07:04:01.098000
NML000024,Nancy Rodriguez,Nancy,,Rodriguez,,,True,nm,upper,24,Democratic,http://www.nmlegis.gov/Images/Legislators/Senate/SRODR.jpg,2011-08-05 16:10:18.462000,2017-06-01 07:04:01.095000
NML000025,Peter Wirth,Peter,,Wirth,,,True,nm,upper,25,Democratic,http://www.nmlegis.gov/Images/Legislators/Senate/SWIRT.jpg,2011-08-05 16:10:18.465000,2017-06-01 07:04:01.187000
NML000027,Stuart Ingle,Stuart,,Ingle,,,True,nm,upper,27,Republican,http://www.nmlegis.gov/Images/Legislators/Senate/SINGL.jpg,2011-08-05 16:10:18.471000,2017-06-01 07:04:00.823000
NML000028,Howie C. Morales,Howie,C.,Morales,,,True,nm,upper,28,Democratic,http://www.nmlegis.gov/Images/Legislators/Senate/SMORA.jpg,2011-08-05 16:10:18.474000,2017-06-01 07:04:01.093000
NML000035,John Arthur Smith,John,Arthur,Smith,,,True,nm,upper,35,Democratic,http://www.nmlegis.gov/Images/Legislators/Senate/SSMIT.jpg,2011-08-05 16:10:18.506000,2017-06-01 07:04:01.103000
NML000038,Mary Kay Papen,Mary Kay,,Papen,,,True,nm,upper,38,Democratic,http://www.nmlegis.gov/Images/Legislators/Senate/SPAPE.jpg,2011-08-05 16:10:18.515000,2017-06-01 07:04:01.019000
NML000040,William F. Burt,William,F.,Burt,,,True,nm,upper,33,Republican,http://www.nmlegis.gov/Images/Legislators/Senate/SBURT.jpg,2011-08-05 16:10:18.531000,2017-06-01 07:04:01.108000
NML000041,Carroll H. Leavell,Carroll,H.,Leavell,,,True,nm,upper,41,Republican,http://www.nmlegis.gov/Images/Legislators/Senate/SLEAV.jpg,2011-08-05 16:10:18.534000,2017-06-01 07:04:01.122000
NML000042,Gay G. Kernan,Gay,G.,Kernan,,,True,nm,upper,42,Republican,http://www.nmlegis.gov/Images/Legislators/Senate/SKERN.jpg,2011-08-05 16:10:18.537000,2017-06-01 07:04:01.117000
NML000057,Bill B. O'Neill,Bill,B.,O'Neill,,,True,nm,upper,13,Democratic,http://www.nmlegis.gov/Images/Legislators/Senate/SONEI.jpg,2011-08-05 16:10:18.590000,2017-06-01 07:04:00.876000
NML000063,Mimi Stewart,Mimi,,Stewart,,,True,nm,upper,17,Democratic,http://www.nmlegis.gov/Images/Legislators/Senate/SSTEW.jpg,2011-08-05 16:10:18.617000,2017-06-01 07:04:00.911000
NML000094,Joseph Cervantes,Joseph,,Cervantes,,,True,nm,upper,31,Democratic,http://www.nmlegis.gov/Images/Legislators/Senate/SCERV.jpg,2011-08-05 16:10:18.724000,2017-06-01 07:04:01.200000
NML000130,Pat Woods,Pat,,Woods,,,True,nm,upper,7,Republican,http://www.nmlegis.gov/Images/Legislators/Senate/SWOOD.jpg,2012-11-03 00:14:44.097000,2017-06-01 07:04:01.052000
NML000132,Michael Padilla,Michael,,Padilla,,,True,nm,upper,14,Democratic,http://www.nmlegis.gov/Images/Legislators/Senate/SPADI.jpg,2013-01-15 15:51:47.267000,2017-06-01 07:04:01.033000
NML000133,Daniel A. Ivey-Soto,Daniel A.,,Ivey-Soto,,,True,nm,upper,15,Democratic,http://www.nmlegis.gov/Images/Legislators/Senate/SIVEY.jpg,2013-01-15 15:51:47.275000,2017-06-01 07:04:01.197000
NML000135,Mark Moores,Mark,,Moores,,,True,nm,upper,21,Republican,http://www.nmlegis.gov/Images/Legislators/Senate/SMOOR.jpg,2013-01-15 15:51:47.315000,2017-06-01 07:04:01.182000
NML000136,"Benny Shendo, Jr.",Benny,,Shendo,Jr.,,True,nm,upper,22,Democratic,http://www.nmlegis.gov/Images/Legislators/Senate/SSHEN.jpg,2013-01-15 15:51:47.321000,2017-06-01 07:04:01.065000
NML000137,Jacob R. Candelaria,Jacob R.,,Candelaria,,,True,nm,upper,26,Democratic,http://www.nmlegis.gov/Images/Legislators/Senate/SCAND.jpg,2013-01-15 15:51:47.350000,2017-06-01 07:04:01.177000
NML000138,Clemente Sanchez,Clemente,,Sanchez,,,True,nm,upper,30,Democratic,http://www.nmlegis.gov/Images/Legislators/Senate/SSACL.jpg,2013-01-15 15:51:47.379000,2017-06-01 07:04:00.797000
NML000140,Cliff R. Pirtle,Cliff R.,,Pirtle,,,True,nm,upper,32,Republican,http://www.nmlegis.gov/Images/Legislators/Senate/SPIRT.jpg,2013-01-15 15:51:47.390000,2017-06-01 07:04:00.629000
NML000142,Ron Griggs,Ron,,Griggs,,,True,nm,upper,34,Republican,http://www.nmlegis.gov/Images/Legislators/Senate/SGRIG.jpg,2013-01-15 15:51:47.402000,2017-06-01 07:04:01.179000
NML000144,William P. Soules,William P.,,Soules,,,True,nm,upper,37,Democratic,http://www.nmlegis.gov/Images/Legislators/Senate/SSOUL.jpg,2013-01-15 15:51:47.420000,2017-06-01 07:04:00.754000
NML000145,Craig W. Brandt,Craig W.,,Brandt,,,True,nm,upper,40,Republican,http://www.nmlegis.gov/Images/Legislators/Senate/SBRAN.jpg,2013-01-15 15:51:47.439000,2017-06-01 07:04:01.057000
NML000419,Jeff Steinborn,Jeff,,Steinborn,,,True,nm,upper,36,Democratic,http://www.nmlegis.gov/Images/Legislators/Senate/SSTEI.jpg,2017-01-23 01:38:48.513000,2017-06-01 07:04:00.746000
NML000421,"Elizabeth ""Liz"" Stefanics","Elizabeth ""Liz""",,Stefanics,,,True,nm,upper,39,Democratic,http://www.nmlegis.gov/Images/Legislators/Senate/SSTEF.jpg,2017-01-23 01:38:48.625000,2017-06-01 07:04:00.729000
NML000426,Gregory A. Baca,Gregory A.,,Baca,,,True,nm,upper,29,Republican,http://www.nmlegis.gov/Images/Legislators/Senate/SBACA.jpg,2017-01-23 01:38:48.787000,2017-06-01 07:04:01.193000
NML000428,Bill Tallman,Bill,,Tallman,,,True,nm,upper,18,Democratic,http://www.nmlegis.gov/Images/Legislators/Senate/STALL.jpg,2017-01-23 01:38:48.832000,2017-06-01 07:04:00.381000
NML000429,Candace Gould,Candace,,Gould,,,True,nm,upper,10,Republican,http://www.nmlegis.gov/Images/Legislators/Senate/SGOUL.jpg,2017-01-23 01:38:48.873000,2017-06-01 07:04:00.731000
NML000432,James P. White,James P.,,White,,,True,nm,upper,19,Republican,http://www.nmlegis.gov/Images/Legislators/Senate/SWHIJ.jpg,2017-01-23 01:38:48.982000,2017-06-01 07:04:00.526000
