id,state,chamber,committee,subcommittee,parent_id
WYC000150,wy,joint,Revenue,,
WYC000152,wy,joint,"Labor, Health & Social Services",,
WYC000162,wy,joint,Appropriations,,
WYC000169,wy,joint,"Transportation, Highways & Military Affairs",,
WYC000174,wy,joint,Rules & Procedures,,
WYC000181,wy,joint,"Corporations, Elections & Political Subdivisions",,
WYC000183,wy,joint,"Travel, Recreation, Wildlife & Cultural Resources",,
WYC000191,wy,joint,Journal,,
WYC000195,wy,joint,"Agriculture, State and Public Lands & Water Resources",,
WYC000199,wy,joint,Education,,
WYC000204,wy,joint,Management Council,,
WYC000205,wy,joint,"Minerals, Business & Economic Development",,
WYC000210,wy,joint,Judiciary,,
WYC000211,wy,joint,Legislative Artwork Donation Program Committee,,
WYC000212,wy,joint,Education Commission of the States,,
WYC000217,wy,joint,Capitol Complex Art Advisory Committee,,
WYC000218,wy,joint,State Building Commission Liaison,,
WYC000219,wy,joint,Select Committee on Statewide Education Accountability,,
WYC000220,wy,joint,NCSL - Budgets and Revenue,,
WYC000222,wy,joint,Department of Health Advisory Council,,
WYC000224,wy,joint,State Retirement Board Liaison,,
WYC000226,wy,joint,State Employee Compensation Commission,,
WYC000228,wy,joint,NCSL - Education,,
WYC000229,wy,joint,Select Natural Resource Funding Committee,,
WYC000231,wy,joint,NCSL - Law and Criminal Justice,,
WYC000232,wy,joint,Air Transportation Liaison Committee,,
WYC000235,wy,joint,Select Committee on Capital Financing & Investments,,
WYC000236,wy,joint,Wyoming Court Security Commission,,
WYC000238,wy,joint,Energy Producing States Coalition,,
WYC000239,wy,joint,Select Committee on School Facilities,,
WYC000241,wy,joint,Interstate Compact for Adult Offender Supervision,,
WYC000244,wy,joint,"NCSL - Communications, Financial Services & Interstate Commerce",,
WYC000246,wy,joint,Select Committee on Tribal Relations,,
WYC000247,wy,joint,CSG West - Executive Committee,,
WYC000249,wy,joint,Select Committee on Legislative Technology and Process,,
WYC000251,wy,joint,UW Energy Resource Council,,
WYC000252,wy,joint,Select Water Committee,,
WYC000253,wy,joint,Financial Advisory Council,,
WYC000255,wy,joint,Select Committee on Archaic Laws,,
WYC000256,wy,joint,Select Committee on Legislative Facilities,,
WYC000258,wy,joint,Energy Council,,
WYC000259,wy,joint,Multistate Highway Transportation Agreement Cooperating Committee,,
WYC000261,wy,joint,NCSL - Legislative Effectiveness,,
WYC000263,wy,joint,Enhanced and Improved Oil Recovery Commission,,
WYC000264,wy,joint,NCSL - Labor & Economic Development,,
WYC000265,wy,joint,Department of Family Services Advisory Council,,
WYC000270,wy,joint,Management Audit Committee,,
WYC000271,wy,joint,CSG National - Transportation,,
WYC000274,wy,joint,Advanced Conversion Technologies Task Force,,
WYC000278,wy,joint,CSG National - Fiscal and Economic Development,,
WYC000281,wy,joint,CSG West - Canada Relations,,
WYC000283,wy,joint,CSG National - Education,,
WYC000285,wy,joint,Select Federal Natural Resource Management Committee,,
WYC000288,wy,joint,Interstate Compact for Juveniles,,
WYC000291,wy,joint,NCSL - Nuclear Legislative Workgroup,,
WYC000295,wy,joint,NCSL - Health and Human Services,,
WYC000296,wy,joint,NCSL - Natural Resources and Infrastructure,,
WYC000297,wy,joint,NCSL - Military and Veterans Affairs Task Force,,
WYC000395,wy,joint,Task Force on Digital Information Privacy,,
WYC000400,wy,joint,Select Committee on the Wyoming Value Added Energy and Industrial Plan,,
WYC000414,wy,joint,Sage Grouse Implementation Team,,
WYC000417,wy,joint,Capitol Building Restoration Oversight Group,,
WYC000421,wy,joint,Advisory Task Force on Capitol Building Rehabilitation and Restoration,,
WYC000458,wy,joint,Joint Legislative and Executive Task Force on Department of Health Facilities,,
WYC000462,wy,joint,Joint Subcommittee to Review Title 25 Issues,,
WYC000470,wy,joint,State Workforce Investment Board,,
WYC000474,wy,joint,Task Force on Mineral Taxes,,
WYC000478,wy,joint,CSG West - Energy and Environment,,
WYC000481,wy,joint,CSG West - Health  &  Human Services,,
WYC000488,wy,joint,CSG West - Agriculture and Water,,
WYC000489,wy,joint,CSG West - Education & Workforce Development,,
WYC000490,wy,joint,CSG West - Public Safety,,
WYC000495,wy,joint,CSG West - Finance,,
WYC000497,wy,joint,NCSL - Redistricting and Elections Task Force,,
WYC000501,wy,joint,CSG West - State & Federal Relations,,
WYC000507,wy,joint,CSG National - Energy Council,,
WYC000516,wy,joint,Task Force on Special Districts,,
WYC000522,wy,joint,Task Force on State Penal Facilities,,
WYC000526,wy,joint,CSG West - Transportation & Economic Development,,
WYC000530,wy,joint,Interstate Compact on Students of Military Families,,
WYC000533,wy,joint,NCSL - State Policy & Research for Early Education Working Group,,
WYC000537,wy,joint,Select Committee on School Finance Recalibration,,
WYC000540,wy,joint,CSG West - Finance & Economic Development,,
WYC000541,wy,joint,CSG National - Health,,
WYC000543,wy,joint,CSG National - Education & Worforce Development,,
WYC000545,wy,joint,CSG West - Transportation & Infrastructure,,
WYC000548,wy,joint,CSG National - Energy and Environment,,
WYC000550,wy,joint,CSG National - Transportation & Infrastructure,,
WYC000551,wy,joint,"Select Committee on Legislative Facilities, Technology and Process",,
WYC000567,wy,joint,Investment Funds Committee,,
WYC000568,wy,joint,Government Efficiency Commission,,
WYC000570,wy,joint,Economically Needed Diversity Options for Wyoming (ENDOW) Executive Council,,
WYC000298,wy,lower,Management Council,,
WYC000299,wy,lower,Select Committee on Archaic Laws,,
WYC000300,wy,lower,Capitol Building Restoration Oversight Group,,
WYC000303,wy,lower,"Agriculture, State and Public Lands & Water Resources",,
WYC000304,wy,lower,NCSL - Budgets and Revenue,,
WYC000306,wy,lower,Select Committee on Capital Financing & Investments,,
WYC000308,wy,lower,Legislative Artwork Donation Program Committee,,
WYC000309,wy,lower,Select Committee on School Facilities,,
WYC000310,wy,lower,Select Committee on Statewide Education Accountability,,
WYC000312,wy,lower,NCSL - Law and Criminal Justice,,
WYC000315,wy,lower,Select Committee on Tribal Relations,,
WYC000317,wy,lower,Department of Family Services Advisory Council,,
WYC000321,wy,lower,Select Natural Resource Funding Committee,,
WYC000322,wy,lower,Judiciary,,
WYC000323,wy,lower,NCSL - Military and Veterans Affairs Task Force,,
WYC000326,wy,lower,Wyoming Court Security Commission,,
WYC000327,wy,lower,"Minerals, Business & Economic Development",,
WYC000328,wy,lower,NCSL - Nuclear Legislative Workgroup,,
WYC000330,wy,lower,Financial Advisory Council,,
WYC000334,wy,lower,Energy Producing States Coalition,,
WYC000336,wy,lower,"Labor, Health & Social Services",,
WYC000340,wy,lower,Management Audit Committee,,
WYC000341,wy,lower,Education Commission of the States,,
WYC000342,wy,lower,State Employee Compensation Commission,,
WYC000343,wy,lower,Capitol Complex Art Advisory Committee,,
WYC000344,wy,lower,Advisory Task Force on Capitol Building Rehabilitation and Restoration,,
WYC000345,wy,lower,State Building Commission Liaison,,
WYC000346,wy,lower,Select Committee on Legislative Facilities,,
WYC000347,wy,lower,NCSL - Natural Resources and Infrastructure,,
WYC000348,wy,lower,NCSL - Education,,
WYC000349,wy,lower,"NCSL - Communications, Financial Services & Interstate Commerce",,
WYC000350,wy,lower,"Travel, Recreation, Wildlife & Cultural Resources",,
WYC000351,wy,lower,Department of Health Advisory Council,,
WYC000352,wy,lower,CSG National - Transportation,,
WYC000353,wy,lower,Revenue,,
WYC000356,wy,lower,Select Federal Natural Resource Management Committee,,
WYC000358,wy,lower,Rules & Procedures,,
WYC000359,wy,lower,Select Committee on Legislative Technology and Process,,
WYC000360,wy,lower,State Retirement Board Liaison,,
WYC000362,wy,lower,NCSL - Legislative Effectiveness,,
WYC000364,wy,lower,Select Committee on the Wyoming Value Added Energy and Industrial Plan,,
WYC000365,wy,lower,"Corporations, Elections & Political Subdivisions",,
WYC000366,wy,lower,Energy Council,,
WYC000367,wy,lower,NCSL - Labor & Economic Development,,
WYC000368,wy,lower,CSG National - Fiscal and Economic Development,,
WYC000370,wy,lower,Education,,
WYC000371,wy,lower,CSG National - Education,,
WYC000374,wy,lower,"Transportation, Highways & Military Affairs",,
WYC000375,wy,lower,Task Force on Digital Information Privacy,,
WYC000377,wy,lower,Select Water Committee,,
WYC000378,wy,lower,NCSL - Health and Human Services,,
WYC000379,wy,lower,CSG West - Canada Relations,,
WYC000380,wy,lower,Appropriations,,
WYC000381,wy,lower,Joint Legislative and Executive Task Force on Department of Health Facilities,,
WYC000463,wy,lower,Task Force on Mineral Taxes,,
WYC000466,wy,lower,Interstate Compact for Juveniles,,
WYC000473,wy,lower,State Workforce Investment Board,,
WYC000477,wy,lower,CSG West - Health  &  Human Services,,
WYC000479,wy,lower,CSG West - Agriculture and Water,,
WYC000480,wy,lower,CSG West - Education & Workforce Development,,
WYC000482,wy,lower,CSG West - Public Safety,,
WYC000484,wy,lower,CSG West - Energy and Environment,,
WYC000486,wy,lower,CSG West - Finance,,
WYC000499,wy,lower,NCSL - Redistricting and Elections Task Force,,
WYC000503,wy,lower,CSG West - State & Federal Relations,,
WYC000508,wy,lower,CSG National - Energy Council,,
WYC000511,wy,lower,Joint Subcommittee to Review Title 25 Issues,,
WYC000517,wy,lower,Task Force on Special Districts,,
WYC000523,wy,lower,Task Force on State Penal Facilities,,
WYC000525,wy,lower,CSG West - Transportation & Economic Development,,
WYC000529,wy,lower,Journal,,
WYC000531,wy,lower,CSG National - Health,,
WYC000536,wy,lower,CSG West - Finance & Economic Development,,
WYC000538,wy,lower,CSG National - Transportation & Infrastructure,,
WYC000539,wy,lower,"Select Committee on Legislative Facilities, Technology and Process",,
WYC000546,wy,lower,CSG National - Education & Worforce Development,,
WYC000547,wy,lower,CSG West - Transportation & Infrastructure,,
WYC000552,wy,lower,Air Transportation Liaison Committee,,
WYC000553,wy,lower,Interstate Compact on Students of Military Families,,
WYC000554,wy,lower,CSG West - Executive Committee,,
WYC000555,wy,lower,UW Energy Resource Council,,
WYC000556,wy,lower,NCSL - State Policy & Research for Early Education Working Group,,
WYC000560,wy,lower,Interstate Compact for Adult Offender Supervision,,
WYC000561,wy,lower,Multistate Highway Transportation Agreement Cooperating Committee,,
WYC000562,wy,lower,Sage Grouse Implementation Team,,
WYC000563,wy,lower,CSG National - Energy and Environment,,
WYC000564,wy,lower,Select Committee on School Finance Recalibration,,
WYC000569,wy,lower,Government Efficiency Commission,,
WYC000572,wy,lower,Economically Needed Diversity Options for Wyoming (ENDOW) Executive Council,,
WYC000305,wy,upper,Enhanced and Improved Oil Recovery Commission,,
WYC000361,wy,upper,Interstate Compact for Adult Offender Supervision,,
WYC000369,wy,upper,Interstate Compact for Juveniles,,
WYC000382,wy,upper,Select Committee on the Wyoming Value Added Energy and Industrial Plan,,
WYC000383,wy,upper,Education Commission of the States,,
WYC000385,wy,upper,NCSL - Labor & Economic Development,,
WYC000386,wy,upper,Energy Producing States Coalition,,
WYC000387,wy,upper,Revenue,,
WYC000388,wy,upper,Management Council,,
WYC000389,wy,upper,Multistate Highway Transportation Agreement Cooperating Committee,,
WYC000390,wy,upper,NCSL - Budgets and Revenue,,
WYC000392,wy,upper,Select Committee on Legislative Facilities,,
WYC000394,wy,upper,Legislative Artwork Donation Program Committee,,
WYC000396,wy,upper,Advanced Conversion Technologies Task Force,,
WYC000397,wy,upper,UW Energy Resource Council,,
WYC000399,wy,upper,"Corporations, Elections & Political Subdivisions",,
WYC000402,wy,upper,"NCSL - Communications, Financial Services & Interstate Commerce",,
WYC000403,wy,upper,NCSL - Nuclear Legislative Workgroup,,
WYC000405,wy,upper,Select Water Committee,,
WYC000406,wy,upper,Air Transportation Liaison Committee,,
WYC000408,wy,upper,"Travel, Recreation, Wildlife & Cultural Resources",,
WYC000409,wy,upper,NCSL - Education,,
WYC000410,wy,upper,"Minerals, Business & Economic Development",,
WYC000411,wy,upper,Select Natural Resource Funding Committee,,
WYC000412,wy,upper,Select Federal Natural Resource Management Committee,,
WYC000415,wy,upper,Education,,
WYC000416,wy,upper,Management Audit Committee,,
WYC000418,wy,upper,CSG West - Executive Committee,,
WYC000419,wy,upper,Select Committee on Archaic Laws,,
WYC000422,wy,upper,Task Force on Digital Information Privacy,,
WYC000423,wy,upper,Advisory Task Force on Capitol Building Rehabilitation and Restoration,,
WYC000424,wy,upper,Wyoming Court Security Commission,,
WYC000426,wy,upper,State Building Commission Liaison,,
WYC000427,wy,upper,NCSL - Legislative Effectiveness,,
WYC000428,wy,upper,Appropriations,,
WYC000429,wy,upper,Select Committee on School Facilities,,
WYC000430,wy,upper,Joint Legislative and Executive Task Force on Department of Health Facilities,,
WYC000431,wy,upper,Select Committee on Legislative Technology and Process,,
WYC000432,wy,upper,State Retirement Board Liaison,,
WYC000433,wy,upper,Journal,,
WYC000434,wy,upper,State Employee Compensation Commission,,
WYC000435,wy,upper,Select Committee on Capital Financing & Investments,,
WYC000436,wy,upper,Energy Council,,
WYC000438,wy,upper,"Transportation, Highways & Military Affairs",,
WYC000439,wy,upper,Select Committee on Tribal Relations,,
WYC000440,wy,upper,NCSL - Health and Human Services,,
WYC000441,wy,upper,Department of Health Advisory Council,,
WYC000443,wy,upper,Capitol Building Restoration Oversight Group,,
WYC000444,wy,upper,Judiciary,,
WYC000445,wy,upper,"Labor, Health & Social Services",,
WYC000446,wy,upper,NCSL - Law and Criminal Justice,,
WYC000447,wy,upper,NCSL - Natural Resources and Infrastructure,,
WYC000448,wy,upper,CSG West - Canada Relations,,
WYC000450,wy,upper,Select Committee on Statewide Education Accountability,,
WYC000451,wy,upper,Capitol Complex Art Advisory Committee,,
WYC000453,wy,upper,Sage Grouse Implementation Team,,
WYC000456,wy,upper,"Agriculture, State and Public Lands & Water Resources",,
WYC000464,wy,upper,Task Force on Mineral Taxes,,
WYC000465,wy,upper,State Workforce Investment Board,,
WYC000476,wy,upper,CSG West - Finance,,
WYC000483,wy,upper,CSG West - Health  &  Human Services,,
WYC000485,wy,upper,CSG West - Public Safety,,
WYC000487,wy,upper,CSG West - Education & Workforce Development,,
WYC000492,wy,upper,CSG West - Energy and Environment,,
WYC000493,wy,upper,CSG West - Agriculture and Water,,
WYC000496,wy,upper,CSG West - State & Federal Relations,,
WYC000498,wy,upper,CSG National - Energy Council,,
WYC000500,wy,upper,CSG National - Transportation,,
WYC000502,wy,upper,CSG National - Fiscal and Economic Development,,
WYC000504,wy,upper,NCSL - Redistricting and Elections Task Force,,
WYC000506,wy,upper,CSG National - Education,,
WYC000512,wy,upper,Joint Subcommittee to Review Title 25 Issues,,
WYC000521,wy,upper,Task Force on Special Districts,,
WYC000524,wy,upper,Task Force on State Penal Facilities,,
WYC000527,wy,upper,CSG West - Transportation & Economic Development,,
WYC000528,wy,upper,CSG National - Health,,
WYC000532,wy,upper,"Select Committee on Legislative Facilities, Technology and Process",,
WYC000534,wy,upper,CSG West - Finance & Economic Development,,
WYC000535,wy,upper,CSG West - Transportation & Infrastructure,,
WYC000542,wy,upper,CSG National - Education & Worforce Development,,
WYC000544,wy,upper,Rules & Procedures,,
WYC000549,wy,upper,CSG National - Transportation & Infrastructure,,
WYC000557,wy,upper,Department of Family Services Advisory Council,,
WYC000558,wy,upper,Interstate Compact on Students of Military Families,,
WYC000559,wy,upper,CSG National - Energy and Environment,,
WYC000565,wy,upper,Select Committee on School Finance Recalibration,,
WYC000566,wy,upper,Government Efficiency Commission,,
WYC000571,wy,upper,Economically Needed Diversity Options for Wyoming (ENDOW) Executive Council,,
