leg_id,full_name,first_name,middle_name,last_name,suffixes,nickname,active,state,chamber,district,party,photo_url,created_at,updated_at
WYL000001,Jim Anderson,Jim,,Anderson,,,False,wy,,,,http://legisweb.state.wy.us/LegislatorSummary/photos/AndersonJS02.jpg,2011-10-26 20:57:39.968000,2015-07-08 19:56:12.459000
WYL000008,Stan Cooper,Stan,,Cooper,,,False,wy,,,,http://legisweb.state.wy.us/LegislatorSummary/photos/CooperSS14.jpg,2011-10-26 20:57:40.199000,2017-04-10 02:47:49.660000
WYL000012,Floyd Esquibel,Floyd,,Esquibel,,,False,wy,,,,http://legisweb.state.wy.us/LegislatorSummary/photos/EsquibelFS08.jpg,2011-10-26 20:57:40.238000,2017-04-10 02:47:52.591000
WYL000013,Gerald Geis,Gerald,,Geis,,,False,wy,,,,http://legisweb.state.wy.us/LegislatorSummary/photos/GeisGS20.jpg,2011-10-26 20:57:40.248000,2017-04-10 02:47:55.624000
WYL000016,John Hines,John,,Hines,,,False,wy,,,,http://legisweb.state.wy.us/LegislatorSummary/photos/HinesJS23.jpg,2011-10-26 20:57:40.285000,2015-01-13 15:59:51.287000
WYL000017,Kit Jennings,Kit,,Jennings,,,False,wy,,,,http://legisweb.state.wy.us/LegislatorSummary/photos/JenningsKS28.jpg,2011-10-26 20:57:40.294000,2013-01-08 00:11:55.801000
WYL000018,Wayne Johnson,Wayne,,Johnson,,,False,wy,,,,http://legisweb.state.wy.us/LegislatorSummary/photos/JohnsonWS06.jpg,2011-10-26 20:57:40.304000,2017-04-10 02:47:58.524000
WYL000020,Marty Martin,Marty,,Martin,,,False,wy,,,,http://legisweb.state.wy.us/LegislatorSummary/photos/MartinMS12.jpg,2011-10-26 20:57:40.323000,2013-01-08 00:11:55.799000
WYL000022,Phil Nicholas,Phil,,Nicholas,,,False,wy,,,,http://legisweb.state.wy.us/LegislatorSummary/photos/NicholasPS10.jpg,2011-10-26 20:57:40.349000,2017-04-10 02:48:01.346000
WYL000023,Leslie Nutting,Leslie,,Nutting,,,False,wy,,,,http://legisweb.state.wy.us/LegislatorSummary/photos/NuttingS7.jpg,2011-10-26 20:57:40.363000,2015-01-13 15:59:51.289000
WYL000026,Tony Ross,Tony,,Ross,,,False,wy,,,,http://legisweb.state.wy.us/LegislatorSummary/photos/RossTS04.jpg,2011-10-26 20:57:40.393000,2017-04-10 02:48:04.754000
WYL000028,John Schiffer,John,,Schiffer,,,False,wy,,,,http://legisweb.state.wy.us/LegislatorSummary/photos/SchifferJS22.jpg,2011-10-26 20:57:40.430000,2014-12-09 00:20:24.825000
WYL000031,Joseph Barbuto,Joseph,,Barbuto,,,False,wy,,,,http://legisweb.state.wy.us/LegislatorSummary/photos/BarbutoJH48.jpg,2011-10-26 20:57:40.459000,2013-01-08 00:11:55.778000
WYL000032,Rosie Berger,Rosie,,Berger,,,False,wy,,,,http://legisweb.state.wy.us/LegislatorSummary/photos/BergerRH51.jpg,2011-10-26 20:57:40.470000,2017-04-10 02:48:09.888000
WYL000034,Gregg Blikre,Gregg,,Blikre,,,False,wy,,,,http://legisweb.state.wy.us/LegislatorSummary/photos/BlikreGH53.jpg,2011-10-26 20:57:40.489000,2015-01-13 15:59:51.285000
WYL000035,Dave Bonner,Dave,,Bonner,,,False,wy,,,,http://legisweb.state.wy.us/LegislatorSummary/photos/BonnerDH25.jpg,2011-10-26 20:57:40.499000,2013-01-08 00:11:55.776000
WYL000036,Jonathan Botten,Jonathan,,Botten,,,False,wy,,,,http://legisweb.state.wy.us/LegislatorSummary/photos/11BottenH30.jpg,2011-10-26 20:57:40.509000,2012-12-05 20:10:02.532000
WYL000037,Bob Brechtel,Bob,,Brechtel,,,False,wy,,,,http://legisweb.state.wy.us/LegislatorSummary/photos/BrechtelBH38.jpg,2011-10-26 20:57:40.519000,2013-01-08 00:11:55.794000
WYL000038,Kermit Brown,Kermit,,Brown,,,False,wy,,,,http://legisweb.state.wy.us/LegislatorSummary/photos/BrownKH14.jpg,2011-10-26 20:57:40.528000,2017-04-10 02:48:13.565000
WYL000039,Edward Buchanan,Edward,,Buchanan,,,False,wy,,,,http://legisweb.state.wy.us/LegislatorSummary/photos/11BuchananH4.jpg,2011-10-26 20:57:40.538000,2013-01-08 00:11:55.775000
WYL000042,Rita Campbell,Rita,,Campbell,,,False,wy,,,,http://legisweb.state.wy.us/LegislatorSummary/photos/CampbellH34.jpg,2011-10-26 20:57:40.567000,2017-04-10 02:48:17.027000
WYL000043,Richard Cannady,Richard,,Cannady,,,False,wy,,,,http://legisweb.state.wy.us/LegislatorSummary/photos/CannadyRH06.jpg,2011-10-26 20:57:40.577000,2017-04-10 02:48:20.016000
WYL000044,Pat Childers,Pat,,Childers,,,False,wy,,,,http://legisweb.state.wy.us/LegislatorSummary/photos/ChildersPH50.jpg,2011-10-26 20:57:40.586000,2013-01-08 00:11:55.780000
WYL000046,Bernadine Craft,Bernadine,,Craft,,,False,wy,,,,http://legisweb.state.wy.us/LegislatorSummary/photos/CraftBH17.jpg,2011-10-26 20:57:40.615000,2017-04-10 02:48:06.853000
WYL000047,Kathy Davison,Kathy,,Davison,,,False,wy,,,,http://legisweb.state.wy.us/LegislatorSummary/photos/DavisonKH20.jpg,2011-10-26 20:57:40.624000,2015-01-13 15:59:51.252000
WYL000048,Amy Edmonds,Amy,,Edmonds,,,False,wy,,,,http://legisweb.state.wy.us/LegislatorSummary/photos/EdmondsAH12.jpg,2011-10-26 20:57:40.634000,2013-01-08 00:11:55.781000
WYL000050,Ken Esquibel,Ken,,Esquibel,,,False,wy,,,,http://legisweb.state.wy.us/LegislatorSummary/photos/EsquibelKH41.jpg,2011-10-26 20:57:40.653000,2017-04-10 02:48:23.121000
WYL000052,Gerald Gay,Gerald,,Gay,,,False,wy,,,,http://legisweb.state.wy.us/LegislatorSummary/photos/GayH36.jpg,2011-10-26 20:57:40.673000,2017-04-10 02:48:25.928000
WYL000053,Keith Gingery,Keith,,Gingery,,,False,wy,,,,http://legisweb.state.wy.us/LegislatorSummary/photos/GingeryKH23.jpg,2011-10-26 20:57:40.683000,2015-01-13 15:59:51.258000
WYL000054,W. Patrick Goggles,W. Patrick,,Goggles,,,False,wy,,,,http://legisweb.state.wy.us/LegislatorSummary/photos/GogglesPH33.jpg,2011-10-26 20:57:40.693000,2015-01-13 15:59:51.272000
WYL000056,Matthias Greene,Matthias,,Greene,,,False,wy,,,,http://legisweb.state.wy.us/LegislatorSummary/photos/GreeneH45.jpg,2011-10-26 20:57:40.712000,2015-01-13 15:59:51.278000
WYL000058,Elaine Harvey,Elaine,,Harvey,,,False,wy,,,,http://legisweb.state.wy.us/LegislatorSummary/photos/HarveyEH26.jpg,2011-10-26 20:57:40.732000,2017-04-10 02:48:28.652000
WYL000060,Peter S. Illoway,Peter,S.,Illoway,,Pete,False,wy,,,,http://legisweb.state.wy.us/LegislatorSummary/photos/IllowayPH42.jpg,2011-10-26 20:57:40.751000,2013-01-08 00:11:55.788000
WYL000061,Allen Jaggi,Allen,,Jaggi,,,False,wy,,,,http://legisweb.state.wy.us/LegislatorSummary/photos/JaggiAH18.jpg,2011-10-26 20:57:40.761000,2017-04-10 02:48:31.753000
WYL000062,Norine Kasperik,Norine,,Kasperik,,,False,wy,,,,http://legisweb.state.wy.us/LegislatorSummary/photos/KasperikH32.jpg,2011-10-26 20:57:40.771000,2017-04-10 02:48:34.885000
WYL000063,Kendell Kroeker,Kendell,,Kroeker,,,False,wy,,,,http://legisweb.state.wy.us/LegislatorSummary/photos/KroekerH35.jpg,2011-10-26 20:57:40.787000,2017-04-10 02:48:37.899000
WYL000064,Samuel Krone,Samuel,,Krone,,,False,wy,,,,http://legisweb.state.wy.us/LegislatorSummary/photos/KroneH24.jpg,2011-10-26 20:57:40.797000,2017-04-10 02:48:40.762000
WYL000065,Thomas Lockhart,Thomas,,Lockhart,,,False,wy,,,,http://legisweb.state.wy.us/LegislatorSummary/photos/LockhartTH57.jpg,2011-10-26 20:57:40.807000,2017-04-10 02:48:43.579000
WYL000067,Thomas Lubnau,Thomas,,Lubnau,,,False,wy,,,,http://legisweb.state.wy.us/LegislatorSummary/photos/LubnauTH31.jpg,2011-10-26 20:57:40.826000,2015-01-13 15:59:51.270000
WYL000070,Del McOmie,Del,,McOmie,,,False,wy,,,,http://legisweb.state.wy.us/LegislatorSummary/photos/McomieDH54.jpg,2011-10-26 20:57:40.856000,2013-01-08 00:11:55.796000
WYL000072,Glenn Moniz,Glenn,,Moniz,,,False,wy,,,,http://legisweb.state.wy.us/LegislatorSummary/photos/MonizH46.jpg,2011-10-26 20:57:40.876000,2017-04-10 02:48:46.382000
WYL000074,John Patton,John,,Patton,,,False,wy,,,,http://legisweb.state.wy.us/LegislatorSummary/photos/PattonJH29.jpg,2011-10-26 20:57:40.897000,2015-07-15 15:32:27.212000
WYL000075,Frank Peasley,Frank,,Peasley,,,False,wy,,,,http://legisweb.state.wy.us/LegislatorSummary/photos/PeasleyFH03.jpg,2011-10-26 20:57:40.906000,2013-01-08 00:11:55.773000
WYL000076,Bryan Pedersen,Bryan,,Pedersen,,,False,wy,,,,http://legisweb.state.wy.us/LegislatorSummary/photos/PedersenBH07.jpg,2011-10-26 20:57:40.916000,2013-01-08 00:11:55.792000
WYL000077,Owen Petersen,Owen,,Petersen,,,False,wy,,,,http://legisweb.state.wy.us/LegislatorSummary/photos/PetersenOH19.jpg,2011-10-26 20:57:40.926000,2013-01-08 00:11:55.774000
WYL000078,Ruth Petroff,Ruth,,Petroff,,,False,wy,,,,http://legisweb.state.wy.us/LegislatorSummary/photos/PetroffH16.jpg,2011-10-26 20:57:40.936000,2017-04-10 02:48:49.204000
WYL000079,Lorraine Quarberg,Lorraine,,Quarberg,,,False,wy,,,,http://legisweb.state.wy.us/LegislatorSummary/photos/QuarbergLH28.jpg,2011-10-26 20:57:40.945000,2013-01-08 00:11:55.779000
WYL000080,Tom Reeder,Tom,,Reeder,,,False,wy,,,,http://legisweb.state.wy.us/LegislatorSummary/photos/ReederH58.jpg,2011-10-26 20:57:40.955000,2017-04-10 02:48:52.026000
WYL000081,Jim Roscoe,Jim,,Roscoe,,,False,wy,,,,http://legisweb.state.wy.us/LegislatorSummary/photos/RoscoeJH22.jpg,2011-10-26 20:57:40.965000,2013-01-08 00:11:55.795000
WYL000082,Mark Semlek,Mark,,Semlek,,,False,wy,,,,http://legisweb.state.wy.us/LegislatorSummary/photos/SemlekMH01.jpg,2011-10-26 20:57:40.974000,2015-01-13 15:59:51.244000
WYL000083,William Steward,William,,Steward,,Jeb,False,wy,,,,http://legisweb.state.wy.us/LegislatorSummary/photos/StewardJH47.jpg,2011-10-26 20:57:40.984000,2013-01-08 00:11:55.793000
WYL000084,Tim Stubson,Tim,,Stubson,,,False,wy,,,,http://legisweb.state.wy.us/LegislatorSummary/photos/StubsonTH56.jpg,2011-10-26 20:57:40.995000,2017-04-10 02:48:54.713000
WYL000085,Matt Teeters,Matt,,Teeters,,,False,wy,,,,http://legisweb.state.wy.us/LegislatorSummary/photos/TeetersMH05.jpg,2011-10-26 20:57:41.004000,2015-01-13 15:59:51.280000
WYL000086,Mary Throne,Mary,,Throne,,,False,wy,,,,http://legisweb.state.wy.us/LegislatorSummary/photos/ThroneMH11.jpg,2011-10-26 20:57:41.014000,2017-04-10 02:48:58.428000
WYL000087,Clarence Vranish,Clarence,,Vranish,,,False,wy,,,,http://legisweb.state.wy.us/LegislatorSummary/photos/11VranishH49.jpg,2011-10-26 20:57:41.025000,2013-01-08 00:11:55.791000
WYL000088,Sue Wallis,Sue,,Wallis,,,False,wy,,,,http://legisweb.state.wy.us/LegislatorSummary/photos/WallisSH52.jpg,2011-10-26 20:57:41.034000,2014-12-09 00:20:24.828000
WYL000090,David Zwonitzer,David,,Zwonitzer,,,False,wy,,,,http://legisweb.state.wy.us/LegislatorSummary/photos/ZwonitzerDvH09.jpg,2011-10-26 20:57:41.054000,2017-04-10 02:49:01.362000
WYL000091,Kathy Coleman,Kathy,,Coleman,,,False,wy,,,,http://legisweb.state.wy.us/LegislatorSummary/photos/ColemanH30.jpg,2012-10-17 17:53:07.645000,2015-01-13 15:59:51.265000
WYL000097,David Blevins,David,,Blevins,,,False,wy,,,,http://legisweb.state.wy.us/LegislatorSummary/photos/BlevinsH25.jpg,2013-01-08 00:11:55.337000,2015-01-13 15:59:51.261000
WYL000099,Lee Filer,Lee,,Filer,,,False,wy,,,,http://legisweb.state.wy.us/LegislatorSummary/photos/Filerh12.jpg,2013-01-08 00:11:55.406000,2015-01-13 15:59:51.248000
WYL000101,Lynn Hutchings,Lynn,,Hutchings,,,False,wy,,,,http://legisweb.state.wy.us/LegislatorSummary/photos/HutchingsH42.jpg,2013-01-08 00:11:55.467000,2015-01-13 15:59:51.274000
WYL000110,Stephen Watt,Stephen,,Watt,,,False,wy,,,,http://legisweb.state.wy.us/LegislatorSummary/photos/WattH17.jpg,2013-01-08 00:11:55.630000,2015-01-13 15:59:51.250000
WYL000117,Troy Mader,Troy,,Mader,,,False,wy,,,,http://legisweb.state.wy.us/LegislatorSummary/photos/MaderTH52.jpg,2014-02-12 00:22:35.927000,2015-01-13 15:59:51.283000
WYL000120,Harlan Edmonds,Harlan,,Edmonds,,,False,wy,,,,http://legisweb.state.wy.us/LegislatorSummary/photos/edmondshH12.jpg,2015-01-13 15:59:49.940000,2017-01-02 05:58:44.134000
WYL000128,Fred Baldwin,Fred,,Baldwin,,,False,wy,,,,http://legisweb.state.wy.us/LegislatorSummary/photos/baldwinFH18.jpg,2015-01-13 15:59:50.527000,2017-04-10 02:49:04.454000
WYL000033,Stan Blake,Stan,,Blake,,,True,wy,lower,39,Democratic,http://legisweb.state.wy.us/LegislatorSummary/photos/BlakeSH39.jpg,2011-10-26 20:57:40.480000,2017-05-31 08:12:12.420000
WYL000040,Donald Burkhart Jr,Donald,,Burkhart,Jr,,True,wy,lower,15,Republican,http://legisweb.state.wy.us/LegislatorSummary/photos/BurkhartH15.jpg,2011-10-26 20:57:40.548000,2017-05-31 08:12:12.568000
WYL000041,James Byrd,James,,Byrd,,,True,wy,lower,44,Democratic,http://legisweb.state.wy.us/LegislatorSummary/photos/ByrdJH44.jpg,2011-10-26 20:57:40.557000,2017-05-31 08:12:12.300000
WYL000045,Cathy Connolly,Cathy,,Connolly,,,True,wy,lower,13,Democratic,http://legisweb.state.wy.us/LegislatorSummary/photos/ConnollyCH13.jpg,2011-10-26 20:57:40.596000,2017-05-31 08:12:12.387000
WYL000049,John Eklund,John,,Eklund,,,True,wy,lower,10,Republican,http://legisweb.state.wy.us/LegislatorSummary/photos/EklundH10.jpg,2011-10-26 20:57:40.644000,2017-05-31 08:12:12.039000
WYL000051,John Freeman,John,,Freeman,,,True,wy,lower,60,Democratic,http://legisweb.state.wy.us/LegislatorSummary/photos/FreemanH60.jpg,2011-10-26 20:57:40.663000,2017-05-31 08:12:12.548000
WYL000055,Mike Greear,Mike,,Greear,,,True,wy,lower,27,Republican,http://legisweb.state.wy.us/LegislatorSummary/photos/GreearH27.jpg,2011-10-26 20:57:40.703000,2017-05-31 08:12:12.377000
WYL000057,Steve Harshman,Steve,,Harshman,,,True,wy,lower,37,Republican,http://legisweb.state.wy.us/LegislatorSummary/photos/HarshmanSH37.jpg,2011-10-26 20:57:40.722000,2017-05-31 08:12:12.366000
WYL000059,Hans Hunt,Hans,,Hunt,,,True,wy,lower,2,Republican,http://legisweb.state.wy.us/LegislatorSummary/photos/HuntH2.jpg,2011-10-26 20:57:40.741000,2017-05-31 08:12:12.539000
WYL000066,Bunky Loucks,Bunky,,Loucks,,,True,wy,lower,59,Republican,http://legisweb.state.wy.us/LegislatorSummary/photos/LoucksH59.jpg,2011-10-26 20:57:40.816000,2017-05-31 08:12:12.556000
WYL000068,Michael Madden,Michael,,Madden,,,True,wy,lower,40,Republican,http://legisweb.state.wy.us/LegislatorSummary/photos/MaddenMH40.jpg,2011-10-26 20:57:40.836000,2017-05-31 08:12:12.369000
WYL000069,Robert McKim,Robert,,McKim,,,True,wy,lower,21,Republican,http://legisweb.state.wy.us/LegislatorSummary/photos/McKimRH21.jpg,2011-10-26 20:57:40.847000,2017-05-31 08:12:12.418000
WYL000071,David Miller,David,,Miller,,,True,wy,lower,55,Republican,http://legisweb.state.wy.us/LegislatorSummary/photos/MillerDH55.jpg,2011-10-26 20:57:40.866000,2017-05-31 08:12:12.361000
WYL000073,Bob Nicholas,Bob,,Nicholas,,,True,wy,lower,8,Republican,http://legisweb.state.wy.us/LegislatorSummary/photos/NicholasH8.jpg,2011-10-26 20:57:40.887000,2017-05-31 08:12:12.449000
WYL000089,Dan Zwonitzer,Dan,,Zwonitzer,,,True,wy,lower,43,Republican,http://legisweb.state.wy.us/LegislatorSummary/photos/ZwonitzerDnH43.jpg,2011-10-26 20:57:41.044000,2017-05-31 08:12:11.609000
WYL000095,Mark Baker,Mark,,Baker,,,True,wy,lower,48,Republican,http://legisweb.state.wy.us/LegislatorSummary/photos/BakerH48.jpg,2013-01-08 00:11:55.314000,2017-05-31 08:11:53.827000
WYL000096,Eric Barlow,Eric,,Barlow,,,True,wy,lower,3,Republican,http://legisweb.state.wy.us/LegislatorSummary/photos/BarlowH03.jpg,2013-01-08 00:11:55.320000,2017-05-31 08:12:12.320000
WYL000100,Marti Halverson,Marti,,Halverson,,,True,wy,lower,22,Republican,http://legisweb.state.wy.us/LegislatorSummary/photos/HalversonH22.jpg,2013-01-08 00:11:55.445000,2017-05-31 08:12:12.599000
WYL000103,Dan Kirkbride,Dan,,Kirkbride,,,True,wy,lower,4,Republican,http://legisweb.state.wy.us/LegislatorSummary/photos/KirkbrideH04.jpg,2013-01-08 00:11:55.484000,2017-05-31 08:12:11.977000
WYL000104,Lloyd Larsen,Lloyd,,Larsen,,,True,wy,lower,54,Republican,http://legisweb.state.wy.us/LegislatorSummary/photos/LarsenH54.jpg,2013-01-08 00:11:55.501000,2017-05-31 08:12:12.562000
WYL000105,David Northrup,David,,Northrup,,,True,wy,lower,50,Republican,http://legisweb.state.wy.us/LegislatorSummary/photos/NorthrupH50.jpg,2013-01-08 00:11:55.553000,2017-05-31 08:12:12.531000
WYL000106,Jerry Paxton,Jerry,,Paxton,,,True,wy,lower,47,Republican,http://legisweb.state.wy.us/LegislatorSummary/photos/PaxtonH47.jpg,2013-01-08 00:11:55.564000,2017-05-31 08:12:12.534000
WYL000107,Garry Piiparinen,Garry,,Piiparinen,,,True,wy,lower,49,Republican,http://legisweb.state.wy.us/LegislatorSummary/photos/PiiparinenH49.jpg,2013-01-08 00:11:55.579000,2017-05-31 08:12:12.542000
WYL000108,Albert Sommers,Albert,,Sommers,,,True,wy,lower,20,Republican,http://legisweb.state.wy.us/LegislatorSummary/photos/SommersH20.jpg,2013-01-08 00:11:55.595000,2017-05-31 08:12:12.379000
WYL000109,Tom Walters,Tom,,Walters,,,True,wy,lower,38,Republican,http://legisweb.state.wy.us/LegislatorSummary/photos/WaltersH38.jpg,2013-01-08 00:11:55.624000,2017-05-31 08:12:12.358000
WYL000111,Sue Wilson,Sue,,Wilson,,,True,wy,lower,7,Republican,http://legisweb.state.wy.us/LegislatorSummary/photos/WilsonH07.jpg,2013-01-08 00:11:55.635000,2017-05-31 08:12:12.374000
WYL000112,Nathan Winters,Nathan,,Winters,,,True,wy,lower,28,Republican,http://legisweb.state.wy.us/LegislatorSummary/photos/WintersH28.jpg,2013-01-08 00:11:55.642000,2017-05-31 08:12:11.990000
WYL000119,Jim Blackburn,Jim,,Blackburn,,,True,wy,lower,42,Republican,http://legisweb.state.wy.us/LegislatorSummary/photos/BlackburnJH42.jpg,2015-01-13 15:59:49.919000,2017-05-31 08:11:53.863000
WYL000121,Mark Jennings,Mark,,Jennings,,,True,wy,lower,30,Republican,http://legisweb.state.wy.us/LegislatorSummary/photos/jenningsmH30.jpg,2015-01-13 15:59:49.991000,2017-05-31 08:11:53.871000
WYL000122,Cheri Steinmetz,Cheri,,Steinmetz,,,True,wy,lower,5,Republican,http://legisweb.state.wy.us/LegislatorSummary/photos/steinmetzcH05.jpg,2015-01-13 15:59:50.052000,2017-05-31 08:12:11.941000
WYL000123,Dan Laursen,Dan,,Laursen,,,True,wy,lower,25,Republican,http://legisweb.state.wy.us/LegislatorSummary/photos/laursendH25.jpg,2015-01-13 15:59:50.376000,2017-05-31 08:11:53.844000
WYL000124,JoAnn Dayton,JoAnn,,Dayton,,,True,wy,lower,17,Democratic,http://legisweb.state.wy.us/LegislatorSummary/photos/DaytonJH17.jpg,2015-01-13 15:59:50.407000,2017-05-31 08:12:12.324000
WYL000125,Jim Allen,Jim,,Allen,,,True,wy,lower,33,Republican,http://legisweb.state.wy.us/LegislatorSummary/photos/AllenJH33.jpg,2015-01-13 15:59:50.426000,2017-05-31 08:11:53.862000
WYL000126,Bill Pownall,Bill,,Pownall,,,True,wy,lower,52,Republican,http://legisweb.state.wy.us/LegislatorSummary/photos/PownallBH52.jpg,2015-01-13 15:59:50.455000,2017-05-31 08:11:53.833000
WYL000129,Andy Schwartz,Andy,,Schwartz,,,True,wy,lower,23,Democratic,http://legisweb.state.wy.us/LegislatorSummary/photos/schwartzaH23.jpg,2015-01-13 15:59:50.537000,2017-05-31 08:11:53.830000
WYL000130,Roy Edwards,Roy,,Edwards,,,True,wy,lower,53,Republican,http://legisweb.state.wy.us/LegislatorSummary/photos/edwardsrH53.jpg,2015-01-13 15:59:50.577000,2017-05-31 08:12:11.821000
WYL000131,Scott Clem,Scott,,Clem,,,True,wy,lower,31,Republican,http://legisweb.state.wy.us/LegislatorSummary/photos/clemsH31.jpg,2015-01-13 15:59:50.815000,2017-05-31 08:12:12.477000
WYL000132,Charles Pelkey,Charles,,Pelkey,,,True,wy,lower,45,Democratic,http://legisweb.state.wy.us/LegislatorSummary/photos/pelkeycH45.jpg,2015-01-13 15:59:50.847000,2017-05-31 08:12:12.364000
WYL000133,Tyler Lindholm,Tyler,,Lindholm,,,True,wy,lower,1,Republican,http://legisweb.state.wy.us/LegislatorSummary/photos/lindholmtH01.jpg,2015-01-13 15:59:50.856000,2017-05-31 08:12:11.236000
WYL000137,Mark Kinner,Mark,,Kinner,,,True,wy,lower,29,Republican,http://legisweb.state.wy.us/LegislatorSummary/photos/KinnerMH29.jpg,2015-05-19 23:49:41.382000,2017-05-31 08:12:12.546000
WYL000138,Lars Lone,Lars,,Lone,,,True,wy,lower,12,Republican,http://legisweb.state.wy.us/LegislatorSummary/photos/LoneLH12.jpg,2017-01-02 05:58:43.536000,2017-05-31 08:12:12.331000
WYL000139,Danny Eyre,Danny,,Eyre,,,True,wy,lower,19,Republican,http://legisweb.state.wy.us/LegislatorSummary/photos/EyreDH19.jpg,2017-01-05 01:57:23.083000,2017-05-31 08:12:12.044000
WYL000140,Bo Biteman,Bo,,Biteman,,,True,wy,lower,51,Republican,http://legisweb.state.wy.us/LegislatorSummary/photos/BitemanDH51.jpg,2017-01-05 01:57:23.089000,2017-05-31 08:11:53.834000
WYL000141,Debbie Bovee,Debbie,,Bovee,,,True,wy,lower,36,Democratic,http://legisweb.state.wy.us/LegislatorSummary/photos/BoveeDH36.jpg,2017-01-05 01:57:23.108000,2017-05-31 08:12:12.551000
WYL000142,Jerry Obermueller,Jerry,,Obermueller,,,True,wy,lower,56,Republican,http://legisweb.state.wy.us/LegislatorSummary/photos/ObermuellerJH56.jpg,2017-01-05 01:57:23.123000,2017-05-31 08:12:11.992000
WYL000143,Mike Gierau,Mike,,Gierau,,,True,wy,lower,16,Democratic,http://legisweb.state.wy.us/LegislatorSummary/photos/GierauMH16.jpg,2017-01-05 01:57:23.132000,2017-05-31 08:11:53.876000
WYL000144,Tim Salazar,Tim,,Salazar,,,True,wy,lower,34,Republican,http://legisweb.state.wy.us/LegislatorSummary/photos/SalazarTH34.jpg,2017-01-05 01:57:23.146000,2017-05-31 08:11:53.891000
WYL000145,Landon Brown,Landon,,Brown,,,True,wy,lower,9,Republican,http://legisweb.state.wy.us/LegislatorSummary/photos/BrownLH09.jpg,2017-01-05 01:57:23.154000,2017-05-31 08:12:12.537000
WYL000147,Jamie Flitner,Jamie,,Flitner,,,True,wy,lower,26,Republican,http://legisweb.state.wy.us/LegislatorSummary/photos/FlitnerJH26.jpg,2017-01-05 01:57:23.175000,2017-05-31 08:12:12.544000
WYL000148,Scott Court,Scott,,Court,,,True,wy,lower,24,Republican,http://legisweb.state.wy.us/LegislatorSummary/photos/CourtSH24.jpg,2017-01-05 01:57:23.182000,2017-05-31 08:12:12.182000
WYL000149,Jared Olsen,Jared,,Olsen,,,True,wy,lower,11,Republican,http://legisweb.state.wy.us/LegislatorSummary/photos/OlsenJH11.jpg,2017-01-05 01:57:23.188000,2017-05-31 08:12:11.072000
WYL000150,Tom Crank,Tom,,Crank,,,True,wy,lower,18,Republican,http://legisweb.state.wy.us/LegislatorSummary/photos/CrankTH18.jpg,2017-01-05 01:57:23.198000,2017-05-31 08:11:53.892000
WYL000154,Dan Furphy,Dan,,Furphy,,,True,wy,lower,14,Republican,http://legisweb.state.wy.us/LegislatorSummary/photos/FurphyDH14.jpg,2017-01-05 01:57:23.236000,2017-05-31 08:12:12.280000
WYL000155,Bill Haley,Bill,,Haley,,,True,wy,lower,46,Republican,http://legisweb.state.wy.us/LegislatorSummary/photos/HaleyWH46.jpg,2017-01-05 01:57:23.260000,2017-05-31 08:11:53.831000
WYL000156,Bill Henderson,Bill,,Henderson,,,True,wy,lower,41,Republican,http://legisweb.state.wy.us/LegislatorSummary/photos/HendersonWH41.jpg,2017-01-05 01:57:23.286000,2017-05-31 08:11:53.832000
WYL000158,Aaron Clausen,Aaron,,Clausen,,,True,wy,lower,6,Republican,http://legisweb.state.wy.us/LegislatorSummary/photos/ClausenRH06.jpg,2017-01-05 01:57:23.308000,2017-05-31 08:11:53.828000
WYL000159,Timothy Hallinan,Timothy,,Hallinan,,,True,wy,lower,32,Republican,http://legisweb.state.wy.us/LegislatorSummary/photos/HallinanTH32.jpg,2017-01-05 01:57:23.314000,2017-05-31 08:12:12.322000
WYL000160,Chuck Gray,Chuck,,Gray,,,True,wy,lower,57,Republican,http://legisweb.state.wy.us/LegislatorSummary/photos/GrayCH57.jpg,2017-01-05 01:57:23.338000,2017-05-31 08:11:53.841000
WYL000162,Pat Sweeney,Pat,,Sweeney,,,True,wy,lower,58,Republican,http://legisweb.state.wy.us/LegislatorSummary/photos/SweeneyPH58.jpg,2017-01-05 01:57:23.357000,2017-05-31 08:11:53.881000
WYL000164,Joe MacGuire,Joe,,MacGuire,,,True,wy,lower,35,Republican,http://legisweb.state.wy.us/LegislatorSummary/photos/MacGuireJH35.jpg,2017-01-06 08:04:52.279000,2017-05-31 08:11:53.865000
WYL000002,Paul Barnard,Paul,,Barnard,,,True,wy,upper,15,Republican,http://legisweb.state.wy.us/LegislatorSummary/photos/BarnardS15.jpg,2011-10-26 20:57:39.994000,2017-05-31 08:12:12.240000
WYL000003,Eli Bebout,Eli,,Bebout,,,True,wy,upper,26,Republican,http://legisweb.state.wy.us/LegislatorSummary/photos/BeboutES26.jpg,2011-10-26 20:57:40.003000,2017-05-31 08:12:12.571000
WYL000004,Bruce Burns,Bruce,,Burns,,,True,wy,upper,21,Republican,http://legisweb.state.wy.us/LegislatorSummary/photos/BurnsBS21.jpg,2011-10-26 20:57:40.013000,2017-05-31 08:12:11.746000
WYL000005,Cale Case,Cale,,Case,,,True,wy,upper,25,Republican,http://legisweb.state.wy.us/LegislatorSummary/photos/CaseCS25.jpg,2011-10-26 20:57:40.022000,2017-05-31 08:12:12.246000
WYL000006,Leland Christensen,Leland,,Christensen,,,True,wy,upper,17,Republican,http://legisweb.state.wy.us/LegislatorSummary/photos/ChristensenS17.jpg,2011-10-26 20:57:40.032000,2017-05-31 08:12:12.464000
WYL000007,Henry H.R. Coe,Henry,H.R.,Coe,,Hank,True,wy,upper,18,Republican,http://legisweb.state.wy.us/LegislatorSummary/photos/CoeHS18.jpg,2011-10-26 20:57:40.190000,2017-05-31 08:12:12.585000
WYL000009,Dan Dockstader,Dan,,Dockstader,,,True,wy,upper,16,Republican,http://legisweb.state.wy.us/LegislatorSummary/photos/DockstaderDS16.jpg,2011-10-26 20:57:40.209000,2017-05-31 08:12:12.402000
WYL000010,Ogden Driskill,Ogden,,Driskill,,,True,wy,upper,1,Republican,http://legisweb.state.wy.us/LegislatorSummary/photos/DriskillS1.jpg,2011-10-26 20:57:40.219000,2017-05-31 08:12:12.591000
WYL000011,Fred Emerich,Fred,,Emerich,,,True,wy,upper,5,Republican,http://legisweb.state.wy.us/LegislatorSummary/photos/EmerichS5.jpg,2011-10-26 20:57:40.228000,2017-05-31 08:12:12.232000
WYL000014,John Hastert,John,,Hastert,,,True,wy,upper,13,Democratic,http://legisweb.state.wy.us/LegislatorSummary/photos/HastertJS13.jpg,2011-10-26 20:57:40.258000,2017-05-31 08:12:12.259000
WYL000015,Larry Hicks,Larry,,Hicks,,,True,wy,upper,11,Republican,http://legisweb.state.wy.us/LegislatorSummary/photos/HicksS11.jpg,2011-10-26 20:57:40.275000,2017-05-31 08:12:12.441000
WYL000019,Bill Landen,Bill,,Landen,,,True,wy,upper,27,Republican,http://legisweb.state.wy.us/LegislatorSummary/photos/LandenBS27.jpg,2011-10-26 20:57:40.313000,2017-05-31 08:12:12.588000
WYL000021,Curt Meier,Curt,,Meier,,,True,wy,upper,3,Republican,http://legisweb.state.wy.us/LegislatorSummary/photos/MeierCS03.jpg,2011-10-26 20:57:40.339000,2017-05-31 08:12:12.345000
WYL000024,Drew Perkins,Drew,,Perkins,,,True,wy,upper,29,Republican,http://legisweb.state.wy.us/LegislatorSummary/photos/PerkinsDS29.jpg,2011-10-26 20:57:40.373000,2017-05-31 08:12:12.565000
WYL000025,R. Ray Peterson,R. Ray,,Peterson,,,True,wy,upper,19,Republican,http://legisweb.state.wy.us/LegislatorSummary/photos/PetersonRS19.jpg,2011-10-26 20:57:40.383000,2017-05-31 08:12:12.496000
WYL000027,Chris Rothfuss,Chris,,Rothfuss,,,True,wy,upper,9,Democratic,http://legisweb.state.wy.us/LegislatorSummary/photos/RothfussS9.jpg,2011-10-26 20:57:40.420000,2017-05-31 08:12:12.582000
WYL000029,Charles Scott,Charles,,Scott,,,True,wy,upper,30,Republican,http://legisweb.state.wy.us/LegislatorSummary/photos/ScottCS30.jpg,2011-10-26 20:57:40.439000,2017-05-31 08:12:12.485000
WYL000030,Michael Von Flatern,Michael,,Von Flatern,,,True,wy,upper,24,Republican,http://legisweb.state.wy.us/LegislatorSummary/photos/VonflaternMS24.jpg,2011-10-26 20:57:40.449000,2017-05-31 08:12:12.269000
WYL000093,James Lee Anderson,James Lee,,Anderson,,,True,wy,upper,28,Republican,http://legisweb.state.wy.us/LegislatorSummary/photos/AndersonS28.jpg,2013-01-08 00:11:55.142000,2017-05-31 08:12:12.348000
WYL000118,Dave Kinskey,Dave,,Kinskey,,,True,wy,upper,22,Republican,http://legisweb.state.wy.us/LegislatorSummary/photos/KinskeyDS22.jpg,2014-07-15 23:22:11.565000,2017-05-31 08:12:12.602000
WYL000127,Jeff Wasserburger,Jeff,,Wasserburger,,,True,wy,upper,23,Republican,http://legisweb.state.wy.us/LegislatorSummary/photos/WasserburgerJS23.jpg,2015-01-13 15:59:50.507000,2017-05-31 08:12:12.238000
WYL000134,Stephan Pappas,Stephan,,Pappas,,,True,wy,upper,7,Republican,http://legisweb.state.wy.us/LegislatorSummary/photos/pappassS07.jpg,2015-01-13 15:59:50.919000,2017-05-31 08:12:12.594000
WYL000136,Brian Boner,Brian,,Boner,,,True,wy,upper,2,Republican,http://legisweb.state.wy.us/LegislatorSummary/photos/BonerS02.jpg,2015-04-10 23:48:31.477000,2017-05-31 08:12:12.459000
WYL000146,Wyatt Agar,Wyatt,,Agar,,,True,wy,upper,20,Republican,http://legisweb.state.wy.us/LegislatorSummary/photos/AgarWS20.jpg,2017-01-05 01:57:23.167000,2017-05-31 08:12:12.285000
WYL000151,Glenn Moniz,Glenn,,Moniz,,,True,wy,upper,10,Republican,http://legisweb.state.wy.us/LegislatorSummary/photos/MonizGS10.jpg,2017-01-05 01:57:23.206000,2017-05-31 08:12:12.111000
WYL000152,Fred Baldwin,Fred,,Baldwin,,,True,wy,upper,14,Republican,http://legisweb.state.wy.us/LegislatorSummary/photos/BaldwinFS14.jpg,2017-01-05 01:57:23.215000,2017-05-31 08:12:12.482000
WYL000153,Liisa Anselmi-Dalton,Liisa,,Anselmi-Dalton,,,True,wy,upper,12,Democratic,http://legisweb.state.wy.us/LegislatorSummary/photos/Anselmi-DaltonLS12.jpg,2017-01-05 01:57:23.220000,2017-05-31 08:12:12.523000
WYL000157,Affie Ellis,Affie,,Ellis,,,True,wy,upper,8,Republican,http://legisweb.state.wy.us/LegislatorSummary/photos/EllisAS08.jpg,2017-01-05 01:57:23.303000,2017-05-31 08:12:12.248000
WYL000161,Tara Nethercott,Tara,,Nethercott,,,True,wy,upper,4,Republican,http://legisweb.state.wy.us/LegislatorSummary/photos/NethercottTS04.jpg,2017-01-05 01:57:23.351000,2017-05-31 08:12:12.577000
WYL000163,Anthony Bouchard,Anthony,,Bouchard,,,True,wy,upper,6,Republican,http://legisweb.state.wy.us/LegislatorSummary/photos/BouchardAS06.jpg,2017-01-05 01:57:23.362000,2017-05-31 08:12:12.338000
