id,state,chamber,committee,subcommittee,parent_id
ORC000119,or,joint,General Government,,
ORC000120,or,joint,Public Safety,,
ORC000124,or,joint,Human Services,,
ORC000130,or,joint,Education,,
ORC000131,or,joint,Natural Resources,,
ORC000138,or,joint,Capital Construction,,
ORC000142,or,joint,Transportation and Economic Development,,
ORC000144,or,joint,Ways and Means,,
ORC000149,or,joint,Legislative Administration,,
ORC000160,or,joint,Legislative Counsel,,
ORC000178,or,joint,Tax Credits,,
ORC000203,or,joint,Legislative Audits,,
ORC000207,or,joint,Transportation Preservation and Modernization,,
ORC000208,or,joint,Legislative Policy and Research,,
ORC000209,or,joint,Legislative Information Management and Technology,,
ORC000212,or,joint,Marijuana Regulation,,
ORC000215,or,joint,Information Management and Technology,,
ORC000216,or,joint,Transparency Oregon Advisory Commission,,
ORC000217,or,joint,Tax Reform,,
ORC000218,or,joint,HB 2147,,
ORC000219,or,joint,SCR 14,,
ORC000002,or,lower,Judiciary,,
ORC000003,or,lower,Agriculture and Natural Resources,,
ORC000007,or,lower,Health Care,,
ORC000013,or,lower,Business and Labor,,
ORC000017,or,lower,Revenue,,
ORC000027,or,lower,Rules,,
ORC000071,or,lower,Human Services and Housing,,
ORC000073,or,lower,Higher Education and Workforce Development,,
ORC000076,or,lower,Energy and Environment,,
ORC000143,or,lower,Education,,
ORC000181,or,lower,Veterans and Emergency Preparedness,,
ORC000189,or,lower,Conduct,,
ORC000206,or,lower,Early Childhood and Family Supports,,
ORC000210,or,lower,Economic Development and Trade,,
ORC000214,or,lower,Transportation Policy,,
ORC000032,or,upper,Environment and Natural Resources,,
ORC000041,or,upper,Rules,,
ORC000057,or,upper,Finance and Revenue,,
ORC000059,or,upper,Judiciary,,
ORC000077,or,upper,Business and Transportation,,
ORC000078,or,upper,Veterans and Emergency Preparedness,,
ORC000159,or,upper,Conduct,,
ORC000177,or,upper,Workforce,,
ORC000180,or,upper,Education,,
ORC000182,or,upper,Health Care,,
ORC000211,or,upper,General Government and Accountability,,
ORC000213,or,upper,Human Services,,
