leg_id,full_name,first_name,middle_name,last_name,suffixes,nickname,active,state,chamber,district,party,photo_url,created_at,updated_at
ORL000001,Jason Atkinson,Jason,,Atkinson,,,False,or,,,,http://www.leg.state.or.us/atkinson/member_photo.jpg,2011-06-13 14:45:49.471000,2013-01-15 16:11:15.497000
ORL000002,Alan C Bates,Alan,,Bates,,,False,or,,,,http://www.oregonlegislature.gov/senate/MemberPhotos/bates.jpg,2011-06-13 14:45:49.474000,2017-01-10 09:26:27.276000
ORL000004,Suzanne Bonamici,Suzanne,,Bonamici,,,False,or,,,,http://www.leg.state.or.us/bonamici/member_photo.jpg,2011-06-13 14:45:49.480000,2012-07-11 15:44:59.776000
ORL000009,Jackie Dingfelder,Jackie,,Dingfelder,,,False,or,,,,http://www.leg.state.or.us/dingfelder/member_photo.jpg,2011-06-13 14:45:49.493000,2014-01-17 19:34:50.752000
ORL000010,Chris Edwards,Chris,,Edwards,,,False,or,,,,http://www.oregonlegislature.gov/senate/MemberPhotos/edwards.jpg,2011-06-13 14:45:49.496000,2017-01-10 09:26:27.279000
ORL000012,Larry George,Larry,,George,,,False,or,,,,http://www.oregonlegislature.gov/senate/MemberPhotos/george.jpg,2011-06-13 14:45:49.500000,2015-01-31 00:00:01.604000
ORL000019,Frank Morse,Frank,,Morse,,,False,or,,,,http://www.leg.state.or.us/morse/member_photo.jpg,2011-06-13 14:45:49.540000,2012-12-17 19:47:16.561000
ORL000020,David Nelson,David,,Nelson,,,False,or,,,,http://www.leg.state.or.us/nelson_david/member_photo.jpg,2011-06-13 14:45:49.543000,2013-01-15 16:11:15.498000
ORL000023,Diane Rosenbaum,Diane,,Rosenbaum,,,False,or,,,,http://www.oregonlegislature.gov/senate/MemberPhotos/rosenbaum.jpg,2011-06-13 14:45:49.564000,2017-01-10 09:26:27.280000
ORL000024,Chip Shields,Chip,,Shields,,,False,or,,,,http://www.oregonlegislature.gov/senate/MemberPhotos/shields.jpg,2011-06-13 14:45:49.567000,2017-01-10 09:26:27.278000
ORL000025,Bruce Starr,Bruce,,Starr,,,False,or,,,,http://www.oregonlegislature.gov/senate/MemberPhotos/starr.jpg,2011-06-13 14:45:49.570000,2015-01-31 00:00:01.605000
ORL000026,Chris Telfer,Chris,,Telfer,,,False,or,,,,http://www.leg.state.or.us/telfer/member_photo.jpg,2011-06-13 14:45:49.572000,2013-01-15 16:11:15.499000
ORL000028,Joanne Verger,Joanne,,Verger,,,False,or,,,,http://www.leg.state.or.us/verger/member_photo.jpg,2011-06-13 14:45:49.578000,2013-01-15 16:11:15.500000
ORL000029,Doug Whitsett,Doug,,Whitsett,,,False,or,,,,http://www.oregonlegislature.gov/senate/MemberPhotos/whitsett.jpg,2011-06-13 14:45:49.603000,2017-01-10 09:26:27.282000
ORL000031,Jules Bailey,Jules,,Bailey,,,False,or,,,,http://www.oregonlegislature.gov/house/MemberPhotos/bailey.jpg,2011-06-13 14:45:49.608000,2014-11-25 00:27:29.176000
ORL000035,Vicki Berger,Vicki,,Berger,,,False,or,,,,http://www.oregonlegislature.gov/house/MemberPhotos/berger.jpg,2011-06-13 14:45:49.639000,2015-01-31 00:00:01.591000
ORL000036,E. Terry Beyer,E. Terry,,Beyer,,,False,or,,,,http://www.leg.state.or.us/beyert/member_photo.jpg,2011-06-13 14:45:49.641000,2013-01-15 16:11:15.477000
ORL000038,Katie Eyre Brewer,Katie,,Eyre Brewer,,,False,or,,,,http://www.leg.state.or.us/eyrebrewer/member_photo.jpg,2011-06-13 14:45:49.646000,2013-01-15 16:11:15.479000
ORL000039,Peter Buckley,Peter,,Buckley,,,False,or,,,,http://www.oregonlegislature.gov/house/MemberPhotos/buckley.jpg,2011-06-13 14:45:49.648000,2017-01-10 09:26:27.270000
ORL000040,Kevin Cameron,Kevin,,Cameron,,,False,or,,,,http://www.oregonlegislature.gov/house/MemberPhotos/cameron.jpg,2011-06-13 14:45:49.650000,2014-11-25 00:27:29.179000
ORL000041,Ben Cannon,Ben,,Cannon,,,False,or,,,,http://www.leg.state.or.us/cannon/member_photo.jpg,2011-06-13 14:45:49.652000,2012-07-11 16:17:54.806000
ORL000043,Jason Conger,Jason,,Conger,,,False,or,,,,http://www.oregonlegislature.gov/house/MemberPhotos/conger.jpg,2011-06-13 14:45:49.657000,2015-01-31 00:00:01.602000
ORL000044,Jean Cowan,Jean,,Cowan,,,False,or,,,,http://www.leg.state.or.us/cowan/member_photo.jpg,2011-06-13 14:45:49.660000,2013-01-15 16:11:15.480000
ORL000048,Lew Frederick,Lew,,Frederick,,,False,or,,,,http://www.oregonlegislature.gov/house/MemberPhotos/frederick.jpg,2011-06-13 14:45:49.687000,2017-01-10 09:26:27.269000
ORL000049,Tim Freeman,Tim,,Freeman,,,False,or,,,,http://www.oregonlegislature.gov/house/MemberPhotos/freeman.jpg,2011-06-13 14:45:49.690000,2015-01-31 00:00:01.590000
ORL000050,Bill Garrard,Bill,,Garrard,,,False,or,,,,http://www.leg.state.or.us/garrard/member_photo.jpg,2011-06-13 14:45:49.692000,2013-01-15 16:11:15.481000
ORL000051,Chris Garrett,Chris,,Garrett,,,False,or,,,,http://www.leg.state.or.us/garrett/member_photo.jpg,2011-06-13 14:45:49.695000,2014-11-25 00:27:29.178000
ORL000053,Vic Gilliam,Vic,,Gilliam,,,False,or,,,,http://www.oregonlegislature.gov/house/MemberPhotos/gilliam.jpg,2011-06-13 14:45:49.754000,2017-02-25 21:23:05.956000
ORL000055,Bruce L Hanna,Bruce,,Hanna,,,False,or,,,,http://www.oregonlegislature.gov/house/MemberPhotos/hanna.jpg,2011-06-13 14:45:49.759000,2015-01-31 00:00:01.603000
ORL000056,Chris Harker,Chris,,Harker,,,False,or,,,,http://www.oregonlegislature.gov/house/MemberPhotos/harker.jpg,2011-06-13 14:45:49.761000,2015-01-31 00:00:01.597000
ORL000057,Wally Hicks,Matthew,,Hicks,,Wally,False,or,,,,http://www.oregonlegislature.gov/house/MemberPhotos/hicks.jpg,2011-06-13 14:45:49.763000,2015-01-31 00:00:01.596000
ORL000059,Val Hoyle,Val,,Hoyle,,,False,or,,,,http://www.oregonlegislature.gov/house/MemberPhotos/hoyle.jpg,2011-06-13 14:45:49.788000,2017-01-10 09:26:27.274000
ORL000061,Dave Hunt,Dave,,Hunt,,,False,or,,,,http://www.leg.state.or.us/hunt/member_photo.jpg,2011-06-13 14:45:49.811000,2013-01-15 16:11:15.482000
ORL000062,Bob Jenson,Bob,,Jenson,,,False,or,,,,http://www.oregonlegislature.gov/house/MemberPhotos/jenson.jpg,2011-06-13 14:45:49.813000,2015-01-31 00:00:01.603000
ORL000065,Betty Komp,Betty,,Komp,,,False,or,,,,http://www.oregonlegislature.gov/house/MemberPhotos/komp.jpg,2011-06-13 14:45:49.820000,2017-01-10 09:26:27.251000
ORL000067,Wayne Krieger,Wayne,,Krieger,,,False,or,,,,http://www.oregonlegislature.gov/house/MemberPhotos/krieger.jpg,2011-06-13 14:45:49.824000,2017-01-10 09:26:27.275000
ORL000068,Shawn Lindsay,Shawn,,Lindsay,,,False,or,,,,http://www.leg.state.or.us/lindsay/member_photo.jpg,2011-06-13 14:45:49.827000,2013-01-15 16:11:15.483000
ORL000069,Greg Matthews,Greg,,Matthews,,,False,or,,,,http://www.oregonlegislature.gov/house/MemberPhotos/matthews.jpg,2011-06-13 14:45:49.830000,2015-01-31 00:00:01.601000
ORL000072,Mary Nolan,Mary,,Nolan,,,False,or,,,,http://www.leg.state.or.us/nolan/member_photo.jpg,2011-06-13 14:45:49.849000,2013-01-15 16:11:15.484000
ORL000075,Tobias Read,Tobias,,Read,,,False,or,,,,http://www.oregonlegislature.gov/house/MemberPhotos/read.jpg,2011-06-13 14:45:49.856000,2017-01-10 09:26:27.272000
ORL000076,Dennis Richardson,Dennis,,Richardson,,,False,or,,,,http://www.oregonlegislature.gov/house/MemberPhotos/richardson.jpg,2011-06-13 14:45:49.859000,2015-01-31 00:00:01.598000
ORL000078,Mike Schaufler,Mike,,Schaufler,,,False,or,,,,http://www.leg.state.or.us/schaufler/member_photo.jpg,2011-06-13 14:45:49.882000,2013-01-15 16:11:15.491000
ORL000079,Patrick Sheehan,Patrick,,Sheehan,,,False,or,,,,http://www.leg.state.or.us/sheehan/member_photo.jpg,2011-06-13 14:45:49.884000,2013-01-15 16:11:15.492000
ORL000080,Jefferson Smith,Jefferson,,Smith,,,False,or,,,,http://www.leg.state.or.us/smithj/member_photo.jpg,2011-06-13 14:45:49.887000,2013-01-15 16:11:15.493000
ORL000084,Jim Thompson,Jim,,Thompson,,,False,or,,,,http://www.oregonlegislature.gov/house/MemberPhotos/thompson.jpg,2011-06-13 14:45:49.910000,2015-01-31 00:00:01.593000
ORL000085,Carolyn Tomei,Carolyn,,Tomei,,,False,or,,,,http://www.oregonlegislature.gov/house/MemberPhotos/tomei.jpg,2011-06-13 14:45:49.919000,2015-01-31 00:00:01.599000
ORL000086,Matt Wand,Matt,,Wand,,,False,or,,,,http://www.leg.state.or.us/wand/member_photo.jpg,2011-06-13 14:45:49.921000,2013-01-15 16:11:15.495000
ORL000087,Jim Weidner,Jim,,Weidner,,,False,or,,,,http://www.oregonlegislature.gov/house/MemberPhotos/weidner.jpg,2011-06-13 14:45:49.924000,2017-01-10 09:26:27.258000
ORL000089,Matt Wingard,Matt,,Wingard,,,False,or,,,,http://www.leg.state.or.us/wingard/member_photo.jpg,2011-06-13 14:45:49.928000,2013-01-15 16:11:15.496000
ORL000096,Betsy Close,Betsy,,Close,,,False,or,,,,http://www.oregonlegislature.gov/senate/MemberPhotos/close.jpg,2012-10-27 01:41:06.325000,2015-01-31 00:00:01.606000
ORL000101,Brent Barton,Brent,,Barton,,,False,or,,,,http://www.oregonlegislature.gov/house/MemberPhotos/barton.jpg,2013-01-15 16:11:14.950000,2017-01-10 09:26:27.253000
ORL000102,John Davis,John,,Davis,,,False,or,,,,http://www.oregonlegislature.gov/house/MemberPhotos/davis.jpg,2013-01-15 16:11:14.997000,2017-01-10 09:26:27.263000
ORL000103,Shemia Fagan,Shemia,,Fagan,,,False,or,,,,http://www.oregonlegislature.gov/house/MemberPhotos/fagan.jpg,2013-01-15 16:11:15.020000,2017-01-10 09:26:27.271000
ORL000104,Joe Gallegos,Joe,,Gallegos,,,False,or,,,,http://www.oregonlegislature.gov/house/MemberPhotos/gallegos.jpg,2013-01-15 16:11:15.037000,2017-01-10 09:26:27.260000
ORL000110,Ben Unger,Ben,,Unger,,,False,or,,,,http://www.oregonlegislature.gov/house/MemberPhotos/unger.jpg,2013-01-15 16:11:15.254000,2015-01-31 00:00:01.595000
ORL000111,Jessica Vega Pederson,Jessica Vega,,Pederson,,,False,or,,,,http://www.oregonlegislature.gov/house/MemberPhotos/vegapederson.jpg,2013-01-15 16:11:15.260000,2017-01-10 09:26:27.255000
ORL000112,Gail Whitsett,Gail,,Whitsett,,,False,or,,,,http://www.oregonlegislature.gov/house/MemberPhotos/whitsett.jpg,2013-01-15 16:11:15.278000,2017-01-10 09:26:27.254000
ORL000258,Denyc Boles,Denyc,,Boles,,,False,or,,,,http://www.oregonlegislature.gov/house/MemberPhotos/boles.jpg,2014-07-07 23:28:46.310000,2015-01-31 00:00:01.588000
ORL000275,Kathleen Taylor,Kathleen,,Taylor,,,False,or,,,,http://www.oregonlegislature.gov/house/MemberPhotos/taylor.jpg,2015-01-31 00:00:01.455000,2017-01-10 09:26:27.264000
ORL000032,Jeff Barker,Jeff,,Barker,,,True,or,lower,28,Democratic,https://www.oregonlegislature.gov/house/MemberPhotos/barker.jpg,2011-06-13 14:45:49.610000,2017-06-01 08:07:43.893000
ORL000033,Phil Barnhart,Phil,,Barnhart,,,True,or,lower,11,Democratic,https://www.oregonlegislature.gov/house/MemberPhotos/barnhart.jpg,2011-06-13 14:45:49.613000,2017-06-01 08:07:43.923000
ORL000034,Cliff Bentz,Cliff,,Bentz,,,True,or,lower,60,Republican,https://www.oregonlegislature.gov/house/MemberPhotos/bentz.jpg,2011-06-13 14:45:49.637000,2017-06-01 08:07:43.936000
ORL000037,Deborah Boone,Deborah,,Boone,,,True,or,lower,32,Democratic,https://www.oregonlegislature.gov/house/MemberPhotos/boone.jpg,2011-06-13 14:45:49.644000,2017-06-01 08:07:43.745000
ORL000042,Brian Clem,Brian,,Clem,,,True,or,lower,21,Democratic,https://www.oregonlegislature.gov/house/MemberPhotos/clem.jpg,2011-06-13 14:45:49.655000,2017-06-01 08:07:43.633000
ORL000046,Margaret Doherty,Margaret,,Doherty,,,True,or,lower,35,Democratic,https://www.oregonlegislature.gov/house/MemberPhotos/doherty.jpg,2011-06-13 14:45:49.664000,2017-06-01 08:07:43.948000
ORL000047,Sal Esquivel,Sal,,Esquivel,,,True,or,lower,6,Republican,https://www.oregonlegislature.gov/house/MemberPhotos/esquivel.jpg,2011-06-13 14:45:49.685000,2017-06-01 08:07:43.734000
ORL000054,Mitch Greenlick,Mitch,,Greenlick,,,True,or,lower,33,Democratic,https://www.oregonlegislature.gov/house/MemberPhotos/greenlick.jpg,2011-06-13 14:45:49.756000,2017-06-01 08:07:43.900000
ORL000058,Paul Holvey,Paul,,Holvey,,,True,or,lower,8,Democratic,https://www.oregonlegislature.gov/house/MemberPhotos/holvey.jpg,2011-06-13 14:45:49.766000,2017-06-01 08:07:43.840000
ORL000060,John E Huffman,John,,Huffman,,,True,or,lower,59,Republican,https://www.oregonlegislature.gov/house/MemberPhotos/huffman.jpg,2011-06-13 14:45:49.809000,2017-06-01 08:07:43.817000
ORL000063,Mark Johnson,Mark,,Johnson,,,True,or,lower,52,Republican,https://www.oregonlegislature.gov/house/MemberPhotos/johnsonm.jpg,2011-06-13 14:45:49.816000,2017-06-01 08:07:43.921000
ORL000064,Bill Kennemer,Bill,,Kennemer,,,True,or,lower,39,Republican,https://www.oregonlegislature.gov/house/MemberPhotos/kennemer.jpg,2011-06-13 14:45:49.818000,2017-06-01 08:07:43.450000
ORL000066,Tina Kotek,Tina,,Kotek,,,True,or,lower,44,Democratic,https://www.oregonlegislature.gov/house/MemberPhotos/kotek.jpg,2011-06-13 14:45:49.822000,2017-06-01 08:07:43.866000
ORL000070,Mike McLane,Mike,,McLane,,,True,or,lower,55,Republican,https://www.oregonlegislature.gov/house/MemberPhotos/mclane.jpg,2011-06-13 14:45:49.833000,2017-06-01 08:07:43.873000
ORL000071,Nancy Nathanson,Nancy,,Nathanson,,,True,or,lower,13,Democratic,https://www.oregonlegislature.gov/house/MemberPhotos/nathanson.jpg,2011-06-13 14:45:49.846000,2017-06-01 08:07:43.834000
ORL000073,Andy Olson,Andy,,Olson,,,True,or,lower,15,Republican,https://www.oregonlegislature.gov/house/MemberPhotos/olson.jpg,2011-06-13 14:45:49.851000,2017-06-01 08:07:43.888000
ORL000074,Julie Parrish,Julie,,Parrish,,,True,or,lower,37,Republican,https://www.oregonlegislature.gov/house/MemberPhotos/parrish.jpg,2011-06-13 14:45:49.854000,2017-06-01 08:07:43.962000
ORL000081,Greg Smith,Greg,,Smith,,,True,or,lower,57,Republican,https://www.oregonlegislature.gov/house/MemberPhotos/smithg.jpg,2011-06-13 14:45:49.902000,2017-06-01 08:07:43.939000
ORL000082,Sherrie Sprenger,Sherrie,,Sprenger,,,True,or,lower,17,Republican,https://www.oregonlegislature.gov/house/MemberPhotos/sprenger.jpg,2011-06-13 14:45:49.905000,2017-06-01 08:07:43.954000
ORL000088,Gene Whisnant,Gene,,Whisnant,,,True,or,lower,53,Republican,https://www.oregonlegislature.gov/house/MemberPhotos/whisnant.jpg,2011-06-13 14:45:49.926000,2017-06-01 08:07:43.809000
ORL000090,Brad Witt,Brad,,Witt,,,True,or,lower,31,Democratic,https://www.oregonlegislature.gov/house/MemberPhotos/witt.jpg,2011-06-13 14:45:49.931000,2017-06-01 08:07:43.768000
ORL000091,Alissa Keny-Guyer,Alissa,,Keny-Guyer,,,True,or,lower,46,Democratic,https://www.oregonlegislature.gov/house/MemberPhotos/keny-guyer.jpg,2011-10-06 01:11:46.905000,2017-06-01 08:07:43.444000
ORL000105,David Gomberg,David,,Gomberg,,,True,or,lower,10,Democratic,https://www.oregonlegislature.gov/house/MemberPhotos/gomberg.jpg,2013-01-15 16:11:15.066000,2017-06-01 08:07:43.826000
ORL000106,Chris Gorsek,Chris,,Gorsek,,,True,or,lower,49,Democratic,https://www.oregonlegislature.gov/house/MemberPhotos/gorsek.jpg,2013-01-15 16:11:15.072000,2017-06-01 08:07:43.886000
ORL000107,John Lively,John,,Lively,,,True,or,lower,12,Democratic,https://www.oregonlegislature.gov/house/MemberPhotos/lively.jpg,2013-01-15 16:11:15.163000,2017-06-01 08:07:43.736000
ORL000108,Caddy McKeown,Caddy,,McKeown,,,True,or,lower,9,Democratic,https://www.oregonlegislature.gov/house/MemberPhotos/mckeown.jpg,2013-01-15 16:11:15.175000,2017-06-01 08:07:43.782000
ORL000109,Jeff Reardon,Jeff,,Reardon,,,True,or,lower,48,Democratic,https://www.oregonlegislature.gov/house/MemberPhotos/reardon.jpg,2013-01-15 16:11:15.212000,2017-06-01 08:07:43.789000
ORL000113,Jennifer Williamson,Jennifer,,Williamson,,,True,or,lower,36,Democratic,https://www.oregonlegislature.gov/house/MemberPhotos/williamson.jpg,2013-01-15 16:11:15.284000,2017-06-01 08:07:43.904000
ORL000203,Barbara Smith Warner,Barbara Smith,,Warner,,,True,or,lower,45,Democratic,https://www.oregonlegislature.gov/house/MemberPhotos/smithwarner.jpg,2014-01-16 18:41:35.914000,2017-06-01 08:07:43.932000
ORL000204,Ann Lininger,Ann,,Lininger,,,True,or,lower,38,Democratic,https://www.oregonlegislature.gov/house/MemberPhotos/lininger.jpg,2014-02-04 00:24:29.545000,2017-06-01 08:07:43.882000
ORL000259,Rob Nosse,Rob,,Nosse,,,True,or,lower,42,Democratic,https://www.oregonlegislature.gov/house/MemberPhotos/nosse.jpg,2014-07-07 23:28:46.544000,2017-06-01 08:07:43.941000
ORL000260,Paul Evans,Paul,,Evans,,,True,or,lower,20,Democratic,https://www.oregonlegislature.gov/house/MemberPhotos/evans.jpg,2015-01-31 00:00:01.059000,2017-06-01 08:07:43.946000
ORL000261,Susan McLain,Susan,,McLain,,,True,or,lower,29,Democratic,https://www.oregonlegislature.gov/house/MemberPhotos/mclain.jpg,2015-01-31 00:00:01.072000,2017-06-01 08:07:43.952000
ORL000262,Jodi Hack,Jodi,,Hack,,,True,or,lower,19,Republican,https://www.oregonlegislature.gov/house/MemberPhotos/hack.jpg,2015-01-31 00:00:01.084000,2017-06-01 08:07:43.452000
ORL000263,Knute Buehler,Knute,,Buehler,,,True,or,lower,54,Republican,https://www.oregonlegislature.gov/house/MemberPhotos/buehler.jpg,2015-01-31 00:00:01.089000,2017-06-01 08:07:43.919000
ORL000264,Cedric Hayden,Cedric,,Hayden,,,True,or,lower,7,Republican,https://www.oregonlegislature.gov/house/MemberPhotos/hayden.jpg,2015-01-31 00:00:01.142000,2017-06-01 08:07:43.458000
ORL000265,Ken Helm,Ken,,Helm,,,True,or,lower,34,Democratic,https://www.oregonlegislature.gov/house/MemberPhotos/helm.jpg,2015-01-31 00:00:01.152000,2017-06-01 08:07:43.680000
ORL000266,Bill Post,Bill,,Post,,,True,or,lower,25,Republican,https://www.oregonlegislature.gov/house/MemberPhotos/post.jpg,2015-01-31 00:00:01.220000,2017-06-01 08:07:43.884000
ORL000267,Greg Barreto,Greg,,Barreto,,,True,or,lower,58,Republican,https://www.oregonlegislature.gov/house/MemberPhotos/barreto.jpg,2015-01-31 00:00:01.229000,2017-06-01 08:07:43.784000
ORL000268,Duane Stark,Duane,,Stark,,,True,or,lower,4,Republican,https://www.oregonlegislature.gov/house/MemberPhotos/stark.jpg,2015-01-31 00:00:01.237000,2017-06-01 08:07:43.902000
ORL000269,Carl Wilson,Carl,,Wilson,,,True,or,lower,3,Republican,https://www.oregonlegislature.gov/house/MemberPhotos/wilson.jpg,2015-01-31 00:00:01.250000,2017-06-01 08:07:43.960000
ORL000271,Dallas Heard,Dallas,,Heard,,,True,or,lower,2,Republican,https://www.oregonlegislature.gov/house/MemberPhotos/heard.jpg,2015-01-31 00:00:01.281000,2017-06-01 08:07:43.356000
ORL000273,Mike Nearman,Mike,,Nearman,,,True,or,lower,23,Republican,https://www.oregonlegislature.gov/house/MemberPhotos/nearman.jpg,2015-01-31 00:00:01.392000,2017-06-01 08:07:43.517000
ORL000276,Dan Rayfield,Dan,,Rayfield,,,True,or,lower,16,Democratic,https://www.oregonlegislature.gov/house/MemberPhotos/rayfield.jpg,2015-01-31 00:00:01.469000,2017-06-01 08:07:43.807000
ORL000277,Carla Piluso,Carla,,Piluso,,,True,or,lower,50,Democratic,https://www.oregonlegislature.gov/house/MemberPhotos/piluso.jpg,2015-01-31 00:00:01.474000,2017-06-01 08:07:43.471000
ORL000369,Janelle Bynum,Janelle,,Bynum,,,True,or,lower,51,Democratic,https://www.oregonlegislature.gov/house/MemberPhotos/bynum.jpg,2017-01-10 09:26:26.528000,2017-06-01 08:07:43.374000
ORL000370,Sheri Malstrom,Sheri,,Malstrom,,,True,or,lower,27,Democratic,https://www.oregonlegislature.gov/house/MemberPhotos/malstrom.jpg,2017-01-10 09:26:26.634000,2017-06-01 08:07:43.446000
ORL000371,E. Werner Reschke,E. Werner,,Reschke,,,True,or,lower,56,Republican,https://www.oregonlegislature.gov/house/MemberPhotos/reschke.jpg,2017-01-10 09:26:26.662000,2017-06-01 08:07:43.649000
ORL000374,Karin A. Power,Karin A.,,Power,,,True,or,lower,41,Democrat,http://www.oregonlegislature.gov/house/MemberPhotos/power.jpg,2017-01-10 09:26:26.678000,2017-06-01 08:06:59.222000
ORL000375,Teresa Alonso Leon,Teresa Alonso,,Leon,,,True,or,lower,22,Democratic,https://www.oregonlegislature.gov/house/MemberPhotos/alonsoleon.jpg,2017-01-10 09:26:26.683000,2017-06-01 08:07:43.799000
ORL000376,Julie Fahey,Julie,,Fahey,,,True,or,lower,14,Democratic,https://www.oregonlegislature.gov/house/MemberPhotos/fahey.jpg,2017-01-10 09:26:26.689000,2017-06-01 08:07:43.507000
ORL000377,Pam Marsh,Pam,,Marsh,,,True,or,lower,5,Democratic,https://www.oregonlegislature.gov/house/MemberPhotos/marsh.jpg,2017-01-10 09:26:26.707000,2017-06-01 08:07:43.926000
ORL000378,A. Richard Vial,A. Richard,,Vial,,,True,or,lower,26,Republican,https://www.oregonlegislature.gov/house/MemberPhotos/vial.jpg,2017-01-10 09:26:26.821000,2017-06-01 08:07:43.956000
ORL000379,David Brock Smith,David Brock,,Smith,,,True,or,lower,1,Republican,https://www.oregonlegislature.gov/house/MemberPhotos/smithd.jpg,2017-01-10 09:26:26.844000,2017-06-01 08:07:43.643000
ORL000380,Janeen A. Sollman,Janeen A.,,Sollman,,,True,or,lower,30,Democrat,http://www.oregonlegislature.gov/house/MemberPhotos/sollman.jpg,2017-01-10 09:26:26.866000,2017-06-01 08:06:59.210000
ORL000381,Ron Noble,Ron,,Noble,,,True,or,lower,24,Republican,https://www.oregonlegislature.gov/house/MemberPhotos/noble.jpg,2017-01-10 09:26:26.884000,2017-06-01 08:07:43.766000
ORL000382,Mark W. Meek,Mark W.,,Meek,,,True,or,lower,40,Democrat,http://www.oregonlegislature.gov/house/MemberPhotos/meek.jpg,2017-01-10 09:26:26.967000,2017-06-01 08:06:59.230000
ORL000383,Tawna D. Sanchez,Tawna D.,,Sanchez,,,True,or,lower,43,Democrat,http://www.oregonlegislature.gov/house/MemberPhotos/sanchez.jpg,2017-01-10 09:26:26.978000,2017-06-01 08:06:59.247000
ORL000386,Diego Hernandez,Diego,,Hernandez,,,True,or,lower,47,Democratic,https://www.oregonlegislature.gov/house/MemberPhotos/hernandez.jpg,2017-01-10 09:26:27.032000,2017-06-01 08:07:43.950000
ORL000389,Rick Lewis,Rick,,Lewis,,,True,or,lower,18,Republican,https://www.oregonlegislature.gov/house/MemberPhotos/lewis.jpg,2017-02-24 10:08:46.281000,2017-06-01 08:07:43.730000
ORL000391,Mark Meek,Mark,,Meek,,,True,or,lower,40,Democratic,https://www.oregonlegislature.gov/house/MemberPhotos/meek.jpg,2017-05-03 08:09:11.441000,2017-06-01 08:07:43.780000
ORL000393,Karin Power,Karin,,Power,,,True,or,lower,41,Democratic,https://www.oregonlegislature.gov/house/MemberPhotos/power.jpg,2017-05-03 08:09:11.479000,2017-06-01 08:07:43.686000
ORL000394,Janeen Sollman,Janeen,,Sollman,,,True,or,lower,30,Democratic,https://www.oregonlegislature.gov/house/MemberPhotos/sollman.jpg,2017-05-03 08:09:11.498000,2017-06-01 08:07:43.958000
ORL000395,Tawna Sanchez,Tawna,,Sanchez,,,True,or,lower,43,Democratic,https://www.oregonlegislature.gov/house/MemberPhotos/sanchez.jpg,2017-05-03 08:09:11.552000,2017-06-01 08:07:43.890000
ORL000003,Lee Beyer,Lee,,Beyer,,,True,or,upper,6,Democratic,https://www.oregonlegislature.gov/senate/MemberPhotos/.jpg,2011-06-13 14:45:49.477000,2017-06-01 08:07:43.759000
ORL000005,Brian Boquist,Brian,,Boquist,,,True,or,upper,12,Republican,https://www.oregonlegislature.gov/senate/MemberPhotos/boquist.jpg,2011-06-13 14:45:49.483000,2017-06-01 08:07:43.914000
ORL000006,Ginny Burdick,Ginny,,Burdick,,,True,or,upper,18,Democratic,https://www.oregonlegislature.gov/senate/MemberPhotos/burdick.jpg,2011-06-13 14:45:49.486000,2017-06-01 08:07:43.864000
ORL000007,Peter Courtney,Peter,,Courtney,,,True,or,upper,11,Democratic,https://www.oregonlegislature.gov/senate/MemberPhotos/courtney.jpg,2011-06-13 14:45:49.488000,2017-06-01 08:07:43.858000
ORL000008,Richard Devlin,Richard,,Devlin,,,True,or,upper,19,Democratic,https://www.oregonlegislature.gov/senate/MemberPhotos/devlin.jpg,2011-06-13 14:45:49.491000,2017-06-01 08:07:43.843000
ORL000011,Ted Ferrioli,Ted,,Ferrioli,,,True,or,upper,30,Republican,https://www.oregonlegislature.gov/senate/MemberPhotos/ferrioli.jpg,2011-06-13 14:45:49.498000,2017-06-01 08:07:43.875000
ORL000013,Fred Girod,Fred,,Girod,,,True,or,upper,9,Republican,https://www.oregonlegislature.gov/senate/MemberPhotos/girod.jpg,2011-06-13 14:45:49.502000,2017-06-01 08:07:43.811000
ORL000014,Mark Hass,Mark,,Hass,,,True,or,upper,14,Democratic,https://www.oregonlegislature.gov/senate/MemberPhotos/hass.jpg,2011-06-13 14:45:49.505000,2017-06-01 08:07:43.930000
ORL000015,Betsy Johnson,Betsy,,Johnson,,,True,or,upper,16,Democratic,https://www.oregonlegislature.gov/senate/MemberPhotos/johnson.jpg,2011-06-13 14:45:49.507000,2017-06-01 08:07:43.847000
ORL000016,Jeff Kruse,Jeff,,Kruse,,,True,or,upper,1,Republican,https://www.oregonlegislature.gov/senate/MemberPhotos/kruse.jpg,2011-06-13 14:45:49.510000,2017-06-01 08:07:43.721000
ORL000017,Laurie Monnes Anderson,Laurie Monnes,,Anderson,,,True,or,upper,25,Democratic,https://www.oregonlegislature.gov/senate/MemberPhotos/monnesanderson.jpg,2011-06-13 14:45:49.535000,2017-06-01 08:07:43.725000
ORL000018,Rod Monroe,Rod,,Monroe,,,True,or,upper,24,Democratic,https://www.oregonlegislature.gov/senate/MemberPhotos/monroe.jpg,2011-06-13 14:45:49.538000,2017-06-01 08:07:43.805000
ORL000021,Alan Olsen,Alan,,Olsen,,,True,or,upper,20,Republican,https://www.oregonlegislature.gov/senate/MemberPhotos/olsen.jpg,2011-06-13 14:45:49.559000,2017-06-01 08:07:43.623000
ORL000022,Floyd Prozanski,Floyd,,Prozanski,,,True,or,upper,4,Democratic,https://www.oregonlegislature.gov/senate/MemberPhotos/prozanski.jpg,2011-06-13 14:45:49.562000,2017-06-01 08:07:43.877000
ORL000027,Chuck Thomsen,Chuck,,Thomsen,,,True,or,upper,26,Republican,https://www.oregonlegislature.gov/senate/MemberPhotos/.jpg,2011-06-13 14:45:49.575000,2017-06-01 08:07:43.822000
ORL000030,Jackie Winters,Jackie,,Winters,,,True,or,upper,10,Republican,https://www.oregonlegislature.gov/senate/MemberPhotos/winters.jpg,2011-06-13 14:45:49.606000,2017-06-01 08:07:43.850000
ORL000045,Michael Dembrow,Michael,,Dembrow,,,True,or,upper,23,Democratic,https://www.oregonlegislature.gov/senate/MemberPhotos/dembrow.jpg,2011-06-13 14:45:49.662000,2017-06-01 08:07:43.626000
ORL000052,Sara Gelser,Sara,,Gelser,,,True,or,upper,8,Democrat,http://www.oregonlegislature.gov/senate/MemberPhotos/gelser.jpg,2011-06-13 14:45:49.707000,2017-06-01 08:06:59.180000
ORL000077,Arnie Roblan,Arnie,,Roblan,,,True,or,upper,5,Democratic,https://www.oregonlegislature.gov/senate/MemberPhotos/roblan.jpg,2011-06-13 14:45:49.879000,2017-06-01 08:07:43.838000
ORL000083,Kim Thatcher,Kim,,Thatcher,,,True,or,upper,13,Republican,https://www.oregonlegislature.gov/senate/MemberPhotos/thatcher.jpg,2011-06-13 14:45:49.907000,2017-06-01 08:07:43.536000
ORL000093,Elizabeth Steiner Hayward,Elizabeth Steiner,,Hayward,,,True,or,upper,17,Democratic,https://www.oregonlegislature.gov/senate/MemberPhotos/.jpg,2012-01-31 17:50:42.790000,2017-06-01 08:07:43.813000
ORL000097,"Herman Baertschiger, Jr.",Herman,,Baertschiger,Jr.,,True,or,upper,2,Republican,https://www.oregonlegislature.gov/senate/MemberPhotos/baertschiger.jpg,2013-01-15 16:11:14.740000,2017-06-01 08:07:43.916000
ORL000098,Bill Hansell,Bill,,Hansell,,,True,or,upper,29,Republican,https://www.oregonlegislature.gov/senate/MemberPhotos/hansell.jpg,2013-01-15 16:11:14.823000,2017-06-01 08:07:43.820000
ORL000099,Tim Knopp,Tim,,Knopp,,,True,or,upper,27,Republican,https://www.oregonlegislature.gov/senate/MemberPhotos/knopp.jpg,2013-01-15 16:11:14.844000,2017-06-01 08:07:43.723000
ORL000270,Chuck Riley,Chuck,,Riley,,,True,or,upper,15,Democratic,https://www.oregonlegislature.gov/senate/MemberPhotos/riley.jpg,2015-01-31 00:00:01.276000,2017-06-01 08:07:43.928000
ORL000372,Alan DeBoer,Alan,,DeBoer,,,True,or,upper,3,Republican,https://www.oregonlegislature.gov/senate/MemberPhotos/deboer.jpg,2017-01-10 09:26:26.667000,2017-06-01 08:07:43.845000
ORL000373,James I. Manning Jr.,James I.,,Manning,Jr.,,True,or,upper,7,Democrat,http://www.oregonlegislature.gov/senate/MemberPhotos/manning.jpg,2017-01-10 09:26:26.673000,2017-06-01 08:06:59.269000
ORL000384,Kathleen Taylor,Kathleen,,Taylor,,,True,or,upper,21,Democratic,https://www.oregonlegislature.gov/senate/MemberPhotos/taylor.jpg,2017-01-10 09:26:27.002000,2017-06-01 08:07:43.934000
ORL000385,Dennis Linthicum,Dennis,,Linthicum,,,True,or,upper,28,Republican,https://www.oregonlegislature.gov/senate/MemberPhotos/linthicum.jpg,2017-01-10 09:26:27.020000,2017-06-01 08:07:43.795000
ORL000387,Lew Frederick,Lew,,Frederick,,,True,or,upper,22,Democratic,https://www.oregonlegislature.gov/senate/MemberPhotos/frederick.jpg,2017-01-10 09:26:27.079000,2017-06-01 08:07:43.832000
ORL000390,James Manning Jr.,James,,Manning,Jr.,,True,or,upper,7,Democratic,https://www.oregonlegislature.gov/senate/MemberPhotos/Manning.jpg,2017-05-03 08:09:11.393000,2017-06-01 08:07:43.830000
ORL000392,Sara Gelser,Sara,,Gelser,,,True,or,upper,8,Democratic,https://www.oregonlegislature.gov/senate/MemberPhotos/gelser.jpg,2017-05-03 08:09:11.471000,2017-06-01 08:07:43.793000
