id,state,chamber,committee,subcommittee,parent_id
KSC000021,ks,joint,2011 Kansas Public Employees Retirement Study Commission,,
KSC000100,ks,joint,State Employee Pay Plan Oversight,,
KSC000119,ks,joint,Legislative Post Audit Committee,,
KSC000120,ks,joint,Joint Committee on Administrative Rules and Regulations,,
KSC000121,ks,joint,Joint Committee on Corrections and Juvenile Justice Oversight,,
KSC000122,ks,joint,Joint Committee on State Building Construction,,
KSC000123,ks,joint,Joint Committee on Information Technology,,
KSC000124,ks,joint,Joint Committee on Kansas Security,,
KSC000125,ks,joint,Joint Committee on Special Claims Against the State,,
KSC000127,ks,joint,Legislative Coordinating Council,,
KSC000138,ks,joint,Joint Committee on State -Tribal Relations,,
KSC000139,ks,joint,2011 Redistricting Advisory Group,,
KSC000142,ks,joint,Robert G. (Bob) Bethell Joint Committee on Home and Community Based Services and KanCare Oversight,,
KSC000143,ks,joint,Telecommunications Study Committee,,
KSC000144,ks,joint,2013 Special Committee on Education,,
KSC000145,ks,joint,2013 Special Committee on Judiciary,,
KSC000146,ks,joint,2013 Special Committee on Agriculture and Natural Resources,,
KSC000160,ks,joint,"Joint Committee on Pensions, Investments, and Benefits",,
KSC000161,ks,joint,2014 Special Committee on Judiciary,,
KSC000163,ks,joint,"2014 Special Committee on Ethics, Elections and Local Government",,
KSC000168,ks,joint,Clean Power Plan Implementation Study Committee,,
KSC000169,ks,joint,2015 Special Committee on Foster Care Adequacy,,
KSC000170,ks,joint,2015 Special Committee on Insurance,,
KSC000171,ks,joint,"2015 Special Committee on Ethics, Elections, and Local Government",,
KSC000172,ks,joint,Legislative Budget Committee,,
KSC000173,ks,joint,2015 Special Committee on Taxation,,
KSC000174,ks,joint,2015 Special Committee on Agriculture and Natural Resources,,
KSC000175,ks,joint,2015 Special Committee on K-12 Student Success,,
KSC000178,ks,joint,2016 Special Committee on Larned and Osawatomie State Hospitals,,
KSC000180,ks,joint,2016 Special Committee on Foster Care Adequacy,,
KSC000181,ks,joint,2016 Special Committtee on Patient Protections for Step Therapy,,
KSC000182,ks,joint,2016 Special Committee on Organization of Public Health Boards,,
KSC000183,ks,joint,Health Care Stabilization Fund Oversight Committee,,
KSC000187,ks,joint,2016 Special Committee on Patient Protections for Step Therapy,,
KSC000206,ks,joint,Capitol Preservation Committee,,
KSC000042,ks,lower,Calendar and Printing,,
KSC000043,ks,lower,Interstate Cooperation,,
KSC000044,ks,lower,Transportation,,
KSC000045,ks,lower,Social Services Budget,,
KSC000047,ks,lower,Agriculture and Natural Resources Budget,,
KSC000048,ks,lower,Agriculture and Natural Resources,,
KSC000049,ks,lower,Appropriations,,
KSC000052,ks,lower,Education,,
KSC000053,ks,lower,Education Budget,,
KSC000054,ks,lower,Elections,,
KSC000057,ks,lower,Federal and State Affairs,,
KSC000059,ks,lower,General Government Budget,,
KSC000061,ks,lower,Health and Human Services,,
KSC000063,ks,lower,Judiciary,,
KSC000064,ks,lower,Local Government,,
KSC000065,ks,lower,Pensions and Benefits,,
KSC000066,ks,lower,Taxation,,
KSC000067,ks,lower,Transportation and Public Safety Budget,,
KSC000068,ks,lower,"Veterans, Military and Homeland Security",,
KSC000069,ks,lower,Vision 2020,,
KSC000070,ks,lower,Rules and Journal,,
KSC000071,ks,lower,Legislative Budget (House),,
KSC000113,ks,lower,Children and Seniors,,
KSC000114,ks,lower,Corrections and Juvenile Justice,,
KSC000115,ks,lower,Energy and Environment,,
KSC000116,ks,lower,Utilities and Telecommunications,,
KSC000117,ks,lower,"Commerce, Labor and Economic Development",,
KSC000151,ks,lower,House Special Committee on All Day Kindergarten,,
KSC000177,ks,lower,Insurance and Financial Institutions,,
KSC000184,ks,lower,"Energy, Utilities and Telecommunications",,
KSC000186,ks,lower,Higher Education Budget,,
KSC000188,ks,lower,Veterans and Military,,
KSC000191,ks,lower,"Government, Technology and Security",,
KSC000192,ks,lower,K-12 Education Budget,,
KSC000193,ks,lower,Water and Environment,,
KSC000197,ks,lower,Financial Institutions and Pensions,,
KSC000204,ks,lower,Agriculture,,
KSC000207,ks,lower,Insurance,,
KSC000024,ks,upper,Financial Institutions and Insurance,,
KSC000025,ks,upper,Assessment and Taxation,,
KSC000026,ks,upper,Commerce,,
KSC000027,ks,upper,Education,,
KSC000029,ks,upper,Federal and State Affairs,,
KSC000030,ks,upper,Interstate Cooperation,,
KSC000032,ks,upper,Judiciary,,
KSC000034,ks,upper,"Organization, Calendar and Rules",,
KSC000035,ks,upper,Natural Resources,,
KSC000037,ks,upper,Transportation,,
KSC000038,ks,upper,Utilities,,
KSC000039,ks,upper,Ways and Means,,
KSC000040,ks,upper,Confirmation Oversight,,
KSC000041,ks,upper,Agriculture,,
KSC000112,ks,upper,Public Health and Welfare,,
KSC000128,ks,upper,"Agriculture and Natural Resources Subcommittee, Ways and Means",,
KSC000129,ks,upper,"Corrections and Juvenile Justice Subcommittee, Ways and Means",,
KSC000130,ks,upper,"Department of Administration and Capital Improvements Subcommittee, Ways and Means",,
KSC000131,ks,upper,"Education Subcommittee, Ways and Means",,
KSC000135,ks,upper,"Regulatory Boards and Commissions, Ways and Means",,
KSC000136,ks,upper,"Social Services Subcommittee, Ways and Means",,
KSC000137,ks,upper,"Transportation and Public Safety Subcommittee, Ways and Means",,
KSC000149,ks,upper,Ethics and Elections,,
KSC000150,ks,upper,Local Government,,
KSC000152,ks,upper,"Legislative and Elected Officials Subcommittee, Ways and Means",,
KSC000153,ks,upper,"Judicial Subcommittee, Ways and Means",,
KSC000154,ks,upper,"General Government and Gaming Subcommittee, Ways and Means",,
KSC000155,ks,upper,Senate Select Committee on KPERS,,
KSC000164,ks,upper,Corrections and Juvenile Justice,,
KSC000165,ks,upper,"Department of Administration and Gaming Subcommittee, Ways and Means",,
KSC000166,ks,upper,"General Government and Legislative and Elected Officials Subcommittee, Ways and Means",,
KSC000185,ks,upper,"Ethics, Elections and Local Government",,
KSC000189,ks,upper,"Health Subcommittee, Ways and Means",,
KSC000190,ks,upper,"Higher Education Subcommittee, Ways and Means",,
KSC000194,ks,upper,"Labor and Human Rights Subcommittee, Ways and Means",,
KSC000195,ks,upper,"Corrections Subcommittee, Ways and Means",,
KSC000196,ks,upper,"General Government Subcommittee, Ways and Means",,
KSC000198,ks,upper,"Department of Administration Subcommittee, Ways and Means",,
KSC000199,ks,upper,"Lottery and Gaming Subcommittee, Ways and Means",,
KSC000200,ks,upper,"Transportation Subcommittee, Ways and Means",,
KSC000201,ks,upper,"KPERS Subcommittee, Ways and Means",,
KSC000202,ks,upper,"Public Safety Subcommittee, Ways and Means",,
KSC000203,ks,upper,Agriculture and Natural Resources,,
KSC000205,ks,upper,"Regulatory Boards and Commissions Subcommittee, Ways and Means",,
KSC000208,ks,upper,Senate Select Committee on Education Finance,,
