leg_id,full_name,first_name,middle_name,last_name,suffixes,nickname,active,state,chamber,district,party,photo_url,created_at,updated_at
KSL000001,Pat Apple,Pat,,Apple,,,False,ks,,,,http://www.kslegislature.org/li/m/images/pics/sen_apple_pat_1.jpg,2011-12-07 01:27:15.163000,2014-12-09 07:38:16.078000
KSL000002,Terry Bruce,Terry,,Bruce,,,False,ks,,,,http://www.kslegislature.org/li/m/images/pics/sen_bruce_terry_1.jpg,2011-12-07 01:27:15.192000,2017-01-10 23:18:21.077000
KSL000003,Pete Brungardt,Pete,,Brungardt,,,False,ks,,,,http://www.kslegislature.org/li/m/images/pics/brungardt_pete.jpg,2011-12-07 01:27:15.201000,2013-01-09 18:44:08.379000
KSL000004,Les Donovan,Les,,Donovan,,,False,ks,,,,http://www.kslegislature.org/li/m/images/pics/sen_donovan_les_1.jpg,2011-12-07 01:27:15.211000,2017-01-10 23:18:21.071000
KSL000005,Jay Emler,Jay,,Emler,,,False,ks,,,,http://www.kslegislature.org/li/m/images/pics/sen_emler_jay_1.jpg,2011-12-07 01:27:15.221000,2014-12-09 07:38:16.069000
KSL000011,Terrie Huntington,Terrie,,Huntington,,,False,ks,,,,http://www.kslegislature.org/li/m/images/pics/huntington_terrie.jpg,2011-12-07 01:27:15.297000,2014-12-09 07:38:16.071000
KSL000013,Dick Kelsey,Dick,,Kelsey,,,False,ks,,,,http://www.kslegislature.org/li/m/images/pics/kelsey_dick.jpg,2011-12-07 01:27:15.317000,2013-01-09 18:44:08.380000
KSL000014,Jeff King,Jeff,,King,,,False,ks,,,,http://www.kslegislature.org/li/m/images/pics/sen_king_jeff_1.jpg,2011-12-07 01:27:15.327000,2017-01-10 23:18:21.065000
KSL000015,Kelly Kultala,Kelly,,Kultala,,,False,ks,,,,http://www.kslegislature.org/li/m/images/pics/kultala_kelly.jpg,2011-12-07 01:27:15.337000,2014-12-09 07:38:16.073000
KSL000017,Garrett Love,Garrett,,Love,,,False,ks,,,,http://www.kslegislature.org/li/m/images/pics/sen_love_garrett_1.jpg,2011-12-07 01:27:15.389000,2017-01-10 23:18:21.062000
KSL000019,Bob Marshall,Bob,,Marshall,,,False,ks,,,,http://www.kslegislature.org/li/m/images/pics/marshall_bob.jpg,2011-12-07 01:27:15.409000,2013-01-09 18:44:08.336000
KSL000022,Ray Merrick,Ray,,Merrick,,,False,ks,,,,http://www.kslegislature.org/li/m/images/pics/rep_merrick_ray_1.jpg,2011-12-07 01:27:15.439000,2017-01-10 23:18:21.042000
KSL000023,Steve Morris,Steve,,Morris,,,False,ks,,,,http://www.kslegislature.org/li/m/images/pics/morris_stephen.jpg,2011-12-07 01:27:15.449000,2014-12-09 07:38:16.074000
KSL000025,Ralph Ostmeyer,Ralph,,Ostmeyer,,,False,ks,,,,http://www.kslegislature.org/li/m/images/pics/sen_ostmeyer_ralph_1.jpg,2011-12-07 01:27:15.469000,2017-01-10 23:18:21.075000
KSL000026,Tim Owens,Tim,,Owens,,,False,ks,,,,http://www.kslegislature.org/li/m/images/pics/owens_tim.jpg,2011-12-07 01:27:15.480000,2014-12-09 07:38:16.076000
KSL000030,Roger Reitz,Roger,,Reitz,,,False,ks,,,,http://www.kslegislature.org/li/m/images/pics/reitz_roger.jpg,2011-12-07 01:27:15.528000,2013-01-09 18:44:08.388000
KSL000031,Allen Schmidt,Allen,,Schmidt,,,False,ks,,,,http://www.kslegislature.org/li/m/images/pics/schmidt_allen.jpg,2011-12-07 01:27:15.547000,2013-01-09 18:44:08.330000
KSL000033,Jean Schodorf,Jean,,Schodorf,,,False,ks,,,,http://www.kslegislature.org/li/m/images/pics/schodorf_jean.jpg,2011-12-07 01:27:15.567000,2013-01-09 18:44:08.342000
KSL000034,Chris Steineger,Chris,,Steineger,,,False,ks,,,,http://www.kslegislature.org/li/m/images/pics/steineger_chris.jpg,2011-12-07 01:27:15.578000,2013-01-09 18:44:08.443000
KSL000035,Mark Taddiken,Mark,,Taddiken,,,False,ks,,,,http://www.kslegislature.org/li/m/images/pics/taddiken_mark.jpg,2011-12-07 01:27:15.588000,2013-01-09 18:44:08.344000
KSL000036,Ruth Teichman,Ruth,,Teichman,,,False,ks,,,,http://www.kslegislature.org/li/m/images/pics/teichman_ruth.jpg,2011-12-07 01:27:15.597000,2013-01-09 18:44:08.395000
KSL000037,Dwayne Umbarger,Dwayne,,Umbarger,,,False,ks,,,,http://www.kslegislature.org/li/m/images/pics/umbarger_dwayne.jpg,2011-12-07 01:27:15.620000,2013-01-09 18:44:08.345000
KSL000038,John Vratil,John,,Vratil,,,False,ks,,,,http://www.kslegislature.org/li/m/images/pics/vratil_john.jpg,2011-12-07 01:27:15.630000,2014-12-09 07:38:16.075000
KSL000040,Tom Arpke,Tom,,Arpke,,,False,ks,,,,http://www.kslegislature.org/li/m/images/pics/sen_arpke_tom_1.jpg,2011-12-07 01:27:15.650000,2017-01-10 23:18:21.079000
KSL000041,Clay Aurand,Clay,,Aurand,,,False,ks,,,,http://www.kslegislature.org/li/m/images/pics/aurand_clay.jpg,2011-12-07 01:27:15.660000,2013-01-09 18:44:08.350000
KSL000043,Bob Bethell,Bob,,Bethell,,,False,ks,,,,http://www.kslegislature.org/li/m/images/pics/bethell_bob.jpg,2011-12-07 01:27:15.679000,2012-10-17 02:51:06.546000
KSL000044,Rick Billinger,Rick,,Billinger,,,False,ks,,,,http://www.kslegislature.org/li/m/images/pics/rep_billinger_rick_1.jpg,2011-12-07 01:27:15.693000,2017-01-10 23:18:21.044000
KSL000045,Barbara Bollier,Barbara,,Bollier,,,False,ks,,,,http://www.kslegislature.org/li/m/images/pics/rep_bollier_barbara_1.jpg,2011-12-07 01:27:15.734000,2017-01-10 23:18:21
KSL000046,Benny Boman,Benny,,Boman,,,False,ks,,,,http://www.kslegislature.org/li/m/images/pics/boman_benny.jpg,2011-12-07 01:27:15.754000,2013-01-09 18:44:08.430000
KSL000048,Bob Brookens,Bob,,Brookens,,,False,ks,,,,http://www.kslegislature.org/li/m/images/pics/brookens_bob.jpg,2011-12-07 01:27:15.774000,2013-01-09 18:44:08.433000
KSL000049,Anthony Brown,Anthony,,Brown,,,False,ks,,,,http://www.kslegislature.org/li/m/images/pics/brown_anthony.jpg,2011-12-07 01:27:15.784000,2013-01-09 18:44:08.418000
KSL000050,Rob Bruchman,Rob,,Bruchman,,,False,ks,,,,http://www.kslegislature.org/li/m/images/pics/rep_bruchman_rob_1.jpg,2011-12-07 01:27:15.803000,2017-01-10 23:18:21.045000
KSL000051,Steve Brunk,Steve,,Brunk,,,False,ks,,,,http://www.kslegislature.org/li/m/images/pics/rep_brunk_steve_1.jpg,2011-12-07 01:27:15.813000,2016-03-25 06:56:31.069000
KSL000052,Mike Burgess,Mike,,Burgess,,,False,ks,,,,http://www.kslegislature.org/li/m/images/pics/burgess_mike.jpg,2011-12-07 01:27:15.828000,2013-01-09 18:44:08.341000
KSL000054,Terry Calloway,Terry,,Calloway,,,False,ks,,,,http://www.kslegislature.org/li/m/images/pics/calloway_terry.jpg,2011-12-07 01:27:15.848000,2013-01-09 18:44:08.412000
KSL000056,Richard Carlson,Richard,,Carlson,,,False,ks,,,,http://www.kslegislature.org/li/m/images/pics/rep_carlson_richard_1.jpg,2011-12-07 01:27:15.867000,2015-01-16 15:55:21.616000
KSL000057,Ward Cassidy,Ward,,Cassidy,,,False,ks,,,,http://www.kslegislature.org/li/m/images/pics/rep_cassidy_ward_1.jpg,2011-12-07 01:27:15.877000,2015-01-16 15:55:21.589000
KSL000058,Dan Collins,Dan,,Collins,,,False,ks,,,,http://www.kslegislature.org/li/m/images/pics/collins_dan.jpg,2011-12-07 01:27:15.887000,2013-01-09 18:44:08.428000
KSL000059,Pat Colloton,Pat,,Colloton,,,False,ks,,,,http://www.kslegislature.org/li/m/images/pics/colloton_pat.jpg,2011-12-07 01:27:15.896000,2013-01-09 18:44:08.351000
KSL000060,Dave Crum,Dave,,Crum,,,False,ks,,,,http://www.kslegislature.org/li/m/images/pics/rep_crum_dave_1.jpg,2011-12-07 01:27:15.906000,2015-01-16 15:55:21.622000
KSL000061,Paul Davis,Paul,,Davis,,,False,ks,,,,http://www.kslegislature.org/li/m/images/pics/rep_davis_paul_1.jpg,2011-12-07 01:27:15.915000,2015-01-16 15:55:21.607000
KSL000064,Nile Dillmore,Nile,,Dillmore,,,False,ks,,,,http://www.kslegislature.org/li/m/images/pics/rep_dillmore_nile_1.jpg,2011-12-07 01:27:15.946000,2014-12-09 07:38:16.077000
KSL000065,Owen Donohoe,Owen,,Donohoe,,,False,ks,,,,http://www.kslegislature.org/li/m/images/pics/donohoe_owen.jpg,2011-12-07 01:27:15.955000,2013-01-09 18:44:08.359000
KSL000066,James Fawcett,James,,Fawcett,,,False,ks,,,,http://www.kslegislature.org/li/m/images/pics/fawcett_james.jpg,2011-12-07 01:27:15.968000,2013-01-09 18:44:08.436000
KSL000067,Bill Feuerborn,Bill,,Feuerborn,,,False,ks,,,,http://www.kslegislature.org/li/m/images/pics/feuerborn_bill.jpg,2011-12-07 01:27:16.010000,2013-01-09 18:44:08.403000
KSL000069,Geraldine Flaharty,Geraldine,,Flaharty,,,False,ks,,,,http://www.kslegislature.org/li/m/images/pics/flaharty_geraldine.jpg,2011-12-07 01:27:16.029000,2013-01-09 18:44:08.411000
KSL000072,Sean Gatewood,Sean,,Gatewood,,,False,ks,,,,http://www.kslegislature.org/li/m/images/pics/gatewood_sean.jpg,2011-12-07 01:27:16.062000,2014-12-09 07:38:16.089000
KSL000073,Doug Gatewood,Doug,,Gatewood,,,False,ks,,,,http://www.kslegislature.org/li/m/images/pics/gatewood_doug.jpg,2011-12-07 01:27:16.080000,2013-01-09 18:44:08.364000
KSL000074,Mario Goico,Mario,,Goico,,,False,ks,,,,http://www.kslegislature.org/li/m/images/pics/rep_goico_mario_1.jpg,2011-12-07 01:27:16.090000,2017-01-10 23:18:21.034000
KSL000075,Ramon Gonzalez,Ramon,,Gonzalez,,,False,ks,,,,http://www.kslegislature.org/li/m/images/pics/rep_gonzalez_ramon_1.jpg,2011-12-07 01:27:16.101000,2017-01-10 23:18:21.041000
KSL000076,Jana Goodman,Jana,,Goodman,,,False,ks,,,,http://www.kslegislature.org/li/m/images/pics/goodman_jana.jpg,2011-12-07 01:27:16.111000,2013-01-09 18:44:08.349000
KSL000077,Lana Gordon,Lana,,Gordon,,,False,ks,,,,http://www.kslegislature.org/li/m/images/pics/gordon_lana.jpg,2011-12-07 01:27:16.121000,2013-01-09 18:44:08.361000
KSL000078,John Grange,John,,Grange,,,False,ks,,,,http://www.kslegislature.org/li/m/images/pics/grange_john.jpg,2011-12-07 01:27:16.130000,2013-01-09 18:44:08.421000
KSL000079,Bob Grant,Bob,,Grant,,,False,ks,,,,http://www.kslegislature.org/li/m/images/pics/rep_grant_robert_1.jpg,2011-12-07 01:27:16.149000,2014-12-09 07:38:16.070000
KSL000080,TerriLois Gregory,TerriLois,,Gregory,,,False,ks,,,,http://www.kslegislature.org/li/m/images/pics/gregory_terri_lois.jpg,2011-12-07 01:27:16.160000,2013-01-09 18:44:08.415000
KSL000081,Amanda Grosserode,Amanda,,Grosserode,,,False,ks,,,,http://www.kslegislature.org/li/m/images/pics/rep_grosserode_amanda_1.jpg,2011-12-07 01:27:16.169000,2017-01-10 23:18:20.999000
KSL000082,Gary Hayzlett,Gary,,Hayzlett,,,False,ks,,,,http://www.kslegislature.org/li/m/images/pics/hayzlet_gary.jpg,2011-12-07 01:27:16.179000,2013-01-09 18:44:08.374000
KSL000083,Dennis Hedke,Dennis,,Hedke,,,False,ks,,,,http://www.kslegislature.org/li/m/images/pics/rep_hedke_dennis_1.jpg,2011-12-07 01:27:16.276000,2017-01-10 23:18:21.011000
KSL000085,Jerry Henry,Jerry,,Henry,,,False,ks,,,,http://www.kslegislature.org/li/m/images/pics/rep_henry_jerry_1.jpg,2011-12-07 01:27:16.307000,2017-01-10 23:18:21.020000
KSL000086,Phil Hermanson,Phil,,Hermanson,,,False,ks,,,,http://www.kslegislature.org/li/m/images/pics/rep_hermanson_phil_1.jpg,2011-12-07 01:27:16.317000,2014-12-09 07:38:16.079000
KSL000087,Brett Hildabrand,Brett,,Hildabrand,,,False,ks,,,,http://www.kslegislature.org/li/m/images/pics/rep_hildabrand_brett_1.jpg,2011-12-07 01:27:16.331000,2017-01-10 23:18:21.004000
KSL000088,Don Hill,Don,,Hill,,,False,ks,,,,http://www.kslegislature.org/li/m/images/pics/rep_hill_don_1.jpg,2011-12-07 01:27:16.343000,2017-01-10 23:18:21.013000
KSL000091,Carl Holmes,Carl,,Holmes,,,False,ks,,,,http://www.kslegislature.org/li/m/images/pics/holmes_carl.jpg,2011-12-07 01:27:16.378000,2013-01-09 18:44:08.354000
KSL000092,Mitch Holmes,Mitch,,Holmes,,,False,ks,,,,http://www.kslegislature.org/li/m/images/pics/sen_holmes_mitch_1.jpg,2011-12-07 01:27:16.389000,2017-01-10 23:18:21.073000
KSL000093,Jim Howell,Jim,,Howell,,,False,ks,,,,http://www.kslegislature.org/li/m/images/pics/rep_howell_jim_1.jpg,2011-12-07 01:27:16.412000,2015-01-16 15:55:21.633000
KSL000096,Kasha Kelley,Kasha,,Kelley,,,False,ks,,,,http://www.kslegislature.org/li/m/images/pics/rep_kelley_kasha_1.jpg,2011-12-07 01:27:16.449000,2017-01-10 23:18:21.030000
KSL000099,Mike Kiegerl,Mike,,Kiegerl,,,False,ks,,,,http://www.kslegislature.org/li/m/images/pics/rep_kiegerl_mike_1.jpg,2011-12-07 01:27:16.542000,2017-02-23 02:21:25.491000
KSL000100,Lance Kinzer,Lance,,Kinzer,,,False,ks,,,,http://www.kslegislature.org/li/m/images/pics/rep_kinzer_lance_1.jpg,2011-12-07 01:27:16.551000,2015-01-16 15:55:21.599000
KSL000101,Marvin Kleeb,Marvin,,Kleeb,,,False,ks,,,,http://www.kslegislature.org/li/m/images/pics/rep_kleeb_marvin_1.jpg,2011-12-07 01:27:16.561000,2017-01-26 15:10:25.253000
KSL000102,Forrest Knox,Forrest,,Knox,,,False,ks,,,,http://www.kslegislature.org/li/m/images/pics/sen_knox_forrest_1.jpg,2011-12-07 01:27:16.571000,2017-01-10 23:18:21.060000
KSL000104,Brenda Landwehr,Brenda,,Landwehr,,,False,ks,,,,http://www.kslegislature.org/li/m/images/pics/landwehr_brenda.jpg,2011-12-07 01:27:16.595000,2013-01-09 18:44:08.410000
KSL000105,Harold Lane,Harold,,Lane,,,False,ks,,,,http://www.kslegislature.org/li/m/images/pics/rep_lane_harold_1.jpg,2011-12-07 01:27:16.605000,2016-03-25 06:56:30.945000
KSL000106,Trent LeDoux,Trent,,LeDoux,,,False,ks,,,,http://www.kslegislature.org/li/m/images/pics/ledoux_trent.jpg,2011-12-07 01:27:16.615000,2013-01-09 18:44:08.439000
KSL000107,Judith Loganbill,Judith,,Loganbill,,,False,ks,,,,http://www.kslegislature.org/li/m/images/pics/loganbill_judith.jpg,2011-12-07 01:27:16.625000,2013-01-09 18:44:08.422000
KSL000108,Ann Mah,Ann,,Mah,,,False,ks,,,,http://www.kslegislature.org/li/m/images/pics/mah_ann.jpg,2011-12-07 01:27:16.640000,2013-01-09 18:44:08.356000
KSL000109,Peggy Mast,Peggy,,Mast,,,False,ks,,,,http://www.kslegislature.org/li/m/images/pics/rep_mast_peggy_1.jpg,2011-12-07 01:27:16.650000,2017-01-10 23:18:21.040000
KSL000110,Melody McCray-Miller,Melody,,McCray-Miller,,,False,ks,,,,http://www.kslegislature.org/li/m/images/pics/mccray-miller_melody.jpg,2011-12-07 01:27:16.660000,2013-01-09 18:44:08.390000
KSL000111,Joe McLeland,Joe,,McLeland,,,False,ks,,,,http://www.kslegislature.org/li/m/images/pics/mcleland_joe.jpg,2011-12-07 01:27:16.670000,2013-01-09 18:44:08.406000
KSL000112,Melanie Meier,Melanie,,Meier,,,False,ks,,,,http://www.kslegislature.org/li/m/images/pics/rep_meier_melanie_1.jpg,2011-12-07 01:27:16.680000,2015-01-16 15:55:21.603000
KSL000113,Kelly Meigs,Kelly,,Meigs,,,False,ks,,,,http://www.kslegislature.org/li/m/images/pics/rep_meigs_kelly_1.jpg,2011-12-07 01:27:16.694000,2015-01-16 15:55:21.594000
KSL000114,Reynaldo Mesa,Reynaldo,,Mesa,,,False,ks,,,,http://www.kslegislature.org/li/m/images/pics/mesa_reynaldo.jpg,2011-12-07 01:27:16.714000,2013-01-09 18:44:08.329000
KSL000115,Robert Montgomery,Robert,,Montgomery,,,False,ks,,,,http://www.kslegislature.org/li/m/images/pics/rep_montgomery_robert_1.jpg,2011-12-07 01:27:16.731000,2014-12-09 07:38:16.091000
KSL000116,Susan Mosier,Susan,,Mosier,,,False,ks,,,,http://www.kslegislature.org/li/m/images/pics/mosier_susan.jpg,2011-12-07 01:27:16.744000,2012-10-17 02:51:04.137000
KSL000117,Tom Moxley,Tom,,Moxley,,,False,ks,,,,http://www.kslegislature.org/li/m/images/pics/rep_moxley_tom_1.jpg,2011-12-07 01:27:16.772000,2017-01-10 23:18:21.054000
KSL000118,Connie O'Brien,Connie,,O'Brien,,,False,ks,,,,http://www.kslegislature.org/li/m/images/pics/rep_obrien_connie_1.jpg,2011-12-07 01:27:16.782000,2017-01-10 23:18:21.009000
KSL000119,Charlotte O'Hara,Charlotte,,O'Hara,,,False,ks,,,,http://www.kslegislature.org/li/m/images/pics/ohara_charlotte.jpg,2011-12-07 01:27:16.793000,2013-01-09 18:44:08.432000
KSL000120,Mike O'Neal,Mike,,O'Neal,,,False,ks,,,,http://www.kslegislature.org/li/m/images/pics/oneal_micheal.jpg,2011-12-07 01:27:16.803000,2013-01-09 18:44:08.367000
KSL000122,Bill Otto,Bill,,Otto,,,False,ks,,,,http://www.kslegislature.org/li/m/images/pics/otto_bill.jpg,2011-12-07 01:27:16.849000,2013-01-09 18:44:08.440000
KSL000123,Joe Patton,Joe,,Patton,,,False,ks,,,,http://www.kslegislature.org/li/m/images/pics/patton_joe.jpg,2011-12-07 01:27:16.859000,2013-01-09 18:44:08.360000
KSL000124,Jan Pauls,Jan,,Pauls,,,False,ks,,,,http://www.kslegislature.org/li/m/images/pics/rep_pauls_jan_1.jpg,2011-12-07 01:27:16.869000,2017-01-10 23:18:21.018000
KSL000125,Virgil Peck,Virgil,,Peck,,,False,ks,,,,http://www.kslegislature.org/li/m/images/pics/rep_peck_virgil_1.jpg,2011-12-07 01:27:16.880000,2017-01-10 23:18:21.056000
KSL000126,Mike Peterson,Mike,,Peterson,,,False,ks,,,,http://www.kslegislature.org/li/m/images/pics/rep_peterson_michael_1.jpg,2011-12-07 01:27:16.899000,2014-12-09 07:38:16.093000
KSL000127,Eber Phelps,Eber,,Phelps,,,False,ks,,,,http://www.kslegislature.org/li/m/images/pics/phelps_eber.jpg,2011-12-07 01:27:16.909000,2013-01-09 18:44:08.366000
KSL000128,Jo Ann Pottorff,Jo Ann,,Pottorff,,,False,ks,,,,http://www.kslegislature.org/li/m/images/pics/pottorff_jo_ann.jpg,2011-12-07 01:27:16.919000,2013-01-09 18:44:08.426000
KSL000129,Larry Powell,Larry,,Powell,,,False,ks,,,,http://www.kslegislature.org/li/m/images/pics/sen_powell_larry_1.jpg,2011-12-07 01:27:16.928000,2017-01-10 23:18:21.069000
KSL000130,Willie Prescott,Willie,,Prescott,,,False,ks,,,,http://www.kslegislature.org/li/m/images/pics/prescott_willie.jpg,2011-12-07 01:27:16.938000,2013-01-09 18:44:08.353000
KSL000132,Marc Rhoades,Marc,,Rhoades,,,False,ks,,,,http://www.kslegislature.org/li/m/images/pics/rep_rhoades_marc_1.jpg,2011-12-07 01:27:16.962000,2017-01-10 23:18:21.032000
KSL000133,Charles Roth,Charles,,Roth,,,False,ks,,,,http://www.kslegislature.org/li/m/images/pics/roth_charles.jpg,2011-12-07 01:27:16.971000,2013-01-09 18:44:08.424000
KSL000134,John Rubin,John,,Rubin,,,False,ks,,,,http://www.kslegislature.org/li/m/images/pics/rep_rubin_john_1.jpg,2011-12-07 01:27:16.981000,2017-01-10 23:18:21.027000
KSL000136,Ronald Ryckman Sr.,Ronald,,Ryckman,Sr.,,False,ks,,,,http://www.kslegislature.org/li/m/images/pics/rep_ryckman_ronald_1.jpg,2011-12-07 01:27:17.034000,2017-01-10 23:18:21.048000
KSL000137,Joseph Scapa,Joseph,,Scapa,,,False,ks,,,,http://www.kslegislature.org/li/m/images/pics/rep_scapa_joseph_1.jpg,2011-12-07 01:27:17.044000,2017-01-10 23:18:21.029000
KSL000140,Sharon Schwartz,Sharon,,Schwartz,,,False,ks,,,,http://www.kslegislature.org/li/m/images/pics/rep_schwartz_sharon_1.jpg,2011-12-07 01:27:17.074000,2017-01-10 23:18:21.049000
KSL000142,Clark Shultz,Clark,,Shultz,,,False,ks,,,,http://www.kslegislature.org/li/m/images/pics/sen_shultz_clark_1.jpg,2011-12-07 01:27:17.094000,2015-01-16 15:55:21.638000
KSL000143,Arlen Siegfreid,Arlen,,Siegfreid,,,False,ks,,,,http://www.kslegislature.org/li/m/images/pics/rep_siegfreid_arlen_1.jpg,2011-12-07 01:27:17.104000,2014-12-09 07:38:16.081000
KSL000144,Mike Slattery,Mike,,Slattery,,,False,ks,,,,http://www.kslegislature.org/li/m/images/pics/slattery_mike.jpg,2011-12-07 01:27:17.116000,2013-01-09 18:44:08.335000
KSL000146,Greg Smith,Greg,,Smith,,,False,ks,,,,http://www.kslegislature.org/li/m/images/pics/sen_smith_greg_1.jpg,2011-12-07 01:27:17.139000,2017-01-10 23:18:21.063000
KSL000147,Sheryl Spalding,Sheryl,,Spalding,,,False,ks,,,,http://www.kslegislature.org/li/m/images/pics/spalding_sheryl.jpg,2011-12-07 01:27:17.150000,2013-01-09 18:44:08.357000
KSL000148,Gene Suellentrop,Gene,,Suellentrop,,,False,ks,,,,http://www.kslegislature.org/li/m/images/pics/rep_suellentrop_gene_1.jpg,2011-12-07 01:27:17.160000,2017-01-10 23:18:21.016000
KSL000149,Vern Swanson,Vern,,Swanson,,,False,ks,,,,http://www.kslegislature.org/li/m/images/pics/rep_swanson_vern_1.jpg,2011-12-07 01:27:17.170000,2015-01-16 15:55:21.618000
KSL000150,Annie Tietze,Annie,,Tietze,,,False,ks,,,,http://www.kslegislature.org/li/m/images/pics/rep_tietze_annie_1.jpg,2011-12-07 01:27:17.180000,2016-09-23 14:29:38.159000
KSL000156,Brian Weber,Brian,,Weber,,,False,ks,,,,http://www.kslegislature.org/li/m/images/pics/rep_weber_brian_1.jpg,2011-12-07 01:27:17.263000,2014-12-09 07:38:16.090000
KSL000157,Vince Wetta,Vince,,Wetta,,,False,ks,,,,http://www.kslegislature.org/li/m/images/pics/wetta_vince.jpg,2011-12-07 01:27:17.273000,2013-01-09 18:44:08.409000
KSL000158,Jerry Williams,Jerry,,Williams,,,False,ks,,,,http://www.kslegislature.org/li/m/images/pics/williams_jerry.jpg,2011-12-07 01:27:17.283000,2013-01-09 18:44:08.331000
KSL000160,Kay Wolf,Kay,,Wolf,,,False,ks,,,,http://www.kslegislature.org/li/m/images/pics/sen_wolf_kay_1.jpg,2011-12-07 01:27:17.302000,2017-01-10 23:18:21.068000
KSL000161,Bill Wolf,Bill,,Wolf,,,False,ks,,,,http://www.kslegislature.org/li/m/images/pics/wolf_william.jpg,2011-12-07 01:27:17.312000,2013-01-09 18:44:08.434000
KSL000163,Ron Worley,Ron,,Worley,,,False,ks,,,,http://www.kslegislature.org/li/m/images/pics/worley_ron.jpg,2011-12-07 01:27:17.332000,2013-01-09 18:44:08.438000
KSL000166,Lorene Bethell,Lorene,,Bethell,,,False,ks,,,,http://www.kslegislature.org/li/m/images/pics/,2012-10-15 21:35:16.206000,2013-01-09 18:44:08.444000
KSL000168,Judy Morrison,Judy,,Morrison,,,False,ks,,,,http://www.kslegislature.org/li/m/images/pics/,2012-10-15 21:35:16.425000,2013-01-09 18:44:08.445000
KSL000169,William Sutton,William,,Sutton,,,False,ks,,,,http://www.kslegislature.org/li/m/images/pics/rep_sutton_william_1.jpg,2012-10-15 21:35:16.567000,2017-01-10 23:18:21.059000
KSL000170,Steve Abrams,Steve,,Abrams,,,False,ks,,,,http://www.kslegislature.org/li/m/images/pics/sen_abrams_steve_1.jpg,2013-01-09 18:44:06.935000,2017-01-10 23:18:21.076000
KSL000181,Jeff Melcher,Jeff,,Melcher,,,False,ks,,,,http://www.kslegislature.org/li/m/images/pics/sen_melcher_jeff_1.jpg,2013-01-09 18:44:07.114000,2017-01-10 23:18:21.067000
KSL000182,Michael O'Donnell,Michael,,O'Donnell,,,False,ks,,,,http://www.kslegislature.org/li/m/images/pics/sen_o_donnell_michael_1.jpg,2013-01-09 18:44:07.120000,2017-01-10 23:18:21.072000
KSL000192,Ed Bideau,Ed,,Bideau,,,False,ks,,,,http://www.kslegislature.org/li/m/images/pics/rep_bideau_ed_1.jpg,2013-01-09 18:44:07.246000,2014-12-09 07:38:16.072000
KSL000193,Sue Boldra,Sue,,Boldra,,,False,ks,,,,http://www.kslegislature.org/li/m/images/pics/rep_boldra_sue_1.jpg,2013-01-09 18:44:07.252000,2017-01-10 23:18:21.052000
KSL000195,John Bradford,John,,Bradford,,,False,ks,,,,http://www.kslegislature.org/li/m/images/pics/rep_bradford_john_1.jpg,2013-01-09 18:44:07.265000,2017-01-10 23:18:21.022000
KSL000196,Carolyn Bridges,Carolyn,,Bridges,,,False,ks,,,,http://www.kslegislature.org/li/m/images/pics/rep_bridges_carolyn_1.jpg,2013-01-09 18:44:07.272000,2016-03-25 06:56:31.858000
KSL000197,Will Carpenter,Will,,Carpenter,,,False,ks,,,,http://www.kslegislature.org/li/m/images/pics/rep_carpenter_will_1.jpg,2013-01-09 18:44:07.317000,2017-01-10 23:18:21.058000
KSL000198,Marshall Christmann,Marshall,,Christmann,,,False,ks,,,,http://www.kslegislature.org/li/m/images/pics/rep_christman_marshall_1.jpg,2013-01-09 18:44:07.330000,2015-01-16 15:55:21.587000
KSL000203,Travis Couture-Lovelady,Travis,,Couture-Lovelady,,,False,ks,,,,http://www.kslegislature.org/li/m/images/pics/rep_couture_lovelady_travis_1.jpg,2013-01-09 18:44:07.363000,2016-03-25 06:56:32.340000
KSL000206,John Doll,John,,Doll,,,False,ks,,,,http://www.kslegislature.org/li/m/images/pics/rep_doll_john_1.jpg,2013-01-09 18:44:07.402000,2017-01-10 23:18:21.024000
KSL000208,John Edmonds,John,,Edmonds,,,False,ks,,,,http://www.kslegislature.org/li/m/images/pics/rep_edmonds_john_1.jpg,2013-01-09 18:44:07.417000,2017-01-10 23:18:21.025000
KSL000209,Joe Edwards,Joe,,Edwards,,,False,ks,,,,http://www.kslegislature.org/li/m/images/pics/rep_edwards_joe_1.jpg,2013-01-09 18:44:07.424000,2014-12-09 07:38:16.092000
KSL000211,John Ewy,John,,Ewy,,,False,ks,,,,http://www.kslegislature.org/li/m/images/pics/rep_ewy_john_1.jpg,2013-01-09 18:44:07.437000,2017-01-10 23:18:21.026000
KSL000214,Shanti Gandhi,Shanti,,Gandhi,,,False,ks,,,,http://www.kslegislature.org/li/m/images/pics/rep_gandhi_shanti_1.jpg,2013-01-09 18:44:07.464000,2015-01-16 15:55:21.611000
KSL000222,Roderick Houston,Roderick,,Houston,,,False,ks,,,,http://www.kslegislature.org/li/m/images/pics/rep_houston_roderick_1.jpg,2013-01-09 18:44:07.588000,2017-01-10 23:18:21.047000
KSL000224,Mark Hutton,Mark,,Hutton,,,False,ks,,,,http://www.kslegislature.org/li/m/images/pics/rep_hutton_mark_1.jpg,2013-01-09 18:44:07.609000,2017-01-10 23:18:21.035000
KSL000227,Mark Kahrs,Mark,,Kahrs,,,False,ks,,,,http://www.kslegislature.org/li/m/images/pics/rep_kahrs_mark_1.jpg,2013-01-09 18:44:07.638000,2017-01-10 23:18:21.037000
KSL000231,Jerry Lunn,Jerry,,Lunn,,,False,ks,,,,http://www.kslegislature.org/li/m/images/pics/rep_lunn_jerry_1.jpg,2013-01-09 18:44:07.687000,2017-01-10 23:18:21.021000
KSL000233,Charles Macheers,Charles,,Macheers,,,False,ks,,,,http://www.kslegislature.org/li/m/images/pics/rep_macheers_charles_1.jpg,2013-01-09 18:44:07.701000,2017-01-10 23:18:21.006000
KSL000234,Craig McPherson,Craig,,McPherson,,,False,ks,,,,http://www.kslegislature.org/li/m/images/pics/rep_mcpherson_craig_1.jpg,2013-01-09 18:44:07.715000,2017-01-10 23:18:21.010000
KSL000237,Julie Menghini,Julie,,Menghini,,,False,ks,,,,http://www.kslegislature.org/li/m/images/pics/rep_menghini_julie_1.jpg,2013-01-09 18:44:07.736000,2015-01-16 15:55:21.597000
KSL000241,Emily Perry,Emily,,Perry,,,False,ks,,,,http://www.kslegislature.org/li/m/images/pics/rep_perry_emily_1.jpg,2013-01-09 18:44:07.792000,2014-11-10 14:59:16.870000
KSL000243,Reid Petty,Reid,,Petty,,,False,ks,,,,http://www.kslegislature.org/li/m/images/pics/rep_petty_reid_1.jpg,2013-01-09 18:44:07.806000,2015-01-16 15:55:21.592000
KSL000244,Josh Powell,Josh,,Powell,,,False,ks,,,,http://www.kslegislature.org/li/m/images/pics/rep_powell_joshua_1.jpg,2013-01-09 18:44:07.820000,2015-01-16 15:55:21.609000
KSL000245,Marty Read,Marty,,Read,,,False,ks,,,,http://www.kslegislature.org/li/m/images/pics/rep_read_marty_1.jpg,2013-01-09 18:44:07.864000,2017-01-10 23:18:21.038000
KSL000247,Allan Rothlisberg,Allan,,Rothlisberg,,,False,ks,,,,http://www.kslegislature.org/li/m/images/pics/rep_rothlisberg_allan_1.jpg,2013-01-09 18:44:07.892000,2015-01-16 15:55:21.620000
KSL000253,Patricia Sloop,Patricia,,Sloop,,,False,ks,,,,http://www.kslegislature.org/li/m/images/pics/rep_sloop_patricia_1.jpg,2013-01-09 18:44:07.995000,2015-01-16 15:55:21.636000
KSL000257,James Todd,James,,Todd,,,False,ks,,,,http://www.kslegislature.org/li/m/images/pics/rep_todd_james_1.jpg,2013-01-09 18:44:08.038000,2017-01-10 23:18:21.017000
KSL000261,Virgil Weigel,Virgil,,Weigel,,,False,ks,,,,http://www.kslegislature.org/li/m/images/pics/rep_weigel_virgil_1.jpg,2013-01-09 18:44:08.091000,2015-01-16 15:55:21.614000
KSL000270,Bud Estes,Bud,,Estes,,,False,ks,,,,http://www.kslegislature.org/li/m/images/pics/rep_estes_bud_1.jpg,2013-06-22 01:04:36.553000,2017-01-10 23:18:21.005000
KSL000274,Steven Anthimides,Steven,,Anthimides,,,False,ks,,,,http://www.kslegislature.org/li/m/images/pics/rep_anthimides_steven_1.jpg,2013-12-04 01:54:29.623000,2017-01-10 23:18:21.051000
KSL000286,Jeremy Dannebohm,Jeremy,,Dannebohm,,,False,ks,,,,http://www.kslegislature.org/li/m/images/pics/rep_dannebohm_1.jpg,2014-11-13 01:27:11.770000,2015-01-16 15:55:21.583000
KSL000288,Dennis Highberger,Dennis,,Highberger,,,False,ks,,,,http://www.kslegislature.org/li/m/images/pics/rep_highberger_dennis_1.jpg,2014-11-13 01:27:11.908000,2015-01-16 15:55:21.605000
KSL000292,Tony Barton,Tony,,Barton,,,False,ks,,,,http://www.kslegislature.org/li/m/images/pics/rep_barton_tony_1.jpg,2014-11-13 01:27:12.436000,2017-01-10 23:18:21.055000
KSL000295,Charles Smith,Charles,,Smith,,,False,ks,,,,http://www.kslegislature.org/li/m/images/pics/rep_smith_charles_1.jpg,2014-11-13 01:27:12.526000,2017-01-10 23:18:21.007000
KSL000296,Dick Jones,Dick,,Jones,,,False,ks,,,,http://www.kslegislature.org/li/m/images/pics/rep_jones_dick_1.jpg,2014-11-13 01:27:12.566000,2017-01-10 23:18:21.012000
KSL000297,Lane Hemsley,Lane,,Hemsley,,,False,ks,,,,http://www.kslegislature.org/li/m/images/pics/rep_hemsley_lane_1.jpg,2014-11-13 01:27:12.662000,2017-01-10 23:18:21.031000
KSL000298,Becky Hutchins,Becky,,Hutchins,,,False,ks,,,,http://www.kslegislature.org/li/m/images/pics/rep_hutchins_becky_1.jpg,2015-01-16 15:55:19.268000,2017-01-10 23:18:21.002000
KSL000299,Basil Dannebohm,Basil,,Dannebohm,,,False,ks,,,,http://www.kslegislature.org/li/m/images/pics/rep_dannebohm_basil_1.jpg,2015-01-16 15:55:20.292000,2016-03-25 06:56:33.742000
KSL000312,Ben Scott,Ben,,Scott,,,False,ks,,,,http://www.kslegislature.org/li/m/images/pics/rep_scott_ben_1.jpg,2015-11-21 06:37:10.326000,2017-01-10 23:18:21.003000
KSL000317,Lance Kinzer,Lance,,Kinzer,,,False,ks,,,,http://www.kslegislature.org/li/m/images/pics/rep_kinzer_lance_1.jpg,2016-03-25 06:56:31.701000,2016-03-29 17:17:43.643000
KSL000318,Paul Davis,Paul,,Davis,,,False,ks,,,,http://www.kslegislature.org/li/m/images/pics/rep_davis_paul_1.jpg,2016-03-25 06:56:32.304000,2016-03-29 17:19:02.823000
KSL000319,Josh Powell,Josh,,Powell,,,False,ks,,,,http://www.kslegislature.org/li/m/images/pics/rep_powell_joshua_1.jpg,2016-03-25 06:56:32.945000,2016-03-29 17:20:37.535000
KSL000320,Vern Swanson,Vern,,Swanson,,,False,ks,,,,http://www.kslegislature.org/li/m/images/pics/rep_swanson_vern_1.jpg,2016-03-25 06:56:33.432000,2016-03-29 17:21:28.433000
KSL000322,"Gartner, Jim",Jim,,Gartner,,,False,ks,,,,http://www.kslegislature.org/li/m/images/pics/rep_gartner_jim_1.jpg,2016-07-07 14:29:07.292000,2017-01-10 23:18:21.015000
KSL000042,Barbara Ballard,Barbara,,Ballard,,,True,ks,lower,44,Democratic,http://www.kslegislature.org/li/m/images/pics/rep_ballard_barbara_1.jpg,2011-12-07 01:27:15.670000,2017-05-31 08:24:27.607000
KSL000053,Tom Burroughs,Tom,,Burroughs,,,True,ks,lower,33,Democratic,http://www.kslegislature.org/li/m/images/pics/rep_burroughs_tom_1.jpg,2011-12-07 01:27:15.838000,2017-05-31 08:24:27.298000
KSL000055,Sydney Carlin,Sydney,,Carlin,,,True,ks,lower,66,Democratic,http://www.kslegislature.org/li/m/images/pics/rep_carlin_sydney_1.jpg,2011-12-07 01:27:15.857000,2017-05-31 08:24:28.066000
KSL000062,Pete DeGraaf,Pete,,DeGraaf,,,True,ks,lower,82,Republican,http://www.kslegislature.org/li/m/images/pics/rep_degraaf_peter_1.jpg,2011-12-07 01:27:15.925000,2017-05-31 08:24:27.467000
KSL000068,Gail Finney,Gail,,Finney,,,True,ks,lower,84,Democratic,http://www.kslegislature.org/li/m/images/pics/rep_finney_gail_1.jpg,2011-12-07 01:27:16.020000,2017-05-31 08:24:27.818000
KSL000070,Stan Frownfelter,Stan,,Frownfelter,,,True,ks,lower,37,Democratic,http://www.kslegislature.org/li/m/images/pics/rep_frownfelter_stan_1.jpg,2011-12-07 01:27:16.040000,2017-05-31 08:24:28.139000
KSL000071,Randy Garber,Randy,,Garber,,,True,ks,lower,62,Republican,http://www.kslegislature.org/li/m/images/pics/rep_garber_randy_1.jpg,2011-12-07 01:27:16.052000,2017-05-31 08:24:28.329000
KSL000084,Broderick Henderson,Broderick,,Henderson,,,True,ks,lower,35,Democratic,http://www.kslegislature.org/li/m/images/pics/rep_henderson_broderick_1.jpg,2011-12-07 01:27:16.286000,2017-05-31 08:24:28.092000
KSL000089,Don Hineman,Don,,Hineman,,,True,ks,lower,118,Republican,http://www.kslegislature.org/li/m/images/pics/rep_hineman_don_1.jpg,2011-12-07 01:27:16.357000,2017-05-31 08:24:28.149000
KSL000090,Kyle Hoffman,Kyle,,Hoffman,,,True,ks,lower,116,Republican,http://www.kslegislature.org/li/m/images/pics/rep_hoffman_kyle_1.jpg,2011-12-07 01:27:16.367000,2017-05-31 08:24:27.646000
KSL000094,Steve Huebert,Steve,,Huebert,,,True,ks,lower,90,Republican,http://www.kslegislature.org/li/m/images/pics/rep_huebert_steve_1.jpg,2011-12-07 01:27:16.429000,2017-05-31 08:24:27.810000
KSL000095,Steven Johnson,Steven,,Johnson,,,True,ks,lower,108,Republican,http://www.kslegislature.org/li/m/images/pics/rep_johnson_steven_1.jpg,2011-12-07 01:27:16.439000,2017-05-31 08:24:28.084000
KSL000097,Jim Kelly,Jim,,Kelly,,,True,ks,lower,11,Republican,http://www.kslegislature.org/li/m/images/pics/rep_kelly_jim_1.jpg,2011-12-07 01:27:16.459000,2017-05-31 08:24:28.079000
KSL000103,Annie Kuether,Annie,,Kuether,,,True,ks,lower,55,Democratic,http://www.kslegislature.org/li/m/images/pics/rep_kuether_annie_1.jpg,2011-12-07 01:27:16.585000,2017-05-31 08:24:28.326000
KSL000121,Les Osterman,Les,,Osterman,,,True,ks,lower,97,Republican,http://www.kslegislature.org/li/m/images/pics/rep_osterman_les_1.jpg,2011-12-07 01:27:16.838000,2017-05-31 08:24:27.623000
KSL000131,Richard Proehl,Richard,,Proehl,,,True,ks,lower,7,Republican,http://www.kslegislature.org/li/m/images/pics/rep_proehl_richard_1.jpg,2011-12-07 01:27:16.952000,2017-05-31 08:24:28.071000
KSL000135,Louis Ruiz,Louis,,Ruiz,,,True,ks,lower,31,Democratic,http://www.kslegislature.org/li/m/images/pics/rep_ruiz_louis_1.jpg,2011-12-07 01:27:16.991000,2017-05-31 08:24:26.852000
KSL000138,Don Schroeder,Don,,Schroeder,,,True,ks,lower,74,Republican,http://www.kslegislature.org/li/m/images/pics/rep_schroeder_don_1.jpg,2011-12-07 01:27:17.055000,2017-05-31 08:24:28.064000
KSL000139,Scott Schwab,Scott,,Schwab,,,True,ks,lower,49,Republican,http://www.kslegislature.org/li/m/images/pics/rep_schwab_scott_1.jpg,2011-12-07 01:27:17.064000,2017-05-31 08:24:28.144000
KSL000141,Joe Seiwert,Joe,,Seiwert,,,True,ks,lower,101,Republican,http://www.kslegislature.org/li/m/images/pics/rep_seiwert_joe_1.jpg,2011-12-07 01:27:17.084000,2017-05-31 08:24:28.334000
KSL000145,Tom Sloan,Tom,,Sloan,,,True,ks,lower,45,Republican,http://www.kslegislature.org/li/m/images/pics/rep_sloan_tom_1.jpg,2011-12-07 01:27:17.129000,2017-05-31 08:24:28.308000
KSL000151,Ed Trimmer,Ed,,Trimmer,,,True,ks,lower,79,Democratic,http://www.kslegislature.org/li/m/images/pics/rep_trimmer_ed_1.jpg,2011-12-07 01:27:17.190000,2017-05-31 08:24:28.254000
KSL000153,Jene Vickrey,Jene,,Vickrey,,,True,ks,lower,6,Republican,http://www.kslegislature.org/li/m/images/pics/rep_vickrey_jene_1.jpg,2011-12-07 01:27:17.210000,2017-05-31 08:24:28.251000
KSL000154,Ponka-We Victors,Ponka-We,,Victors,,,True,ks,lower,103,Democratic,http://www.kslegislature.org/li/m/images/pics/rep_victors_ponka_we_1.jpg,2011-12-07 01:27:17.220000,2017-05-31 08:24:28.338000
KSL000155,Jim Ward,Jim,,Ward,,,True,ks,lower,86,Democratic,http://www.kslegislature.org/li/m/images/pics/rep_ward_jim_1.jpg,2011-12-07 01:27:17.236000,2017-05-31 08:24:28.141000
KSL000159,Valdenia Winn,Valdenia,,Winn,,,True,ks,lower,34,Democratic,http://www.kslegislature.org/li/m/images/pics/rep_winn_valdenia_1.jpg,2011-12-07 01:27:17.292000,2017-05-31 08:24:28.256000
KSL000162,Kathy Wolfe Moore,Kathy Wolfe,,Moore,,,True,ks,lower,36,Democratic,http://www.kslegislature.org/li/m/images/pics/rep_wolfe_moore_kathy_1.jpg,2011-12-07 01:27:17.322000,2017-05-31 08:24:27.223000
KSL000164,Tom Phillips,Tom,,Phillips,,,True,ks,lower,67,Republican,http://www.kslegislature.org/li/m/images/pics/rep_phillips_thomas_1.jpg,2012-02-03 20:23:01.661000,2017-05-31 08:24:28.147000
KSL000167,Larry Campbell,Larry,,Campbell,,,True,ks,lower,26,Republican,http://www.kslegislature.org/li/m/images/pics/rep_campbell_larry_1.jpg,2012-10-15 21:35:16.239000,2017-05-31 08:24:27.677000
KSL000188,John Alcala,John,,Alcala,,,True,ks,lower,57,Democratic,http://www.kslegislature.org/li/m/images/pics/rep_alcala_john_1.jpg,2013-01-09 18:44:07.208000,2017-05-31 08:24:27.832000
KSL000189,Steve Alford,Steve,,Alford,,,True,ks,lower,124,Republican,http://www.kslegislature.org/li/m/images/pics/rep_alford_steve_1.jpg,2013-01-09 18:44:07.215000,2017-05-31 08:24:28.003000
KSL000190,John Barker,John,,Barker,,,True,ks,lower,70,Republican,http://www.kslegislature.org/li/m/images/pics/rep_barker_john_1.jpg,2013-01-09 18:44:07.232000,2017-05-31 08:24:28.082000
KSL000191,Steven Becker,Steven,,Becker,,,True,ks,lower,104,Republican,http://www.kslegislature.org/li/m/images/pics/rep_becker_steven_1.jpg,2013-01-09 18:44:07.239000,2017-05-31 08:24:27.729000
KSL000199,J. R. Claeys,J. R.,,Claeys,,,True,ks,lower,69,Republican,http://www.kslegislature.org/li/m/images/pics/rep_claeys_j_r_1.jpg,2013-01-09 18:44:07.337000,2017-05-31 08:24:27.795000
KSL000200,Stephanie Clayton,Stephanie,,Clayton,,,True,ks,lower,19,Republican,http://www.kslegislature.org/li/m/images/pics/rep_clayton_stephanie_1.jpg,2013-01-09 18:44:07.343000,2017-05-31 08:24:26.860000
KSL000201,Susan Concannon,Susan,,Concannon,,,True,ks,lower,107,Republican,http://www.kslegislature.org/li/m/images/pics/rep_concannon_susan_1.jpg,2013-01-09 18:44:07.350000,2017-05-31 08:24:27.609000
KSL000202,Ken Corbet,Ken,,Corbet,,,True,ks,lower,54,Republican,http://www.kslegislature.org/li/m/images/pics/rep_corbet_ken_1.jpg,2013-01-09 18:44:07.356000,2017-05-31 08:24:27.874000
KSL000205,Diana Dierks,Diana,,Dierks,,,True,ks,lower,71,Republican,http://www.kslegislature.org/li/m/images/pics/rep_dierks_diana_1.jpg,2013-01-09 18:44:07.389000,2017-05-31 08:24:28.249000
KSL000207,Willie Dove,Willie,,Dove,,,True,ks,lower,38,Republican,http://www.kslegislature.org/li/m/images/pics/rep_dove_willie_1.jpg,2013-01-09 18:44:07.410000,2017-05-31 08:24:28.267000
KSL000210,Keith Esau,Keith,,Esau,,,True,ks,lower,14,Republican,http://www.kslegislature.org/li/m/images/pics/rep_esau_keith_1.jpg,2013-01-09 18:44:07.430000,2017-05-31 08:24:27.481000
KSL000212,Blaine Finch,Blaine,,Finch,,,True,ks,lower,59,Republican,http://www.kslegislature.org/li/m/images/pics/rep_finch_blaine_1.jpg,2013-01-09 18:44:07.444000,2017-05-31 08:24:27.879000
KSL000216,Daniel Hawkins,Daniel,,Hawkins,,,True,ks,lower,100,Republican,http://www.kslegislature.org/li/m/images/pics/rep_hawkins_daniel_1.jpg,2013-01-09 18:44:07.504000,2017-05-31 08:24:28.099000
KSL000218,Larry Hibbard,Larry,,Hibbard,,,True,ks,lower,13,Republican,http://www.kslegislature.org/li/m/images/pics/rep_hibbard_larry_1.jpg,2013-01-09 18:44:07.538000,2017-05-31 08:24:28.305000
KSL000219,Ron Highland,Ron,,Highland,,,True,ks,lower,51,Republican,http://www.kslegislature.org/li/m/images/pics/rep_highland_ron_1.jpg,2013-01-09 18:44:07.545000,2017-05-31 08:24:27.764000
KSL000221,Michael Houser,Michael,,Houser,,,True,ks,lower,1,Republican,http://www.kslegislature.org/li/m/images/pics/rep_houser_michael_1.jpg,2013-01-09 18:44:07.580000,2017-05-31 08:24:26.842000
KSL000225,J. Russell Jennings,J. Russell,,Jennings,,,True,ks,lower,122,Republican,http://www.kslegislature.org/li/m/images/pics/rep_jennings_russell_1.jpg,2013-01-09 18:44:07.617000,2017-05-31 08:24:27.725000
KSL000226,Kevin Jones,Kevin,,Jones,,,True,ks,lower,5,Republican,http://www.kslegislature.org/li/m/images/pics/rep_jones_kevin_1.jpg,2013-01-09 18:44:07.631000,2017-05-31 08:24:27.669000
KSL000232,Nancy Lusk,Nancy,,Lusk,,,True,ks,lower,22,Democratic,http://www.kslegislature.org/li/m/images/pics/rep_lusk_nancy_1.jpg,2013-01-09 18:44:07.694000,2017-05-31 08:24:27.664000
KSL000246,Melissa Rooker,Melissa,,Rooker,,,True,ks,lower,25,Republican,http://www.kslegislature.org/li/m/images/pics/rep_rooker_melissa_1.jpg,2013-01-09 18:44:07.884000,2017-05-31 08:24:28.279000
KSL000249,Ron Ryckman,Ron,,Ryckman,,,True,ks,lower,78,Republican,http://www.kslegislature.org/li/m/images/pics/rep_ryckman_jr_ron_1.jpg,2013-01-09 18:44:07.914000,2017-05-31 08:24:28.136000
KSL000251,Tom Sawyer,Tom,,Sawyer,,,True,ks,lower,95,Democratic,http://www.kslegislature.org/li/m/images/pics/rep_sawyer_tom_1.jpg,2013-01-09 18:44:07.928000,2017-05-31 08:24:28.097000
KSL000255,Jack Thimesch,Jack,,Thimesch,,,True,ks,lower,114,Republican,http://www.kslegislature.org/li/m/images/pics/rep_thimesch_jack_1.jpg,2013-01-09 18:44:08.024000,2017-05-31 08:24:27.877000
KSL000260,Troy Waymaster,Troy,,Waymaster,,,True,ks,lower,109,Republican,http://www.kslegislature.org/li/m/images/pics/rep_waymaster_troy_1.jpg,2013-01-09 18:44:08.075000,2017-05-31 08:24:27.248000
KSL000262,Brandon Whipple,Brandon,,Whipple,,,True,ks,lower,96,Democratic,http://www.kslegislature.org/li/m/images/pics/rep_whipple_brandon_1.jpg,2013-01-09 18:44:08.098000,2017-05-31 08:24:27.018000
KSL000263,John Wilson,John,,Wilson,,,True,ks,lower,10,Democratic,http://www.kslegislature.org/li/m/images/pics/rep_wilson_john_1.jpg,2013-01-09 18:44:08.105000,2017-05-31 08:24:27.601000
KSL000272,John Carmichael,John,,Carmichael,,,True,ks,lower,92,Democratic,http://www.kslegislature.org/li/m/images/pics/rep_carmichael_john_1.jpg,2013-10-18 01:43:43.985000,2017-05-31 08:24:27.860000
KSL000273,Kent Thompson,Kent,,Thompson,,,True,ks,lower,9,Republican,http://www.kslegislature.org/li/m/images/pics/rep_thompson_kent_1.jpg,2013-10-18 01:43:44.021000,2017-05-31 08:24:28.310000
KSL000275,Adam Lusker,Adam,,Lusker,,,True,ks,lower,2,Democratic,http://www.kslegislature.org/li/m/images/pics/rep_lusker_adam_1.jpg,2013-12-17 16:39:37.406000,2017-05-31 08:24:27.858000
KSL000277,Erin Davis,Erin,,Davis,,,True,ks,lower,15,Republican,http://www.kslegislature.org/li/m/images/pics/rep_davis_erin_1.jpg,2014-01-11 01:42:14.444000,2017-05-31 08:24:27.943000
KSL000279,Les Mason,Les,,Mason,,,True,ks,lower,73,Republican,http://www.kslegislature.org/li/m/images/pics/rep_mason_les_1.jpg,2014-02-20 01:55:27.194000,2017-05-31 08:24:28.336000
KSL000280,Pam Curtis,Pam,,Curtis,,,True,ks,lower,32,Democratic,http://www.kslegislature.org/li/m/images/pics/rep_curtis_pam_1.jpg,2014-03-07 01:54:07.012000,2017-05-31 08:24:27.999000
KSL000282,John Whitmer,John,,Whitmer,,,True,ks,lower,93,Republican,http://www.kslegislature.org/li/m/images/pics/rep_whitmer_john_1.jpg,2014-09-19 01:06:36.790000,2017-05-31 08:24:27.734000
KSL000283,Jarrod Ousley,Jarrod,,Ousley,,,True,ks,lower,24,Democratic,http://www.kslegislature.org/li/m/images/pics/rep_ousley_jarrod_1.jpg,2014-10-10 00:46:12.993000,2017-05-31 08:24:28.276000
KSL000284,Susie Swanson,Susie,,Swanson,,,True,ks,lower,64,Republican,http://www.kslegislature.org/li/m/images/pics/rep_swanson_susie_1.jpg,2014-11-13 01:27:11.627000,2017-05-31 08:24:28.322000
KSL000285,Linda Gallagher,Linda,,Gallagher,,,True,ks,lower,23,Republican,http://www.kslegislature.org/li/m/images/pics/rep_gallagher_linda_1.jpg,2014-11-13 01:27:11.678000,2017-05-31 08:24:27.983000
KSL000287,Lonnie Clark,Lonnie,,Clark,,,True,ks,lower,65,Republican,http://www.kslegislature.org/li/m/images/pics/rep_clark_lonnie_1.jpg,2014-11-13 01:27:11.830000,2017-05-31 08:24:28.057000
KSL000289,Fred Patton,Fred,,Patton,,,True,ks,lower,50,Republican,http://www.kslegislature.org/li/m/images/pics/rep_patton_fred_1.jpg,2014-11-13 01:27:11.962000,2017-05-31 08:24:27.660000
KSL000290,Shannon Francis,Shannon,,Francis,,,True,ks,lower,125,Republican,http://www.kslegislature.org/li/m/images/pics/rep_francis_shannon_1.jpg,2014-11-13 01:27:11.969000,2017-05-31 08:24:28.317000
KSL000291,Blake Carpenter,Blake,,Carpenter,,,True,ks,lower,81,Republican,http://www.kslegislature.org/li/m/images/pics/rep_carpenter_blake_1.jpg,2014-11-13 01:27:12.103000,2017-05-31 08:24:27.838000
KSL000293,Randy Powell,Randy,,Powell,,,True,ks,lower,30,Republican,http://www.kslegislature.org/li/m/images/pics/rep_powell_randy_1.jpg,2014-11-13 01:27:12.480000,2017-05-31 08:24:28.281000
KSL000294,Kristey Williams,Kristey,,Williams,,,True,ks,lower,77,Republican,http://www.kslegislature.org/li/m/images/pics/rep_williams_kristey_1.jpg,2014-11-13 01:27:12.514000,2017-05-31 08:24:27.834000
KSL000302,"Dennis ""Boog"" Highberger","Dennis ""Boog""",,Highberger,,,True,ks,lower,46,Democratic,http://www.kslegislature.org/li/m/images/pics/rep_highberger_dennis_1.jpg,2015-01-16 15:55:21.074000,2017-05-31 08:24:27.975000
KSL000307,Greg Lewis,Greg,,Lewis,,,True,ks,lower,113,Republican,http://www.kslegislature.org/li/m/images/pics/rep_lewis_greg_1.jpg,2015-03-24 00:17:15.861000,2017-05-31 08:24:28.312000
KSL000313,Ken Rahjes,Ken,,Rahjes,,,True,ks,lower,110,Republican,http://www.kslegislature.org/li/m/images/pics/rep_rahjes_ken_1.jpg,2016-01-05 06:27:18.077000,2017-05-31 08:24:28.319000
KSL000314,Henry Helgerson,Henry,,Helgerson,,,True,ks,lower,83,Democratic,http://www.kslegislature.org/li/m/images/pics/rep_helgerson_henry_1.jpg,2016-01-09 06:34:54.460000,2017-05-31 08:24:27.662000
KSL000315,Chuck Weber,Chuck,,Weber,,,True,ks,lower,85,Republican,http://www.kslegislature.org/li/m/images/pics/rep_weber_chuck_1.jpg,2016-01-12 06:35:15.825000,2017-05-31 08:24:27.605000
KSL000324,Debbie Deere,Debbie,,Deere,,,True,ks,lower,40,Democratic,http://www.kslegislature.org/li/m/images/pics/rep_deere_debbie_1.jpg,2017-01-10 23:18:19.781000,2017-05-31 08:24:27.997000
KSL000325,Jeff Pittman,Jeff,,Pittman,,,True,ks,lower,41,Democratic,http://www.kslegislature.org/li/m/images/pics/rep_pittman_jeff_1.jpg,2017-01-10 23:18:19.787000,2017-05-31 08:24:27.540000
KSL000326,Adam Smith,Adam,,Smith,,,True,ks,lower,120,Republican,http://www.kslegislature.org/li/m/images/pics/rep_smith_adam_1.jpg,2017-01-10 23:18:19.798000,2017-05-31 08:24:27.654000
KSL000327,Brett Parker,Brett,,Parker,,,True,ks,lower,29,Democratic,http://www.kslegislature.org/li/m/images/pics/rep_parker_brett_1.jpg,2017-01-10 23:18:19.810000,2017-05-31 08:24:27.442000
KSL000328,Brenda Dietrich,Brenda,,Dietrich,,,True,ks,lower,52,Republican,http://www.kslegislature.org/li/m/images/pics/rep_dietrich_brenda_1.jpg,2017-01-10 23:18:19.821000,2017-05-31 08:24:28.259000
KSL000329,Monica Murnan,Monica,,Murnan,,,True,ks,lower,3,Democratic,http://www.kslegislature.org/li/m/images/pics/rep_murnan_monica_1.jpg,2017-01-10 23:18:19.832000,2017-05-31 08:24:28.005000
KSL000330,Jan Kessinger,Jan,,Kessinger,,,True,ks,lower,20,Republican,http://www.kslegislature.org/li/m/images/pics/rep_kessinger_jan_1.jpg,2017-01-10 23:18:19.838000,2017-05-31 08:24:27.221000
KSL000331,Jim Karleskint,Jim,,Karleskint,,,True,ks,lower,42,Republican,http://www.kslegislature.org/li/m/images/pics/rep_karleskint_jim_1.jpg,2017-01-10 23:18:19.872000,2017-05-31 08:24:27.652000
KSL000332,Anita Judd-Jenkins,Anita,,Judd-Jenkins,,,True,ks,lower,80,Republican,http://www.kslegislature.org/li/m/images/pics/rep_juddjenkins_anita_1.jpg,2017-01-10 23:18:19.884000,2017-05-31 08:24:28.001000
KSL000333,Patsy Terrell,Patsy,,Terrell,,,True,ks,lower,102,Democratic,http://www.kslegislature.org/li/m/images/pics/rep_terrell_patsy_1.jpg,2017-01-10 23:18:19.913000,2017-05-31 08:24:28.314000
KSL000335,John Eplee,John,,Eplee,,,True,ks,lower,63,Republican,http://www.kslegislature.org/li/m/images/pics/rep_eplee_john_1.jpg,2017-01-10 23:18:19.946000,2017-05-31 08:24:27.612000
KSL000339,Ronald Ellis,Ronald,,Ellis,,,True,ks,lower,47,Republican,http://www.kslegislature.org/li/m/images/pics/rep_ellis_ronald_1.jpg,2017-01-10 23:18:20.016000,2017-05-31 08:24:27.554000
KSL000340,Tory Marie Arnberger,Tory Marie,,Arnberger,,,True,ks,lower,112,Republican,http://www.kslegislature.org/li/m/images/pics/rep_arnberger_tory_1.jpg,2017-01-10 23:18:20.040000,2017-05-31 08:24:28.274000
KSL000341,Tim Hodge,Tim,,Hodge,,,True,ks,lower,72,Democratic,http://www.kslegislature.org/li/m/images/pics/rep_hodge_tim_1.jpg,2017-01-10 23:18:20.085000,2017-05-31 08:24:27.344000
KSL000342,Joy Koesten,Joy,,Koesten,,,True,ks,lower,28,Republican,http://www.kslegislature.org/li/m/images/pics/rep_koesten_joy_1.jpg,2017-01-10 23:18:20.120000,2017-05-31 08:24:27.721000
KSL000343,Dave Baker,Dave,,Baker,,,True,ks,lower,68,Republican,http://www.kslegislature.org/li/m/images/pics/rep_baker_dave_1.jpg,2017-01-10 23:18:20.144000,2017-05-31 08:24:27.995000
KSL000344,Bradley Ralph,Bradley,,Ralph,,,True,ks,lower,119,Republican,http://www.kslegislature.org/li/m/images/pics/rep_ralph_bradley_1.jpg,2017-01-10 23:18:20.163000,2017-05-31 08:24:27.237000
KSL000345,Bill Sutton,Bill,,Sutton,,,True,ks,lower,43,Republican,http://www.kslegislature.org/li/m/images/pics/rep_sutton_william_1.jpg,2017-01-10 23:18:20.181000,2017-05-31 08:24:28.247000
KSL000346,John Wheeler,John,,Wheeler,,,True,ks,lower,123,Republican,http://www.kslegislature.org/li/m/images/pics/rep_wheeler_john_1.jpg,2017-01-10 23:18:20.194000,2017-05-31 08:24:27.487000
KSL000347,Mary Good,Mary,,Good,,,True,ks,lower,75,Republican,http://www.kslegislature.org/li/m/images/pics/rep_good_mary_1.jpg,2017-01-10 23:18:20.206000,2017-05-31 08:24:28.265000
KSL000348,Leonard Mastroni,Leonard,,Mastroni,,,True,ks,lower,117,Republican,http://www.kslegislature.org/li/m/images/pics/rep_mastroni_leonard_1.jpg,2017-01-10 23:18:20.241000,2017-05-31 08:24:27.987000
KSL000349,Cindy Holscher,Cindy,,Holscher,,,True,ks,lower,16,Democratic,http://www.kslegislature.org/li/m/images/pics/rep_holscher_cindy_1.jpg,2017-01-10 23:18:20.253000,2017-05-31 08:24:28.342000
KSL000350,Jim Gartner,Jim,,Gartner,,,True,ks,lower,53,Democratic,http://www.kslegislature.org/li/m/images/pics/rep_gartner_jim_1.jpg,2017-01-10 23:18:20.265000,2017-05-31 08:24:28.053000
KSL000351,Greg Lakin,Greg,,Lakin,,,True,ks,lower,91,Republican,http://www.kslegislature.org/li/m/images/pics/rep_lakin_greg_1.jpg,2017-01-10 23:18:20.278000,2017-05-31 08:24:27.252000
KSL000352,Shelee Brim,Shelee,,Brim,,,True,ks,lower,39,Republican,http://www.kslegislature.org/li/m/images/pics/rep_brim_shelee_1.jpg,2017-01-10 23:18:20.290000,2017-05-31 08:24:27.489000
KSL000353,Doug Blex,Doug,,Blex,,,True,ks,lower,12,Republican,http://www.kslegislature.org/li/m/images/pics/rep_blex_doug_1.jpg,2017-01-10 23:18:20.315000,2017-05-31 08:24:28.340000
KSL000354,Patty Markley,Patty,,Markley,,,True,ks,lower,8,Republican,http://www.kslegislature.org/li/m/images/pics/rep_markley_patty_1.jpg,2017-01-10 23:18:20.320000,2017-05-31 08:24:27.993000
KSL000356,Boyd Orr,Boyd,,Orr,,,True,ks,lower,115,Republican,http://www.kslegislature.org/li/m/images/pics/rep_orr_boyd_1.jpg,2017-01-10 23:18:20.337000,2017-05-31 08:24:27.825000
KSL000357,Clay Aurand,Clay,,Aurand,,,True,ks,lower,106,Republican,http://www.kslegislature.org/li/m/images/pics/rep_aurand_clay_1.jpg,2017-01-10 23:18:20.355000,2017-05-31 08:24:28.245000
KSL000358,KC Ohaebosim,KC,,Ohaebosim,,,True,ks,lower,89,Democratic,http://www.kslegislature.org/li/m/images/pics/rep_ohaebosim_kc_1.jpg,2017-01-10 23:18:20.374000,2017-05-31 08:24:27.105000
KSL000359,Brenda Landwehr,Brenda,,Landwehr,,,True,ks,lower,105,Republican,http://www.kslegislature.org/li/m/images/pics/rep_landwehr_brenda_1.jpg,2017-01-10 23:18:20.380000,2017-05-31 08:24:27.656000
KSL000360,Roger Elliott,Roger,,Elliott,,,True,ks,lower,87,Republican,http://www.kslegislature.org/li/m/images/pics/rep_elliott_roger_1.jpg,2017-01-10 23:18:20.385000,2017-05-31 08:24:27.342000
KSL000361,Cindy Neighbor,Cindy,,Neighbor,,,True,ks,lower,18,Democratic,http://www.kslegislature.org/li/m/images/pics/rep_neighbor_cindy_1.jpg,2017-01-10 23:18:20.416000,2017-05-31 08:24:27.579000
KSL000362,Eric Smith,Eric,,Smith,,,True,ks,lower,76,Republican,http://www.kslegislature.org/li/m/images/pics/rep_smith_eric_1.jpg,2017-01-10 23:18:20.422000,2017-05-31 08:24:27.732000
KSL000364,Elizabeth Bishop,Elizabeth,,Bishop,,,True,ks,lower,88,Democratic,http://www.kslegislature.org/li/m/images/pics/rep_bishop_elizabeth_1.jpg,2017-01-10 23:18:20.452000,2017-05-31 08:24:27.820000
KSL000365,Vic Miller,Vic,,Miller,,,True,ks,lower,58,Democratic,http://www.kslegislature.org/li/m/images/pics/rep_miller_vic_1.jpg,2017-01-10 23:18:20.463000,2017-05-31 08:24:27.424000
KSL000366,Tom Cox,Tom,,Cox,,,True,ks,lower,17,Republican,http://www.kslegislature.org/li/m/images/pics/rep_cox_tom_1.jpg,2017-01-10 23:18:20.469000,2017-05-31 08:24:27.872000
KSL000368,Jerry Stogsdill,Jerry,,Stogsdill,,,True,ks,lower,21,Democratic,http://www.kslegislature.org/li/m/images/pics/rep_stogsdill_jerry_1.jpg,2017-01-10 23:18:20.524000,2017-05-31 08:24:28.272000
KSL000371,Virgil Weigel,Virgil,,Weigel,,,True,ks,lower,56,Democratic,http://www.kslegislature.org/li/m/images/pics/rep_weigel_virgil_1.jpg,2017-01-10 23:18:20.573000,2017-05-31 08:24:27.717000
KSL000372,Eber Phelps,Eber,,Phelps,,,True,ks,lower,111,Democratic,http://www.kslegislature.org/li/m/images/pics/rep_phelps_eber_1.jpg,2017-01-10 23:18:20.586000,2017-05-31 08:24:27.827000
KSL000373,Trevor Jacobs,Trevor,,Jacobs,,,True,ks,lower,4,Republican,http://www.kslegislature.org/li/m/images/pics/rep_jacobs_trevor_1.jpg,2017-01-10 23:18:20.598000,2017-05-31 08:24:27.538000
KSL000374,Sean Tarwater,Sean,,Tarwater,,,True,ks,lower,27,Republican,http://www.kslegislature.org/li/m/images/pics/rep_tarwater_sean_1.jpg,2017-01-10 23:18:20.640000,2017-05-31 08:24:28.269000
KSL000376,Leo Delperdang,Leo,,Delperdang,,,True,ks,lower,94,Republican,http://www.kslegislature.org/li/m/images/pics/rep_delperdang_leo_1.jpg,2017-01-10 23:18:20.653000,2017-05-31 08:24:27.863000
KSL000378,Steven Crum,Steven,,Crum,,,True,ks,lower,98,Democratic,http://www.kslegislature.org/li/m/images/pics/rep_crum_steven_1.jpg,2017-01-10 23:18:20.677000,2017-05-31 08:24:28.331000
KSL000380,Francis Awerkamp,Francis,,Awerkamp,,,True,ks,lower,61,Republican,http://www.kslegislature.org/li/m/images/pics/rep_awerkamp_francis_1.jpg,2017-01-10 23:18:20.714000,2017-05-31 08:24:27.830000
KSL000382,Susan Humphries,Susan,,Humphries,,,True,ks,lower,99,Republican,http://www.kslegislature.org/li/m/images/pics/rep_humphries_susan_1.jpg,2017-01-10 23:18:20.745000,2017-05-31 08:24:27.736000
KSL000383,Mark Schreiber,Mark,,Schreiber,,,True,ks,lower,60,Republican,http://www.kslegislature.org/li/m/images/pics/rep_schreiber_mark_1.jpg,2017-01-10 23:18:20.751000,2017-05-31 08:24:28.324000
KSL000384,Abraham Rafie,Abraham,,Rafie,,,True,ks,lower,48,Republican,http://www.kslegislature.org/li/m/images/pics/rep_rafie_abraham_1.jpg,2017-01-12 06:24:40.731000,2017-05-31 08:24:27.096000
KSL000386,John Resman,John,,Resman,,,True,ks,lower,121,Republican,http://www.kslegislature.org/li/m/images/pics/rep_resman_john_1.jpg,2017-02-17 07:34:59.375000,2017-05-31 08:24:27.985000
KSL000006,Oletha Faust-Goudeau,Oletha,,Faust-Goudeau,,,True,ks,upper,29,Democratic,http://www.kslegislature.org/li/m/images/pics/sen_faust_goudeau_oletha_1.jpg,2011-12-07 01:27:15.231000,2017-05-31 08:24:28.228000
KSL000007,Marci Francisco,Marci,,Francisco,,,True,ks,upper,2,Democratic,http://www.kslegislature.org/li/m/images/pics/sen_francisco_marci_1.jpg,2011-12-07 01:27:15.241000,2017-05-31 08:24:27.800000
KSL000008,David Haley,David,,Haley,,,True,ks,upper,4,Democratic,http://www.kslegislature.org/li/m/images/pics/sen_haley_david_1.jpg,2011-12-07 01:27:15.257000,2017-05-31 08:24:28.235000
KSL000009,Anthony Hensley,Anthony,,Hensley,,,True,ks,upper,19,Democratic,http://www.kslegislature.org/li/m/images/pics/sen_hensley_anthony_1.jpg,2011-12-07 01:27:15.273000,2017-05-31 08:24:28.287000
KSL000010,Tom Holland,Tom,,Holland,,,True,ks,upper,3,Democratic,http://www.kslegislature.org/li/m/images/pics/sen_holland_tom_1.jpg,2011-12-07 01:27:15.283000,2017-05-31 08:24:27.174000
KSL000012,Laura Kelly,Laura,,Kelly,,,True,ks,upper,18,Democratic,http://www.kslegislature.org/li/m/images/pics/sen_kelly_laura_1.jpg,2011-12-07 01:27:15.307000,2017-05-31 08:24:28.190000
KSL000016,Jeff Longbine,Jeff,,Longbine,,,True,ks,upper,17,Republican,http://www.kslegislature.org/li/m/images/pics/sen_longbine_jeff_1.jpg,2011-12-07 01:27:15.347000,2017-05-31 08:24:28.300000
KSL000018,Julia Lynn,Julia,,Lynn,,,True,ks,upper,9,Republican,http://www.kslegislature.org/li/m/images/pics/sen_lynn_julia_1.jpg,2011-12-07 01:27:15.399000,2017-05-31 08:24:28.114000
KSL000020,Ty Masterson,Ty,,Masterson,,,True,ks,upper,16,Republican,http://www.kslegislature.org/li/m/images/pics/sen_masterson_ty_1.jpg,2011-12-07 01:27:15.420000,2017-05-31 08:24:28.101000
KSL000021,Carolyn McGinn,Carolyn,,McGinn,,,True,ks,upper,31,Republican,http://www.kslegislature.org/li/m/images/pics/sen_mcginn_carolyn_1.jpg,2011-12-07 01:27:15.430000,2017-05-31 08:24:28.292000
KSL000024,Robert Olson,Robert,,Olson,,,True,ks,upper,23,Republican,http://www.kslegislature.org/li/m/images/pics/sen_olson_robert_1.jpg,2011-12-07 01:27:15.459000,2017-05-31 08:24:28.290000
KSL000027,Mike Petersen,Mike,,Petersen,,,True,ks,upper,28,Republican,http://www.kslegislature.org/li/m/images/pics/sen_petersen_mike_1.jpg,2011-12-07 01:27:15.493000,2017-05-31 08:24:28.180000
KSL000028,Mary Pilcher-Cook,Mary,,Pilcher-Cook,,,True,ks,upper,10,Republican,http://www.kslegislature.org/li/m/images/pics/sen_pilcher_cook_mary_1.jpg,2011-12-07 01:27:15.508000,2017-05-31 08:24:28.237000
KSL000029,Dennis Pyle,Dennis,,Pyle,,,True,ks,upper,1,Republican,http://www.kslegislature.org/li/m/images/pics/sen_pyle_dennis_1.jpg,2011-12-07 01:27:15.518000,2017-05-31 08:24:27.520000
KSL000032,Vicki Schmidt,Vicki,,Schmidt,,,True,ks,upper,20,Republican,http://www.kslegislature.org/li/m/images/pics/sen_schmidt_vicki_1.jpg,2011-12-07 01:27:15.557000,2017-05-31 08:24:28.193000
KSL000039,Susan Wagle,Susan,,Wagle,,,True,ks,upper,30,Republican,http://www.kslegislature.org/li/m/images/pics/sen_wagle_susan_1.jpg,2011-12-07 01:27:15.640000,2017-05-31 08:24:28.295000
KSL000047,Elaine Bowers,Elaine,,Bowers,,,True,ks,upper,36,Republican,http://www.kslegislature.org/li/m/images/pics/sen_bowers_elaine_1.jpg,2011-12-07 01:27:15.764000,2017-05-31 08:24:28.223000
KSL000063,Jim Denning,Jim,,Denning,,,True,ks,upper,8,Republican,http://www.kslegislature.org/li/m/images/pics/sen_denning_jim_1.jpg,2011-12-07 01:27:15.936000,2017-05-31 08:24:28.297000
KSL000098,Dan Kerschen,Dan,,Kerschen,,,True,ks,upper,26,Republican,http://www.kslegislature.org/li/m/images/pics/sen_kerschen_dan_1.jpg,2011-12-07 01:27:16.532000,2017-05-31 08:24:28.188000
KSL000152,Caryn Tyson,Caryn,,Tyson,,,True,ks,upper,12,Republican,http://www.kslegislature.org/li/m/images/pics/sen_tyson_caryn_1.jpg,2011-12-07 01:27:17.200000,2017-05-31 08:24:28.155000
KSL000175,Steve Fitzgerald,Steve,,Fitzgerald,,,True,ks,upper,5,Republican,http://www.kslegislature.org/li/m/images/pics/sen_fitzgerald_steve_1.jpg,2013-01-09 18:44:06.996000,2017-05-31 08:24:28.225000
KSL000176,Tom Hawk,Tom,,Hawk,,,True,ks,upper,22,Democratic,http://www.kslegislature.org/li/m/images/pics/sen_hawk_tom_1.jpg,2013-01-09 18:44:07.017000,2017-05-31 08:24:28.215000
KSL000180,Jacob LaTurner,Jacob,,LaTurner,,,True,ks,upper,13,Republican,http://www.kslegislature.org/li/m/images/pics/sen_laturner_jacob_1.jpg,2013-01-09 18:44:07.071000,2017-05-31 08:24:11.427000
KSL000183,Pat Pettey,Pat,,Pettey,,,True,ks,upper,6,Democratic,http://www.kslegislature.org/li/m/images/pics/sen_pettey_pat_1.jpg,2013-01-09 18:44:07.147000,2017-05-31 08:24:28.168000
KSL000281,Molly Baumgardner,Molly,,Baumgardner,,,True,ks,upper,37,Republican,http://www.kslegislature.org/li/m/images/pics/sen_baumgardner_molly_1.jpg,2014-05-03 03:00:23.242000,2017-05-31 08:24:28.107000
KSL000301,Rick Wilborn,Rick,,Wilborn,,,True,ks,upper,35,Republican,http://www.kslegislature.org/li/m/images/pics/sen_wilborn_rick_1.jpg,2015-01-16 15:55:20.472000,2017-05-31 08:24:28.109000
KSL000323,Barbara Bollier,Barbara,,Bollier,,,True,ks,upper,7,Republican,http://www.kslegislature.org/li/m/images/pics/sen_bollier_barbara_1.jpg,2017-01-10 23:18:19.775000,2017-05-31 08:24:28.030000
KSL000334,Dan Goddard,Dan,,Goddard,,,True,ks,upper,15,Republican,http://www.kslegislature.org/li/m/images/pics/sen_goddard_dan_1.jpg,2017-01-10 23:18:19.930000,2017-05-31 08:24:28.205000
KSL000336,John Skubal,John,,Skubal,,,True,ks,upper,11,Republican,http://www.kslegislature.org/li/m/images/pics/sen_skubal_john_1.jpg,2017-01-10 23:18:19.952000,2017-05-31 08:24:28.220000
KSL000337,Lynn Rogers,Lynn,,Rogers,,,True,ks,upper,25,Democratic,http://www.kslegislature.org/li/m/images/pics/sen_rogers_lynn_1.jpg,2017-01-10 23:18:19.994000,2017-05-31 08:24:28.089000
KSL000338,Bud Estes,Bud,,Estes,,,True,ks,upper,38,Republican,http://www.kslegislature.org/li/m/images/pics/sen_estes_bud_1.jpg,2017-01-10 23:18:20.011000,2017-05-31 08:24:28.043000
KSL000355,Larry Alley,Larry,,Alley,,,True,ks,upper,32,Republican,http://www.kslegislature.org/li/m/images/pics/sen_alley_larry_1.jpg,2017-01-10 23:18:20.332000,2017-05-31 08:24:28.198000
KSL000363,Dinah Sykes,Dinah,,Sykes,,,True,ks,upper,21,Republican,http://www.kslegislature.org/li/m/images/pics/sen_sykes_dinah_1.jpg,2017-01-10 23:18:20.440000,2017-05-31 08:24:28.232000
KSL000367,Rick Billinger,Rick,,Billinger,,,True,ks,upper,40,Republican,http://www.kslegislature.org/li/m/images/pics/sen_billinger_rick_1.jpg,2017-01-10 23:18:20.493000,2017-05-31 08:24:28.185000
KSL000369,Gene Suellentrop,Gene,,Suellentrop,,,True,ks,upper,27,Republican,http://www.kslegislature.org/li/m/images/pics/sen_suellentrop_gene_1.jpg,2017-01-10 23:18:20.530000,2017-05-31 08:24:28.118000
KSL000370,John Doll,John,,Doll,,,True,ks,upper,39,Republican,http://www.kslegislature.org/li/m/images/pics/sen_doll_john_1.jpg,2017-01-10 23:18:20.555000,2017-05-31 08:24:28.230000
KSL000375,Bruce Givens,Bruce,,Givens,,,True,ks,upper,14,Republican,http://www.kslegislature.org/li/m/images/pics/sen_givens_bruce_1.jpg,2017-01-10 23:18:20.647000,2017-05-31 08:24:27.691000
KSL000377,Randall Hardy,Randall,,Hardy,,,True,ks,upper,24,Republican,http://www.kslegislature.org/li/m/images/pics/sen_hardy_randall_1.jpg,2017-01-10 23:18:20.665000,2017-05-31 08:24:28.240000
KSL000379,Ed Berger,Ed,,Berger,,,True,ks,upper,34,Republican,http://www.kslegislature.org/li/m/images/pics/sen_berger_ed_1.jpg,2017-01-10 23:18:20.690000,2017-05-31 08:24:28.207000
KSL000381,Mary Jo Taylor,Mary Jo,,Taylor,,,True,ks,upper,33,Republican,http://www.kslegislature.org/li/m/images/pics/sen_taylor_mary_1.jpg,2017-01-10 23:18:20.727000,2017-05-31 08:24:27.528000
KSL000387,Richard Hilderbrand,Richard,,Hilderbrand,,,True,ks,upper,13,Republican,http://www.kslegislature.org/li/m/images/pics/sen_hilderbrand_richard_1.jpg,2017-05-03 08:17:06.843000,2017-05-31 08:24:28.160000
