id,state,chamber,committee,subcommittee,parent_id
RIC000034,ri,joint,Permanent Joint Committee on State Lottery,,
RIC000035,ri,joint,Housing Act Oversight Commission,,
RIC000036,ri,joint,Joint Committee on Legislative Services,,
RIC000044,ri,joint,Establish A Permanent Education Foundation Aid Formula for Rhode Island,,
RIC000045,ri,joint,Permanent Joint Legislative Committee on Health Care Oversight,,
RIC000049,ri,joint,Permanent Joint Committee on Economic Development,,
RIC000038,ri,lower,Rules,,
RIC000039,ri,lower,Labor,,
RIC000040,ri,lower,Judiciary,,
RIC000041,ri,lower,"Health, Education and Welfare",,
RIC000042,ri,lower,Finance,,
RIC000043,ri,lower,Small Business,,
RIC000046,ri,lower,Municipal Government,,
RIC000047,ri,lower,Veterans' Affairs,,
RIC000048,ri,lower,Corporations,,
RIC000050,ri,lower,Oversight,,
RIC000051,ri,lower,Environment and Natural Resources,,
RIC000054,ri,lower,Joint Committee on Legislative Services,,
RIC000055,ri,lower,Permanent Joint Legislative Committee on Health Care Oversight,,
RIC000056,ri,lower,Education,,
RIC000057,ri,lower,"Rules, Government Ethics and Oversight",,
RIC000058,ri,lower,Environment and Agriculture,,
RIC000059,ri,lower,Permanent Joint Committee on State Lottery,,
RIC000060,ri,lower,Health and Human Services,,
RIC000061,ri,lower,Commerce,,
RIC000062,ri,lower,Permanent Joint Committee on Economic Development,,
RIC000063,ri,lower,Establish A Permanent Education Foundation Aid Formula for Rhode Island,,
RIC000064,ri,lower,Housing and Municipal Government,,
RIC000065,ri,lower,Special Legislation and Veterans' Affairs,,
RIC000066,ri,lower,Housing Act Oversight Commission,,
RIC000001,ri,upper,Housing and Municipal Government,,
RIC000002,ri,upper,Education,,
RIC000003,ri,upper,Environment and Agriculture,,
RIC000004,ri,upper,Finance,,
RIC000006,ri,upper,Government Oversight,,
RIC000007,ri,upper,Health and Human Services,,
RIC000008,ri,upper,Judiciary,,
RIC000009,ri,upper,Labor,,
RIC000010,ri,upper,Rules,,
RIC000028,ri,upper,Special Legislation and Veterans' Affairs,,
RIC000033,ri,upper,Commerce,,
RIC000052,ri,upper,"Rules, Governmnet Ethics and Oversight",,
RIC000053,ri,upper,"Rules, Government Ethics and Oversight",,
