leg_id,full_name,first_name,middle_name,last_name,suffixes,nickname,active,state,chamber,district,party,photo_url,created_at,updated_at
RIL000002,Juan M. Pichardo,Juan M.,,Pichardo,,,False,ri,,,,http://webserver.rilin.state.ri.us/Pichardo/photos/image2.jpg,2012-02-10 01:13:11.905000,2017-01-09 06:06:40.570000
RIL000003,Rhoda E. Perry,Rhoda E.,,Perry,,,False,ri,,,,,2012-02-10 01:13:11.916000,2013-01-07 22:21:01.100000
RIL000009,Michael J. Pinga,Michael J.,,Pinga,,,False,ri,,,,,2012-02-10 01:13:11.987000,2013-01-07 22:21:01.122000
RIL000011,Christopher Scott Ottiano,Christopher Scott,,Ottiano,,,False,ri,,,,http://www.rilin.state.ri.us/Senators/Pictures/ottiano.jpg,2012-02-10 01:13:12.015000,2016-01-07 05:49:54.048000
RIL000017,Edward J. O'Neill,Edward J.,,O'Neill,,,False,ri,,,,http://www.rilin.state.ri.us/Senators/Pictures/o'neill.jpg,2012-02-10 01:13:12.116000,2017-01-09 06:06:40.567000
RIL000018,"Frank A. DeVall, Jr.",Frank A.,,DeVall,Jr.,,False,ri,,,,,2012-02-10 01:13:12.157000,2013-01-07 22:21:01.123000
RIL000019,Bethany L. Moura,Bethany L.,,Moura,,,False,ri,,,,,2012-02-10 01:13:12.186000,2013-01-07 22:21:01.124000
RIL000022,"John J. Tassoni, Jr.",John J.,,Tassoni,Jr.,,False,ri,,,,,2012-02-10 01:13:12.222000,2013-01-07 22:21:01.101000
RIL000026,Beatrice A. Lanzi,Beatrice A.,,Lanzi,,,False,ri,,,,,2012-02-10 01:13:12.266000,2013-01-07 22:21:01.125000
RIL000030,William A. Walaska,William A.,,Walaska,,,False,ri,,,,http://www.rilin.state.ri.us/Senators/Pictures/walaska.jpg,2012-02-10 01:13:12.306000,2017-01-09 06:06:40.572000
RIL000032,David E. Bates,David E.,,Bates,,,False,ri,,,,http://www.rilin.state.ri.us/Senators/Pictures/bates.jpg,2012-02-10 01:13:12.337000,2015-01-07 16:01:43.786000
RIL000033,Glenford J. Shibley,Glenford J.,,Shibley,,,False,ri,,,,,2012-02-10 01:13:12.347000,2013-01-07 22:21:01.126000
RIL000034,"Francis T. Maher, Jr.",Francis T.,,Maher,Jr.,,False,ri,,,,,2012-02-10 01:13:12.360000,2013-01-07 22:21:01.131000
RIL000035,Dawson Tucker Hodgson,Dawson Tucker,,Hodgson,,,False,ri,,,,http://www.rilin.state.ri.us/Senators/Pictures/hodgson.jpg,2012-02-10 01:13:12.371000,2015-01-07 16:01:43.789000
RIL000039,"John J. McCauley, Jr.",John J.,,McCauley,Jr.,,False,ri,,,,,2012-02-10 01:13:12.434000,2013-01-07 22:21:01.102000
RIL000042,Gordon D. Fox,Gordon D.,,Fox,,,False,ri,,,,http://www.rilin.state.ri.us/images/foxPic.jpg,2012-02-10 01:13:12.475000,2015-01-07 16:01:43.771000
RIL000043,John J. DeSimone,John J.,,DeSimone,,,False,ri,,,,https://lh4.googleusercontent.com/-YdxNZMk078Q/TxnddhHYrAI/AAAAAAAAIOg/clsMwvkYQ6E/s576/DSC_6952.JPG,2012-02-10 01:13:12.486000,2017-01-09 06:06:40.558000
RIL000045,Maria E. Cimini,Maria E.,,Cimini,,,False,ri,,,,https://lh6.googleusercontent.com/-cdEAwjzo61Y/TxncbAZoJ1I/AAAAAAAAFcU/E8qh5Xne2g0/s720/Cimini%2520photo%2520web.jpg,2012-02-10 01:13:12.506000,2015-01-07 16:01:43.782000
RIL000046,Michael A. Tarro,Michael A.,,Tarro,,,False,ri,,,,https://lh3.googleusercontent.com/-KT0z9iL7qOw/Txncp5OyUXI/AAAAAAAAHxg/lxcH_Yh0tt4/s720/Tarro%2520photo.jpg,2012-02-10 01:13:12.516000,2013-01-07 22:21:01.108000
RIL000050,Leo Medina,Leo,,Medina,,,False,ri,,,,https://lh6.googleusercontent.com/-zIs5i7S-OAo/TxngI8F13VI/AAAAAAAAH5E/p2plfcrM7-0/s720/Rep%2520Leo%2520Medina%2520web%2520photo.jpg,2012-02-10 01:13:12.565000,2013-01-07 22:21:01.109000
RIL000051,John M. Carnevale,John M.,,Carnevale,,,False,ri,,,,https://lh4.googleusercontent.com/-XOQVBPapfgw/TxndP2TbWtI/AAAAAAAAIN8/gw3f1YwYswg/s576/DSC_7529.JPG,2012-02-10 01:13:12.584000,2017-01-09 06:06:40.559000
RIL000054,Peter G. Palumbo,Peter G.,,Palumbo,,,False,ri,,,,https://lh6.googleusercontent.com/-seZlKj8b_t0/Txnd0H9UCYI/AAAAAAAAHyQ/8LsNuD2l4uI/s500/DSC_7575.JPG,2012-02-10 01:13:12.638000,2015-01-07 16:01:43.755000
RIL000059,Eileen S. Naughton,Eileen S.,,Naughton,,,False,ri,,,,http://www.rilin.state.ri.us/representatives/pictures/naughton.jpg,2012-02-10 01:13:12.714000,2017-01-09 06:06:40.553000
RIL000060,Frank G. Ferri,Frank G.,,Ferri,,,False,ri,,,,http://www.rilin.state.ri.us/representatives/pictures/ferri.jpg,2012-02-10 01:13:12.725000,2015-01-07 16:01:43.758000
RIL000061,Robert E. Flaherty,Robert E.,,Flaherty,,,False,ri,,,,https://lh4.googleusercontent.com/-5aNU8LaeQ4w/TxncLf_x5mI/AAAAAAAAHvA/nlxeisCTOfs/s500/DSC_5753.jpg,2012-02-10 01:13:12.739000,2013-01-07 22:21:01.110000
RIL000062,Joseph A. Trillo,Joseph A.,,Trillo,,,False,ri,,,,https://lh6.googleusercontent.com/-w8BxpbZpnxc/TxncFqQq4AI/AAAAAAAAFU0/rExJsFqomF4/s500/DSC_4024.jpg,2012-02-10 01:13:12.751000,2017-01-09 06:06:40.560000
RIL000066,Scott J. Guthrie,Scott J.,,Guthrie,,,False,ri,,,,http://www.rilin.state.ri.us/representatives/pictures/guthrie.jpg,2012-02-10 01:13:12.807000,2015-01-07 16:01:43.760000
RIL000067,Lisa P. Tomasso,Lisa P.,,Tomasso,,,False,ri,,,,https://lh3.googleusercontent.com/-kkZ4sD-KjAw/TxnfvzH-O3I/AAAAAAAAH4Q/NfqZCkzO85M/s720/Tomasso%2520photo%2520web.jpg,2012-02-10 01:13:12.818000,2015-01-07 16:01:43.761000
RIL000068,Robert A. Watson,Robert A.,,Watson,,,False,ri,,,,https://lh6.googleusercontent.com/-gOaXpycUnOU/TxndiwnZoCI/AAAAAAAAH54/blZOj7Eijvk/s500/DSC_3999.jpg,2012-02-10 01:13:12.829000,2013-01-07 22:21:01.111000
RIL000069,Doreen Marie Costa,Doreen Marie,,Costa,,,False,ri,,,,https://lh6.googleusercontent.com/-2jPvZxgW_wM/TxneJ8G9imI/AAAAAAAAH8k/BOIVujaF90Q/s720/Costa%2520photo%2520web.jpg,2012-02-10 01:13:12.840000,2017-01-09 06:06:40.551000
RIL000070,Laurence W. Ehrhardt,Laurence W.,,Ehrhardt,,,False,ri,,,,,2012-02-10 01:13:12.861000,2013-01-07 22:21:01.112000
RIL000071,"Donald J. Lally, Jr.",Donald J.,,Lally,Jr.,,False,ri,,,,http://www.rilin.state.ri.us/representatives/pictures/lally.jpg,2012-02-10 01:13:12.876000,2015-07-08 20:09:09.035000
RIL000073,Spencer E. Dickinson,Spencer E.,,Dickinson,,,False,ri,,,,https://lh3.googleusercontent.com/--PeNn3IWzHQ/TxngkE0FI7I/AAAAAAAAIGs/hDs3vt5qelw/s720/Dickinson%2520photo%2520web.jpg,2012-02-10 01:13:12.912000,2015-01-07 16:01:43.765000
RIL000074,Donna M. Walsh,Donna M.,,Walsh,,,False,ri,,,,http://www.rilin.state.ri.us/representatives/pictures/Walsh.jpg,2012-02-10 01:13:12.932000,2015-01-07 16:01:43.766000
RIL000077,Larry Valencia,Larry,,Valencia,,,False,ri,,,,https://lh5.googleusercontent.com/-XAyp6Gh_Gok/Txngmw6UEDI/AAAAAAAAKwk/HeAVPLCFhoI/s720/Valencia%2520photo%2520web.jpg,2012-02-10 01:13:12.968000,2015-01-07 16:01:43.769000
RIL000079,Michael J. Marcello,Michael J.,,Marcello,,,False,ri,,,,http://www.rilin.state.ri.us/representatives/pictures/marcello.jpg,2012-02-10 01:13:13.015000,2017-01-09 06:06:40.563000
RIL000081,Helio Melo,Helio,,Melo,,,False,ri,,,,http://www.rilin.state.ri.us/representatives/pictures/melo.jpg,2012-02-10 01:13:13.051000,2017-01-09 06:06:40.555000
RIL000083,Peter John Petrarca,Peter John,,Petrarca,,,False,ri,,,,,2012-02-10 01:13:13.086000,2013-01-07 22:21:01.104000
RIL000084,Rene R. Menard,Rene R.,,Menard,,,False,ri,,,,,2012-02-10 01:13:13.098000,2013-01-07 22:21:01.113000
RIL000088,Lisa Baldelli-Hunt,Lisa,,Baldelli-Hunt,,,False,ri,,,,http://www.rilin.state.ri.us/representatives/pictures/baldelli-hunt.jpg,2012-02-10 01:13:13.154000,2014-03-05 15:41:52.189000
RIL000089,Jon D. Brien,Jon D.,,Brien,,,False,ri,,,,,2012-02-10 01:13:13.165000,2013-01-07 22:21:01.115000
RIL000091,Karen L. MacBeth,Karen L.,,MacBeth,,,False,ri,,,,http://www.rilin.state.ri.us/representatives/pictures/macbeth.jpg,2012-02-10 01:13:13.186000,2017-01-09 06:06:40.561000
RIL000093,Gregory J. Schadone,Gregory J.,,Schadone,,,False,ri,,,,,2012-02-10 01:13:13.212000,2013-01-07 22:21:01.116000
RIL000095,Agostinho F. Silva,Agostinho F.,,Silva,,,False,ri,,,,http://www.rilin.state.ri.us/representatives/pictures/silva.jpg,2012-02-10 01:13:13.239000,2015-01-07 16:01:43.772000
RIL000097,"William San Bento, Jr.",William San,,Bento,Jr.,,False,ri,,,,http://www.rilin.state.ri.us/representatives/pictures/sanbento.jpg,2012-02-10 01:13:13.264000,2015-01-07 16:01:43.774000
RIL000098,J. Patrick O'Neill,J. Patrick,,O'Neill,,,False,ri,,,,http://www.rilin.state.ri.us/representatives/pictures/o'neill.jpg,2012-02-10 01:13:13.274000,2015-01-07 16:01:43.775000
RIL000099,Elaine A. Coderre,Elaine A.,,Coderre,,,False,ri,,,,https://lh3.googleusercontent.com/-FwPJIXUGCsM/TxngaDXJoUI/AAAAAAAAH8Y/ntiqVBbVjBM/s400/DOMESTIC%2520VIOLENCE%2520BILL%2520027.jpg,2012-02-10 01:13:13.285000,2015-01-07 16:01:43.779000
RIL000102,Roberto DaSilva,Roberto,,DaSilva,,,False,ri,,,,https://lh5.googleusercontent.com/-xEv9Xxi34aA/TxngEqy9Y0I/AAAAAAAAGnM/Q9NxQEIjckE/s576/DSC_0229.jpg,2012-02-10 01:13:13.326000,2013-01-07 22:21:01.117000
RIL000103,John A. Savage,John A.,,Savage,,,False,ri,,,,,2012-02-10 01:13:13.337000,2013-01-07 22:21:01.105000
RIL000105,Jan P. Malik,Jan P.,,Malik,,,False,ri,,,,http://www.rilin.state.ri.us/representatives/pictures/malik.jpg,2012-02-10 01:13:13.357000,2017-01-09 06:06:40.556000
RIL000106,Richard P. Morrison,Richard P.,,Morrison,,,False,ri,,,,https://lh3.googleusercontent.com/-EhRDtyx_3bk/TxnfSlXrvUI/AAAAAAAAIH4/3pTQ403TUds/s500/Morrison%2520photo%2520web.jpg,2012-02-10 01:13:13.368000,2013-01-07 22:21:01.106000
RIL000107,"Raymond E. Gallison, Jr.",Raymond E.,,Gallison,Jr.,,False,ri,,,,https://lh6.googleusercontent.com/-LFFYv55s1TQ/Txnh8cVLPRI/AAAAAAAAHO0/NntcPc0j6U0/s500/DSC_4015.jpg,2012-02-10 01:13:13.378000,2017-01-09 06:06:40.564000
RIL000109,Daniel P. Gordon Jr.,Daniel P.,,Gordon,Jr.,,False,ri,,,,https://lh5.googleusercontent.com/-m9xttli2K4o/TxnczBHLwVI/AAAAAAAAFjM/bw0-vglW1_o/s400/Gordon%2520photo%2520web.jpg,2012-02-10 01:13:13.399000,2013-01-07 22:21:01.118000
RIL000110,Daniel Patrick Reilly,Daniel Patrick,,Reilly,,,False,ri,,,,https://lh3.googleusercontent.com/-kqxrRyyj7_0/Txnc5lP7q2I/AAAAAAAAITQ/yPN4dGVIHgc/s720/Reilly%2520photo%2520%2520web.jpg,2012-02-10 01:13:13.411000,2013-01-07 22:21:01.119000
RIL000111,J. Russell Jackson,J. Russell,,Jackson,,,False,ri,,,,,2012-02-10 01:13:13.426000,2013-01-07 22:21:01.120000
RIL000113,Peter Martin,Peter,,Martin,,,False,ri,,,,http://www.rilin.state.ri.us/representatives/pictures/martin.jpg,2012-02-10 01:13:13.447000,2015-01-07 16:01:43.784000
RIL000121,Catherine Cool Rumsey,Catherine Cool,,Rumsey,,,False,ri,,,,http://www.rilin.state.ri.us/Senators/Pictures/rumsey.jpg,2013-01-07 22:21:00.359000,2015-01-07 16:01:43.788000
RIL000123,Thomas A. Palangio,Thomas A.,,Palangio,,,False,ri,,,,http://www.rilin.state.ri.us/representatives/pictures/palangio.jpg,2013-01-07 22:21:00.407000,2017-01-09 06:06:40.565000
RIL000138,Linda D. Finn,Linda D.,,Finn,,,False,ri,,,,http://www.rilin.state.ri.us/representatives/pictures/finn.jpg,2013-01-07 22:21:00.940000,2015-01-07 16:01:43.783000
RIL000144,Daniel P. Reilly,Daniel P.,,Reilly,,,False,ri,,,,,2015-01-07 16:01:42.488000,2017-01-09 06:06:40.549000
RIL000162,John A Pagliarini,John A,,Pagliarini,,,False,ri,,,,,2016-01-21 15:59:28.565000,2017-01-09 06:06:40.569000
RIL000040,Christopher R. Blazejewski,Christopher R.,,Blazejewski,,,True,ri,lower,2,Democratic,http://www.rilin.state.ri.us/representatives/pictures/blazejewski.jpg,2012-02-10 01:13:12.444000,2017-06-01 06:16:41.524000
RIL000041,Edith H. Ajello,Edith H.,,Ajello,,,True,ri,lower,1,Democratic,http://www.rilin.state.ri.us/representatives/Pictures/ajello.jpg,2012-02-10 01:13:12.454000,2017-06-01 06:16:41.696000
RIL000044,Raymond A. Hull,Raymond A.,,Hull,,,True,ri,lower,6,Democratic,http://www.rilin.state.ri.us/representatives/pictures/hull.jpg,2012-02-10 01:13:12.496000,2017-06-01 06:16:41.785000
RIL000047,Anastasia P. Williams,Anastasia P.,,Williams,,,True,ri,lower,9,Democratic,http://www.rilin.state.ri.us/representatives/pictures/williams.jpg,2012-02-10 01:13:12.527000,2017-06-01 06:16:00.784000
RIL000048,Scott A. Slater,Scott A.,,Slater,,,True,ri,lower,10,Democratic,http://www.rilin.state.ri.us/representatives/pictures/slater.jpg,2012-02-10 01:13:12.545000,2017-06-01 06:16:00.860000
RIL000049,Grace Diaz,Grace,,Diaz,,,True,ri,lower,11,Democratic,http://www.rilin.state.ri.us/representatives/pictures/diaz.jpg,2012-02-10 01:13:12.555000,2017-06-01 06:16:41.746000
RIL000052,Charlene M. Lima,Charlene M.,,Lima,,,True,ri,lower,14,Democratic,http://www.rilin.state.ri.us/representatives/pictures/lima.jpg,2012-02-10 01:13:12.613000,2017-06-01 06:16:00.796000
RIL000053,Nicholas A. Mattiello,Nicholas A.,,Mattiello,,,True,ri,lower,15,Democratic,http://www.rilin.state.ri.us/representatives/pictures/mattiello.jpg,2012-02-10 01:13:12.627000,2017-06-01 06:16:41.671000
RIL000055,Robert B. Jacquard,Robert B.,,Jacquard,,,True,ri,lower,17,Democratic,http://www.rilin.state.ri.us/representatives/pictures/jacquard.jpg,2012-02-10 01:13:12.653000,2017-06-01 06:16:41.657000
RIL000056,Arthur Handy,Arthur,,Handy,,,True,ri,lower,18,Democratic,http://www.rilin.state.ri.us/representatives/pictures/handy.jpg,2012-02-10 01:13:12.667000,2017-06-01 06:16:41.810000
RIL000057,Joseph M. McNamara,Joseph M.,,McNamara,,,True,ri,lower,19,Democratic,http://www.rilin.state.ri.us/representatives/pictures/mcnamara.jpg,2012-02-10 01:13:12.684000,2017-06-01 06:16:41.889000
RIL000058,David A. Bennett,David A.,,Bennett,,,True,ri,lower,20,Democratic,http://www.rilin.state.ri.us/representatives/pictures/bennett.jpg,2012-02-10 01:13:12.695000,2017-06-01 06:16:41.892000
RIL000063,Jared R. Nunes,Jared R.,,Nunes,,,True,ri,lower,25,Democratic,http://www.rilin.state.ri.us/representatives/pictures/nunes.jpg,2012-02-10 01:13:12.761000,2017-06-01 06:16:41.451000
RIL000064,Patricia L. Morgan,Patricia L.,,Morgan,,,True,ri,lower,26,Republican,http://www.rilin.state.ri.us/representatives/pictures/morgan.jpg,2012-02-10 01:13:12.775000,2017-06-01 06:16:00.848000
RIL000065,Patricia A. Serpa,Patricia A.,,Serpa,,,True,ri,lower,27,Democratic,http://www.rilin.state.ri.us/representatives/pictures/serpa.jpg,2012-02-10 01:13:12.786000,2017-06-01 06:16:41.629000
RIL000072,Teresa Ann Tanzi,Teresa Ann,,Tanzi,,,True,ri,lower,34,Democratic,http://www.rilin.state.ri.us/representatives/pictures/tanzi.jpg,2012-02-10 01:13:12.901000,2017-06-01 06:16:41.757000
RIL000075,Samuel A. Azzinaro,Samuel A.,,Azzinaro,,,True,ri,lower,37,Democratic,http://www.rilin.state.ri.us/representatives/pictures/azzinaro.jpg,2012-02-10 01:13:12.943000,2017-06-01 06:16:41.601000
RIL000076,Brian Patrick Kennedy,Brian Patrick,,Kennedy,,,True,ri,lower,38,Democratic,http://www.rilin.state.ri.us/representatives/pictures/kennedy.jpg,2012-02-10 01:13:12.953000,2017-06-01 06:16:41.886000
RIL000078,Michael W. Chippendale,Michael W.,,Chippendale,,,True,ri,lower,40,Republican,http://www.rilin.state.ri.us/representatives/pictures/chippendale.jpg,2012-02-10 01:13:12.989000,2017-06-01 06:16:41.652000
RIL000080,Stephen R. Ucci,Stephen R.,,Ucci,,,True,ri,lower,42,Democratic,http://www.rilin.state.ri.us/representatives/pictures/ucci.jpg,2012-02-10 01:13:13.040000,2017-06-01 06:16:41.564000
RIL000082,Deborah A. Fellela,Deborah A.,,Fellela,,,True,ri,lower,43,Democratic,http://www.rilin.state.ri.us/representatives/pictures/fellela.jpg,2012-02-10 01:13:13.069000,2017-06-01 06:16:41.468000
RIL000085,Jeremiah T. O'Grady,Jeremiah T.,,O'Grady,,,True,ri,lower,46,Democratic,http://www.rilin.state.ri.us/representatives/pictures/o'grady.jpg,2012-02-10 01:13:13.109000,2017-06-01 06:16:41.779000
RIL000086,Cale P. Keable,Cale P.,,Keable,,,True,ri,lower,47,Democratic,http://www.rilin.state.ri.us/representatives/pictures/keable.jpg,2012-02-10 01:13:13.120000,2017-06-01 06:16:41.562000
RIL000087,Brian C. Newberry,Brian C.,,Newberry,,,True,ri,lower,48,Republican,http://www.rilin.state.ri.us/representatives/pictures/newberry.jpg,2012-02-10 01:13:13.142000,2017-06-01 06:16:41.723000
RIL000090,Robert D. Phillips,Robert D.,,Phillips,,,True,ri,lower,51,Democratic,http://www.rilin.state.ri.us/representatives/pictures/phillips.jpg,2012-02-10 01:13:13.175000,2017-06-01 06:16:41.595000
RIL000092,Thomas Winfield,Thomas,,Winfield,,,True,ri,lower,53,Democratic,http://www.rilin.state.ri.us/representatives/pictures/winfield.jpg,2012-02-10 01:13:13.196000,2017-06-01 06:16:41.634000
RIL000094,Arthur J. Corvese,Arthur J.,,Corvese,,,True,ri,lower,55,Democratic,http://www.rilin.state.ri.us/representatives/pictures/corvese.jpg,2012-02-10 01:13:13.228000,2017-06-01 06:16:41.522000
RIL000096,James N. McLaughlin,James N.,,McLaughlin,,,True,ri,lower,57,Democratic,http://www.rilin.state.ri.us/representatives/pictures/mclaughlin.jpg,2012-02-10 01:13:13.250000,2017-06-01 06:16:41.741000
RIL000100,Raymond H. Johnston Jr.,Raymond H.,,Johnston,Jr.,,True,ri,lower,61,Democratic,http://www.rilin.state.ri.us/representatives/pictures/johnston.jpg,2012-02-10 01:13:13.304000,2017-06-01 06:16:00.851000
RIL000101,Mary Duffy Messier,Mary Duffy,,Messier,,,True,ri,lower,62,Democratic,http://www.rilin.state.ri.us/representatives/pictures/messier.jpg,2012-02-10 01:13:13.315000,2017-06-01 06:16:00.840000
RIL000104,Joy Hearn,Joy,,Hearn,,,True,ri,lower,66,Democratic,http://www.rilin.state.ri.us/representatives/pictures/hearn.jpg,2012-02-10 01:13:13.347000,2017-06-01 06:16:41.755000
RIL000108,John G. Edwards,John G.,,Edwards,,,True,ri,lower,70,Democratic,http://www.rilin.state.ri.us/representatives/pictures/edwards.jpg,2012-02-10 01:13:13.388000,2017-06-01 06:16:41.762000
RIL000112,Deborah Ruggiero,Deborah,,Ruggiero,,,True,ri,lower,74,Democratic,http://www.rilin.state.ri.us/representatives/pictures/ruggiero.jpg,2012-02-10 01:13:13.437000,2017-06-01 06:16:41.759000
RIL000124,John J. Lombardi,John J.,,Lombardi,,,True,ri,lower,8,Democratic,http://www.rilin.state.ri.us/representatives/pictures/lombardi.jpg,2013-01-07 22:21:00.438000,2017-06-01 06:16:41.799000
RIL000125,Joseph S. Almeida,Joseph S.,,Almeida,,,True,ri,lower,12,Democratic,http://www.rilin.state.ri.us/representatives/pictures/almeida.jpg,2013-01-07 22:21:00.463000,2017-06-01 06:16:41.711000
RIL000126,K. Joseph Shekarchi,K. Joseph,,Shekarchi,,,True,ri,lower,23,Democratic,http://www.rilin.state.ri.us/representatives/pictures/shekarchi.jpg,2013-01-07 22:21:00.535000,2017-06-01 06:16:41.668000
RIL000127,Antonio Giarrusso,Antonio,,Giarrusso,,,True,ri,lower,30,Republican,http://www.rilin.state.ri.us/representatives/pictures/giarrusso.jpg,2013-01-07 22:21:00.583000,2017-06-01 06:16:41.750000
RIL000128,"Robert E. Craven, Sr.",Robert E.,,Craven,Sr.,,True,ri,lower,32,Democratic,http://www.rilin.state.ri.us/representatives/pictures/craven.jpg,2013-01-07 22:21:00.596000,2017-06-01 06:16:00.857000
RIL000129,Gregory J. Costantino,Gregory J.,,Costantino,,,True,ri,lower,44,Democratic,http://www.rilin.state.ri.us/representatives/pictures/costantino.jpg,2013-01-07 22:21:00.673000,2017-06-01 06:16:41.445000
RIL000130,Mia A. Ackerman,Mia A.,,Ackerman,,,True,ri,lower,45,Democratic,http://www.rilin.state.ri.us/representatives/pictures/ackerman.jpg,2013-01-07 22:21:00.710000,2017-06-01 06:16:41.732000
RIL000132,Stephen M. Casey,Stephen M.,,Casey,,,True,ri,lower,50,Democratic,http://www.rilin.state.ri.us/representatives/pictures/casey.jpg,2013-01-07 22:21:00.803000,2017-06-01 06:16:41.645000
RIL000133,William W. O'Brien,William,W.,O'Brien,,,True,ri,lower,54,Democratic,http://www.rilin.state.ri.us/representatives/pictures/o'brien.jpg,2013-01-07 22:21:00.829000,2017-06-01 06:16:41.819000
RIL000134,Katherine S. Kazarian,Katherine S.,,Kazarian,,,True,ri,lower,63,Democratic,http://www.rilin.state.ri.us/representatives/pictures/kazarian.jpg,2013-01-07 22:21:00.883000,2017-06-01 06:16:41.816000
RIL000135,Gregg Amore,Gregg,,Amore,,,True,ri,lower,65,Democratic,http://www.rilin.state.ri.us/representatives/pictures/amore.jpg,2013-01-07 22:21:00.895000,2017-06-01 06:16:41.770000
RIL000136,Kenneth A. Marshall,Kenneth A.,,Marshall,,,True,ri,lower,68,Democratic,http://www.rilin.state.ri.us/representatives/pictures/marshall.jpg,2013-01-07 22:21:00.913000,2017-06-01 06:16:41.767000
RIL000137,Dennis M. Canario,Dennis M.,,Canario,,,True,ri,lower,71,Democratic,http://www.rilin.state.ri.us/representatives/pictures/canario.jpg,2013-01-07 22:21:00.934000,2017-06-01 06:16:41.572000
RIL000139,Marvin L. Abney,Marvin L.,,Abney,,,True,ri,lower,73,Democratic,http://www.rilin.state.ri.us/representatives/pictures/abney.jpg,2013-01-07 22:21:00.946000,2017-06-01 06:16:41.765000
RIL000140,Michael A. Morin,Michael A.,,Morin,,,True,ri,lower,49,Democratic,http://www.rilin.state.ri.us/representatives/Pictures/Morin.jpg,2014-03-05 00:55:51.734000,2017-06-01 06:16:00.843000
RIL000141,Jean Philippe Barros,Jean Philippe,,Barros,,,True,ri,lower,59,Democratic,http://www.rilin.state.ri.us/representatives/pictures/barros.jpg,2015-01-07 16:01:42.424000,2017-06-01 06:16:00.820000
RIL000142,Robert A. Nardolillo,Robert A.,,Nardolillo,,,True,ri,lower,28,Republican,http://www.rilin.state.ri.us/representatives/pictures/nardolillo.jpg,2015-01-07 16:01:42.447000,2017-06-01 06:16:41.805000
RIL000143,J. Aaron Regunberg,J. Aaron,,Regunberg,,,True,ri,lower,4,Democratic,http://www.rilin.state.ri.us/representatives/pictures/regunberg.jpg,2015-01-07 16:01:42.467000,2017-06-01 06:16:41.831000
RIL000145,Carlos E. Tobon,Carlos E.,,Tobon,,,True,ri,lower,58,Democratic,http://www.rilin.state.ri.us/representatives/pictures/tobon.jpg,2015-01-07 16:01:42.561000,2017-06-01 06:16:41.783000
RIL000146,Kathleen A. Fogarty,Kathleen A.,,Fogarty,,,True,ri,lower,35,Democratic,http://www.rilin.state.ri.us/representatives/pictures/fogarty.jpg,2015-01-07 16:01:42.678000,2017-06-01 06:16:41.721000
RIL000148,Justin Price,Justin,,Price,,,True,ri,lower,39,Republican,http://www.rilin.state.ri.us/representatives/pictures/price.jpg,2015-01-07 16:01:42.766000,2017-06-01 06:16:41.529000
RIL000149,Robert B. Lancia,Robert B.,,Lancia,,,True,ri,lower,16,Republican,http://www.rilin.state.ri.us/representatives/pictures/lancia.jpg,2015-01-07 16:01:42.772000,2017-06-01 06:16:41.826000
RIL000150,Lauren H. Carson,Lauren H.,,Carson,,,True,ri,lower,75,Democratic,http://www.rilin.state.ri.us/representatives/pictures/carson.jpg,2015-01-07 16:01:43.151000,2017-06-01 06:16:41.704000
RIL000151,Blake A. Filippi,Blake A.,,Filippi,,,True,ri,lower,36,Independent,http://www.rilin.state.ri.us/representatives/pictures/filippi.jpg,2015-01-07 16:01:43.192000,2017-06-01 06:16:41.726000
RIL000152,Sherry Roberts,Sherry,,Roberts,,,True,ri,lower,29,Republican,http://www.rilin.state.ri.us/representatives/pictures/roberts.jpg,2015-01-07 16:01:43.259000,2017-06-01 06:16:41.592000
RIL000153,Shelby Maldonado,Shelby,,Maldonado,,,True,ri,lower,56,Democratic,http://www.rilin.state.ri.us/representatives/pictures/maldonado.jpg,2015-01-07 16:01:43.298000,2017-06-01 06:16:41.717000
RIL000155,"David A. Coughlin, Jr.",David A.,,Coughlin,Jr.,,True,ri,lower,60,Democratic,http://www.rilin.state.ri.us/representatives/pictures/coughlin.jpg,2015-01-07 16:01:43.392000,2017-06-01 06:16:41.707000
RIL000156,Daniel P. McKiernan,Daniel P.,,McKiernan,,,True,ri,lower,7,Democratic,http://www.rilin.state.ri.us/representatives/pictures/mckiernan.jpg,2015-01-07 16:01:43.425000,2017-06-01 06:16:41.621000
RIL000158,"Joseph J. Solomon, Jr.",Joseph J.,,Solomon,Jr.,,True,ri,lower,22,Democratic,http://www.rilin.state.ri.us/representatives/pictures/solomon.jpg,2015-01-07 16:01:43.465000,2017-06-01 06:16:41.661000
RIL000159,Carol Hagan McEntee,Carol Hagan,,McEntee,,,True,ri,lower,33,Democratic,http://www.rilin.state.ri.us/representatives/Pictures/McEntee.jpg,2015-06-17 00:31:31.646000,2017-06-01 06:16:41.776000
RIL000164,Julie A. Casimiro,Julie A.,,Casimiro,,,True,ri,lower,31,Democratic,http://www.rilin.state.ri.us/representatives/Pictures/casimiro.jpg,2017-01-09 06:06:39.875000,2017-06-01 06:16:41.599000
RIL000165,Marcia Ranglin-Vassell,Marcia,,Ranglin-Vassell,,,True,ri,lower,5,Democratic,http://www.rilin.state.ri.us/representatives/Pictures/Ranglin-Vassell.jpg,2017-01-09 06:06:39.888000,2017-06-01 06:16:00.838000
RIL000166,Ramon A. Perez,Ramon A.,,Perez,,,True,ri,lower,13,Democratic,http://www.rilin.state.ri.us/representatives/Pictures/perez.jpg,2017-01-09 06:06:39.894000,2017-06-01 06:16:41.730000
RIL000167,Alex Marszalkowski,Alex,,Marszalkowski,,,True,ri,lower,52,Democratic,http://www.rilin.state.ri.us/representatives/Pictures/marszalkowski.jpg,2017-01-09 06:06:39.900000,2017-06-01 06:16:41.814000
RIL000169,Jason Knight,Jason,,Knight,,,True,ri,lower,67,Democratic,http://www.rilin.state.ri.us/representatives/Pictures/knight.jpg,2017-01-09 06:06:39.976000,2017-06-01 06:16:41.627000
RIL000171,Evan P. Shanley,Evan P.,,Shanley,,,True,ri,lower,24,Democratic,http://www.rilin.state.ri.us/representatives/Pictures/shanley.jpg,2017-01-09 06:06:40,2017-06-01 06:16:41.713000
RIL000172,Robert J. Quattrocchi,Robert J.,,Quattrocchi,,,True,ri,lower,41,Republican,http://www.rilin.state.ri.us/representatives/Pictures/quattrocchi.jpg,2017-01-09 06:06:40.061000,2017-06-01 06:16:41.737000
RIL000174,Helder J. Cunha,Helder J.,,Cunha,,,True,ri,lower,64,Democratic,http://www.rilin.state.ri.us/representatives/Pictures/cunha.jpg,2017-01-09 06:06:40.089000,2017-06-01 06:16:41.438000
RIL000176,Susan R. Donovan,Susan R.,,Donovan,,,True,ri,lower,69,Democratic,http://www.rilin.state.ri.us/representatives/Pictures/donovan.jpg,2017-01-09 06:06:40.223000,2017-06-01 06:16:41.781000
RIL000177,Kenneth J. Mendonca,Kenneth J.,,Mendonca,,,True,ri,lower,72,Republican,http://www.rilin.state.ri.us/representatives/Pictures/mendonca.jpg,2017-01-09 06:06:40.264000,2017-06-01 06:16:41.752000
RIL000178,Camille Vella-Wilkinson,Camille,,Vella-Wilkinson,,,True,ri,lower,21,Democratic,http://www.rilin.state.ri.us/representatives/Pictures/vella-wilkinson.jpg,2017-01-09 06:06:40.275000,2017-06-01 06:16:41.702000
RIL000179,Moira J. Walsh,Moira J.,,Walsh,,,True,ri,lower,3,Democratic,http://www.rilin.state.ri.us/representatives/Pictures/Walsh.jpg,2017-01-09 06:06:40.325000,2017-06-01 06:16:41.597000
RIL000001,Maryellen Goodwin,Maryellen,,Goodwin,,,True,ri,upper,1,Democratic,http://www.rilin.state.ri.us/senators/Pictures/goodwin.jpg,2012-02-10 01:13:11.890000,2017-06-01 06:16:00.903000
RIL000004,Dominick J. Ruggerio,Dominick J.,,Ruggerio,,,True,ri,upper,4,Democratic,http://www.rilin.state.ri.us/Senators/Pictures/ruggerio.jpg,2012-02-10 01:13:11.926000,2017-06-01 06:16:00.876000
RIL000005,Paul V. Jabour,Paul V.,,Jabour,,,True,ri,upper,5,Democratic,http://www.rilin.state.ri.us/Senators/Pictures/jabour.jpg,2012-02-10 01:13:11.936000,2017-06-01 06:16:00.906000
RIL000006,Harold M. Metts,Harold M.,,Metts,,,True,ri,upper,6,Democratic,http://www.rilin.state.ri.us/Senators/Pictures/metts.jpg,2012-02-10 01:13:11.946000,2017-06-01 06:16:00.888000
RIL000007,"Frank A. Ciccone, III",Frank A.,,Ciccone,III,,True,ri,upper,7,Democratic,http://www.rilin.state.ri.us/Senators/Pictures/ciccone.jpg,2012-02-10 01:13:11.963000,2017-06-01 06:16:00.882000
RIL000008,James E. Doyle II,James E.,,Doyle,II,,True,ri,upper,8,Democratic,http://www.rilin.state.ri.us/Senators/Pictures/doyle.jpg,2012-02-10 01:13:11.973000,2017-06-01 06:16:00.891000
RIL000010,"Walter S. Felag, Jr.",Walter S.,,Felag,Jr.,,True,ri,upper,10,Democratic,http://www.rilin.state.ri.us/Senators/Pictures/felag.jpg,2012-02-10 01:13:12.005000,2017-06-01 06:16:00.915000
RIL000012,Louis P. DiPalma,Louis P.,,DiPalma,,,True,ri,upper,12,Democratic,http://www.rilin.state.ri.us/Senators/Pictures/dipalma.jpg,2012-02-10 01:13:12.026000,2017-06-01 06:16:00.896000
RIL000013,M. Teresa Paiva Weed,M. Teresa Paiva,,Weed,,,True,ri,upper,13,Democratic,http://www.rilin.state.ri.us/senators/Pictures/Paiva Weed.jpg,2012-02-10 01:13:12.036000,2017-06-01 06:16:00.781000
RIL000014,Daniel Da Ponte,Daniel,,Da Ponte,,,True,ri,upper,14,Democratic,http://www.rilin.state.ri.us/Senators/Pictures/daponte.jpg,2012-02-10 01:13:12.056000,2017-06-01 06:16:00.874000
RIL000015,Donna M. Nesselbush,Donna M.,,Nesselbush,,,True,ri,upper,15,Democratic,http://www.rilin.state.ri.us/Senators/Pictures/nesselbush.jpg,2012-02-10 01:13:12.095000,2017-06-01 06:16:00.877000
RIL000016,Elizabeth A. Crowley,Elizabeth A.,,Crowley,,,True,ri,upper,16,Democratic,http://www.rilin.state.ri.us/Senators/Pictures/crowley.jpg,2012-02-10 01:13:12.105000,2017-06-01 06:16:00.880000
RIL000020,Roger A. Picard,Roger A.,,Picard,,,True,ri,upper,20,Democratic,http://www.rilin.state.ri.us/Senators/Pictures/picard.jpg,2012-02-10 01:13:12.196000,2017-06-01 06:16:00.909000
RIL000021,Nicholas D. Kettle,Nicholas D.,,Kettle,,,True,ri,upper,21,Republican,http://www.rilin.state.ri.us/Senators/Pictures/kettle.jpg,2012-02-10 01:13:12.207000,2017-06-01 06:16:00.905000
RIL000023,Paul W. Fogarty,Paul W.,,Fogarty,,,True,ri,upper,23,Democratic,http://www.rilin.state.ri.us/Senators/Pictures/fogarty.jpg,2012-02-10 01:13:12.233000,2017-06-01 06:16:00.907000
RIL000024,Marc A. Cote,Marc A.,,Cote,,,True,ri,upper,24,Democratic,http://www.rilin.state.ri.us/Senators/Pictures/cote.jpg,2012-02-10 01:13:12.244000,2017-06-01 06:16:00.897000
RIL000025,Frank Lombardo III,Frank,,Lombardo,III,,True,ri,upper,25,Democratic,http://www.rilin.state.ri.us/Senators/Pictures/lombardo.jpg,2012-02-10 01:13:12.256000,2017-06-01 06:16:00.883000
RIL000027,Hanna M. Gallo,Hanna M.,,Gallo,,,True,ri,upper,27,Democratic,http://www.rilin.state.ri.us/Senators/Pictures/gallo.jpg,2012-02-10 01:13:12.276000,2017-06-01 06:16:00.887000
RIL000028,Joshua B. Miller,Joshua,,Miller,,,True,ri,upper,28,Democratic,http://www.rilin.state.ri.us/Senators/Pictures/miller.jpg,2012-02-10 01:13:12.286000,2017-06-01 06:16:00.893000
RIL000029,Michael J. McCaffrey,Michael J.,,McCaffrey,,,True,ri,upper,29,Democratic,http://www.rilin.state.ri.us/Senators/Pictures/mccaffrey.jpg,2012-02-10 01:13:12.296000,2017-06-01 06:16:00.904000
RIL000031,Erin P. Lynch Prata,Erin,P.,Lynch Prata,,,True,ri,upper,31,Democratic,http://www.rilin.state.ri.us/Senators/Pictures/lynch.jpg,2012-02-10 01:13:12.316000,2017-06-01 06:16:00.881000
RIL000036,James C. Sheehan,James C.,,Sheehan,,,True,ri,upper,36,Democratic,http://www.rilin.state.ri.us/Senators/Pictures/sheehan.jpg,2012-02-10 01:13:12.382000,2017-06-01 06:16:00.890000
RIL000037,V. Susan Sosnowski,V. Susan,,Sosnowski,,,True,ri,upper,37,Democratic,http://www.rilin.state.ri.us/Senators/Pictures/sosnowski.jpg,2012-02-10 01:13:12.410000,2017-06-01 06:16:00.913000
RIL000038,Dennis L. Algiere,Dennis L.,,Algiere,,,True,ri,upper,38,Republican,http://www.rilin.state.ri.us/senators/Pictures/Algiere.jpg,2012-02-10 01:13:12.421000,2017-06-01 06:16:00.875000
RIL000114,Gayle L. Goldin,Gayle L.,,Goldin,,,True,ri,upper,3,Democratic,http://www.rilin.state.ri.us/Senators/Pictures/goldin.jpg,2013-01-07 22:21:00.142000,2017-06-01 06:16:00.886000
RIL000115,Adam J. Satchell,Adam J.,,Satchell,,,True,ri,upper,9,Democratic,http://www.rilin.state.ri.us/Senators/Pictures/satchell.jpg,2013-01-07 22:21:00.189000,2017-06-01 06:16:00.871000
RIL000116,"William J. Conley, Jr.",William J.,,Conley,Jr.,,True,ri,upper,18,Democratic,http://www.rilin.state.ri.us/Senators/Pictures/conley.jpg,2013-01-07 22:21:00.254000,2017-06-01 06:16:00.919000
RIL000117,Ryan W. Pearson,Ryan W.,,Pearson,,,True,ri,upper,19,Democratic,http://www.rilin.state.ri.us/Senators/Pictures/pearson.jpg,2013-01-07 22:21:00.260000,2017-06-01 06:16:00.910000
RIL000118,Stephen R. Archambault,Stephen R.,,Archambault,,,True,ri,upper,22,Democratic,http://www.rilin.state.ri.us/Senators/Pictures/archambault.jpg,2013-01-07 22:21:00.279000,2017-06-01 06:16:00.911000
RIL000119,Frank S. Lombardi,Frank S.,,Lombardi,,,True,ri,upper,26,Democratic,http://www.rilin.state.ri.us/Senators/Pictures/lombardi.jpg,2013-01-07 22:21:00.306000,2017-06-01 06:16:00.884000
RIL000120,Leonidas P. Raptakis,Leonidas P.,,Raptakis,,,True,ri,upper,33,Democratic,http://www.rilin.state.ri.us/Senators/Pictures/raptakis.jpg,2013-01-07 22:21:00.351000,2017-06-01 06:16:00.895000
RIL000147,Elaine J. Morgan,Elaine J.,,Morgan,,,True,ri,upper,34,Republican,http://www.rilin.state.ri.us/Senators/Pictures/morgan.jpg,2015-01-07 16:01:42.745000,2017-06-01 06:16:00.879000
RIL000154,Mark W. Gee,Mark W.,,Gee,,,True,ri,upper,35,Republican,http://www.rilin.state.ri.us/Senators/Pictures/gee.jpg,2015-01-07 16:01:43.337000,2017-06-01 06:16:00.898000
RIL000157,Cynthia Armour Coyne,Cynthia Armour,,Coyne,,,True,ri,upper,32,Democratic,http://www.rilin.state.ri.us/Senators/Pictures/coyne.jpg,2015-01-07 16:01:43.452000,2017-06-01 06:16:00.873000
RIL000168,Ana B. Quezada,Ana B.,,Quezada,,,True,ri,upper,2,Democratic,http://www.rilin.state.ri.us/senators/pictures/quezada.jpg,2017-01-09 06:06:39.953000,2017-06-01 06:16:00.872000
RIL000170,Thomas J. Paolino,Thomas J.,,Paolino,,,True,ri,upper,17,Republican,http://www.rilin.state.ri.us/senators/pictures/paolino.jpg,2017-01-09 06:06:39.981000,2017-06-01 06:16:00.912000
RIL000173,James A. Seveney,James A.,,Seveney,,,True,ri,upper,11,Democratic,http://www.rilin.state.ri.us/senators/pictures/seveney.jpg,2017-01-09 06:06:40.083000,2017-06-01 06:16:00.889000
RIL000175,Jeanine Calkin,Jeanine,,Calkin,,,True,ri,upper,30,Democratic,http://www.rilin.state.ri.us/senators/pictures/calkin.jpg,2017-01-09 06:06:40.095000,2017-06-01 06:16:00.892000
