id,state,chamber,committee,subcommittee,parent_id
MIC000184,mi,committee,Appropriations,Agriculture and Rural Development,
MIC000185,mi,committee,Appropriations,Environmental Quality,
MIC000186,mi,committee,Appropriations,Capital Outlay,
MIC000187,mi,committee,Appropriations,Community Colleges,
MIC000188,mi,committee,Appropriations,Judiciary,
MIC000189,mi,committee,Appropriations,Licensing and Regulatory Affairs,
MIC000190,mi,committee,Appropriations,Higher Education,
MIC000191,mi,committee,Appropriations,Corrections,
MIC000192,mi,committee,Appropriations,Natural Resources,
MIC000193,mi,committee,Appropriations,State Police and Military Affairs,
MIC000194,mi,committee,Appropriations,"K-12, School Aid, Education",
MIC000195,mi,committee,Appropriations,Transportation,
MIC000196,mi,committee,Appropriations,Health and Human Services,
MIC000197,mi,committee,Appropriations,General Government,
MIC000021,mi,lower,Agriculture,,
MIC000022,mi,lower,Appropriations,,
MIC000025,mi,lower,Education,,
MIC000027,mi,lower,"Families, Children, and Seniors",,
MIC000028,mi,lower,Government Operations,,
MIC000029,mi,lower,Health Policy,,
MIC000030,mi,lower,Insurance,,
MIC000031,mi,lower,Judiciary,,
MIC000037,mi,lower,Regulatory Reform,,
MIC000038,mi,lower,Tax Policy,,
MIC000076,mi,lower,Criminal Justice,,
MIC000078,mi,lower,Financial Liability Reform,,
MIC000079,mi,lower,Financial Services,,
MIC000080,mi,lower,Local Government,,
MIC000082,mi,lower,Military and Veterans Affairs,,
MIC000083,mi,lower,Natural Resources,,
MIC000086,mi,lower,Transportation and Infrastructure,,
MIC000151,mi,lower,Workforce and Talent Development,,
MIC000153,mi,lower,Tourism and Outdoor Recreation,,
MIC000156,mi,lower,Energy Policy,,
MIC000165,mi,lower,Oversight and Ethics,,
MIC000166,mi,lower,Commerce and Trade,,
MIC000167,mi,lower,Communications and Technology,,
MIC000169,mi,lower,Elections,,
MIC000172,mi,lower,Roads and Economic Development,,
MIC000177,mi,lower,Flint Water Public Health Emergency (SCR 24),,
MIC000179,mi,lower,Elections and Ethics,,
MIC000180,mi,lower,Education Reform,,
MIC000181,mi,lower,Michigan Competitiveness,,
MIC000182,mi,lower,Law and Justice,,
MIC000183,mi,lower,Oversight,,
MIC000114,mi,upper,Appropriations,Capital Outlay,MIC000141
MIC000115,mi,upper,Appropriations,"K-12, School Aid, Education",MIC000141
MIC000116,mi,upper,Appropriations,Judiciary,MIC000141
MIC000118,mi,upper,Appropriations,State Police and Military Affairs,MIC000141
MIC000120,mi,upper,Appropriations,Higher Education,MIC000141
MIC000121,mi,upper,Appropriations,Transportation,MIC000141
MIC000122,mi,upper,Appropriations,Agriculture and Rural Development,MIC000141
MIC000125,mi,upper,Appropriations,General Government,MIC000141
MIC000127,mi,upper,Appropriations,Community Colleges,MIC000141
MIC000131,mi,upper,Banking and Financial Institutions,,
MIC000132,mi,upper,Economic Development,,
MIC000133,mi,upper,Finance,,
MIC000135,mi,upper,"Families, Seniors and Human Services",,
MIC000136,mi,upper,Insurance,,
MIC000137,mi,upper,Government Operations,,
MIC000138,mi,upper,Transportation,,
MIC000139,mi,upper,Education,,
MIC000141,mi,upper,Appropriations,,
MIC000143,mi,upper,Outdoor Recreation and Tourism,,
MIC000145,mi,upper,Regulatory Reform,,
MIC000146,mi,upper,Judiciary,,
MIC000147,mi,upper,Energy and Technology,,
MIC000148,mi,upper,Health Policy,,
MIC000149,mi,upper,Agriculture,,
MIC000152,mi,upper,Appropriations,Licensing and Regulatory Affairs,MIC000141
MIC000155,mi,upper,Elections and Government Reform,,
MIC000157,mi,upper,Appropriations,Natural Resources,MIC000141
MIC000158,mi,upper,Commerce,,
MIC000160,mi,upper,Michigan Competitiveness,,
MIC000161,mi,upper,Local Government,,
MIC000162,mi,upper,Appropriations,Corrections,MIC000141
MIC000163,mi,upper,Natural Resources,,
MIC000168,mi,upper,Appropriations,Environmental Quality,MIC000141
MIC000171,mi,upper,Appropriations,Health and Human Services,MIC000141
MIC000175,mi,upper,Oversight,,
MIC000176,mi,upper,"Veterans, Military Affairs and Homeland Security",,
MIC000178,mi,upper,Flint Water Public Health Emergency Select,,
MIC000198,mi,upper,"Economic Development and 
International Investment",,
MIC000199,mi,upper,Banking and Financial Institutionse,,
MIC000200,mi,upper,"Veterans, Miltary and Homeland Security",,
MIC000201,mi,upper,Michigan Competitivness,,
MIC000202,mi,upper,Commercee,,
MIC000203,mi,upper,Local Government and Elections,,
