leg_id,full_name,first_name,middle_name,last_name,suffixes,nickname,active,state,chamber,district,party,photo_url,created_at,updated_at
MIL000001,Coleman Young II,Coleman,,Young,II,,False,mi,,,,http://media.senatedems.com/dynaimg-files/site_portrait.jpg/district-001.jpg,2011-04-07 20:15:34.806000,2015-01-14 17:15:12.041000
MIL000003,Morris W Hood III,Morris W,,Hood,III,,False,mi,,,,http://media.senatedems.com/dynaimg-files/site_portrait.jpg/district-003.jpg,2011-04-07 20:15:34.908000,2015-01-14 17:15:12.070000
MIL000004,Virgil Smith,Virgil,,Smith,,,False,mi,,,,http://www.2minutesites.com/member_files/fd6664ec02d56ba952b5b7c06f48bca1/imaging/uploads/Smith%20headshot.jpg,2011-04-07 20:15:34.910000,2017-01-06 06:00:41.364000
MIL000005,Tupac A. Hunter,Tupac A.,,Hunter,,,False,mi,,,,http://media.senatedems.com/dynaimg-files/site_portrait.jpg/district-005.jpg,2011-04-07 20:15:34.973000,2015-01-14 17:15:12.079000
MIL000006,Glenn Anderson,Glenn,,Anderson,,,False,mi,,,,http://media.senatedems.com/dynaimg-files/site_portrait.jpg/district-006.jpg,2011-04-07 20:15:35.160000,2015-01-14 17:15:12.081000
MIL000013,John Pappageorge,John,,Pappageorge,,,False,mi,,,,http://www.misenategop.com/senators_headshots/Pappageorge.jpg,2011-04-07 20:15:35.199000,2015-01-14 17:15:12.046000
MIL000016,Bruce Caswell,Bruce,,Caswell,,,False,mi,,,,http://www.misenategop.com/senators_headshots/Caswell.jpg,2011-04-07 20:15:35.204000,2015-01-14 17:15:12.051000
MIL000017,Randy Richardville,Randy,,Richardville,,,False,mi,,,,http://www.misenategop.com/senators_headshots/Richardville.jpg,2011-04-07 20:15:35.206000,2015-01-14 17:15:12.053000
MIL000023,Gretchen Whitmer,Gretchen,,Whitmer,,,False,mi,,,,http://media.senatedems.com/dynaimg-files/site_portrait.jpg/district-023.jpg,2011-04-07 20:15:35.280000,2015-01-14 17:15:12.063000
MIL000027,John Gleason,John,,Gleason,,,False,mi,,,,,2011-04-07 20:15:35.294000,2013-01-10 00:03:00.223000
MIL000028,Mark Jansen,Mark,,Jansen,,,False,mi,,,,http://www.misenategop.com/senators_headshots/Jansen.jpg,2011-04-07 20:15:35.354000,2015-01-14 17:15:12.067000
MIL000032,Roger Kahn,Roger,,Kahn,,,False,mi,,,,http://www.misenategop.com/PhotoWire2/32/20070110_Kahn_Headshot.jpg,2011-04-07 20:15:35.495000,2015-01-14 17:15:12.072000
MIL000036,John Moolenaar,John,,Moolenaar,,,False,mi,,,,http://www.misenategop.com/senators_headshots/Moolenaar.jpg,2011-04-07 20:15:35.513000,2015-01-14 17:15:12.074000
MIL000037,Howard Walker,Howard,,Walker,,,False,mi,,,,http://www.misenategop.com/senators_headshots/Walker.jpg,2011-04-07 20:15:35.515000,2015-01-14 17:15:12.077000
MIL000039,Timothy Bledsoe,Timothy,,Bledsoe,,,False,mi,,,,,2011-04-07 20:15:35.523000,2013-01-10 00:03:00.168000
MIL000040,Lisa Howze,Lisa,,Howze,,,False,mi,,,,,2011-04-07 20:15:35.525000,2013-01-10 00:03:00.178000
MIL000041,Alberta Talabi,Alberta,,Talabi,,,False,mi,,,,http://media.housedems.com/media_cache/30/a3/a7/0f/c6/48/d3/1a/1a/fc/b1/ee/15/6a/32/4f/fc/0b/bb/6f/Talabi.jpg,2011-04-07 20:15:35.527000,2017-01-06 06:00:41.296000
MIL000042,Maureen Stapleton,Maureen L.,,Stapleton,,,False,mi,,,,,2011-04-07 20:15:35.556000,2013-01-10 00:03:00.197000
MIL000043,John Olumba,John,,Olumba,,,False,mi,,,,http://media.housedems.com/media_cache/95/d9/79/e6/37/fb/05/8d/f1/50/13/e5/9b/bb/42/73/b1/1c/f4/1d/Olumba_Headshot_e.jpg,2011-04-07 20:15:35.558000,2015-01-14 17:15:11.972000
MIL000045,James Womack,James,,Womack,,,False,mi,,,,,2011-04-07 20:15:35.562000,2013-01-10 00:03:00.181000
MIL000046,Thomas Stallworth III,Thomas,,Stallworth,,,False,mi,,,,http://media.housedems.com/media_cache/75/a7/14/1a/fd/9a/8f/a7/18/33/d5/bf/1f/f3/a2/cd/31/5d/98/e9/Stallworth.jpg,2011-04-07 20:15:35.565000,2015-01-14 17:15:12.014000
MIL000047,Shanelle Jackson,Shanelle,,Jackson,,,False,mi,,,,,2011-04-07 20:15:35.567000,2013-01-10 00:03:00.167000
MIL000048,Harvey Santana,Harvey,,Santana,,,False,mi,,,,http://media.housedems.com/media_cache/d0/1f/88/75/d5/c7/ef/21/f4/aa/b7/bb/93/b1/a6/0f/42/f3/f3/dd/Santana.jpg,2011-04-07 20:15:35.569000,2017-01-06 06:00:41.324000
MIL000049,David Nathan,David,,Nathan,,,False,mi,,,,http://media.housedems.com/media_cache/bc/87/5c/26/0d/76/5e/f6/99/c0/f8/2b/56/d1/ff/2f/bb/00/83/61/Nathan3.jpg,2011-04-07 20:15:35.571000,2015-01-14 17:15:12.020000
MIL000050,Rashida Tlaib,Rashida,,Tlaib,,,False,mi,,,,http://media.housedems.com/media_cache/c7/cd/8c/5c/c3/10/6d/58/34/09/0b/09/d2/48/2e/d1/17/d5/d4/31/tlaib_alt.jpg,2011-04-07 20:15:35.572000,2015-01-14 17:15:12.002000
MIL000051,Andrew Kandrevas,Andrew,,Kandrevas,,,False,mi,,,,http://media.housedems.com/media_cache/d5/cd/7b/f5/7c/fc/02/45/e5/d9/f4/35/01/cd/e1/61/4f/94/e6/c8/Kandrevas.jpg,2011-04-07 20:15:35.574000,2015-01-14 17:15:11.959000
MIL000052,Paul Clemente,Paul,,Clemente,,,False,mi,,,,http://media.housedems.com/media_cache/b8/6a/71/52/a7/2d/14/57/d9/2a/5f/ad/e5/4a/7f/bc/8e/95/35/0e/Clemente.jpg,2011-04-07 20:15:35.593000,2017-01-06 06:00:41.353000
MIL000053,George Darany,George,,Darany,,,False,mi,,,,http://media.housedems.com/media_cache/69/91/d2/40/0d/52/51/ff/ee/22/a4/81/ea/39/1a/ff/fc/8d/7b/c6/Darany.jpg,2011-04-07 20:15:35.626000,2017-01-06 06:00:41.319000
MIL000054,Bob Constan,Bob,,Constan,,,False,mi,,,,,2011-04-07 20:15:35.627000,2013-01-10 00:03:00.210000
MIL000055,Phil Cavanagh,Phil,,Cavanagh,,,False,mi,,,,http://media.housedems.com/media_cache/e8/51/84/f7/12/6c/4d/86/f8/6a/4f/2e/98/a4/1c/f9/ff/7f/e2/cd/Cavanagh_Headshot.jpg,2011-04-07 20:15:35.629000,2015-01-14 17:15:11.936000
MIL000056,Richard LeBlanc,Richard,,LeBlanc,,,False,mi,,,,,2011-04-07 20:15:35.631000,2013-01-10 00:03:00.166000
MIL000057,John Walsh,John,,Walsh,,,False,mi,,,,http://gophouse.org/wp-content/uploads/2013/02/19.jpg,2011-04-07 20:15:35.633000,2015-01-14 17:15:11.962000
MIL000058,Kurt Heise,Kurt,,Heise,,,False,mi,,,,http://gophouse.org/wp-content/uploads/2013/02/20.jpg,2011-04-07 20:15:35.634000,2017-01-06 06:00:41.341000
MIL000059,Dian Slavens,Dian,,Slavens,,,False,mi,,,,http://media.housedems.com/media_cache/6e/85/43/2f/07/57/1b/ef/c4/4f/90/86/32/f5/67/9b/90/89/92/cb/Slavens.jpg,2011-04-07 20:15:35.636000,2015-01-14 17:15:11.964000
MIL000060,Douglas Geiss,Douglas,,Geiss,,,False,mi,,,,http://media.housedems.com/media_cache/37/21/b7/98/14/78/b2/d4/78/d6/29/6a/fe/8b/0b/86/6e/9f/e8/84/Geiss.jpg,2011-04-07 20:15:35.667000,2015-01-14 17:15:11.957000
MIL000061,Pat Somerville,Pat,,Somerville,,,False,mi,,,,http://gophouse.org/wp-content/uploads/DSC1887_CC.jpg,2011-04-07 20:15:35.670000,2017-01-06 06:00:41.350000
MIL000062,Anthony Forlini,Anthony,,Forlini,,,False,mi,,,,http://gophouse.org/wp-content/uploads/2013/02/24.jpg,2011-04-07 20:15:35.680000,2017-01-06 06:00:41.300000
MIL000063,Jon Switalski,Jon,,Switalski,,,False,mi,,,,http://media.housedems.com/media_cache/6c/49/04/f5/91/86/2a/98/88/6c/5b/57/66/0e/fb/3e/9d/78/ff/7a/Switalski.jpg,2011-04-07 20:15:35.681000,2015-01-14 17:15:11.970000
MIL000064,Jim Townsend,Jim,,Townsend,,,False,mi,,,,http://media.housedems.com/media_cache/9d/49/61/9a/c3/7d/0c/3d/2c/05/b6/07/da/fd/65/80/a2/ef/54/b4/Townsend.png,2011-04-07 20:15:35.683000,2017-01-06 06:00:41.330000
MIL000065,Ellen Lipton,Ellen,,Lipton,,,False,mi,,,,http://media.housedems.com/media_cache/ce/f1/0c/2f/1e/09/ba/fc/50/ca/75/97/b9/f1/cb/2a/6c/e5/37/75/Lipton.jpg,2011-04-07 20:15:35.685000,2015-01-14 17:15:11.968000
MIL000066,Lesia Liss,Lesia,,Liss,,,False,mi,,,,,2011-04-07 20:15:35.686000,2013-01-10 00:03:00.171000
MIL000067,Tim Melton,Tim,,Melton,,,False,mi,,,,,2011-04-07 20:15:35.688000,2012-06-05 16:04:50.115000
MIL000068,Jeff Farrington,Jeff,,Farrington,,,False,mi,,,,http://gophouse.org/wp-content/uploads/2013/02/30.jpg,2011-04-07 20:15:35.690000,2017-01-06 06:00:41.326000
MIL000069,Marilyn Lane,Marilyn,,Lane,,,False,mi,,,,http://media.housedems.com/media_cache/1b/ad/ef/ee/3c/6c/3c/73/55/c6/e3/f2/c5/c4/33/ee/c5/8e/8f/9d/Lane.jpg,2011-04-07 20:15:35.692000,2017-01-06 06:00:41.345000
MIL000070,Andrea LaFontaine,Andrea,,LaFontaine,,,False,mi,,,,http://gophouse.org/wp-content/uploads/2013/02/32.jpg,2011-04-07 20:15:35.693000,2017-01-06 06:00:41.298000
MIL000071,Ken Goike,Ken,,Goike,,,False,mi,,,,http://gophouse.org/wp-content/uploads/2013/02/33.jpg,2011-04-07 20:15:35.740000,2017-01-06 06:00:41.337000
MIL000072,Woodrow Stanley,Woodrow,,Stanley,,,False,mi,,,,http://media.housedems.com/media_cache/a5/b5/aa/70/6c/71/48/07/69/19/bf/6f/67/4f/21/89/6a/ad/4a/07/Stanley.jpg,2011-04-07 20:15:35.741000,2015-01-14 17:15:11.974000
MIL000073,Rudy Hobbs,Rudy,,Hobbs,,,False,mi,,,,http://media.housedems.com/media_cache/5e/9b/a5/64/ff/99/e6/34/f9/83/8e/cd/18/b9/ec/eb/bd/f8/c7/99/Hobbs.jpg,2011-04-07 20:15:35.836000,2015-01-14 17:15:11.976000
MIL000074,Peter Lund,Pete,,Lund,,,False,mi,,,,http://gophouse.org/wp-content/uploads/2013/02/36.jpg,2011-04-07 20:15:35.838000,2015-01-14 17:15:11.978000
MIL000075,Vicki Barnett,Vicki,,Barnett,,,False,mi,,,,http://media.housedems.com/media_cache/1d/6e/3f/2a/6c/76/55/a9/2d/7b/91/d5/ca/0d/2c/62/e5/5a/06/bc/Barnett.jpg,2011-04-07 20:15:35.840000,2015-01-14 17:15:11.980000
MIL000076,Hugh Crawford,Hugh D.,,Crawford,,,False,mi,,,,http://gophouse.org/wp-content/uploads/2013/02/38.jpg,2011-04-07 20:15:35.863000,2015-01-14 17:15:11.983000
MIL000077,Lisa Brown,Lisa,,Brown,,,False,mi,,,,,2011-04-07 20:15:35.865000,2013-01-10 00:03:00.208000
MIL000078,Charles Moss,Charles,,Moss,,,False,mi,,,,,2011-04-07 20:15:35.867000,2013-01-10 00:03:00.164000
MIL000079,Martin Knollenberg,Martin,,Knollenberg,,,False,mi,,,,,2011-04-07 20:15:35.869000,2013-01-10 00:03:00.185000
MIL000080,Harold Haugh,Harold,,Haugh,,,False,mi,,,,http://media.housedems.com/media_cache/7b/fa/5a/19/82/b3/bb/16/88/46/94/21/28/9c/86/1b/22/46/d0/1c/Haugh.jpg,2011-04-07 20:15:35.870000,2015-01-14 17:15:11.966000
MIL000081,Gail Haines,Gail,,Haines,,,False,mi,,,,http://gophouse.org/wp-content/uploads/2013/02/43.jpg,2011-04-07 20:15:35.872000,2015-01-14 17:15:11.987000
MIL000082,Eileen Kowall,Eileen,,Kowall,,,False,mi,,,,http://gophouse.org/wp-content/uploads/2013/02/44.jpg,2011-04-07 20:15:35.890000,2015-01-14 17:15:11.989000
MIL000083,Tom McMillin,Tom,,McMillin,,,False,mi,,,,http://gophouse.org/wp-content/uploads/2013/02/45.jpg,2011-04-07 20:15:35.892000,2015-01-14 17:15:11.991000
MIL000084,Bradford Jacobsen,Bradford,,Jacobsen,,,False,mi,,,,http://gophouse.org/wp-content/uploads/2013/02/46.jpg,2011-04-07 20:15:35.894000,2017-01-06 06:00:41.305000
MIL000085,Cynthia Denby,Cindy,,Denby,,,False,mi,,,,http://gophouse.org/wp-content/uploads/2013/02/47.jpg,2011-04-07 20:15:35.895000,2015-01-14 17:15:11.993000
MIL000086,Richard Hammel,Richard E.,,Hammel,,,False,mi,,,,,2011-04-07 20:15:35.897000,2013-01-10 00:03:00.227000
MIL000088,Charles Smiley,Charles,,Smiley,,,False,mi,,,,http://media.housedems.com/media_cache/97/d0/e0/f0/ab/e3/0c/4b/9b/8d/32/cb/13/5c/cc/c7/c4/35/86/6e/Smiley.jpg,2011-04-07 20:15:35.900000,2017-01-06 06:00:41.309000
MIL000089,Paul Scott,Paul,,Scott,,,False,mi,,,,,2011-04-07 20:15:35.902000,2012-06-05 16:12:58.842000
MIL000090,Mark Ouimet,Mark,,Ouimet,,,False,mi,,,,,2011-04-07 20:15:35.904000,2013-01-10 00:03:00.222000
MIL000091,Jeff Irwin,Jeff,,Irwin,,,False,mi,,,,http://media.housedems.com/media_cache/89/57/28/e2/02/76/33/6c/43/83/d1/77/94/b8/d2/f6/67/2f/68/fe/Irwin_Headshot.jpg,2011-04-07 20:15:35.906000,2017-01-06 06:00:41.329000
MIL000092,David Rutledge,David,,Rutledge,,,False,mi,,,,http://media.housedems.com/media_cache/07/c9/90/a4/76/aa/6e/f5/4f/e9/f8/52/70/0f/6e/da/d0/05/a2/4d/Rutledge_Headshot.jpg,2011-04-07 20:15:35.907000,2017-01-06 06:00:41.311000
MIL000093,Rick Olson,Rick,,Olson,,,False,mi,,,,,2011-04-07 20:15:35.909000,2013-01-10 00:03:00.220000
MIL000094,Dale Zorn,Dale,,Zorn,,,False,mi,,,,http://gophouse.org/wp-content/uploads/2013/02/56.jpg,2011-04-07 20:15:35.911000,2015-01-14 17:15:11.995000
MIL000095,Nancy Jenkins,Nancy,,Jenkins,,,False,mi,,,,http://gophouse.org/wp-content/uploads/2013/02/57.jpg,2011-04-07 20:15:35.913000,2017-01-06 06:00:41.349000
MIL000096,Kenneth Kurtz,Kenneth,,Kurtz,,,False,mi,,,,http://gophouse.org/wp-content/uploads/2013/02/58.jpg,2011-04-07 20:15:35.914000,2015-01-14 17:15:11.997000
MIL000097,Matthew Lori,Matt,,Lori,,,False,mi,,,,http://gophouse.org/wp-content/uploads/2013/02/59.jpg,2011-04-07 20:15:35.916000,2015-01-14 17:15:12
MIL000098,Sean McCann,Sean,,McCann,,,False,mi,,,,http://media.housedems.com/media_cache/5d/68/35/d7/69/79/63/20/4f/a2/1c/a9/31/05/bb/bd/14/da/22/2d/McCann.jpg,2011-04-07 20:15:35.918000,2015-01-14 17:15:12.004000
MIL000099,Margaret O'Brien,Margaret,,O'Brien,,,False,mi,,,,http://gophouse.org/wp-content/uploads/2013/02/61.jpg,2011-04-07 20:15:35.919000,2015-01-14 17:15:12.006000
MIL000100,Kate Segal,Kate,,Segal,,,False,mi,,,,http://media.housedems.com/media_cache/16/a6/f2/16/61/54/fa/f4/e9/ea/c9/5a/6e/2e/4e/f5/4f/12/2f/59/Segal.jpg,2011-04-07 20:15:35.921000,2015-01-14 17:15:12.008000
MIL000101,Jase Bolger,Jase,,Bolger,,,False,mi,,,,http://gophouse.org/wp-content/uploads/2013/02/63.jpg,2011-04-07 20:15:35.923000,2015-01-14 17:15:12.010000
MIL000102,Earl Poleski,Earl,,Poleski,,,False,mi,,,,http://gophouse.org/wp-content/uploads/2013/02/64.jpg,2011-04-07 20:15:35.925000,2017-01-06 06:00:41.313000
MIL000103,Michael Shirkey,Mike,,Shirkey,,,False,mi,,,,http://gophouse.org/wp-content/uploads/2013/02/65.jpg,2011-04-07 20:15:35.926000,2015-01-14 17:15:12.012000
MIL000104,William Rogers,Bill,,Rogers,,,False,mi,,,,http://gophouse.org/wp-content/uploads/2013/02/42.jpg,2011-04-07 20:15:35.928000,2015-01-14 17:15:11.985000
MIL000105,Barb Byrum,Barb,,Byrum,,,False,mi,,,,,2011-04-07 20:15:35.930000,2013-01-10 00:03:00.218000
MIL000106,Joan Bauer,Joan,,Bauer,,,False,mi,,,,,2011-04-07 20:15:35.932000,2013-01-10 00:03:00.173000
MIL000107,Mark Meadows,Mark S.,,Meadows,,,False,mi,,,,,2011-04-07 20:15:35.933000,2013-01-10 00:03:00.177000
MIL000108,Rick Outman,Rick,,Outman,,,False,mi,,,,http://gophouse.org/wp-content/uploads/2013/02/70.jpg,2011-04-07 20:15:35.935000,2017-01-06 06:00:41.360000
MIL000109,Deb Shaughnessy,Deb Lynn,,Shaughnessy,,,False,mi,,,,,2011-04-07 20:15:35.937000,2013-01-10 00:03:00.230000
MIL000110,Ken Yonker,Ken,,Yonker,,,False,mi,,,,http://gophouse.org/wp-content/uploads/2013/02/72.jpg,2011-04-07 20:15:35.939000,2017-01-06 06:00:41.338000
MIL000111,Peter MacGregor,Peter,,MacGregor,,,False,mi,,,,http://gophouse.org/wp-content/uploads/2013/02/73.jpg,2011-04-07 20:15:35.940000,2015-01-14 17:15:12.018000
MIL000112,David Agema,David,,Agema,,,False,mi,,,,,2011-04-07 20:15:35.942000,2013-01-10 00:03:00.172000
MIL000113,Brandon Dillon,Brandon,,Dillon,,,False,mi,,,,http://media.housedems.com/media_cache/62/39/b0/6b/5b/a7/97/49/e4/65/f3/28/b3/83/f7/ac/b1/e1/40/07/Dillon.jpg,2011-04-07 20:15:35.944000,2016-03-17 21:47:57.246000
MIL000114,Roy Schmidt,Roy,,Schmidt,,,False,mi,,,,,2011-04-07 20:15:35.946000,2013-01-10 00:03:00.203000
MIL000115,Thomas Hooker,Tom,,Hooker,,,False,mi,,,,http://gophouse.org/wp-content/uploads/2013/02/77.jpg,2011-04-07 20:15:35.947000,2017-01-06 06:00:41.362000
MIL000116,Sharon Tyler,Sharon,,Tyler,,,False,mi,,,,,2011-04-07 20:15:35.949000,2013-01-10 00:03:00.169000
MIL000117,Al Pscholka,Al,,Pscholka,,,False,mi,,,,http://gophouse.org/wp-content/uploads/2013/02/79.jpg,2011-04-07 20:15:35.951000,2017-01-06 06:00:41.274000
MIL000118,Aric Nesbitt,Aric,,Nesbitt,,,False,mi,,,,http://gophouse.org/wp-content/uploads/2013/02/66.jpg,2011-04-07 20:15:35.952000,2017-01-06 06:00:41.301000
MIL000119,Judson Gilbert II,Judson S.,,Gilbert,II,,False,mi,,,,,2011-04-07 20:15:35.954000,2013-01-10 00:03:00.231000
MIL000120,Kevin Daley,Kevin,,Daley,,,False,mi,,,,http://gophouse.org/wp-content/uploads/2013/02/82.jpg,2011-04-07 20:15:35.956000,2015-01-14 17:15:12.024000
MIL000121,Paul Muxlow,Paul,,Muxlow,,,False,mi,,,,http://gophouse.org/wp-content/uploads/MUXLOW_HS-0213_DSC4427.jpg,2011-04-07 20:15:35.958000,2017-01-06 06:00:41.354000
MIL000122,Kurt Damrow,Kurt,,Damrow,,,False,mi,,,,,2011-04-07 20:15:35.959000,2013-01-10 00:03:00.216000
MIL000123,Ben Glardon,Ben,,Glardon,,,False,mi,,,,http://gophouse.org/wp-content/uploads/2013/02/85.jpg,2011-04-07 20:15:35.961000,2017-01-06 06:00:41.302000
MIL000124,Lisa Posthumus Lyons,Lisa Posthumus,,Lyons,,,False,mi,,,,http://gophouse.org/wp-content/uploads/2013/02/86.jpg,2011-04-07 20:15:35.963000,2017-01-06 06:00:41.342000
MIL000125,Mike Callton,Mike,,Callton,,,False,mi,,,,http://gophouse.org/wp-content/uploads/2013/02/87.jpg,2011-04-07 20:15:35.965000,2017-01-06 06:00:41.346000
MIL000126,Robert Genetski II,Bob,,Genetski,,,False,mi,,,,http://gophouse.org/wp-content/uploads/2013/02/80.jpg,2011-04-07 20:15:35.966000,2015-01-14 17:15:12.022000
MIL000127,Amanda Price,Amanda,,Price,,,False,mi,,,,http://gophouse.org/wp-content/uploads/2013/02/89.jpg,2011-04-07 20:15:35.968000,2017-01-06 06:00:41.297000
MIL000128,Joseph Haveman,Joe,,Haveman,,,False,mi,,,,http://gophouse.org/wp-content/uploads/2013/02/90.jpg,2011-04-07 20:15:35.970000,2015-01-14 17:15:12.032000
MIL000130,Marcia Hovey-Wright,Marcia,,Hovey-Wright,,,False,mi,,,,http://media.housedems.com/media_cache/37/ae/56/b6/e6/c5/eb/1f/48/7a/64/d6/3f/51/85/63/27/12/b9/bd/Hovey-Wright_Headshot.jpg,2011-04-07 20:15:35.973000,2017-01-06 06:00:41.344000
MIL000131,Paul Opsommer,Paul E.,,Opsommer,,,False,mi,,,,,2011-04-07 20:15:35.975000,2013-01-10 00:03:00.201000
MIL000132,Kenneth Horn,Kenneth B.,,Horn,,,False,mi,,,,,2011-04-07 20:15:35.977000,2013-01-10 00:03:00.232000
MIL000133,Stacy Oakes,Stacy,,Oakes,,,False,mi,,,,http://media.housedems.com/media_cache/ea/62/dc/99/ca/e8/a8/a4/87/16/8c/0d/18/7e/b4/1b/d5/e8/3c/d0/Oakes.JPG,2011-04-07 20:15:35.978000,2015-01-14 17:15:12.036000
MIL000134,Charles Brunner,Charles,,Brunner,,,False,mi,,,,http://media.housedems.com/media_cache/4a/2a/9b/33/17/1c/8e/96/a6/70/f6/18/5d/a5/30/01/88/52/29/5c/Brunner.jpg,2011-04-07 20:15:35.980000,2017-01-06 06:00:41.308000
MIL000135,Joel Johnson,Joel,,Johnson,,,False,mi,,,,http://gophouse.org/wp-content/uploads/2013/02/97.jpg,2011-04-07 20:15:35.982000,2017-01-06 06:00:41.331000
MIL000136,Jim Stamas,Jim,,Stamas,,,False,mi,,,,http://gophouse.org/wp-content/uploads/2013/02/98.jpg,2011-04-07 20:15:35.984000,2015-01-14 17:15:12.038000
MIL000137,Kevin Cotter,Kevin,,Cotter,,,False,mi,,,,http://gophouse.org/wp-content/uploads/2013/02/99.jpg,2011-04-07 20:15:35.985000,2017-01-06 06:00:41.339000
MIL000138,Jon Bumstead,Jon,,Bumstead,,,False,mi,,,,http://gophouse.org/wp-content/uploads/2013/02/100.jpg,2011-04-07 20:15:35.987000,2017-01-06 06:00:41.332000
MIL000139,Ray Franz,Ray A.,,Franz,,,False,mi,,,,http://gophouse.org/wp-content/uploads/FRANZ-Head-Shoulders-e1367006181243.jpg,2011-04-07 20:15:35.989000,2017-01-06 06:00:41.358000
MIL000140,Phil Potvin,Phil,,Potvin,,,False,mi,,,,http://gophouse.org/wp-content/uploads/2013/02/102.jpg,2011-04-07 20:15:35.991000,2017-01-06 06:00:41.357000
MIL000141,Bruce Rendon,Bruce,,Rendon,,,False,mi,,,,http://gophouse.org/wp-content/uploads/2013/02/103.jpg,2011-04-07 20:15:35.992000,2017-01-06 06:00:41.307000
MIL000142,Wayne Schmidt,Wayne,,Schmidt,,,False,mi,,,,http://gophouse.org/wp-content/uploads/2013/02/104.jpg,2011-04-07 20:15:35.994000,2015-01-14 17:15:11.938000
MIL000143,Greg MacMaster,Greg,,MacMaster,,,False,mi,,,,http://gophouse.org/wp-content/uploads/MacMstrHS_1112.jpg,2011-04-07 20:15:35.996000,2015-01-14 17:15:11.943000
MIL000144,Peter Pettalia,Peter,,Pettalia,,,False,mi,,,,http://gophouse.org/wp-content/uploads/2013/02/106.jpg,2011-04-07 20:15:35.997000,2017-01-06 06:00:41.355000
MIL000145,Frank Foster,Frank,,Foster,,,False,mi,,,,http://gophouse.org/wp-content/uploads/Foster_HS_color.jpg,2011-04-07 20:15:35.999000,2015-01-14 17:15:11.946000
MIL000146,Ed McBroom,Ed,,McBroom,,,False,mi,,,,http://gophouse.org/wp-content/uploads/2013/02/108.jpg,2011-04-07 20:15:36.001000,2017-01-06 06:00:41.318000
MIL000147,Steven Lindberg,Steven,,Lindberg,,,False,mi,,,,,2011-04-07 20:15:36.003000,2013-01-10 00:03:00.180000
MIL000148,Matt Huuki,Matt,,Huuki,,,False,mi,,,,,2011-04-07 20:15:36.004000,2013-01-10 00:03:00.214000
MIL000187,Brian Banks,Brian,,Banks,,,False,mi,,,,http://media.housedems.com/media_cache/dd/bc/b8/c3/8f/06/c4/7a/7b/13/08/11/b8/53/0a/e8/c7/a8/0f/9a/Banks_Headshot.jpg,2013-01-10 00:02:59.191000,2017-03-07 04:56:36.108000
MIL000197,David Knezek,David,,Knezek,,,False,mi,,,,http://media.housedems.com/media_cache/77/2f/8a/5a/f3/99/bb/cc/17/79/60/c0/53/0c/b0/cb/59/9a/4c/76/knezek_headshot.jpg,2013-01-10 00:02:59.288000,2015-01-14 17:15:11.953000
MIL000202,Bill LaVoy,Bill,,LaVoy,,,False,mi,,,,http://media.housedems.com/media_cache/75/3a/e9/74/2e/c5/7d/0d/79/b4/f8/eb/93/02/9a/6f/68/b6/90/40/LaVoy_Headshot.jpg,2013-01-10 00:02:59.326000,2017-01-06 06:00:41.304000
MIL000203,Sarah Roberts,Sarah,,Roberts,,,False,mi,,,,http://media.housedems.com/media_cache/9c/4d/dd/aa/47/f4/2f/9d/63/c5/a6/82/54/b6/21/2f/fb/d5/fb/7e/Roberts_Headshot.jpg,2013-01-10 00:02:59.333000,2017-01-06 06:00:41.361000
MIL000219,Gretchen Driskell,Gretchen,,Driskell,,,False,mi,,,,http://media.housedems.com/media_cache/79/73/50/9b/f0/c1/0a/c5/d5/73/53/39/ea/b5/0d/f5/35/fe/56/b7/Driskell.jpg,2013-01-10 00:02:59.587000,2017-01-06 06:00:41.322000
MIL000230,Theresa Abed,Theresa,,Abed,,,False,mi,,,,http://media.housedems.com/media_cache/cc/d0/bb/98/a0/5f/50/52/e2/1c/a7/50/50/ab/4f/f7/63/ee/b0/30/Abed_Headshot.jpg,2013-01-10 00:02:59.713000,2015-01-14 17:15:12.016000
MIL000237,Terry Brown,Terry,,Brown,,,False,mi,,,,http://media.housedems.com/media_cache/22/9a/f6/9a/ce/f5/41/6c/4e/14/57/38/89/c2/37/ee/8b/f2/73/4d/Brown_Headshot.jpg,2013-01-10 00:02:59.802000,2015-01-14 17:15:12.027000
MIL000241,Collene Lamonte,Collene,,Lamonte,,,False,mi,,,,http://media.housedems.com/media_cache/48/7c/f1/a2/71/fa/e6/dc/ff/b3/af/6e/b6/4f/2b/92/ac/09/26/b6/Lamonte_Headshot.jpg,2013-01-10 00:02:59.849000,2015-01-14 17:15:12.034000
MIL000254,Vacant Vacant,Vacant,,Vacant,,,False,mi,,,,,2013-05-15 02:23:16.864000,2013-10-09 14:38:35.619000
MIL000269,Henry Vaupel,Henry,,Vaupel,,,False,mi,,,,,2015-01-14 17:15:10.304000,2017-01-06 06:00:41.325000
MIL000276,Julie Plawecki,Julie,,Plawecki,,,False,mi,,,,,2015-01-14 17:15:10.567000,2016-07-27 20:58:43.614000
MIL000288,Cindy Gamrat,Cindy,,Gamrat,,,False,mi,,,,,2015-01-14 17:15:11,2015-09-18 18:45:49.887000
MIL000305,Derek Miller,Derek,,Miller,,,False,mi,,,,,2015-01-14 17:15:11.352000,2017-01-06 06:00:41.312000
MIL000316,Todd Courser,Todd,,Courser,,,False,mi,,,,,2015-01-14 17:15:11.549000,2015-09-18 18:45:30.185000
MIL000044,Frederick Durhal Jr.,Fred,,Durhal,Jr.,,True,mi,lower,5,Democratic,http://media.housedems.com/media_cache/c5/89/40/5e/71/8c/76/d5/9e/7c/7b/e2/6e/fc/9f/20/84/12/50/5c/Durhal_Headshot.jpg,2011-04-07 20:15:35.560000,2017-05-25 06:31:33.904000
MIL000129,Holly Hughes,Holly,,Hughes,,,True,mi,lower,91,Republican,http://gophouse.org/wp-content/uploads/2015/01/HUGHES_headshot500.jpg,2011-04-07 20:15:35.971000,2017-05-25 06:31:33.740000
MIL000150,Tim Greimel,Tim,,Greimel,,,True,mi,lower,29,Democratic,http://media.housedems.com/media_cache/bd/16/e5/9e/cd/6f/c1/5f/9d/83/56/d3/a8/6a/9a/26/74/91/f6/4e/Tim_Greimel_HD_29.jpg,2012-03-21 01:27:10.159000,2017-05-25 06:31:33.944000
MIL000151,Joseph Graves,Joseph,,Graves,,,True,mi,lower,51,Republican,http://gophouse.org/wp-content/uploads/2013/02/51.jpg,2012-03-21 01:27:10.307000,2017-05-25 06:31:34.458000
MIL000190,Rose Mary Robinson,Rose Mary,,Robinson,,,True,mi,lower,4,Democratic,http://media.housedems.com/media_cache/75/e6/a6/fa/c1/8b/19/59/62/d8/05/6a/d5/94/5d/fd/f2/14/a6/91/Robinson_Headshot.jpg,2013-01-10 00:02:59.244000,2017-05-25 06:31:34.264000
MIL000201,Robert Kosowski,Robert,,Kosowski,,,True,mi,lower,16,Democratic,http://media.housedems.com/media_cache/10/34/07/1c/9f/dc/92/bf/1e/da/c0/90/5b/ad/44/79/5f/42/e7/62/Kosowski_Headshot.jpg,2013-01-10 00:02:59.320000,2017-05-25 06:31:33.901000
MIL000207,Henry Yanez,Henry,,Yanez,,,True,mi,lower,25,Democratic,http://media.housedems.com/media_cache/84/48/bf/a0/87/7d/82/17/5c/20/8c/15/9a/6a/1f/b4/fa/1e/6f/90/Yanez_Headshot.jpg,2013-01-10 00:02:59.378000,2017-05-25 06:31:33.911000
MIL000212,Klint Kesto,Klint,,Kesto,,,True,mi,lower,39,Republican,http://gophouse.org/wp-content/uploads/2013/02/39.jpg,2013-01-10 00:02:59.497000,2017-05-25 06:31:34.515000
MIL000213,Michael McCready,Michael,,McCready,,,True,mi,lower,40,Republican,http://gophouse.org/wp-content/uploads/2013/02/40.jpg,2013-01-10 00:02:59.504000,2017-05-25 06:31:34.189000
MIL000214,Martin Howrylak,Martin,,Howrylak,,,True,mi,lower,41,Republican,http://gophouse.org/wp-content/uploads/2013/02/41.jpg,2013-01-10 00:02:59.510000,2017-05-25 06:31:34.426000
MIL000218,Pam Faris,Pam,,Faris,,,True,mi,lower,48,Democratic,http://media.housedems.com/media_cache/05/e3/35/5a/3a/91/ca/3c/45/59/32/46/24/27/c3/ef/c1/83/dc/78/Faris.jpg,2013-01-10 00:02:59.556000,2017-05-25 06:31:33.893000
MIL000220,Adam Zemke,Adam,,Zemke,,,True,mi,lower,55,Democratic,http://media.housedems.com/media_cache/62/84/68/b3/b2/5e/68/44/88/bc/af/fa/8a/4a/43/a7/f8/eb/16/04/Zemke_Headshot.jpg,2013-01-10 00:02:59.606000,2017-05-25 06:31:34.507000
MIL000227,Tom Cochran,Tom,,Cochran,,,True,mi,lower,67,Democratic,http://media.housedems.com/media_cache/4c/0d/42/b0/f3/68/59/39/67/a2/04/c2/1b/65/91/1f/91/cd/b0/c8/Cochran_Headshot.jpg,2013-01-10 00:02:59.687000,2017-05-25 06:31:33.872000
MIL000228,Andy Schor,Andy,,Schor,,,True,mi,lower,68,Democratic,http://media.housedems.com/media_cache/5a/56/7b/cd/c2/97/66/1c/52/1a/04/3c/0b/65/13/11/93/39/f2/d8/Schor.jpg,2013-01-10 00:02:59.694000,2017-05-25 06:31:34.460000
MIL000229,Sam Singh,Sam,,Singh,,,True,mi,lower,69,Democratic,http://media.housedems.com/media_cache/ee/aa/67/94/e2/72/8b/45/b3/38/ca/6f/2a/78/32/df/db/27/f6/6b/Singh.jpg,2013-01-10 00:02:59.700000,2017-05-25 06:31:34.254000
MIL000231,Rob VerHeulen,Rob,,VerHeulen,,,True,mi,lower,74,Republican,http://gophouse.org/wp-content/uploads/2013/02/74.jpg,2013-01-10 00:02:59.733000,2017-05-25 06:31:33.860000
MIL000232,Winnie Brinks,Winnie,,Brinks,,,True,mi,lower,76,Democratic,http://media.housedems.com/media_cache/6e/b8/94/d9/85/79/e3/79/4e/b5/c3/b3/6c/85/f8/97/7a/35/09/b5/Brinks.jpg,2013-01-10 00:02:59.746000,2017-05-25 06:31:34.456000
MIL000234,Dave Pagel,Dave,,Pagel,,,True,mi,lower,78,Republican,http://gophouse.org/wp-content/uploads/2013/02/78.jpg,2013-01-10 00:02:59.759000,2017-05-25 06:31:33.899000
MIL000236,Dan Lauwers,Dan,,Lauwers,,,True,mi,lower,81,Republican,http://gophouse.org/wp-content/uploads/2013/02/81.jpg,2013-01-10 00:02:59.780000,2017-05-25 06:31:34.248000
MIL000239,Roger Victory,Roger,,Victory,,,True,mi,lower,88,Republican,http://gophouse.org/wp-content/uploads/2013/02/88.jpg,2013-01-10 00:02:59.829000,2017-05-25 06:31:33.886000
MIL000242,Tom Leonard,Tom,,Leonard,,,True,mi,lower,93,Republican,http://gophouse.org/wp-content/uploads/2013/02/93.jpg,2013-01-10 00:02:59.863000,2017-05-25 06:31:00.216000
MIL000243,Tim Kelly,Tim,,Kelly,,,True,mi,lower,94,Republican,http://gophouse.org/wp-content/uploads/Kelly_HS_color13.jpg,2013-01-10 00:02:59.869000,2017-05-25 06:31:33.976000
MIL000249,John Kivela,John,,Kivela,,,True,mi,lower,109,Democratic,http://media.housedems.com/media_cache/51/0a/17/22/31/43/c1/53/ae/07/93/9b/76/72/20/4c/5f/80/bb/08/Kivela_Headshot.jpg,2013-01-10 00:02:59.973000,2017-05-25 06:31:00.151000
MIL000250,Scott Dianda,Scott,,Dianda,,,True,mi,lower,110,Democratic,http://media.housedems.com/media_cache/67/5b/25/b7/b9/45/c0/00/2c/de/69/8e/b5/3e/e2/f8/23/69/4b/5a/Dianda.jpg,2013-01-10 00:02:59.980000,2017-05-25 06:31:34.081000
MIL000255,Phil Phelps,Phil,,Phelps,,,True,mi,lower,49,Democratic,http://media.housedems.com/media_cache/bf/27/1d/04/e1/81/2c/39/f2/95/be/fa/c1/d8/1a/38/81/4b/1b/a5/Phelps_Headshot.jpg,2013-11-09 01:01:12.274000,2017-05-25 06:31:34.156000
MIL000256,Leslie Love,Leslie,,Love,,,True,mi,lower,10,Democratic,http://housedems.com/sites/default/files/representative-headshots/Love_Web.jpg,2015-01-14 17:15:09.694000,2017-05-25 06:31:34.489000
MIL000258,Gary Glenn,Gary,,Glenn,,,True,mi,lower,98,Republican,http://gophouse.org/wp-content/uploads/2015/01/GLENN_DSC0970_CC-681x1024.jpg,2015-01-14 17:15:09.970000,2017-05-25 06:31:34.135000
MIL000264,Robert Wittenberg,Robert,,Wittenberg,,,True,mi,lower,27,Democratic,http://housedems.com/sites/default/files/vertical-rep-headshots/robert-wittenberg.jpg,2015-01-14 17:15:10.187000,2017-05-25 06:31:34.287000
MIL000266,Larry Inman,Larry,,Inman,,,True,mi,lower,104,Republican,http://gophouse.org/wp-content/uploads/2015/01/INMAN_0115_DSC42031-683x1024.jpg,2015-01-14 17:15:10.251000,2017-05-25 06:31:33.856000
MIL000267,Eric Leutheuser,Eric,,Leutheuser,,,True,mi,lower,58,Republican,http://gophouse.org/wp-content/uploads/2015/01/LEUTHEUSER_DSC3891-731x1024.jpg,2015-01-14 17:15:10.263000,2017-05-25 06:31:34.491000
MIL000268,LaTanya Garrett,LaTanya,,Garrett,,,True,mi,lower,7,Democratic,http://housedems.com/sites/default/files/vertical-rep-headshots/latayna-garret.jpg,2015-01-14 17:15:10.283000,2017-05-25 06:31:34.454000
MIL000270,Daniela Garcia,Daniela,,Garcia,,,True,mi,lower,90,Republican,http://gophouse.org/wp-content/uploads/2015/01/GARCIA_DSC0928_CC-682x1024.jpg,2015-01-14 17:15:10.388000,2017-05-25 06:31:34.511000
MIL000271,Erika Geiss,Erika,,Geiss,,,True,mi,lower,12,Democratic,http://housedems.com/sites/default/files/representative-headshots/GeissWeb.jpg,2015-01-14 17:15:10.432000,2017-05-25 06:31:34.502000
MIL000273,Edward Canfield,Edward,,Canfield,,,True,mi,lower,84,Republican,http://gophouse.org/wp-content/uploads/2015/01/CANFIELD_DSC1253_CC-682x1024.jpg,2015-01-14 17:15:10.482000,2017-05-25 06:31:33.854000
MIL000275,Christine Greig,Christine,,Greig,,,True,mi,lower,37,Democratic,http://housedems.com/sites/default/files/vertical-rep-headshots/christine-greig.jpg,2015-01-14 17:15:10.533000,2017-05-25 06:31:34.252000
MIL000277,Jim Runestad,Jim,,Runestad,,,True,mi,lower,44,Republican,http://gophouse.org/wp-content/uploads/2015/01/RUNESTAD_DSC0856_CC-682x1024.jpg,2015-01-14 17:15:10.590000,2017-05-25 06:31:34.300000
MIL000278,Wendell Byrd,Wendell,,Byrd,,,True,mi,lower,3,Democratic,http://housedems.com/sites/default/files/vertical-rep-headshots/Byrd-web.jpg,2015-01-14 17:15:10.625000,2017-05-25 06:31:34.401000
MIL000279,Laura Cox,Laura,,Cox,,,True,mi,lower,19,Republican,http://gophouse.org/wp-content/uploads/2015/01/COX_DSC0998_CC-731x1024.jpg,2015-01-14 17:15:10.635000,2017-05-25 06:31:33.858000
MIL000280,Sheldon Neeley,Sheldon,,Neeley,,,True,mi,lower,34,Democratic,http://housedems.com/sites/default/files/vertical-rep-headshots/sheldon-neeley.jpg,2015-01-14 17:15:10.645000,2017-05-25 06:31:34.450000
MIL000282,Peter Lucido,Peter,,Lucido,,,True,mi,lower,36,Republican,http://gophouse.org/wp-content/uploads/2015/01/LUCIDO_0115_DSC4234-681x1024.jpg,2015-01-14 17:15:10.676000,2017-05-25 06:31:34.422000
MIL000283,Sherry Gay-Dagnogo,Sherry,,Gay-Dagnogo,,,True,mi,lower,8,Democratic,http://housedems.com/sites/default/files/vertical-rep-headshots/sherry-gay-dagnogo.jpg,2015-01-14 17:15:10.707000,2017-05-25 06:31:33.937000
MIL000284,Jeremy Moss,Jeremy,,Moss,,,True,mi,lower,35,Democratic,http://housedems.com/sites/default/files/vertical-rep-headshots/jeremy-moss.jpg,2015-01-14 17:15:10.866000,2017-05-25 06:31:34.517000
MIL000285,Jason Sheppard,Jason,,Sheppard,,,True,mi,lower,56,Republican,http://gophouse.org/wp-content/uploads/2015/01/SHEPPARD_DSC3901-731x1024.jpg,2015-01-14 17:15:10.910000,2017-05-25 06:31:34.472000
MIL000286,Brett Roberts,Brett,,Roberts,,,True,mi,lower,65,Republican,http://gophouse.org/wp-content/uploads/2015/01/ROBERTS_DSC1030_CC.jpg,2015-01-14 17:15:10.932000,2017-05-25 06:31:34.293000
MIL000287,Jon Hoadley,Jon,,Hoadley,,,True,mi,lower,60,Democratic,http://housedems.com/sites/default/files/vertical-rep-headshots/jon-hoadley.jpg,2015-01-14 17:15:10.944000,2017-05-25 06:31:33.878000
MIL000289,David Maturen,David,,Maturen,,,True,mi,lower,63,Republican,http://gophouse.org/wp-content/uploads/2015/01/MATUREN_0115_DSC0750-682x1024.jpg,2015-01-14 17:15:11.010000,2017-05-25 06:31:34.412000
MIL000290,Kathy Crawford,Kathy,,Crawford,,,True,mi,lower,38,Republican,http://gophouse.org/wp-content/uploads/2015/01/HS_Crawford_0216-731x1024.jpg,2015-01-14 17:15:11.031000,2017-05-25 06:31:34.500000
MIL000291,Stephanie Chang,Stephanie,,Chang,,,True,mi,lower,6,Democratic,http://housedems.com/sites/default/files/vertical-rep-headshots/stephanie-chang.jpg,2015-01-14 17:15:11.041000,2017-05-25 06:31:34.335000
MIL000292,John Chirkun,John,,Chirkun,,,True,mi,lower,22,Democratic,http://housedems.com/sites/default/files/vertical-rep-headshots/john-chirkun.jpg,2015-01-14 17:15:11.094000,2017-05-25 06:31:34.214000
MIL000293,Frank Liberati,Frank,,Liberati,,,True,mi,lower,13,Democratic,http://housedems.com/sites/default/files/vertical-rep-headshots/frank-liberati.jpg,2015-01-14 17:15:11.104000,2017-05-25 06:31:34.285000
MIL000294,Michael Webber,Michael,,Webber,,,True,mi,lower,45,Republican,http://gophouse.org/wp-content/uploads/2017/02/WEBBER_0115_DSC2839-1-768x1075.jpg,2015-01-14 17:15:11.114000,2017-05-25 06:31:34.509000
MIL000297,Lana Theis,Lana,,Theis,,,True,mi,lower,42,Republican,http://gophouse.org/wp-content/uploads/2015/01/THEIS_DSC0816_CC-682x1024.jpg,2015-01-14 17:15:11.216000,2017-05-25 06:31:34.267000
MIL000298,Triston Cole,Triston,,Cole,,,True,mi,lower,105,Republican,http://gophouse.org/wp-content/uploads/2016/09/HS_Cole_0916-768x1075.jpg,2015-01-14 17:15:11.238000,2017-05-25 06:31:34.096000
MIL000299,Vanessa Guerra,Vanessa,,Guerra,,,True,mi,lower,95,Democratic,http://housedems.com/sites/default/files/vertical-rep-headshots/vanessa-guerra.jpg,2015-01-14 17:15:11.248000,2017-05-25 06:31:34.513000
MIL000300,Tom Barrett,Tom,,Barrett,,,True,mi,lower,71,Republican,http://gophouse.org/wp-content/uploads/2017/01/HS_Barrett_0117_DSC0729-768x1075.jpg,2015-01-14 17:15:11.279000,2017-05-25 06:31:34.256000
MIL000304,John Bizon,John,,Bizon,,,True,mi,lower,62,Republican,http://gophouse.org/wp-content/uploads/2015/01/BIZON_DSC0845_CC-682x1024.jpg,2015-01-14 17:15:11.342000,2017-05-25 06:31:33.888000
MIL000308,Jim Tedder,Jim,,Tedder,,,True,mi,lower,43,Republican,http://gophouse.org/wp-content/uploads/2015/01/TEDDER_DSC1273_CC-682x1024.jpg,2015-01-14 17:15:11.383000,2017-05-25 06:31:34.452000
MIL000309,Aaron Miller,Aaron,,Miller,,,True,mi,lower,59,Republican,http://gophouse.org/wp-content/uploads/2015/01/MILLER_DSC0775_CC-681x1024.jpg,2015-01-14 17:15:11.394000,2017-05-25 06:31:34.523000
MIL000310,Kristy Pagan,Kristy,,Pagan,,,True,mi,lower,21,Democratic,http://housedems.com/sites/default/files/vertical-rep-headshots/kristy-pagan.jpg,2015-01-14 17:15:11.405000,2017-05-25 06:31:33.880000
MIL000311,Lee Chatfield,Lee,,Chatfield,,,True,mi,lower,107,Republican,http://gophouse.org/wp-content/uploads/2015/01/CHATFILED_DSC0788_CC-681x1024.jpg,2015-01-14 17:15:11.437000,2017-05-25 06:31:34.250000
MIL000314,Chris Afendoulis,Chris,,Afendoulis,,,True,mi,lower,73,Republican,http://gophouse.org/wp-content/uploads/2015/06/Chris-official-Headshot-683x1024.jpg,2015-01-14 17:15:11.478000,2017-05-25 06:31:33.876000
MIL000315,Brandt Iden,Brandt,,Iden,,,True,mi,lower,61,Republican,http://gophouse.org/wp-content/uploads/2017/04/HS_Iden_0217-768x1075.jpg,2015-01-14 17:15:11.537000,2017-05-25 06:31:34.493000
MIL000319,Gary Howell,Gary,,Howell,,,True,mi,lower,82,Republican,http://gophouse.org/wp-content/uploads/2016/05/HOWELL_0316-768x1182.jpg,2016-03-13 06:18:48.425000,2017-05-25 06:31:34.337000
MIL000320,Mary Whiteford,Mary,,Whiteford,,,True,mi,lower,80,Republican,http://gophouse.org/wp-content/uploads/2017/01/HS_Whiteford_0117_DSC3369-768x1075.jpg,2016-03-13 06:18:48.468000,2017-05-25 06:31:33.874000
MIL000321,David LaGrand,David,,LaGrand,,,True,mi,lower,75,Democratic,http://housedems.com/sites/default/files/vertical-rep-headshots/david-lagrand.jpg,2016-03-17 05:41:33.904000,2017-05-25 06:31:33.864000
MIL000322,Jason Wentworth,Jason,,Wentworth,,,True,mi,lower,97,Republican,http://gophouse.org/wp-content/uploads/2017/01/HS_Wentworth_0117_DSC0419-768x1075.jpg,2017-01-06 06:00:40.153000,2017-05-25 06:31:34.495000
MIL000323,Beth Griffin,Beth,,Griffin,,,True,mi,lower,66,Republican,http://gophouse.org/wp-content/uploads/2017/01/HS_Griffin_0117_DSC0648_2-768x1075.jpg,2017-01-06 06:00:40.159000,2017-05-25 06:31:34.120000
MIL000324,Steve Marino,Steve,,Marino,,,True,mi,lower,24,Republican,http://gophouse.org/wp-content/uploads/2017/01/HS_Marino_0117-768x1075.jpg,2017-01-06 06:00:40.170000,2017-05-25 06:31:33.868000
MIL000325,Sue Allor,Sue,,Allor,,,True,mi,lower,106,Republican,http://gophouse.org/wp-content/uploads/2017/01/HS_Allor_0117_DSC0781-768x1075.jpg,2017-01-06 06:00:40.175000,2017-05-25 06:31:33.882000
MIL000326,James Lower,James,,Lower,,,True,mi,lower,70,Republican,http://gophouse.org/wp-content/uploads/2017/01/HS_Lower_0117_DSC0662-768x1075.jpg,2017-01-06 06:00:40.193000,2017-05-25 06:31:34.407000
MIL000327,Tommy Brann,Tommy,,Brann,,,True,mi,lower,77,Republican,http://gophouse.org/wp-content/uploads/2017/01/HS_Brann_0117_DSC3187-768x1075.jpg,2017-01-06 06:00:40.198000,2017-05-25 06:31:33.906000
MIL000328,Bettie Scott,Bettie,,Scott,,,True,mi,lower,2,Democratic,http://housedems.com/sites/default/files/vertical-rep-headshots/bettie-cook-scott.jpg,2017-01-06 06:00:40.238000,2017-05-25 06:31:34.485000
MIL000329,Shane Hernandez,Shane,,Hernandez,,,True,mi,lower,83,Republican,http://gophouse.org/wp-content/uploads/2017/01/HS_Hernandez_0117_DSC3253-768x1075.jpg,2017-01-06 06:00:40.243000,2017-05-25 06:31:33.891000
MIL000330,Yousef Rabhi,Yousef,,Rabhi,,,True,mi,lower,53,Democratic,http://housedems.com/sites/default/files/representative-headshots/Rabhi_web.jpg.jpeg,2017-01-06 06:00:40.337000,2017-05-25 06:31:33.870000
MIL000331,Patrick Green,Patrick,,Green,,,True,mi,lower,28,Democratic,http://housedems.com/sites/default/files/vertical-rep-headshots/patrick-green.jpg,2017-01-06 06:00:40.355000,2017-05-25 06:31:34.312000
MIL000332,Thomas Albert,Thomas,,Albert,,,True,mi,lower,86,Republican,http://gophouse.org/wp-content/uploads/2017/01/HS_Albert_0117_DSC0815-768x1075.jpg,2017-01-06 06:00:40.367000,2017-05-25 06:31:34.271000
MIL000333,Curt VanderWall,Curt,,VanderWall,,,True,mi,lower,101,Republican,http://gophouse.org/wp-content/uploads/2017/01/HS_VanDERWALL_1216-768x1075.jpg,2017-01-06 06:00:40.373000,2017-05-25 06:31:34.325000
MIL000334,Scott VanSingel,Scott,,VanSingel,,,True,mi,lower,100,Republican,http://gophouse.org/wp-content/uploads/2017/01/HS_VanSingle_0117_DSC0857-768x1075.jpg,2017-01-06 06:00:40.383000,2017-05-25 06:31:33.913000
MIL000335,Tim Sneller,Tim,,Sneller,,,True,mi,lower,50,Democratic,http://housedems.com/sites/default/files/vertical-rep-headshots/tim-sneller-v2.jpg,2017-01-06 06:00:40.389000,2017-05-25 06:31:34.205000
MIL000336,Ben Frederick,Ben,,Frederick,,,True,mi,lower,85,Republican,http://gophouse.org/wp-content/uploads/2017/01/HS_Fredrick_0117_DSC0406-768x1075.jpg,2017-01-06 06:00:40.394000,2017-05-25 06:31:34.497000
MIL000337,Abdullah Hammoud,Abdullah,,Hammoud,,,True,mi,lower,15,Democratic,http://housedems.com/sites/default/files/representative-headshots/Hammoud_web.jpg,2017-01-06 06:00:40.400000,2017-05-25 06:31:34.448000
MIL000338,Julie Alexander,Julie,,Alexander,,,True,mi,lower,64,Republican,http://gophouse.org/wp-content/uploads/2017/01/HS_Alexander_0117_DSC3233-768x1075.jpg,2017-01-06 06:00:40.422000,2017-05-25 06:31:34.298000
MIL000339,Diana Farrington,Diana,,Farrington,,,True,mi,lower,30,Republican,http://gophouse.org/wp-content/uploads/2017/01/HS_Farrington_0117-768x1075.jpg,2017-01-06 06:00:40.427000,2017-05-25 06:31:34.476000
MIL000340,Ronnie Peterson,Ronnie,,Peterson,,,True,mi,lower,54,Democratic,http://housedems.com/sites/default/files/vertical-rep-headshots/ronnie-peterson.jpg,2017-01-06 06:00:40.455000,2017-05-25 06:31:33.862000
MIL000341,Terry Sabo,Terry,,Sabo,,,True,mi,lower,92,Democratic,http://housedems.com/sites/default/files/vertical-rep-headshots/terry-sabo.jpg,2017-01-06 06:00:40.460000,2017-05-25 06:31:34.314000
MIL000342,Darrin Camilleri,Darrin,,Camilleri,,,True,mi,lower,23,Democratic,http://housedems.com/sites/default/files/representative-headshots/Camilleri_Web_0.jpg,2017-01-06 06:00:40.504000,2017-05-25 06:31:34.085000
MIL000343,John Reilly,John,,Reilly,,,True,mi,lower,46,Republican,http://gophouse.org/wp-content/uploads/2017/01/HS_Reilly_0117-768x1075.jpg,2017-01-06 06:00:40.510000,2017-05-25 06:31:34.199000
MIL000344,Joseph Bellino,Joseph,,Bellino,,,True,mi,lower,17,Republican,http://gophouse.org/wp-content/uploads/2017/01/HS_Bellino_DSC3136-768x1075.jpg,2017-01-06 06:00:40.522000,2017-05-25 06:31:34.323000
MIL000345,Hank Vaupel,Hank,,Vaupel,,,True,mi,lower,47,Republican,http://gophouse.org/wp-content/uploads/2015/01/VAUPEL_1214_DSC7604-731x1024.jpg,2017-01-06 06:00:40.533000,2017-05-25 06:31:34.464000
MIL000346,Steven Johnson,Steven,,Johnson,,,True,mi,lower,72,Republican,http://gophouse.org/wp-content/uploads/2017/01/HS_Johnson_0117_DSC0553-768x1075.jpg,2017-01-06 06:00:40.552000,2017-05-25 06:31:34.416000
MIL000348,William Sowerby,William,,Sowerby,,,True,mi,lower,31,Democratic,http://housedems.com/sites/default/files/vertical-rep-headshots/Sowerby_Web.jpg.jpg,2017-01-06 06:00:40.580000,2017-05-25 06:31:34.333000
MIL000349,Brian Elder,Brian,,Elder,,,True,mi,lower,96,Democratic,http://housedems.com/sites/default/files/vertical-rep-headshots/brian-elder.jpg,2017-01-06 06:00:40.586000,2017-05-25 06:31:34.160000
MIL000350,Julie Calley,Julie,,Calley,,,True,mi,lower,87,Republican,http://gophouse.org/wp-content/uploads/2017/01/HS_Calley_0117_DSC0532-768x1075.jpg,2017-01-06 06:00:40.643000,2017-05-25 06:31:34.521000
MIL000351,Daire Rendon,Daire,,Rendon,,,True,mi,lower,103,Republican,http://gophouse.org/wp-content/uploads/2017/01/HS_Rendon_0117_DSC0883-768x1076.jpg,2017-01-06 06:00:40.667000,2017-05-25 06:31:34.327000
MIL000352,Roger Hauck,Roger,,Hauck,,,True,mi,lower,99,Republican,http://gophouse.org/wp-content/uploads/2017/01/HS_Hauck_0117_DSC0472-768x1075.jpg,2017-01-06 06:00:40.716000,2017-05-25 06:31:34.480000
MIL000353,Pamela Hornberger,Pamela,,Hornberger,,,True,mi,lower,32,Republican,http://gophouse.org/wp-content/uploads/2017/02/Hornberger-Pamela-3625-768x960.jpeg,2017-01-06 06:00:40.761000,2017-05-25 06:31:34.462000
MIL000354,Jewell Jones,Jewell,,Jones,,,True,mi,lower,11,Democratic,http://housedems.com/sites/default/files/vertical-rep-headshots/jewell-jones.jpg,2017-01-06 06:00:40.792000,2017-05-25 06:31:34.133000
MIL000355,Kevin Hertel,Kevin,,Hertel,,,True,mi,lower,18,Democratic,http://housedems.com/sites/default/files/vertical-rep-headshots/kevin-hertel.jpg,2017-01-06 06:00:40.843000,2017-05-25 06:31:34.478000
MIL000356,Sylvia Santana,Sylvia,,Santana,,,True,mi,lower,9,Democratic,http://housedems.com/sites/default/files/vertical-rep-headshots/slyvia-santana.jpg,2017-01-06 06:00:40.855000,2017-05-25 06:31:33.884000
MIL000357,Bronna Kahle,Bronna,,Kahle,,,True,mi,lower,57,Republican,http://gophouse.org/wp-content/uploads/2017/01/HS_Kahle_0117_DSC0511-768x1075.jpg,2017-01-06 06:00:40.873000,2017-05-25 06:31:34.487000
MIL000358,Jeff Noble,Jeff,,Noble,,,True,mi,lower,20,Republican,http://gophouse.org/wp-content/uploads/2017/01/HS_Nobel_0117_DSC0536-768x1075.jpg,2017-01-06 06:00:40.898000,2017-05-25 06:31:34.466000
MIL000359,Jim Ellison,Jim,,Ellison,,,True,mi,lower,26,Democratic,http://housedems.com/sites/default/files/vertical-rep-headshots/jim-ellison.jpg,2017-01-06 06:00:40.914000,2017-05-25 06:31:34.405000
MIL000360,Jeff Yaroch,Jeff,,Yaroch,,,True,mi,lower,33,Republican,http://gophouse.org/wp-content/uploads/2017/01/HS_Yaroch_0117_DSC3151-768x1075.jpg,2017-01-06 06:00:40.926000,2017-05-25 06:31:33.866000
MIL000361,Michele Hoitenga,Michele,,Hoitenga,,,True,mi,lower,102,Republican,http://gophouse.org/wp-content/uploads/2017/01/HS_Hoitenga_0117_DSC0571-768x1075.jpg,2017-01-06 06:00:40.958000,2017-05-25 06:31:34.114000
MIL000362,Kim LaSata,Kim,,LaSata,,,True,mi,lower,79,Republican,http://gophouse.org/wp-content/uploads/2017/01/HS_LaSata_0117_DSC0614-768x1075.jpg,2017-01-06 06:00:40.997000,2017-05-25 06:31:33.895000
MIL000363,Beau LaFave,Beau,,LaFave,,,True,mi,lower,108,Republican,http://gophouse.org/wp-content/uploads/2017/01/HS_LaFave_0117-768x1075.jpg,2017-01-06 06:00:41.035000,2017-05-25 06:31:34.331000
MIL000364,Cara Clemente,Cara,,Clemente,,,True,mi,lower,14,Democratic,http://housedems.com/sites/default/files/representative-headshots/Clemente%2C%20Cara2web.jpg,2017-01-06 06:00:41.059000,2017-05-25 06:31:33.729000
MIL000365,Jim Lilly,Jim,,Lilly,,,True,mi,lower,89,Republican,http://gophouse.org/wp-content/uploads/2017/01/HS_Lilly_0117_DSC0849-768x1075.jpg,2017-01-06 06:00:41.065000,2017-05-25 06:31:34.519000
MIL000366,Donna Lasinski,Donna,,Lasinski,,,True,mi,lower,52,Democratic,http://housedems.com/sites/default/files/representative-headshots/Lasinski_Web.jpg,2017-01-06 06:00:41.071000,2017-05-25 06:31:34.118000
MIL000002,Bert Johnson,Bert,,Johnson,,,True,mi,upper,2,Democratic,http://media.senatedems.com/dynaimg-files/site_portrait.jpg/district-002.jpg,2011-04-07 20:15:34.884000,2017-05-25 06:31:33.796000
MIL000007,Patrick Colbeck,Patrick,,Colbeck,,,True,mi,upper,7,Republican,http://www.misenategop.com/senators_headshots/Colbeck.jpg,2011-04-07 20:15:35.162000,2017-05-25 06:31:34.394000
MIL000008,Hoon-Yung Hopgood,Hoon-Yung,,Hopgood,,,True,mi,upper,6,Democratic,http://media.senatedems.com/dynaimg-files/site_portrait.jpg/district-008.jpg,2011-04-07 20:15:35.164000,2017-05-25 06:31:34.147000
MIL000009,Steven M Bieda,Steven M,,Bieda,,,True,mi,upper,9,Democratic,http://media.senatedems.com/dynaimg-files/site_portrait.jpg/district-009.jpg,2011-04-07 20:15:35.192000,2017-05-25 06:31:00.101000
MIL000010,Tory Rocca,Tory,,Rocca,,,True,mi,upper,10,Republican,http://www.misenategop.com/senators_headshots/Rocca.jpg,2011-04-07 20:15:35.194000,2017-05-25 06:31:34.528000
MIL000011,Jack Brandenburg,Jack,,Brandenburg,,,True,mi,upper,8,Republican,http://www.misenategop.com/senators_headshots/Brandenburg.jpg,2011-04-07 20:15:35.196000,2017-05-25 06:31:34.380000
MIL000012,Jim Marleau,Jim,,Marleau,,,True,mi,upper,12,Republican,http://www.misenategop.com/PhotoWire2/12/01192011MarleauMug.jpg,2011-04-07 20:15:35.197000,2017-05-25 06:31:34.436000
MIL000014,Vincent Gregory,Vincent,,Gregory,,,True,mi,upper,11,Democratic,http://media.senatedems.com/dynaimg-files/site_portrait.jpg/district-014.jpg,2011-04-07 20:15:35.201000,2017-05-25 06:31:34.067000
MIL000015,Mike Kowall,Mike,,Kowall,,,True,mi,upper,15,Republican,http://www.misenategop.com/senators_headshots/Kowall.jpg,2011-04-07 20:15:35.203000,2017-05-25 06:31:34.346000
MIL000018,Rebekah Warren,Rebekah,,Warren,,,True,mi,upper,18,Democratic,http://media.senatedems.com/dynaimg-files/site_portrait.jpg/district-018.jpg,2011-04-07 20:15:35.208000,2017-05-25 06:31:34.375000
MIL000019,Mike Nofs,Mike,,Nofs,,,True,mi,upper,19,Republican,http://www.misenategop.com/senators_headshots/Nofs.jpg,2011-04-07 20:15:35.246000,2017-05-25 06:31:34.533000
MIL000020,Tonya Schuitmaker,Tonya,,Schuitmaker,,,True,mi,upper,26,Republican,http://www.misenategop.com/senators_headshots/Schuitmaker.jpg,2011-04-07 20:15:35.247000,2017-05-25 06:31:34.396000
MIL000021,John Proos,John,,Proos,,,True,mi,upper,21,Republican,http://www.misenategop.com/senators_headshots/Proos.jpg,2011-04-07 20:15:35.268000,2017-05-25 06:31:34.370000
MIL000022,Joe Hune,Joe,,Hune,,,True,mi,upper,22,Republican,http://www.misenategop.com/senators_headshots/Hune.jpg,2011-04-07 20:15:35.278000,2017-05-25 06:31:34.365000
MIL000024,Rick Jones,Rick,,Jones,,,True,mi,upper,24,Republican,http://www.misenategop.com/senators_headshots/Jones.jpg,2011-04-07 20:15:35.282000,2017-05-25 06:31:34.388000
MIL000025,Phil Pavlov,Phil,,Pavlov,,,True,mi,upper,25,Republican,http://www.misenategop.com/senators/pavlov/RTTT_Pavlov1209.jpg,2011-04-07 20:15:35.283000,2017-05-25 06:31:34.441000
MIL000026,David B Robertson,David B,,Robertson,,,True,mi,upper,14,Republican,http://www.misenategop.com/senators_headshots/Robertson.jpg,2011-04-07 20:15:35.289000,2017-05-25 06:31:00.230000
MIL000029,Dave Hildenbrand,Dave,,Hildenbrand,,,True,mi,upper,29,Republican,http://www.misenategop.com/senators_headshots/Hildenbrand.jpg,2011-04-07 20:15:35.435000,2017-05-25 06:31:34.046000
MIL000030,Arlan B Meekhof,Arlan B,,Meekhof,,,True,mi,upper,30,Republican,http://www.misenategop.com/senators_headshots/Meekhof.jpg,2011-04-07 20:15:35.437000,2017-05-25 06:31:34.348000
MIL000031,Mike Green,Mike,,Green,,,True,mi,upper,31,Republican,http://www.misenategop.com/PhotoWire2/31/Green.jpg,2011-04-07 20:15:35.464000,2017-05-25 06:31:34.362000
MIL000033,Judy K Emmons,Judy K,,Emmons,,,True,mi,upper,33,Republican,http://www.misenategop.com/senators_headshots/Emmons.jpg,2011-04-07 20:15:35.497000,2017-05-25 06:31:34.184000
MIL000034,Goeff Hansen,Goeff,,Hansen,,,True,mi,upper,34,Republican,http://www.misenategop.com/senators_headshots/Hansen.jpg,2011-04-07 20:15:35.510000,2017-05-25 06:31:34.352000
MIL000035,Darwin L Booher,Darwin L,,Booher,,,True,mi,upper,35,Republican,http://www.misenategop.com/senators_headshots/Booher.jpg,2011-04-07 20:15:35.511000,2017-05-25 06:31:34.541000
MIL000038,Tom Casperson,Tom,,Casperson,,,True,mi,upper,38,Republican,http://www.misenategop.com/senators_headshots/Casperson.jpg,2011-04-07 20:15:35.517000,2017-05-25 06:31:34.438000
MIL000087,Jim Ananich,Jim,,Ananich,,,True,mi,upper,27,Democratic,http://media.housedems.com/media_cache/84/71/a3/3d/ef/df/3e/22/36/85/dd/b3/ac/43/17/e8/e4/df/af/48/Ananich.jpg,2011-04-07 20:15:35.899000,2017-05-25 06:31:00.099000
MIL000257,"Knollenberg, Marty",Marty,,Knollenberg,,,True,mi,upper,13,Republican,,2015-01-14 17:15:09.925000,2017-05-25 06:31:34.378000
MIL000260,"Hood III, Morris W",Morris W,,Hood,III,,True,mi,upper,3,Democratic,,2015-01-14 17:15:10.001000,2017-05-25 06:31:00.233000
MIL000261,"Knezek, David",David,,Knezek,,,True,mi,upper,5,Democratic,,2015-01-14 17:15:10.021000,2017-05-25 06:31:34.053000
MIL000262,"Young II, Coleman",Coleman,,Young,II,,True,mi,upper,1,Democratic,,2015-01-14 17:15:10.095000,2017-05-25 06:31:00.263000
MIL000263,"O'Brien, Margaret",Margaret,,O'Brien,,,True,mi,upper,20,Republican,,2015-01-14 17:15:10.167000,2017-05-25 06:31:34.539000
MIL000272,"Stamas, Jim",Jim,,Stamas,,,True,mi,upper,36,Republican,,2015-01-14 17:15:10.462000,2017-05-25 06:31:34.235000
MIL000274,"MacGregor, Peter",Peter,,MacGregor,,,True,mi,upper,28,Republican,,2015-01-14 17:15:10.512000,2017-05-25 06:31:34.537000
MIL000301,"Zorn, Dale",Dale,,Zorn,,,True,mi,upper,17,Republican,,2015-01-14 17:15:11.289000,2017-05-25 06:31:34.535000
MIL000302,"Hertel Jr., Curtis",Curtis,,Hertel,Jr.,,True,mi,upper,23,Democratic,,2015-01-14 17:15:11.299000,2017-05-25 06:31:00.232000
MIL000306,"Schmidt, Wayne A",Wayne A,,Schmidt,,,True,mi,upper,37,Republican,,2015-01-14 17:15:11.362000,2017-05-25 06:31:34.357000
MIL000307,"Shirkey, Mike",Mike,,Shirkey,,,True,mi,upper,16,Republican,,2015-01-14 17:15:11.373000,2017-05-25 06:31:34.179000
MIL000312,"Horn, Ken",Ken,,Horn,,,True,mi,upper,32,Republican,,2015-01-14 17:15:11.447000,2017-05-25 06:31:34.434000
MIL000347,"Conyers, Ian",Ian,,Conyers,,,True,mi,upper,4,Democratic,,2017-01-06 06:00:40.563000,2017-05-25 06:31:34.531000
