id,state,chamber,committee,subcommittee,parent_id
MDC000435,md,joint,Legislative Information Technology and Open Government,,
MDC000441,md,joint,Gaming Oversight,,
MDC000446,md,joint,Fair Practices and State Personnel Oversight,,
MDC000455,md,joint,"Cybersecurity, Information Technology and Biotechnology",,
MDC000457,md,joint,Legislative Policy,,
MDC000471,md,joint,Pensions,,
MDC000472,md,joint,Subcommittee on Program Open Space/Agricultural Land Preservation,,
MDC000481,md,joint,Legislative Policy,Management,MDC000457
MDC000492,md,joint,Unemployment Insurance Oversight,,
MDC000493,md,joint,"Administrative, Executive, and Legislative Review (AELR)",,
MDC000503,md,joint,The Management of Public Funds,,
MDC000506,md,joint,"Children, Youth, and Families",,
MDC000515,md,joint,Protocol,,
MDC000517,md,joint,Spending Affordability,,
MDC000518,md,joint,Tax Credit Evaluation,,
MDC000527,md,joint,The Chesapeake and Atlantic Coastal Bays Critical Area,,
MDC000529,md,joint,Federal Relations,,
MDC000535,md,joint,Legislative Ethics,,
MDC000537,md,joint,Audit,,
MDC000539,md,joint,Worker's Compensation Benefit and Insurance Oversight,,
MDC000544,md,joint,Behavioral Health and Opioid Use Disorders,,
MDC000545,md,joint,Ending Homelessness,,
MDC000548,md,joint,Death with Dignity Workgroup,,
MDC000553,md,joint,"Maryland Health Benefit Exchange, Joint Oversight Committee on",,
MDC000555,md,joint,21st Century School Facilities Commission,,
MDC000556,md,joint,"Family and Medical Leave Insurance, Task Force to Study",,
MDC000557,md,joint,"Innovation and Excellence in Education, Commission on",,
MDC000558,md,joint,Maryland Clean Energy Center Task Force,,
MDC000559,md,joint,Paycheck Recovery Commission,,
MDC000561,md,joint,Investigation,,
MDC000374,md,lower,Appropriations,Oversight Committee on Pensions,MDC000429
MDC000383,md,lower,Appropriations,Oversight Committee on Personnel,MDC000429
MDC000387,md,lower,Economic Matters,,
MDC000388,md,lower,Rules and Executive Nominations,,
MDC000391,md,lower,Judiciary,,
MDC000394,md,lower,Economic Matters,"Banking, Economic Development, Science and Technology",MDC000387
MDC000399,md,lower,Ways and Means,,
MDC000414,md,lower,Environment and Transportation,,
MDC000418,md,lower,Health and Government Operations,,
MDC000429,md,lower,Appropriations,,
MDC000434,md,lower,Anne Arundel,,
MDC000436,md,lower,Health and Government Operations,Insurance,MDC000418
MDC000437,md,lower,Appropriations,Public Safety and Administration,MDC000429
MDC000438,md,lower,Ways and Means,Vice Chairs,MDC000399
MDC000440,md,lower,Garrett,,
MDC000442,md,lower,Economic Matters,Worker's Compensation,MDC000387
MDC000444,md,lower,Baltimore City,,
MDC000445,md,lower,Judiciary,Criminal Justice,MDC000391
MDC000447,md,lower,Worcester,,
MDC000448,md,lower,Judiciary,Family Law,MDC000391
MDC000449,md,lower,Appropriations,Capital Budget,MDC000429
MDC000450,md,lower,Prince George's,,
MDC000452,md,lower,Carroll,,
MDC000453,md,lower,Cecil,,
MDC000456,md,lower,St. Mary's,,
MDC000460,md,lower,Howard,,
MDC000462,md,lower,Charles,,
MDC000464,md,lower,Frederick,,
MDC000466,md,lower,Talbot,,
MDC000467,md,lower,Economic Matters,Alcoholic Beverages,MDC000387
MDC000469,md,lower,Environment and Transportation,"Natural Resources, Agriculture & Open Space",MDC000414
MDC000470,md,lower,Judiciary,Juvenile Law,MDC000391
MDC000474,md,lower,Eastern Shore,,
MDC000476,md,lower,Environment and Transportation,Local Government and Bi-County Issues,MDC000414
MDC000478,md,lower,Appropriations,Transportation and the Environment,MDC000429
MDC000479,md,lower,Kent,,
MDC000482,md,lower,Appropriations,Education and Economic Development,MDC000429
MDC000485,md,lower,Western Maryland,,
MDC000487,md,lower,Calvert,,
MDC000488,md,lower,Southern Maryland,,
MDC000489,md,lower,Economic Matters,Public Utilities,MDC000387
MDC000490,md,lower,Washington,,
MDC000491,md,lower,Appropriations,Health and Human Resources,MDC000429
MDC000494,md,lower,Wicomico,,
MDC000495,md,lower,Economic Matters,Consumer Protection and Commercial Law,MDC000387
MDC000496,md,lower,Regional Revitalization Work Group,,
MDC000497,md,lower,Ways and Means,Education,MDC000399
MDC000499,md,lower,Environment and Transportation,Environment,MDC000414
MDC000502,md,lower,Drug and Alcohol Abuse,,
MDC000505,md,lower,Queen Anne's,,
MDC000508,md,lower,Ways and Means,Election Law,MDC000399
MDC000511,md,lower,Environment and Transportation,Motor Vehicle and Transportation,MDC000414
MDC000513,md,lower,Economic Matters,Property and Casualty Insurance,MDC000387
MDC000516,md,lower,Caroline,,
MDC000519,md,lower,Baltimore County,,
MDC000520,md,lower,Ways and Means,Finance Resources,MDC000399
MDC000521,md,lower,Montgomery,,
MDC000522,md,lower,Environment and Transportation,Land Use and Ethics,MDC000414
MDC000528,md,lower,Allegany,,
MDC000531,md,lower,Somerset,,
MDC000532,md,lower,Environment and Transportation,Housing and Real Property,MDC000414
MDC000533,md,lower,Harford,,
MDC000534,md,lower,Dorchester,,
MDC000536,md,lower,Judiciary,Civil Law and Procedure,MDC000391
MDC000540,md,lower,Ways and Means,Revenues,MDC000399
MDC000542,md,lower,Economic Matters,Business Regulation,MDC000387
MDC000543,md,lower,Economic Matters,Unemployment Insurance,MDC000387
MDC000546,md,lower,Health and Government Operations,Public Health and Minority Health Disparities,MDC000418
MDC000547,md,lower,Health and Government Operations,Health Facilities and Occupations,MDC000418
MDC000549,md,lower,Health and Government Operations,Government Operations and Long Term Care,MDC000418
MDC000562,md,lower,Health and Government Operations,Health Facilities and Pharmaceuticals,MDC000418
MDC000563,md,lower,Health and Government Operations,Government Operations and Estates and Trusts,MDC000418
MDC000564,md,lower,Health and Government Operations,Health Occupations and Long Term Care,MDC000418
MDC000382,md,upper,Budget and Taxation,,
MDC000384,md,upper,Finance,,
MDC000389,md,upper,Judicial Proceedings,,
MDC000411,md,upper,"Education, Health, and Environmental Affairs",,
MDC000422,md,upper,Rules,,
MDC000427,md,upper,Executive Nominations,,
MDC000439,md,upper,"Education, Health, and Environmental Affairs",Comptroller Issues,MDC000411
MDC000451,md,upper,Finance,Health,MDC000384
MDC000459,md,upper,"No. 1 - Allegany, Garrett, and Washington Counties",,
MDC000461,md,upper,"Education, Health, and Environmental Affairs",Environment,MDC000411
MDC000463,md,upper,No. 10 - Eastern Shore,,
MDC000468,md,upper,No. 5 - Howard County,,
MDC000477,md,upper,No. 6 - Montgomery County,,
MDC000483,md,upper,Substance Abuse,,
MDC000484,md,upper,Budget and Taxation,Pensions,MDC000382
MDC000486,md,upper,Budget and Taxation,Capital Budget,MDC000382
MDC000498,md,upper,"Education, Health, and Environmental Affairs",Education,MDC000411
MDC000500,md,upper,No. 4 - Baltimore County,,
MDC000507,md,upper,Finance,Property and Casualty,MDC000384
MDC000509,md,upper,No. 9 - Anne Arundel County,,
MDC000510,md,upper,Finance,Transportation,MDC000384
MDC000512,md,upper,Budget and Taxation,Health and Human Services,MDC000382
MDC000514,md,upper,No. 7 - Prince George's County,,
MDC000523,md,upper,Budget and Taxation,"Public Safety, Transportation, and Environment",MDC000382
MDC000524,md,upper,No. 2 - Carroll and Frederick Counties,,
MDC000525,md,upper,"No. 8 - Charles, St. Mary's, and Calvert Counties",,
MDC000526,md,upper,No. 3 - Harford County,,
MDC000538,md,upper,"Education, Health, and Environmental Affairs",Health,MDC000411
MDC000541,md,upper,Budget and Taxation,"Education, Business and Administration",MDC000382
MDC000560,md,upper,No. 11 - Baltimore City,,
