leg_id,full_name,first_name,middle_name,last_name,suffixes,nickname,active,state,chamber,district,party,photo_url,created_at,updated_at
MDL000080,Ann Marie Doory,Ann Marie,,Doory,,,False,md,,,,http://www.msa.md.gov/msa/mdmanual/06hse/images/1198-1-2578b.jpg,2010-07-12 16:17:11.905000,2011-01-12 16:13:14.491000
MDL000191,David R Brinkley,David,R,Brinkley,,,False,md,,,,http://mgaleg.maryland.gov/2014RS/images/brinkley.jpg,2010-08-27 22:54:37.776000,2015-01-14 21:51:12.556000
MDL000193,Richard F Colburn,Richard,F,Colburn,,,False,md,,,,http://mgaleg.maryland.gov/2014RS/images/colburn.jpg,2010-08-27 22:54:37.779000,2015-01-14 21:51:12.553000
MDL000197,George W Della Jr.,George,W,Della,Jr.,,False,md,,,,http://www.msa.md.gov/msa/mdmanual/05sen/images/1198-1-1176b.jpg,2010-08-27 22:54:37.784000,2011-01-12 16:13:14.498000
MDL000198,Roy P Dyson,Roy,P,Dyson,,,False,md,,,,http://mgaleg.maryland.gov/2014RS/images/dyson.jpg,2010-08-27 22:54:37.785000,2015-01-14 21:51:12.546000
MDL000200,Nathaniel Exum,Nathaniel,,Exum,,,False,md,,,,http://www.msa.md.gov/msa/mdmanual/05sen/images/1198-1-1057c.jpg,2010-08-27 22:54:37.788000,2011-01-12 16:13:14.497000
MDL000201,Jennie M Forehand,Jennie,M,Forehand,,,False,md,,,,http://mgaleg.maryland.gov/2014RS/images/forehand.jpg,2010-08-27 22:54:37.808000,2015-01-14 21:51:12.544000
MDL000202,Brian E Frosh,Brian,E,Frosh,,,False,md,,,,http://mgaleg.maryland.gov/2014RS/images/frosh.jpg,2010-08-27 22:54:37.810000,2015-01-14 21:51:12.542000
MDL000203,Robert J Garagiola,Robert,J,Garagiola,,,False,md,,,,http://mgaleg.maryland.gov/2013RS/images/garagiola.jpg,2010-08-27 22:54:37.811000,2014-12-03 03:10:36.755000
MDL000204,Lisa A Gladden,Lisa,A,Gladden,,,False,md,,,,http://mgaleg.maryland.gov/2017RS/images/gladden.jpg,2010-08-27 22:54:37.812000,2017-02-24 03:30:53.302000
MDL000205,Barry Glassman,Barry,,Glassman,,,False,md,,,,http://mgaleg.maryland.gov/2014RS/images/glassman.jpg,2010-08-27 22:54:37.813000,2015-01-14 21:51:12.551000
MDL000206,Larry E Haines,Larry,E,Haines,,,False,md,,,,http://www.msa.md.gov/msa/mdmanual/05sen/images/1198-1-1172b.jpg,2010-08-27 22:54:37.815000,2011-01-12 16:13:14.499000
MDL000207,David C Harrington,David,C,Harrington,,,False,md,,,,http://www.msa.md.gov/msa/mdmanual/36loc/pg/leg/images/1198-1-2575b.jpg,2010-08-27 22:54:37.816000,2011-01-12 16:13:14.498000
MDL000208,Andrew P Harris,Andrew,P,Harris,,,False,md,,,,http://www.msa.md.gov/msa/mdmanual/05sen/images/1198-1-1013c.jpg,2010-08-27 22:54:37.817000,2011-01-12 16:13:14.499000
MDL000209,Nancy Jacobs,Nancy,,Jacobs,,,False,md,,,,http://mgaleg.maryland.gov/2014RS/images/jacobs.jpg,2010-08-27 22:54:37.819000,2015-01-14 21:51:12.549000
MDL000210,Verna L. Jones-Rodwell,Verna,L,Jones-Rodwell,,,False,md,,,,http://mgaleg.maryland.gov/2014RS/images/jones v.jpg,2010-08-27 22:54:37.820000,2015-01-14 21:51:12.559000
MDL000214,Allan H Kittleman,Allan,H,Kittleman,,,False,md,,,,http://mgaleg.maryland.gov/2014RS/images/kittleman.jpg,2010-08-27 22:54:37.825000,2015-01-14 21:51:12.564000
MDL000216,Rona E Kramer,Rona,E,Kramer,,,False,md,,,,http://www.msa.md.gov/msa/mdmanual/05sen/images/1198-1-1142c.jpg,2010-08-27 22:54:37.828000,2011-01-12 16:13:14.495000
MDL000217,Michael G Lenett,Michael,G,Lenett,,,False,md,,,,http://www.msa.md.gov/msa/mdmanual/05sen/images/1198-1-2526b.jpg,2010-08-27 22:54:37.829000,2011-01-12 16:13:14.496000
MDL000222,Alex X Mooney,Alex,X,Mooney,,,False,md,,,,http://www.msa.md.gov/msa/mdmanual/05sen/images/1198-1-1475b.jpg,2010-08-27 22:54:37.835000,2011-01-12 16:13:14.497000
MDL000223,Donald F Munson,Donald,F,Munson,,,False,md,,,,http://www.msa.md.gov/msa/mdmanual/05sen/images/1198-1-007b.jpg,2010-08-27 22:54:37.837000,2011-01-12 16:13:14.496000
MDL000227,E. J. Pipkin,E. J.,,Pipkin,,,False,md,,,,http://mgaleg.maryland.gov/2013RS/images/pipkin.jpg,2010-08-27 22:54:37.842000,2013-10-10 14:16:47.935000
MDL000228,Catherine E Pugh,Catherine,E,Pugh,,,False,md,,,,http://mgaleg.maryland.gov/2016RS/images/pugh.jpg,2010-08-27 22:54:37.843000,2017-02-24 03:28:47.147000
MDL000229,Jamin B Raskin,Jamin,B,Raskin,,Jaime,False,md,,,,http://mgaleg.maryland.gov/2016RS/images/raskin.jpg,2010-08-27 22:54:37.844000,2017-02-24 03:27:18.354000
MDL000231,James N Robey,James,N,Robey,,,False,md,,,,http://mgaleg.maryland.gov/2014RS/images/robey.jpg,2010-08-27 22:54:37.847000,2015-01-14 21:51:12.540000
MDL000234,J. Lowell Stoltzfus,J. Lowell,,Stoltzfus,,,False,md,,,,http://www.msa.md.gov/msa/mdmanual/05sen/images/1198-1-624b.jpg,2010-08-27 22:54:37.851000,2011-01-12 16:13:14.497000
MDL000235,Norman R Stone Jr.,Norman,R,Stone,Jr.,,False,md,,,,http://mgaleg.maryland.gov/2014RS/images/stone.jpg,2010-08-27 22:54:37.852000,2015-01-14 21:51:12.561000
MDL000237,Saqib Ali,Saqib,,Ali,,,False,md,,,,http://www.msa.md.gov/msa/mdmanual/06hse/images/1198-1-2756b.jpg,2010-08-27 22:54:37.855000,2011-01-12 16:13:14.490000
MDL000242,Scherod C Barnes,Scherod,C,Barnes,,,False,md,,,,http://www.msa.md.gov/msa/mdmanual/06hse/images/1198-1-4478b.jpg,2010-08-27 22:54:37.861000,2011-01-12 16:13:14.492000
MDL000243,Joseph R Bartlett,Joseph,R,Bartlett,,,False,md,,,,http://mdarchives.us/msa/mdmanual/06hse/images/1198-1-3453b.jpg,2010-08-27 22:54:37.862000,2011-01-12 16:13:14.493000
MDL000249,Elizabeth Bobo,Elizabeth,,Bobo,,,False,md,,,,http://mgaleg.maryland.gov/2014RS/images/bobo.jpg,2010-08-27 22:54:37.870000,2015-01-14 21:51:12.373000
MDL000250,John L Bohanan Jr.,John,L,Bohanan,Jr.,,False,md,,,,http://mgaleg.maryland.gov/2014RS/images/bohanan.jpg,2010-08-27 22:54:37.871000,2015-01-14 21:51:12.417000
MDL000251,Joseph C Boteler III,Joseph,C,Boteler,III,,False,md,,,,http://mgaleg.maryland.gov/2014RS/images/boteler.jpg,2010-08-27 22:54:37.873000,2015-01-14 21:51:12.534000
MDL000253,Aisha N Braveboy,Aisha,N,Braveboy,,,False,md,,,,http://mgaleg.maryland.gov/2014RS/images/braveboy.jpg,2010-08-27 22:54:37.875000,2015-01-14 21:51:12.400000
MDL000254,Karen M Britto,Karen,M,Britto,,,False,md,,,,http://mdarchives.us/msa/mdmanual/06hse/images/1198-1-4405b.jpg,2010-08-27 22:54:37.877000,2011-01-12 16:13:14.483000
MDL000256,Emmett C Burns Jr.,Emmett,C,Burns,Jr.,,False,md,,,,http://mgaleg.maryland.gov/2014RS/images/burns e.jpg,2010-08-27 22:54:37.879000,2015-01-14 21:51:12.358000
MDL000258,Rudolph C Cane,Rudolph,C,Cane,,,False,md,,,,http://mgaleg.maryland.gov/2014RS/images/cane.jpg,2010-08-27 22:54:37.882000,2015-01-14 21:51:12.469000
MDL000259,Jon S Cardin,Jon,S,Cardin,,,False,md,,,,http://mgaleg.maryland.gov/2014RS/images/cardin.jpg,2010-08-27 22:54:37.883000,2015-01-14 21:51:12.366000
MDL000261,Jill P Carter,Jill,P,Carter,,,False,md,,,,http://mgaleg.maryland.gov/2017RS/images/carter.jpg,2010-08-27 22:54:37.886000,2017-02-24 03:43:16.011000
MDL000262,Galen R Clagett,Galen,R,Clagett,,,False,md,,,,http://mgaleg.maryland.gov/2014RS/images/clagett g.jpg,2010-08-27 22:54:37.887000,2015-01-14 21:51:12.483000
MDL000263,Virginia P Clagett,Virginia,P,Clagett,,,False,md,,,,http://mdarchives.us/msa/mdmanual/06hse/images/1198-1-3611b.jpg,2010-08-27 22:54:37.888000,2011-01-12 16:13:14.487000
MDL000265,Norman H Conway,Norman,H,Conway,,,False,md,,,,http://mgaleg.maryland.gov/2014RS/images/conway.jpg,2010-08-27 22:54:37.891000,2015-01-14 21:51:12.476000
MDL000266,Robert A Costa,Robert,A,Costa,,,False,md,,,,http://mgaleg.maryland.gov/2014RS/images/costa.jpg,2010-08-27 22:54:37.892000,2015-01-14 21:51:12.445000
MDL000268,Steven J DeBoy Sr.,Steven,J,DeBoy,Sr.,,False,md,,,,http://mgaleg.maryland.gov/2014RS/images/deboy.jpg,2010-08-27 22:54:37.895000,2015-01-14 21:51:12.368000
MDL000269,John P Donoghue,John,P,Donoghue,,,False,md,,,,http://mgaleg.maryland.gov/2014RS/images/donoghue.jpg,2010-08-27 22:54:37.896000,2015-01-14 21:51:12.422000
MDL000271,Don H Dwyer Jr.,Don,H,Dwyer,Jr.,,False,md,,,,http://mgaleg.maryland.gov/2014RS/images/dwyer.jpg,2010-08-27 22:54:37.898000,2015-01-14 21:51:12.434000
MDL000273,Donald B Elliott,Donald,B,Elliott,,,False,md,,,,http://mgaleg.maryland.gov/2014RS/images/elliott.jpg,2010-08-27 22:54:37.901000,2015-01-14 21:51:12.518000
MDL000274,Carolyn J Elmore,Carolyn,J,Elmore,,,False,md,,,,http://mdarchives.us/msa/mdmanual/06hse/images/1198-1-4470b.jpg,2010-08-27 22:54:37.902000,2011-01-12 16:13:14.489000
MDL000276,William J Frank,William,J,Frank,,,False,md,,,,http://mgaleg.maryland.gov/2014RS/images/frank.jpg,2010-08-27 22:54:37.905000,2015-01-14 21:51:12.492000
MDL000280,Ronald A George,Ronald,A,George,,,False,md,,,,http://mgaleg.maryland.gov/2014RS/images/george.jpg,2010-08-27 22:54:37.930000,2015-01-14 21:51:12.424000
MDL000283,Melony G Griffith,Melony,G,Griffith,,,False,md,,,,http://mgaleg.maryland.gov/2014RS/images/griffith.jpg,2010-08-27 22:54:37.934000,2015-01-14 21:51:12.404000
MDL000286,Jeannie Haddaway-Riccio,Jeannie,,Haddaway-Riccio,,,False,md,,,,http://mgaleg.maryland.gov/2014RS/images/haddaway.jpg,2010-08-27 22:54:37.938000,2015-01-14 21:51:12.474000
MDL000287,Peter A Hammen,Peter,A,Hammen,,,False,md,,,,http://mgaleg.maryland.gov/2016RS/images/hammen.jpg,2010-08-27 22:54:37.939000,2017-02-24 03:46:35.805000
MDL000288,Hattie N Harrison,Hattie,N,Harrison,,,False,md,,,,http://mgaleg.maryland.gov/2013RS/images/harrison.jpg,2010-08-27 22:54:37.940000,2014-12-03 03:10:36.754000
MDL000291,C. Sue Hecht,C. Sue,,Hecht,,,False,md,,,,http://mdarchives.us/msa/mdmanual/06hse/images/1198-1-1649b.jpg,2010-08-27 22:54:37.944000,2011-01-12 16:13:14.490000
MDL000292,Henry B Heller,Henry,B,Heller,,Hank,False,md,,,,http://www.msa.md.gov/msa/mdmanual/06hse/images/1198-1-1502b.jpg,2010-08-27 22:54:37.946000,2011-01-12 16:13:14.484000
MDL000296,James W Hubbard,James,W,Hubbard,,,False,md,,,,http://mgaleg.maryland.gov/2014RS/images/hubbard.jpg,2010-08-27 22:54:37.951000,2015-01-14 21:51:12.396000
MDL000297,Tom Hucker,Tom,,Hucker,,,False,md,,,,http://mgaleg.maryland.gov/2014RS/images/hucker.jpg,2010-08-27 22:54:37.952000,2015-01-14 21:51:12.391000
MDL000299,Jolene Ivey,Jolene,,Ivey,,,False,md,,,,http://mgaleg.maryland.gov/2014RS/images/ivey.jpg,2010-08-27 22:54:37.955000,2015-01-14 21:51:12.508000
MDL000300,Mary-Dulany James,Mary-Dulany,,James,,,False,md,,,,http://mgaleg.maryland.gov/2014RS/images/james.jpg,2010-08-27 22:54:37.956000,2015-01-14 21:51:12.447000
MDL000302,Charles A Jenkins,Charles,A,Jenkins,,,False,md,,,,http://www.mdarchives.us/msa/mdmanual/36loc/fr/leg/images/1198-1-4185b.jpg,2010-08-27 22:54:37.959000,2011-01-12 16:13:14.491000
MDL000305,A. Wade Kach,Wade,,Kach,,,False,md,,,,http://mgaleg.maryland.gov/2014RS/images/kach.jpg,2010-08-27 22:54:37.963000,2015-01-14 21:51:12.524000
MDL000307,Kevin Kelly,Kevin,,Kelly,,,False,md,,,,http://mgaleg.maryland.gov/2014RS/images/kelly k.jpg,2010-08-27 22:54:37.965000,2015-01-14 21:51:12.386000
MDL000308,James J King,James,J,King,,,False,md,,,,http://www.msa.md.gov/msa/mdmanual/06hse/images/1198-1-2524b.jpg,2010-08-27 22:54:37.966000,2011-01-12 16:13:14.487000
MDL000310,Ruth M Kirk,Ruth,M,Kirk,,,False,md,,,,http://mdarchives.us/msa/mdmanual/06hse/images/1198-1-218c.jpg,2010-08-27 22:54:37.969000,2011-01-12 16:13:14.492000
MDL000313,Carolyn J Krysiak,Carolyn,J,Krysiak,,,False,md,,,,http://www.msa.md.gov/msa/mdmanual/06hse/images/1198-1-1219b.jpg,2010-08-27 22:54:37.973000,2011-01-12 16:13:14.492000
MDL000314,Sue Kullen,Sue,,Kullen,,,False,md,,,,http://mdarchives.us/msa/mdmanual/06hse/images/1198-1-2573b.jpg,2010-08-27 22:54:37.974000,2011-01-12 16:13:14.485000
MDL000317,Gerron S Levi,Gerron,S,Levi,,,False,md,,,,http://mdarchives.us/msa/mdmanual/06hse/images/1198-1-1647b.jpg,2010-08-27 22:54:37.978000,2011-01-12 16:13:14.485000
MDL000318,Murray D Levy,Murray,D,Levy,,,False,md,,,,http://www.mdarchives.us/msa/mdmanual/06hse/images/1198-1-1677b.jpg,2010-08-27 22:54:37.979000,2011-01-12 16:13:14.486000
MDL000319,Mary Ann Love,Mary Ann E.,,Love,,,False,md,,,,http://mgaleg.maryland.gov/2014RS/images/love.jpg,2010-08-27 22:54:37.981000,2015-01-14 21:51:12.438000
MDL000320,James E Malone Jr.,James,E,Malone,Jr.,,False,md,,,,http://mgaleg.maryland.gov/2014RS/images/malone.jpg,2010-08-27 22:54:37.982000,2015-01-14 21:51:12.371000
MDL000326,Brian K McHale,Brian,K,McHale,,,False,md,,,,http://mgaleg.maryland.gov/2014RS/images/mchale.jpg,2010-08-27 22:54:38.016000,2015-01-14 21:51:12.505000
MDL000329,Joseph J Minnick,Joseph,J,Minnick,,,False,md,,,,http://mgaleg.maryland.gov/2014RS/images/minnick.jpg,2010-08-27 22:54:38.019000,2015-01-14 21:51:12.527000
MDL000330,Heather R Mizeur,Heather,R,Mizeur,,,False,md,,,,http://mgaleg.maryland.gov/2014RS/images/mizeur.jpg,2010-08-27 22:54:38.021000,2015-01-14 21:51:12.393000
MDL000331,Karen S Montgomery,Karen,S,Montgomery,,,False,md,,,,http://www.msa.md.gov/msa/mdmanual/06hse/images/1198-1-162c.jpg,2010-08-27 22:54:38.022000,2016-02-16 19:22:40.312000
MDL000333,Peter F Murphy,Peter,F,Murphy,,,False,md,,,,http://mgaleg.maryland.gov/2014RS/images/murphy.jpg,2010-08-27 22:54:38.025000,2015-01-14 21:51:12.413000
MDL000334,LeRoy E Myers Jr.,LeRoy,E,Myers,Jr.,,False,md,,,,http://mgaleg.maryland.gov/2014RS/images/myers.jpg,2010-08-27 22:54:38.026000,2015-01-14 21:51:12.388000
MDL000336,Doyle L Niemann,Doyle,L,Niemann,,,False,md,,,,http://mgaleg.maryland.gov/2014RS/images/niemann.jpg,2010-08-27 22:54:38.029000,2015-01-14 21:51:12.510000
MDL000338,Nathaniel T Oaks,Nathaniel,T,Oaks,,,False,md,,,,http://mgaleg.maryland.gov/2017RS/images/oaks.jpg,2010-08-27 22:54:38.031000,2017-02-25 21:20:15.781000
MDL000339,Anthony J O'Donnell,Anthony,J,O'Donnell,,,False,md,,,,http://mgaleg.maryland.gov/2016RS/images/odonnell.jpg,2010-08-27 22:54:38.032000,2017-02-24 03:34:43.355000
MDL000340,John A Olszewski Jr.,John,A,Olszewski,Jr.,,False,md,,,,http://mgaleg.maryland.gov/2014RS/images/olszewski.jpg,2010-08-27 22:54:38.034000,2015-01-14 21:51:12.529000
MDL000343,James E Proctor Jr.,James,E,Proctor,Jr.,,False,md,,,,http://mgaleg.maryland.gov/2015RS/images/proctor.jpg,2010-08-27 22:54:38.038000,2015-12-11 21:30:49.278000
MDL000346,Craig L Rice,Craig,L,Rice,,,False,md,,,,http://www.msa.md.gov/msa/mdmanual/06hse/images/1198-1-1651b.jpg,2010-08-27 22:54:38.041000,2011-01-12 16:13:14.483000
MDL000347,B. Daniel Riley,B. Daniel,,Riley,,,False,md,,,,http://www.msa.md.gov/msa/mdmanual/06hse/images/1198-1-4316b.jpg,2010-08-27 22:54:38.043000,2011-01-12 16:13:14.488000
MDL000348,Barbara A Robinson,Barbara,A,Robinson,,,False,md,,,,http://mgaleg.maryland.gov/2016RS/images/robinson.jpg,2010-08-27 22:54:38.044000,2017-02-24 03:41:28.585000
MDL000350,Justin D Ross,Justin,D,Ross,,,False,md,,,,http://www.msa.md.gov/msa/mdmanual/06hse/images/1198-1-167c.jpg,2010-08-27 22:54:38.047000,2013-01-07 20:17:11.829000
MDL000351,David D Rudolph,David,D,Rudolph,,,False,md,,,,http://mgaleg.maryland.gov/2014RS/images/rudolph.jpg,2010-08-27 22:54:38.048000,2015-01-14 21:51:12.449000
MDL000352,Steven R Schuh,Steven,R,Schuh,,,False,md,,,,http://mgaleg.maryland.gov/2014RS/images/schuh.jpg,2010-08-27 22:54:38.049000,2015-01-14 21:51:12.436000
MDL000353,Todd L Schuler,Todd,L,Schuler,,,False,md,,,,http://mdarchives.us/msa/mdmanual/06hse/images/1198-1-1660b.jpg,2010-08-27 22:54:38.050000,2011-01-12 16:13:14.495000
MDL000355,Christopher B Shank,Christopher,B,Shank,,,False,md,,,,http://www.msa.md.gov/msa/mdmanual/06hse/images/1198-1-1676b.jpg,2010-08-27 22:54:38.053000,2015-03-09 17:27:03.559000
MDL000356,Tanya Thornton Shewell,Tanya,,Thornton Shewell,,,False,md,,,,http://www.msa.md.gov/msa/mdmanual/06hse/images/1198-1-1429b.jpg,2010-08-27 22:54:38.054000,2011-01-12 16:13:14.494000
MDL000357,Luiz R.S. Simmons,Luiz,R.S.,Simmons,,,False,md,,,,http://mgaleg.maryland.gov/2014RS/images/simmons.jpg,2010-08-27 22:54:38.056000,2015-01-14 21:51:12.381000
MDL000358,Michael D Smigiel Sr.,Michael,D,Smigiel,Sr.,,False,md,,,,http://mgaleg.maryland.gov/2014RS/images/smigiel.jpg,2010-08-27 22:54:38.057000,2015-01-14 21:51:12.467000
MDL000360,Richard A Sossi,Richard,A,Sossi,,,False,md,,,,http://www.msa.md.gov/msa/mdmanual/06hse/images/1198-1-166c.jpg,2010-08-27 22:54:38.060000,2011-01-12 16:13:14.489000
MDL000362,Donna Stifler,Donna,,Stifler,,,False,md,,,,http://mgaleg.maryland.gov/2014RS/images/stifler.jpg,2010-08-27 22:54:38.062000,2015-01-14 21:51:12.454000
MDL000363,Nancy R Stocksdale,Nancy,R,Stocksdale,,,False,md,,,,http://mgaleg.maryland.gov/2014RS/images/stocksdale.jpg,2010-08-27 22:54:38.063000,2015-01-14 21:51:12.520000
MDL000364,Melvin L Stukes,Melvin,L,Stukes,,,False,md,,,,http://mgaleg.maryland.gov/2014RS/images/stukes.jpg,2010-08-27 22:54:38.065000,2015-01-14 21:51:12.499000
MDL000365,Paul S Stull,Paul,S,Stull,,,False,md,,,,http://mdarchives.us/msa/mdmanual/06hse/images/1198-1-1233b.jpg,2010-08-27 22:54:38.066000,2011-01-12 16:13:14.494000
MDL000366,Shawn Z Tarrant,Shawn,Z,Tarrant,,,False,md,,,,http://mgaleg.maryland.gov/2014RS/images/tarrant.jpg,2010-08-27 22:54:38.067000,2015-01-14 21:51:12.488000
MDL000367,Herman L Taylor Jr.,Herman,L,Taylor,Jr.,,False,md,,,,http://www.msa.md.gov/msa/mdmanual/06hse/images/1198-1-1703b.jpg,2010-08-27 22:54:38.069000,2011-01-12 16:13:14.482000
MDL000369,Veronica L Turner,Veronica,L,Turner,,,False,md,,,,http://mgaleg.maryland.gov/2014RS/images/turner v.jpg,2010-08-27 22:54:38.071000,2015-01-14 21:51:12.406000
MDL000372,Michael L Vaughn,Michael,L,Vaughn,,,False,md,,,,http://mgaleg.maryland.gov/2017RS/images/vaughn.jpg,2010-08-27 22:54:38.075000,2017-02-24 03:36:52.617000
MDL000375,Mary Roe Walkup,Mary Roe,,Walkup,,,False,md,,,,http://www.msa.md.gov/msa/mdmanual/06hse/images/1198-1-1235b.jpg,2010-08-27 22:54:38.079000,2011-01-12 16:13:14.488000
MDL000376,Michael H Weir Jr.,Michael,H,Weir,Jr.,,False,md,,,,http://mgaleg.maryland.gov/2014RS/images/weir.jpg,2010-08-27 22:54:38.080000,2015-01-14 21:51:12.531000
MDL000377,John F Wood Jr.,John,F,Wood,Jr.,,False,md,,,,http://mgaleg.maryland.gov/2014RS/images/wood.jpg,2010-08-27 22:54:38.082000,2015-01-14 21:51:12.415000
MDL000380,Joseph M Getty,Joseph,M,Getty,,,False,md,,,,http://www.msa.md.gov/msa/mdmanual/05sen/images/1198-1-2406b.jpg,2011-01-14 22:24:08.191000,2015-03-09 18:14:07.817000
MDL000389,Tiffany T. Alston,Tiffany T.,,Alston,,,False,md,,,,http://www.msa.md.gov/msa/mdmanual/06hse/images/1198-1-4845b.jpg,2011-01-14 22:24:08.509000,2013-01-31 15:26:07.848000
MDL000390,Sam Arora,Sam,,Arora,,,False,md,,,,http://www.msa.md.gov/msa/mdmanual/06hse/images/1198-1-4722b.jpg,2011-01-14 22:24:08.339000,2015-01-14 21:51:12.383000
MDL000392,John W.E. Cluster Jr.,John,W.E.,Cluster,Jr.,,False,md,,,,http://mgaleg.maryland.gov/2016RS/images/cluster.jpg,2011-01-14 22:24:08.190000,2017-01-31 00:00:20.149000
MDL000397,Patrick N Hogan,Patrick,N,Hogan,,,False,md,,,,http://mgaleg.maryland.gov/2014RS/images/hogan.jpg,2011-01-14 22:24:08.186000,2015-01-14 21:51:12.481000
MDL000402,Michael A McDermott,Michael,A,McDermott,,,False,md,,,,http://mgaleg.maryland.gov/2014RS/images/mcdermott.jpg,2011-01-14 22:24:08.510000,2015-01-14 21:51:12.479000
MDL000405,Keiffer J Mitchell Jr.,Keiffer,J,Mitchell,Jr.,,False,md,,,,http://www.msa.md.gov/msa/mdmanual/36loc/bcity/leg/images/1198-1-1340b.jpg,2011-01-14 22:24:08.340000,2015-01-14 21:51:12.501000
MDL000410,Kelly M Schulz,Kelly,M,Schulz,,,False,md,,,,http://www.msa.md.gov/msa/mdmanual/06hse/images/1198-1-4902b.jpg,2011-01-14 22:24:08.511000,2015-01-14 21:51:12.516000
MDL000411,Michael G Summers,Michael,G,Summers,,,False,md,,,,http://mgaleg.maryland.gov/2014RS/images/summers.jpg,2011-01-14 22:24:08.189000,2015-01-14 21:51:12.512000
MDL000414,Cathleen M. Vitale,Cathleen,A,Vitale,,,False,md,,,,http://mgaleg.maryland.gov/2015RS/images/vitale.jpg,2011-01-14 22:24:08.184000,2015-01-14 21:51:12.443000
MDL000612,"Swain, Darren M.",Darren M.,,Swain,,,False,md,,,,http://mgaleg.maryland.gov/2014RS/images/swain.jpg,2013-01-31 01:01:50.413000,2015-01-14 21:51:12.398000
MDL000614,Nina R. Harper,Nina R.,,Harper,,,False,md,,,,http://mgaleg.maryland.gov/2014RS/images/harper.jpg,2013-02-28 02:29:09.520000,2015-01-14 21:51:12.503000
MDL000623,"Smith, William C., Jr.",William C,,Smith,Jr.,,False,md,,,,http://mgaleg.maryland.gov/2016RS/images/smith01.jpg,2015-01-14 21:51:09.767000,2017-02-24 03:38:57.186000
MDL000649,"Campos, Will",Will,,Campos,,,False,md,,,,http://mgaleg.maryland.gov/2015RS/images/campos01.jpg,2015-01-14 21:51:10.511000,2015-12-11 21:29:52.838000
MDL000238,Curtis S Anderson,Curtis,S,Anderson,,Curt,True,md,lower,43,Democratic,http://mgaleg.maryland.gov/2017RS/images/anderson.jpg,2010-08-27 22:54:37.856000,2017-06-01 07:15:11.343000
MDL000239,Susan L.M. Aumann,Susan,L.M.,Aumann,,,True,md,lower,42B,Republican,http://mgaleg.maryland.gov/2017RS/images/aumann.jpg,2010-08-27 22:54:37.857000,2017-06-01 07:15:11.661000
MDL000240,Charles E Barkley,Charles,E,Barkley,,,True,md,lower,39,Democratic,http://mgaleg.maryland.gov/2017RS/images/barkley.jpg,2010-08-27 22:54:37.858000,2017-06-01 07:15:12.117000
MDL000241,Benjamin S Barnes,Benjamin,S,Barnes,,,True,md,lower,21,Democratic,http://mgaleg.maryland.gov/2017RS/images/barnes.jpg,2010-08-27 22:54:37.860000,2017-06-01 07:15:11.878000
MDL000244,Kumar P Barve,Kumar,P,Barve,,,True,md,lower,17,Democratic,http://mgaleg.maryland.gov/2017RS/images/barve.jpg,2010-08-27 22:54:37.864000,2017-06-01 07:15:11.725000
MDL000246,Pamela G Beidle,Pamela,G,Beidle,,,True,md,lower,32,Democratic,http://mgaleg.maryland.gov/2017RS/images/beidle.jpg,2010-08-27 22:54:37.866000,2017-06-01 07:15:11.786000
MDL000247,Wendell R Beitzel,Wendell,R,Beitzel,,,True,md,lower,1A,Republican,http://mgaleg.maryland.gov/2017RS/images/beitzel.jpg,2010-08-27 22:54:37.867000,2017-06-01 07:15:12.108000
MDL000252,Talmadge Branch,Talmadge,,Branch,,,True,md,lower,45,Democratic,http://mgaleg.maryland.gov/2017RS/images/branch.jpg,2010-08-27 22:54:37.874000,2017-06-01 07:15:12.136000
MDL000255,Eric M Bromwell,Eric,M,Bromwell,,,True,md,lower,8,Democratic,http://mgaleg.maryland.gov/2017RS/images/bromwell.jpg,2010-08-27 22:54:37.878000,2017-06-01 07:15:11.697000
MDL000257,Michael E Busch,Michael,E,Busch,,,True,md,lower,30A,Democratic,http://mgaleg.maryland.gov/2017RS/images/busch.jpg,2010-08-27 22:54:37.880000,2017-06-01 07:15:11.230000
MDL000260,Alfred C Carr Jr.,Alfred,C,Carr,Jr.,,True,md,lower,18,Democratic,http://mgaleg.maryland.gov/2017RS/images/carr.jpg,2010-08-27 22:54:37.884000,2017-06-01 07:15:11.746000
MDL000264,Frank M Conaway Jr.,Frank,M,Conaway,Jr.,,True,md,lower,40,Democratic,http://mgaleg.maryland.gov/2017RS/images/conaway.jpg,2010-08-27 22:54:37.889000,2017-06-01 07:15:11.348000
MDL000267,Dereck E Davis,Dereck,E,Davis,,,True,md,lower,25,Democratic,http://mgaleg.maryland.gov/2017RS/images/davis d.jpg,2010-08-27 22:54:37.893000,2017-06-01 07:15:12.126000
MDL000270,Kathleen M Dumais,Kathleen,M,Dumais,,,True,md,lower,15,Democratic,http://mgaleg.maryland.gov/2017RS/images/dumais.jpg,2010-08-27 22:54:37.897000,2017-06-01 07:15:11.672000
MDL000277,C. William Frick,C. William,,Frick,,,True,md,lower,16,Democratic,http://mgaleg.maryland.gov/2017RS/images/frick.jpg,2010-08-27 22:54:37.906000,2017-06-01 07:15:11.670000
MDL000278,Barbara A Frush,Barbara,A,Frush,,,True,md,lower,21,Democratic,http://mgaleg.maryland.gov/2017RS/images/frush.jpg,2010-08-27 22:54:37.907000,2017-06-01 07:15:11.739000
MDL000279,Tawanna P Gaines,Tawanna,P,Gaines,,,True,md,lower,22,Democratic,http://mgaleg.maryland.gov/2017RS/images/gaines.jpg,2010-08-27 22:54:37.929000,2017-06-01 07:15:12.100000
MDL000281,James W Gilchrist,James,W,Gilchrist,,,True,md,lower,17,Democratic,http://mgaleg.maryland.gov/2017RS/images/gilchrist.jpg,2010-08-27 22:54:37.931000,2017-06-01 07:15:11.799000
MDL000282,Cheryl D Glenn,Cheryl,D,Glenn,,,True,md,lower,45,Democratic,http://mgaleg.maryland.gov/2017RS/images/glenn.jpg,2010-08-27 22:54:37.933000,2017-06-01 07:15:11.160000
MDL000284,Ana Sol Gutierrez,Ana Sol,,Gutierrez,,,True,md,lower,18,Democratic,http://mgaleg.maryland.gov/2017RS/images/gutierrez.jpg,2010-08-27 22:54:37.935000,2017-06-01 07:15:12.081000
MDL000289,Keith E Haynes,Keith,E,Haynes,,,True,md,lower,44A,Democratic,http://mgaleg.maryland.gov/2017RS/images/haynes.jpg,2010-08-27 22:54:37.942000,2017-06-01 07:15:11.876000
MDL000290,Anne Healey,Anne,,Healey,,,True,md,lower,22,Democratic,http://mgaleg.maryland.gov/2017RS/images/healey.jpg,2010-08-27 22:54:37.943000,2017-06-01 07:15:11.776000
MDL000293,Sheila E Hixson,Sheila,E,Hixson,,,True,md,lower,20,Democratic,http://mgaleg.maryland.gov/2017RS/images/hixson.jpg,2010-08-27 22:54:37.947000,2017-06-01 07:15:12.180000
MDL000294,Marvin E Holmes Jr.,Marvin,E,Holmes,Jr.,,True,md,lower,23B,Democratic,http://mgaleg.maryland.gov/2017RS/images/holmes.jpg,2010-08-27 22:54:37.948000,2017-06-01 07:15:11.749000
MDL000295,Carolyn J.B. Howard,Carolyn,J.B.,Howard,,,True,md,lower,24,Democratic,http://mgaleg.maryland.gov/2017RS/images/howard.jpg,2010-08-27 22:54:37.949000,2017-06-01 07:15:12.182000
MDL000298,Richard K Impallaria,Richard,K,Impallaria,,,True,md,lower,7,Republican,http://mgaleg.maryland.gov/2017RS/images/impallaria.jpg,2010-08-27 22:54:37.953000,2017-06-01 07:15:12.132000
MDL000301,Sally Y Jameson,Sally,Y,Jameson,,,True,md,lower,28,Democratic,http://mgaleg.maryland.gov/2017RS/images/jameson.jpg,2010-08-27 22:54:37.957000,2017-06-01 07:15:12.134000
MDL000304,Adrienne A Jones,Adrienne,A,Jones,,,True,md,lower,10,Democratic,http://mgaleg.maryland.gov/2017RS/images/jones.jpg,2010-08-27 22:54:37.961000,2017-06-01 07:15:11.953000
MDL000306,Anne R Kaiser,Anne,R,Kaiser,,,True,md,lower,14,Democratic,http://mgaleg.maryland.gov/2017RS/images/kaiser.jpg,2010-08-27 22:54:37.964000,2017-06-01 07:15:12.161000
MDL000309,Nicholaus R Kipke,Nicholaus,R,Kipke,,,True,md,lower,31B,Republican,http://mgaleg.maryland.gov/2017RS/images/kipke.jpg,2010-08-27 22:54:37.968000,2017-06-01 07:15:11.656000
MDL000311,Benjamin F Kramer,Benjamin,F,Kramer,,,True,md,lower,19,Democratic,http://mgaleg.maryland.gov/2017RS/images/kramer b.jpg,2010-08-27 22:54:37.970000,2017-06-01 07:15:11.394000
MDL000312,Susan W Krebs,Susan,W,Krebs,,,True,md,lower,5,Republican,http://mgaleg.maryland.gov/2017RS/images/krebs.jpg,2010-08-27 22:54:37.972000,2017-06-01 07:15:11.855000
MDL000315,Stephen W Lafferty,Stephen,W,Lafferty,,,True,md,lower,42A,Democratic,http://mgaleg.maryland.gov/2017RS/images/lafferty.jpg,2010-08-27 22:54:37.975000,2017-06-01 07:15:11.781000
MDL000323,Susan K McComas,Susan,K,McComas,,,True,md,lower,34B,Republican,http://mgaleg.maryland.gov/2017RS/images/mccomas.jpg,2010-08-27 22:54:37.986000,2017-06-01 07:15:11.643000
MDL000324,Tony McConkey,Tony,,McConkey,,,True,md,lower,33,Republican,http://mgaleg.maryland.gov/2017RS/images/mcconkey.jpg,2010-08-27 22:54:37.987000,2017-06-01 07:15:11.868000
MDL000325,Patrick L McDonough,Patrick,L,McDonough,,,True,md,lower,7,Republican,http://mgaleg.maryland.gov/2017RS/images/mcdonough.jpg,2010-08-27 22:54:37.988000,2017-06-01 07:15:11.715000
MDL000327,Maggie McIntosh,Maggie,,McIntosh,,,True,md,lower,43,Democratic,http://mgaleg.maryland.gov/2017RS/images/mcintosh.jpg,2010-08-27 22:54:38.017000,2017-06-01 07:15:11.685000
MDL000328,Warren E Miller,Warren,E,Miller,,,True,md,lower,9A,Republican,http://mgaleg.maryland.gov/2017RS/images/miller.jpg,2010-08-27 22:54:38.018000,2017-06-01 07:15:12.129000
MDL000332,Dan K Morhaim,Dan,K,Morhaim,,,True,md,lower,11,Democratic,http://mgaleg.maryland.gov/2017RS/images/morhaim.jpg,2010-08-27 22:54:38.023000,2017-06-01 07:15:11.829000
MDL000341,Joseline A Pena-Melnyk,Joseline,A,Pena-Melnyk,,,True,md,lower,21,Democratic,http://mgaleg.maryland.gov/2017RS/images/pena.jpg,2010-08-27 22:54:38.035000,2017-06-01 07:15:11.924000
MDL000342,Shane E Pendergrass,Shane,E,Pendergrass,,,True,md,lower,13,Democratic,http://mgaleg.maryland.gov/2017RS/images/pendergrass.jpg,2010-08-27 22:54:38.036000,2017-06-01 07:15:11.641000
MDL000345,Kirill Reznik,Kirill,,Reznik,,,True,md,lower,39,Democratic,http://mgaleg.maryland.gov/2017RS/images/reznik.jpg,2010-08-27 22:54:38.040000,2017-06-01 07:15:11.291000
MDL000349,Samuel I Rosenberg,Samuel,I,Rosenberg,,,True,md,lower,41,Democratic,http://mgaleg.maryland.gov/2017RS/images/rosenberg.jpg,2010-08-27 22:54:38.045000,2017-06-01 07:15:11.919000
MDL000359,Theodore J Sophocleus,Theodore,J,Sophocleus,,,True,md,lower,32,Democratic,http://mgaleg.maryland.gov/2017RS/images/sophocleus.jpg,2010-08-27 22:54:38.058000,2017-06-01 07:15:10.812000
MDL000361,Dana M Stein,Dana,M,Stein,,,True,md,lower,11,Democratic,http://mgaleg.maryland.gov/2017RS/images/stein.jpg,2010-08-27 22:54:38.061000,2017-06-01 07:15:11.807000
MDL000368,Frank S Turner,Frank,S,Turner,,,True,md,lower,13,Democratic,http://mgaleg.maryland.gov/2017RS/images/turner.jpg,2010-08-27 22:54:38.070000,2017-06-01 07:15:12.142000
MDL000370,Kriselda Valderrama,Kriselda,,Valderrama,,,True,md,lower,26,Democratic,http://mgaleg.maryland.gov/2017RS/images/valderrama.jpg,2010-08-27 22:54:38.073000,2017-06-01 07:15:10.995000
MDL000371,Joseph F Vallario Jr.,Joseph,F,Vallario,Jr.,,True,md,lower,23B,Democratic,http://mgaleg.maryland.gov/2017RS/images/vallario.jpg,2010-08-27 22:54:38.074000,2017-06-01 07:15:11.638000
MDL000373,Jeffrey D Waldstreicher,Jeffrey,D,Waldstreicher,,,True,md,lower,18,Democratic,http://mgaleg.maryland.gov/2017RS/images/waldstreicher.jpg,2010-08-27 22:54:38.076000,2017-06-01 07:15:11.170000
MDL000374,Jay Walker,Jay,,Walker,,,True,md,lower,26,Democratic,http://mgaleg.maryland.gov/2017RS/images/walker.jpg,2010-08-27 22:54:38.078000,2017-06-01 07:15:12.194000
MDL000388,Kathryn L Afzali,Kathryn,L,Afzali,,,True,md,lower,4,Republican,http://mgaleg.maryland.gov/2017RS/images/afzali.jpg,2011-01-14 22:24:08.189000,2017-06-01 07:15:12.158000
MDL000391,Luke H. Clippinger,Luke,,Clippinger,,,True,md,lower,46,Democratic,http://mgaleg.maryland.gov/2017RS/images/clippinger.jpg,2011-01-14 22:24:08.188000,2017-06-01 07:15:12.124000
MDL000393,Bonnie L Cullison,Bonnie,L,Cullison,,,True,md,lower,19,Democratic,http://mgaleg.maryland.gov/2017RS/images/cullison.jpg,2011-01-14 22:24:08.508000,2017-06-01 07:15:11.710000
MDL000394,Mark N Fisher,Mark,N,Fisher,,,True,md,lower,27C,Republican,http://mgaleg.maryland.gov/2017RS/images/fisher.jpg,2011-01-14 22:24:08.182000,2017-06-01 07:15:12.119000
MDL000395,Glen Glass,Glen,,Glass,,,True,md,lower,34A,Republican,http://mgaleg.maryland.gov/2017RS/images/glass.jpg,2011-01-14 22:24:08.184000,2017-06-01 07:15:11.338000
MDL000399,Jay A Jacobs,Jay,A,Jacobs,,,True,md,lower,36,Republican,http://mgaleg.maryland.gov/2017RS/images/jacobs j.jpg,2011-01-14 22:24:08.574000,2017-06-01 07:15:11.744000
MDL000400,Ariana B Kelly,Ariana,B,Kelly,,,True,md,lower,16,Democratic,http://mgaleg.maryland.gov/2017RS/images/kelly a.jpg,2011-01-14 22:24:08.507000,2017-06-01 07:15:12.077000
MDL000401,Eric G Luedtke,Eric,G,Luedtke,,,True,md,lower,14,Democratic,http://mgaleg.maryland.gov/2017RS/images/luedtke.jpg,2011-01-14 22:24:08.182000,2017-06-01 07:15:12.156000
MDL000403,Herbert H McMillan,Herbert,H,McMillan,,,True,md,lower,30A,Republican,http://mgaleg.maryland.gov/2017RS/images/mcmillan.jpg,2011-01-14 22:24:08.183000,2017-06-01 07:15:11.771000
MDL000404,Aruna Miller,Aruna,,Miller,,,True,md,lower,15,Democratic,http://mgaleg.maryland.gov/2017RS/images/miller a.jpg,2011-01-14 22:24:08.192000,2017-06-01 07:15:12.092000
MDL000406,Charles J Otto,Charles,J,Otto,,,True,md,lower,38A,Republican,http://mgaleg.maryland.gov/2017RS/images/otto.jpg,2011-01-14 22:24:08.185000,2017-06-01 07:15:11.764000
MDL000407,Neil C Parrott,Neil,C,Parrott,,,True,md,lower,2A,Republican,http://mgaleg.maryland.gov/2017RS/images/parrott.jpg,2011-01-14 22:24:08.510000,2017-06-01 07:15:10.753000
MDL000409,A. Shane Robinson,Shane,,Robinson,,,True,md,lower,39,Democratic,http://mgaleg.maryland.gov/2017RS/images/robinson s.jpg,2011-01-14 22:24:08.193000,2017-06-01 07:15:11.792000
MDL000412,Kathy J Szeliga,Kathy,J,Szeliga,,,True,md,lower,7,Republican,http://mgaleg.maryland.gov/2017RS/images/szeliga.jpg,2011-01-14 22:24:08.575000,2017-06-01 07:15:11.912000
MDL000413,Geraldine Valentino-Smith,Geraldine,,Valentino-Smith,,,True,md,lower,23A,Democratic,http://mgaleg.maryland.gov/2017RS/images/valentino.jpg,2011-01-14 22:24:08.508000,2017-06-01 07:15:12.079000
MDL000415,Mary L Washington,Mary,L,Washington,,,True,md,lower,43,Democratic,http://mgaleg.maryland.gov/2017RS/images/washington.jpg,2011-01-14 22:24:08.187000,2017-06-01 07:15:12.149000
MDL000416,C. T. Wilson,C. T.,,Wilson,,,True,md,lower,28,Democratic,http://mgaleg.maryland.gov/2017RS/images/wilson.jpg,2011-01-14 22:24:08.340000,2017-06-01 07:15:11.397000
MDL000605,Alonzo T. Washington,Alonzo,T.,Washington,,,True,md,lower,22,Democratic,http://mgaleg.maryland.gov/2017RS/images/washington a.jpg,2013-01-07 18:34:53.663000,2017-06-01 07:15:12.147000
MDL000617,David Fraser-Hidalgo,David,,Fraser-Hidalgo,,,True,md,lower,15,Democratic,http://mgaleg.maryland.gov/2017RS/images/fraser01.jpg,2013-10-24 03:02:06.136000,2017-06-01 07:15:11.727000
MDL000618,Steven J. Arentz,Steven J.,,Arentz,,,True,md,lower,36,Republican,http://mgaleg.maryland.gov/2017RS/images/arentz01.jpg,2014-01-07 00:28:29.054000,2017-06-01 07:15:12.036000
MDL000619,"Knotts, Tony",Tony,,Knotts,,,True,md,lower,26,Democratic,http://mgaleg.maryland.gov/2017RS/images/knotts01.jpg,2015-01-14 21:51:09.675000,2017-06-01 07:15:11.730000
MDL000620,"Atterbeary, Vanessa E.",Vanessa E.,,Atterbeary,,,True,md,lower,13,Democratic,http://mgaleg.maryland.gov/2017RS/images/atterbeary01.jpg,2015-01-14 21:51:09.687000,2017-06-01 07:15:10.846000
MDL000621,"Jackson, Michael A.",Michael A.,,Jackson,,,True,md,lower,27B,Democratic,http://mgaleg.maryland.gov/2017RS/images/jackson01.jpg,2015-01-14 21:51:09.700000,2017-06-01 07:15:10.800000
MDL000622,"Cassilly, Andrew",Andrew,,Cassilly,,,True,md,lower,35B,Republican,http://mgaleg.maryland.gov/2017RS/images/cassilly01.jpg,2015-01-14 21:51:09.734000,2017-06-01 07:15:11.810000
MDL000625,"Brooks, Benjamin",Benjamin,,Brooks,,,True,md,lower,10,Democratic,http://mgaleg.maryland.gov/2017RS/images/brooks01.jpg,2015-01-14 21:51:09.837000,2017-06-01 07:15:11.183000
MDL000628,"McKay, Mike",Mike,,McKay,,,True,md,lower,1C,Republican,http://mgaleg.maryland.gov/2017RS/images/mckay01.jpg,2015-01-14 21:51:09.881000,2017-06-01 07:15:11.064000
MDL000630,"Howard, Seth A.",Seth A.,,Howard,,,True,md,lower,30B,Republican,http://mgaleg.maryland.gov/2017RS/images/howard01.jpg,2015-01-14 21:51:09.937000,2017-06-01 07:15:11.178000
MDL000631,"Flanagan, Robert L.",Robert L.,,Flanagan,,,True,md,lower,9B,Republican,http://mgaleg.maryland.gov/2017RS/images/flanagan01.jpg,2015-01-14 21:51:10.047000,2017-06-01 07:15:11.737000
MDL000632,"Hayes, Antonio L.",Antonio L.,,Hayes,,,True,md,lower,40,Democratic,http://mgaleg.maryland.gov/2017RS/images/hayes01.jpg,2015-01-14 21:51:10.070000,2017-06-01 07:15:12.065000
MDL000634,"Chang, Mark S.",Mark S.,,Chang,,,True,md,lower,32,Democratic,http://mgaleg.maryland.gov/2017RS/images/chang01.jpg,2015-01-14 21:51:10.135000,2017-06-01 07:15:10.809000
MDL000635,"Morales, Marice",Marice,,Morales,,,True,md,lower,19,Democratic,http://mgaleg.maryland.gov/2017RS/images/morales01.jpg,2015-01-14 21:51:10.176000,2017-06-01 07:15:11.906000
MDL000637,"Buckel, Jason C.",Jason C.,,Buckel,,,True,md,lower,1B,Republican,http://mgaleg.maryland.gov/2017RS/images/buckel01.jpg,2015-01-14 21:51:10.237000,2017-06-01 07:15:12.145000
MDL000638,"Jalisi, Jay",Jay,,Jalisi,,,True,md,lower,10,Democratic,http://mgaleg.maryland.gov/2017RS/images/jalisi01.jpg,2015-01-14 21:51:10.321000,2017-06-01 07:15:11.768000
MDL000640,"McCray, Cory V.",Cory,,McCray,V.,,True,md,lower,45,Democratic,http://mgaleg.maryland.gov/2017RS/images/mccray01.jpg,2015-01-14 21:51:10.344000,2017-06-01 07:15:11.741000
MDL000643,"Lam, Clarence K.",Clarence K.,,Lam,,,True,md,lower,12,Democratic,http://mgaleg.maryland.gov/2017RS/images/lam01.jpg,2015-01-14 21:51:10.401000,2017-06-01 07:15:10.783000
MDL000644,"Platt, Andrew",Andrew,,Platt,,,True,md,lower,17,Democratic,http://mgaleg.maryland.gov/2017RS/images/platt01.jpg,2015-01-14 21:51:10.412000,2017-06-01 07:15:11.917000
MDL000645,"Moon, David",David,,Moon,,,True,md,lower,20,Democratic,http://mgaleg.maryland.gov/2017RS/images/moon01.jpg,2015-01-14 21:51:10.423000,2017-06-01 07:15:10.854000
MDL000647,"Hill, Terri L.",Terri L.,,Hill,,,True,md,lower,12,Democratic,http://mgaleg.maryland.gov/2017RS/images/hill02.jpg,2015-01-14 21:51:10.444000,2017-06-01 07:15:11.575000
MDL000650,"Reilly, Teresa E.",Teresa E.,,Reilly,,,True,md,lower,35B,Republican,http://mgaleg.maryland.gov/2017RS/images/reilly01.jpg,2015-01-14 21:51:10.521000,2017-06-01 07:15:12.177000
MDL000651,"Fennell, Diana M.",Diana M.,,Fennell,,,True,md,lower,47A,Democratic,http://mgaleg.maryland.gov/2017RS/images/fennell01.jpg,2015-01-14 21:51:10.554000,2017-06-01 07:15:10.981000
MDL000652,"Sydnor, Charles E., III",Charles E,,Sydnor,III,,True,md,lower,44B,Democratic,http://mgaleg.maryland.gov/2017RS/images/sydnor01.jpg,2015-01-14 21:51:10.659000,2017-06-01 07:15:11.341000
MDL000655,"Shoemaker, Haven",Haven,,Shoemaker,,,True,md,lower,5,Republican,http://mgaleg.maryland.gov/2017RS/images/shoemaker01.jpg,2015-01-14 21:51:10.713000,2017-06-01 07:15:12.170000
MDL000657,"Korman, Marc",Marc,,Korman,,,True,md,lower,16,Democratic,http://mgaleg.maryland.gov/2017RS/images/korman01.jpg,2015-01-14 21:51:10.769000,2017-06-01 07:15:11.316000
MDL000658,"Long, Robert B.",Robert B.,,Long,,,True,md,lower,6,Republican,http://mgaleg.maryland.gov/2017RS/images/long01.jpg,2015-01-14 21:51:10.779000,2017-06-01 07:15:12.192000
MDL000660,"Mautz, Johnny",Johnny,,Mautz,,,True,md,lower,37B,Republican,http://mgaleg.maryland.gov/2017RS/images/mautz01.jpg,2015-01-14 21:51:10.811000,2017-06-01 07:15:12.122000
MDL000661,"Tarlau, Jimmy",Jimmy,,Tarlau,,,True,md,lower,47A,Democratic,http://mgaleg.maryland.gov/2017RS/images/tarlau01.jpg,2015-01-14 21:51:10.822000,2017-06-01 07:15:12.168000
MDL000663,"Angel, Angela",Angela,,Angel,,,True,md,lower,25,Democratic,http://mgaleg.maryland.gov/2017RS/images/angel01.jpg,2015-01-14 21:51:10.857000,2017-06-01 07:15:11.592000
MDL000664,"Barnes, Darryl",Darryl,,Barnes,,,True,md,lower,25,Democratic,http://mgaleg.maryland.gov/2017RS/images/barnes02.jpg,2015-01-14 21:51:10.868000,2017-06-01 07:15:12.187000
MDL000665,"Carey, Ned",Ned,,Carey,,,True,md,lower,31A,Democratic,http://mgaleg.maryland.gov/2017RS/images/carey01.jpg,2015-01-14 21:51:10.901000,2017-06-01 07:15:11.165000
MDL000666,"West, Chris",Chris,,West,,,True,md,lower,42B,Republican,http://mgaleg.maryland.gov/2017RS/images/west01.jpg,2015-01-14 21:51:10.911000,2017-06-01 07:15:11.594000
MDL000667,"Hettleman, Shelly",Shelly,,Hettleman,,,True,md,lower,11,Democratic,http://mgaleg.maryland.gov/2017RS/images/hettleman01.jpg,2015-01-14 21:51:10.956000,2017-06-01 07:15:11.074000
MDL000668,"Barron, Erek L.",Erek L.,,Barron,,,True,md,lower,24,Democratic,http://mgaleg.maryland.gov/2017RS/images/barron01.jpg,2015-01-14 21:51:10.968000,2017-06-01 07:15:11.914000
MDL000670,"Young, Pat",Pat,,Young,,,True,md,lower,44B,Democratic,http://mgaleg.maryland.gov/2017RS/images/young03.jpg,2015-01-14 21:51:10.992000,2017-06-01 07:15:11.883000
MDL000671,"Kittleman, Trent",Trent,,Kittleman,,,True,md,lower,9A,Republican,http://mgaleg.maryland.gov/2017RS/images/kittleman02.jpg,2015-01-14 21:51:11.004000,2017-06-01 07:15:11.350000
MDL000672,"Krimm, Carol L.",Carol L.,,Krimm,,,True,md,lower,3A,Democratic,http://mgaleg.maryland.gov/2017RS/images/krimm01.jpg,2015-01-14 21:51:11.029000,2017-06-01 07:15:12.097000
MDL000673,"Miele, Christian",Christian,,Miele,,,True,md,lower,8,Republican,http://mgaleg.maryland.gov/2017RS/images/miele01.jpg,2015-01-14 21:51:11.041000,2017-06-01 07:15:11.836000
MDL000674,"Morgan, Matthew",Matthew,,Morgan,,,True,md,lower,29A,Republican,http://mgaleg.maryland.gov/2017RS/images/morgan02.jpg,2015-01-14 21:51:11.053000,2017-06-01 07:15:11.921000
MDL000675,"Young, Karen Lewis",Karen Lewis,,Young,,,True,md,lower,3A,Democratic,http://mgaleg.maryland.gov/2017RS/images/young02.jpg,2015-01-14 21:51:11.078000,2017-06-01 07:15:11.708000
MDL000681,"Grammer, Robin L., Jr.",Robin L,,Grammer,Jr.,,True,md,lower,6,Republican,http://mgaleg.maryland.gov/2017RS/images/grammer01.jpg,2015-01-14 21:51:11.256000,2017-06-01 07:15:12.090000
MDL000683,"Sample-Hughes, Sheree",Sheree,,Sample-Hughes,,,True,md,lower,37A,Democratic,http://mgaleg.maryland.gov/2017RS/images/sample01.jpg,2015-01-14 21:51:11.300000,2017-06-01 07:15:11.844000
MDL000684,"Anderton, Carl, Jr.",Carl,,Anderton,Jr.,,True,md,lower,38B,Republican,http://mgaleg.maryland.gov/2017RS/images/anderton01.jpg,2015-01-14 21:51:11.375000,2017-06-01 07:15:11.761000
MDL000685,"Metzgar, Ric",Ric,,Metzgar,,,True,md,lower,6,Republican,http://mgaleg.maryland.gov/2017RS/images/metzgar01.jpg,2015-01-14 21:51:11.387000,2017-06-01 07:15:11.909000
MDL000686,"Ghrist, Jefferson L.",Jefferson L.,,Ghrist,,,True,md,lower,36,Republican,http://mgaleg.maryland.gov/2017RS/images/ghrist01.jpg,2015-01-14 21:51:11.408000,2017-06-01 07:15:11.961000
MDL000687,"Vogt, David E., III",David E,,Vogt,III,,True,md,lower,4,Republican,http://mgaleg.maryland.gov/2017RS/images/vogt01.jpg,2015-01-14 21:51:11.431000,2017-06-01 07:15:11.984000
MDL000688,"Lierman, Brooke E.",Brooke E.,,Lierman,,,True,md,lower,46,Democratic,http://mgaleg.maryland.gov/2017RS/images/lierman01.jpg,2015-01-14 21:51:11.453000,2017-06-01 07:15:12.095000
MDL000689,"Patterson, Edith J.",Edith J.,,Patterson,,,True,md,lower,28,Democratic,http://mgaleg.maryland.gov/2017RS/images/patterson02.jpg,2015-01-14 21:51:11.486000,2017-06-01 07:15:12.152000
MDL000690,"Simonaire, Meagan C.",Meagan C.,,Simonaire,,,True,md,lower,31B,Republican,http://mgaleg.maryland.gov/2017RS/images/simonaire01.jpg,2015-01-14 21:51:11.507000,2017-06-01 07:15:12.165000
MDL000691,"Ebersole, Eric",Eric,,Ebersole,,,True,md,lower,12,Democratic,http://mgaleg.maryland.gov/2017RS/images/ebersole01.jpg,2015-01-14 21:51:11.518000,2017-06-01 07:15:12.173000
MDL000692,"Hornberger, Kevin B.",Kevin B.,,Hornberger,,,True,md,lower,35A,Republican,http://mgaleg.maryland.gov/2017RS/images/hornberger01.jpg,2015-01-14 21:51:11.552000,2017-06-01 07:15:12.163000
MDL000693,"Rey, Deborah C.",Deborah C.,,Rey,,,True,md,lower,29B,Republican,http://mgaleg.maryland.gov/2017RS/images/rey01.jpg,2015-01-14 21:51:11.564000,2017-06-01 07:15:12.221000
MDL000695,"Carozza, Mary Beth",Mary Beth,,Carozza,,,True,md,lower,38C,Republican,http://mgaleg.maryland.gov/2017RS/images/carozza01.jpg,2015-01-14 21:51:11.600000,2017-06-01 07:15:11.605000
MDL000696,"Wilson, Brett",Brett,,Wilson,,,True,md,lower,2B,Republican,http://mgaleg.maryland.gov/2017RS/images/wilson01.jpg,2015-01-14 21:51:11.610000,2017-06-01 07:15:11.345000
MDL000697,"Adams, Christopher T.",Christopher T.,,Adams,,,True,md,lower,37B,Republican,http://mgaleg.maryland.gov/2017RS/images/adams01.jpg,2015-01-14 21:51:11.633000,2017-06-01 07:15:12.216000
MDL000699,"Folden, William",William,,Folden,,,True,md,lower,3B,Republican,http://mgaleg.maryland.gov/2017RS/images/folden01.jpg,2015-01-14 21:51:11.741000,2017-06-01 07:15:11.774000
MDL000700,"Saab, Sid",Sid,,Saab,,,True,md,lower,33,Republican,http://mgaleg.maryland.gov/2017RS/images/saab01.jpg,2015-01-14 21:51:11.764000,2017-06-01 07:15:11.719000
MDL000703,"Lisanti, Mary Ann",Mary Ann,,Lisanti,,,True,md,lower,34A,Democratic,http://mgaleg.maryland.gov/2017RS/images/lisanti01.jpg,2015-01-14 21:51:11.870000,2017-06-01 07:15:11.181000
MDL000716,"Ciliberti, Barrie S.",Barrie S.,,Ciliberti,,,True,md,lower,4,Republican,http://mgaleg.maryland.gov/2017RS/images/ciliberti01.jpg,2015-02-05 00:45:39.840000,2017-06-01 07:15:10.824000
MDL000718,"Rose, April",April,,Rose,,,True,md,lower,5,Republican,http://mgaleg.maryland.gov/2017RS/images/rose01.jpg,2015-03-18 01:13:44.946000,2017-06-01 07:15:12.184000
MDL000719,"Wivell, William J.",William J.,,Wivell,,,True,md,lower,2A,Republican,http://mgaleg.maryland.gov/2017RS/images/wivell01.jpg,2015-03-18 01:13:44.993000,2017-06-01 07:15:11.766000
MDL000720,"Malone, Michael E.",Michael E.,,Malone,,,True,md,lower,33,Republican,http://mgaleg.maryland.gov/2017RS/images/malone01.jpg,2015-03-18 01:13:45.131000,2017-06-01 07:15:10.852000
MDL000722,"Proctor, Susie",Susie,,Proctor,,,True,md,lower,27A,Democratic,http://mgaleg.maryland.gov/2017RS/images/proctor01.jpg,2015-11-05 21:59:17.679000,2017-06-01 07:15:10.728000
MDL000723,"Sanchez, Carlo",Carlo,,Sanchez,,,True,md,lower,47B,Democratic,http://mgaleg.maryland.gov/2017RS/images/sanchez01.jpg,2015-11-05 21:59:17.696000,2017-06-01 07:15:11.336000
MDL000726,"Queen, Pam",Pam,,Queen,,,True,md,lower,14,Democratic,http://mgaleg.maryland.gov/2017RS/images/queen01.jpg,2016-02-27 07:27:38.234000,2017-06-01 07:15:10.740000
MDL000728,"Clark, Jerry",Jerry,,Clark,,,True,md,lower,29C,Republican,http://mgaleg.maryland.gov/2017RS/images/clark01.jpg,2016-12-29 17:19:07.472000,2017-06-01 07:15:11.778000
MDL000730,"Cluster, Joe",Joe,,Cluster,,,True,md,lower,8,Republican,http://mgaleg.maryland.gov/2017RS/images/cluster01.jpg,2016-12-29 17:19:07.698000,2017-06-01 07:15:10.724000
MDL000731,"Lewis, Robbyn",Robbyn,,Lewis,,,True,md,lower,46,Democratic,http://mgaleg.maryland.gov/2017RS/images/lewis01.jpg,2017-01-11 04:15:48.817000,2017-06-01 07:15:11.756000
MDL000732,"Wilkins, Jheanelle K.",Jheanelle K.,,Wilkins,,,True,md,lower,20,Democratic,http://mgaleg.maryland.gov/2017RS/images/wilkins01.jpg,2017-01-26 04:51:01.718000,2017-06-01 07:15:12.189000
MDL000733,"Mosby, Nick",Nick,,Mosby,,,True,md,lower,40,Democratic,http://mgaleg.maryland.gov/2017RS/images/mosby01.jpg,2017-02-01 05:11:33.499000,2017-06-01 07:15:12.154000
MDL000734,"Ali, Bilal",Bilal,,Ali,,,True,md,lower,41,Democratic,http://mgaleg.maryland.gov/2017RS/images/ali02.jpg,2017-02-04 05:27:14.312000,2017-06-01 07:15:12.175000
MDL000735,"Lewis, Jazz",Jazz,,Lewis,,,True,md,lower,24,Democratic,http://mgaleg.maryland.gov/2017RS/images/lewis02.jpg,2017-02-11 06:16:20.887000,2017-06-01 07:15:10.848000
MDL000737,"Gibson, Angela C.",Angela C.,,Gibson,,,True,md,lower,41,Democratic,http://mgaleg.maryland.gov/2017RS/images/gibson01.jpg,2017-02-25 06:30:36.720000,2017-06-01 07:15:10.850000
MDL000190,John C Astle,John,C,Astle,,,True,md,upper,30,Democratic,http://mgaleg.maryland.gov/2017RS/images/astle.jpg,2010-08-27 22:54:37.773000,2017-06-01 07:15:12.023000
MDL000192,James Brochin,James,,Brochin,,,True,md,upper,42,Democratic,http://mgaleg.maryland.gov/2017RS/images/brochin.jpg,2010-08-27 22:54:37.777000,2017-06-01 07:15:10.167000
MDL000194,Joan Carter Conway,Joan Carter,,Conway,,,True,md,upper,43,Democratic,http://mgaleg.maryland.gov/2017RS/images/conway j.jpg,2010-08-27 22:54:37.780000,2017-06-01 07:15:12.205000
MDL000195,Ulysses Currie,Ulysses,,Currie,,,True,md,upper,25,Democratic,http://mgaleg.maryland.gov/2017RS/images/currie.jpg,2010-08-27 22:54:37.781000,2017-06-01 07:15:11.543000
MDL000196,James E DeGrange Sr.,James,E,DeGrange,Sr.,,True,md,upper,32,Democratic,http://mgaleg.maryland.gov/2017RS/images/degrange.jpg,2010-08-27 22:54:37.783000,2017-06-01 07:15:11.624000
MDL000199,George C Edwards,George,C,Edwards,,,True,md,upper,1,Republican,http://mgaleg.maryland.gov/2017RS/images/edwards.jpg,2010-08-27 22:54:37.786000,2017-06-01 07:15:11.805000
MDL000211,Edward J Kasemeyer,Edward,J,Kasemeyer,,,True,md,upper,12,Democratic,http://mgaleg.maryland.gov/2017RS/images/kasemeyer.jpg,2010-08-27 22:54:37.821000,2017-06-01 07:15:11.861000
MDL000212,Delores G Kelley,Delores,G,Kelley,,,True,md,upper,10,Democratic,http://mgaleg.maryland.gov/2017RS/images/kelley.jpg,2010-08-27 22:54:37.822000,2017-06-01 07:15:11.082000
MDL000213,Nancy J King,Nancy,J,King,,,True,md,upper,39,Democratic,http://mgaleg.maryland.gov/2017RS/images/king.jpg,2010-08-27 22:54:37.824000,2017-06-01 07:15:12.049000
MDL000215,Katherine A Klausmeier,Katherine,A,Klausmeier,,,True,md,upper,8,Democratic,http://mgaleg.maryland.gov/2017RS/images/klausmeier.jpg,2010-08-27 22:54:37.826000,2017-06-01 07:15:12.013000
MDL000218,Richard S Madaleno Jr.,Richard,S,Madaleno,Jr.,,True,md,upper,18,Democratic,http://mgaleg.maryland.gov/2017RS/images/madaleno.jpg,2010-08-27 22:54:37.830000,2017-06-01 07:15:11.981000
MDL000219,Nathaniel J McFadden,Nathaniel,J,McFadden,,,True,md,upper,45,Democratic,http://mgaleg.maryland.gov/2017RS/images/mcfadden.jpg,2010-08-27 22:54:37.831000,2017-06-01 07:15:11.894000
MDL000220,Thomas M Middleton,Thomas,M,Middleton,,,True,md,upper,28,Democratic,http://mgaleg.maryland.gov/2017RS/images/middleton.jpg,2010-08-27 22:54:37.833000,2017-06-01 07:15:12.016000
MDL000221,"Thomas V. Mike Miller, Jr.",Thomas,V,Miller,Jr.,Mike,True,md,upper,27,Democratic,http://mgaleg.maryland.gov/2017RS/images/miller t.jpg,2010-08-27 22:54:37.834000,2017-06-01 07:15:11.247000
MDL000224,C. Anthony Muse,C. Anthony,,Muse,,,True,md,upper,26,Democratic,http://mgaleg.maryland.gov/2017RS/images/muse.jpg,2010-08-27 22:54:37.838000,2017-06-01 07:15:11.958000
MDL000225,Douglas J.J. Peters,Douglas,J.J.,Peters,,,True,md,upper,23,Democratic,http://mgaleg.maryland.gov/2017RS/images/peters.jpg,2010-08-27 22:54:37.839000,2017-06-01 07:15:11.839000
MDL000226,Paul G Pinsky,Paul,G,Pinsky,,,True,md,upper,22,Democratic,http://mgaleg.maryland.gov/2017RS/images/pinsky.jpg,2010-08-27 22:54:37.840000,2017-06-01 07:15:11.943000
MDL000230,Edward R. Reilly,Edward,R.,Reilly,,,True,md,upper,33,Republican,http://mgaleg.maryland.gov/2017RS/images/reilly.jpg,2010-08-27 22:54:37.846000,2017-06-01 07:15:12.008000
MDL000232,James C Rosapepe,James,C,Rosapepe,,,True,md,upper,21,Democratic,http://mgaleg.maryland.gov/2017RS/images/rosapepe.jpg,2010-08-27 22:54:37.848000,2017-06-01 07:15:12.028000
MDL000233,Bryan W Simonaire,Bryan,W,Simonaire,,,True,md,upper,31,Republican,http://mgaleg.maryland.gov/2017RS/images/simonaire.jpg,2010-08-27 22:54:37.849000,2017-06-01 07:15:11.125000
MDL000236,Robert A Zirkin,Robert,A,Zirkin,,Bobby,True,md,upper,11,Democratic,http://mgaleg.maryland.gov/2017RS/images/zirkin.jpg,2010-08-27 22:54:37.853000,2017-06-01 07:15:11.250000
MDL000245,Gail H Bates,Gail,H,Bates,,,True,md,upper,9,Republican,http://mgaleg.maryland.gov/2017RS/images/bates.jpg,2010-08-27 22:54:37.865000,2017-06-01 07:15:12.202000
MDL000248,Joanne C Benson,Joanne,C,Benson,,,True,md,upper,24,Democratic,http://mgaleg.maryland.gov/2017RS/images/benson.jpg,2010-08-27 22:54:37.869000,2017-06-01 07:15:12.054000
MDL000272,Adelaide C Eckardt,Adelaide,C,Eckardt,,,True,md,upper,37,Republican,http://mgaleg.maryland.gov/2017RS/images/eckardt.jpg,2010-08-27 22:54:37.900000,2017-06-01 07:15:12.044000
MDL000275,Brian J Feldman,Brian,J,Feldman,,,True,md,upper,15,Democratic,http://mgaleg.maryland.gov/2017RS/images/feldman.jpg,2010-08-27 22:54:37.904000,2017-06-01 07:15:12.019000
MDL000285,Guy J Guzzone,Guy,J,Guzzone,,,True,md,upper,13,Democratic,http://mgaleg.maryland.gov/2017RS/images/guzzone.jpg,2010-08-27 22:54:37.937000,2017-06-01 07:15:11.891000
MDL000303,J. B. Jennings,Jonathan,B,Jennings,,,True,md,upper,7,Republican,http://mgaleg.maryland.gov/2017RS/images/jennings.jpg,2010-08-27 22:54:37.960000,2017-06-01 07:15:12.031000
MDL000316,Susan C Lee,Susan,C,Lee,,,True,md,upper,16,Democratic,http://mgaleg.maryland.gov/2017RS/images/lee.jpg,2010-08-27 22:54:37.977000,2017-06-01 07:15:11.408000
MDL000321,Roger Manno,Roger,,Manno,,,True,md,upper,19,Democratic,http://mgaleg.maryland.gov/2017RS/images/manno.jpg,2010-08-27 22:54:37.983000,2017-06-01 07:15:11.897000
MDL000322,James N Mathias Jr.,James,N,Mathias,Jr.,,True,md,upper,38,Democratic,http://mgaleg.maryland.gov/2017RS/images/mathias.jpg,2010-08-27 22:54:37.985000,2017-06-01 07:15:12.011000
MDL000335,Shirley Nathan-Pulliam,Shirley,,Nathan-Pulliam,,,True,md,upper,44,Democratic,http://mgaleg.maryland.gov/2017RS/images/nathan.jpg,2010-08-27 22:54:38.027000,2017-06-01 07:15:12.067000
MDL000337,H. Wayne Norman Jr.,Wayne,,Norman,Jr.,,True,md,upper,35,Republican,http://mgaleg.maryland.gov/2017RS/images/norman.jpg,2010-08-27 22:54:38.030000,2017-06-01 07:15:11.356000
MDL000344,Victor R Ramirez,Victor,R,Ramirez,,,True,md,upper,47,Democratic,http://mgaleg.maryland.gov/2017RS/images/ramirez.jpg,2010-08-27 22:54:38.039000,2017-06-01 07:15:11.320000
MDL000354,Andrew A Serafini,Andrew,A,Serafini,,,True,md,upper,2,Republican,http://mgaleg.maryland.gov/2017RS/images/serafini01.jpg,2010-08-27 22:54:38.052000,2017-06-01 07:15:11.870000
MDL000379,William C Ferguson IV,William,C,Ferguson,IV,,True,md,upper,46,Democratic,http://mgaleg.maryland.gov/2017RS/images/ferguson.jpg,2011-01-14 22:24:08.524000,2017-06-01 07:15:12.062000
MDL000387,Ronald N Young,Ronald,N,Young,,,True,md,upper,3,Democratic,http://mgaleg.maryland.gov/2017RS/images/young.jpg,2011-01-14 22:24:08.523000,2017-06-01 07:15:12.200000
MDL000396,Stephen S Hershey Jr.,Stephen,S,Hershey,Jr.,,True,md,upper,36,Republican,http://mgaleg.maryland.gov/2017RS/images/hershey.jpg,2011-01-14 22:24:08.185000,2017-06-01 07:15:12.021000
MDL000398,Michael J Hough,Michael,J,Hough,,,True,md,upper,4,Republican,http://mgaleg.maryland.gov/2017RS/images/hough.jpg,2011-01-14 22:24:08.187000,2017-06-01 07:15:12.052000
MDL000408,Justin D Ready,Justin,D,Ready,,,True,md,upper,5,Republican,http://mgaleg.maryland.gov/2017RS/images/ready01.jpg,2011-01-14 22:24:08.511000,2017-06-01 07:15:10.662000
MDL000417,Craig Zucker,Craig,,Zucker,,,True,md,upper,14,Democratic,http://mgaleg.maryland.gov/2017RS/images/zucker01.jpg,2011-01-14 22:24:08.576000,2017-06-01 07:15:11.995000
MDL000624,"Kagan, Cheryl C.",Cheryl C.,,Kagan,,,True,md,upper,17,Democratic,http://mgaleg.maryland.gov/2017RS/images/kagan01.jpg,2015-01-14 21:51:09.813000,2017-06-01 07:15:11.992000
MDL000646,"Cassilly, Robert",Robert,,Cassilly,,,True,md,upper,34,Republican,http://mgaleg.maryland.gov/2017RS/images/cassilly02.jpg,2015-01-14 21:51:10.433000,2017-06-01 07:15:11.330000
MDL000680,"Salling, Johnny Ray",Johnny Ray,,Salling,,,True,md,upper,6,Republican,http://mgaleg.maryland.gov/2017RS/images/salling01.jpg,2015-01-14 21:51:11.241000,2017-06-01 07:15:11.133000
MDL000682,"Waugh, Steve",Steve,,Waugh,,,True,md,upper,29,Republican,http://mgaleg.maryland.gov/2017RS/images/waugh01.jpg,2015-01-14 21:51:11.289000,2017-06-01 07:15:12.210000
MDL000727,"Smith, William C., Jr.",William C,,Smith,Jr.,,True,md,upper,20,Democratic,http://mgaleg.maryland.gov/2017RS/images/smith02.jpg,2016-12-29 17:19:07.387000,2017-06-01 07:15:09.820000
MDL000729,"Robinson, Barbara",Barbara,,Robinson,,,True,md,upper,40,Democratic,http://mgaleg.maryland.gov/2017RS/images/robinson01.jpg,2016-12-29 17:19:07.515000,2017-06-01 07:15:12.208000
MDL000736,"Oaks, Nathaniel T.",Nathaniel T.,,Oaks,,,True,md,upper,41,Democratic,http://mgaleg.maryland.gov/2017RS/images/oaks01.jpg,2017-02-11 06:16:21.024000,2017-06-01 07:15:12.026000
