id,state,chamber,committee,subcommittee,parent_id
NDC000107,nd,joint,Legacy and Budget Stabilization Fund Advisory Board,,
NDC000133,nd,joint,Budget Section,,
NDC000134,nd,joint,Administrative Rules Committee,,
NDC000135,nd,joint,Employee Benefits Programs Committee,,
NDC000136,nd,joint,Committee Meeting Summary,,
NDC000137,nd,joint,Legislative Audit and Fiscal Review Committee,,
NDC000138,nd,joint,Legislative Management,,
NDC000017,nd,lower,Agriculture,,
NDC000018,nd,lower,Appropriations,,
NDC000023,nd,lower,Education,,
NDC000028,nd,lower,Judiciary,,
NDC000031,nd,lower,Transportation,,
NDC000033,nd,lower,Committees,,
NDC000036,nd,lower,Employment,,
NDC000038,nd,lower,Rules,,
NDC000039,nd,lower,Arrangements for House Committee Rooms,,
NDC000040,nd,lower,Correction and Revision of the Journal,,
NDC000041,nd,lower,Delayed Bills,,
NDC000043,nd,lower,Appropriations - Education and Environment Division,,
NDC000044,nd,lower,Appropriations - Government Operations Division,,
NDC000045,nd,lower,Appropriations - Human Resources Division,,
NDC000046,nd,lower,Energy and Natural Resources,,
NDC000047,nd,lower,Finance and Taxation,,
NDC000048,nd,lower,Government and Veterans Affairs,,
NDC000049,nd,lower,Human Services,,
NDC000050,nd,lower,"Industry, Business and Labor",,
NDC000051,nd,lower,Political Subdivisions,,
NDC000001,nd,upper,Agriculture,,
NDC000002,nd,upper,Appropriations,,
NDC000003,nd,upper,Education,,
NDC000008,nd,upper,Judiciary,,
NDC000011,nd,upper,Transportation,,
NDC000012,nd,upper,Committees,,
NDC000015,nd,upper,Employment,,
NDC000016,nd,upper,Rules,,
NDC000052,nd,upper,Arrangements for Senate Committee Rooms,,
NDC000053,nd,upper,Correction and Revision of the Journal,,
NDC000054,nd,upper,Delayed Bills,,
NDC000056,nd,upper,Finance and Taxation,,
NDC000057,nd,upper,Government and Veterans Affairs,,
NDC000058,nd,upper,Human Services,,
NDC000059,nd,upper,"Industry, Business and Labor",,
NDC000061,nd,upper,Political Subdivisions,,
NDC000122,nd,upper,Energy and Natural Resources,,
