leg_id,full_name,first_name,middle_name,last_name,suffixes,nickname,active,state,chamber,district,party,photo_url,created_at,updated_at
NDL000001,Senator Stanley W. Lyson,Stanley W.,,Lyson,,,False,nd,,,,http://www.legis.nd.gov/files/styles/medium/public/person/photo/slyson.jpg?itok=us8o_LfP,2011-11-28 22:24:16.678000,2014-12-02 16:00:44.753000
NDL000002,Senator John Andrist,John,,Andrist,,,False,nd,,,,http://www.legis.nd.gov/files/styles/medium/public/person/photo/jandrist.jpg?itok=861jztMl,2011-11-28 22:24:16.689000,2014-12-02 16:00:44.754000
NDL000004,John M. Warner,John M.,,Warner,,,False,nd,,,,http://www.legis.nd.gov/files/styles/medium/public/person/photo/jwarner.jpg?itok=-Za5iLBC,2011-11-28 22:24:16.708000,2016-12-29 17:16:17.258000
NDL000006,David O'Connell,David,,O'Connell,,,False,nd,,,,http://www.legis.nd.gov/files/styles/medium/public/person/photo/doconnell.jpg?itok=9QpmXbO4,2011-11-28 22:24:16.728000,2016-12-29 17:16:17.255000
NDL000007,Ryan M. Taylor,Ryan,M.,Taylor,,,False,nd,,,,http://www.legis.nd.gov/images/62/senators/rtaylor.jpg,2011-11-28 22:24:16.738000,2013-01-07 16:42:29.063000
NDL000008,Layton Freborg,Layton,,Freborg,,,False,nd,,,,http://www.legis.nd.gov/images/62/senators/lfreborg.jpg,2011-11-28 22:24:16.748000,2013-01-07 16:42:29.112000
NDL000010,Curtis Olafson,Curtis,,Olafson,,,False,nd,,,,http://www.legis.nd.gov/images/62/senators/colafson.jpg,2011-11-28 22:24:16.768000,2013-01-07 16:42:29.117000
NDL000012,Dave Nething,Dave,,Nething,,,False,nd,,,,http://www.legis.nd.gov/images/62/senators/dnething.jpg,2011-11-28 22:24:16.788000,2013-01-07 16:42:29.108000
NDL000016,Joe Miller,Joe,,Miller,,,False,nd,,,,http://www.legis.nd.gov/files/styles/medium/public/person/photo/joetmiller.jpg?itok=cRDX0TmI,2011-11-28 22:24:16.827000,2016-12-29 17:16:17.257000
NDL000018,Connie Triplett,Connie,,Triplett,,,False,nd,,,,http://www.legis.nd.gov/files/styles/medium/public/person/photo/ctriplett.jpg?itok=y12O-07K,2011-11-28 22:24:16.859000,2016-12-29 17:16:17.253000
NDL000019,Gerald Uglem,Gerald,,Uglem,,,False,nd,,,,http://www.legis.nd.gov/images/62/senators/guglem.jpg,2011-11-28 22:24:16.868000,2013-01-07 16:42:29.087000
NDL000020,Elroy N. Lindaas,Elroy,N.,Lindaas,,,False,nd,,,,http://www.legis.nd.gov/images/61/senators/lindaas-elroy.jpg,2011-11-28 22:24:16.878000,2012-06-05 19:52:12.650000
NDL000021,Philip M. Murphy,Philip M.,,Murphy,,,False,nd,,,,http://www.legis.nd.gov/files/styles/medium/public/person/photo/pmmurphy.jpg?itok=JSPTtLiz,2011-11-28 22:24:16.888000,2016-12-29 17:16:17.262000
NDL000028,Senator Spencer Berry,Spencer,,Berry,,,False,nd,,,,http://www.legis.nd.gov/files/styles/medium/public/person/photo/berryspencer3.jpg?itok=v2kpOmOd,2011-11-28 22:24:16.959000,2014-12-02 16:00:44.755000
NDL000031,Ron Carlisle,Ron,,Carlisle,,,False,nd,,,,http://www.legis.nd.gov/files/styles/medium/public/person/photo/rcarlisle.jpg?itok=ALMMLZIO,2011-11-28 22:24:16.988000,2016-12-29 17:16:17.263000
NDL000032,Bob Stenehjem,Bob,,Stenehjem,,,False,nd,,,,http://www.legis.nd.gov/images/62/senators/bstenehjem.jpg,2011-11-28 22:24:16.998000,2012-06-05 19:52:53.366000
NDL000035,Randel Christmann,Randel,,Christmann,,,False,nd,,,,http://www.legis.nd.gov/images/62/senators/rchristmann.jpg,2011-11-28 22:24:17.027000,2013-01-07 16:42:29.097000
NDL000037,Senator Margaret Sitte,Margaret,,Sitte,,,False,nd,,,,http://www.legis.nd.gov/files/styles/medium/public/person/photo/msitte.jpg?itok=6kMKEWyT,2011-11-28 22:24:17.047000,2014-12-02 16:00:44.757000
NDL000038,George L. Nodland,George,L.,Nodland,,,False,nd,,,,http://www.legis.nd.gov/images/62/senators/glnodland.jpg,2011-11-28 22:24:17.057000,2013-01-07 16:42:29.091000
NDL000043,Senator Tony Grindberg,Tony,,Grindberg,,,False,nd,,,,http://www.legis.nd.gov/files/styles/medium/public/person/photo/tgrindberg_1.jpg?itok=0kecxf0J,2011-11-28 22:24:17.119000,2014-12-02 16:00:44.758000
NDL000044,Mac Schneider,Mac,,Schneider,,,False,nd,,,,http://www.legis.nd.gov/files/styles/medium/public/person/photo/macschneider.jpg?itok=RgVGh2Rc,2011-11-28 22:24:17.128000,2016-12-29 17:16:17.260000
NDL000046,Tim Flakoll,Tim,,Flakoll,,,False,nd,,,,http://www.legis.nd.gov/files/styles/medium/public/person/photo/tflakoll.jpg?itok=vf2GqkRt,2011-11-28 22:24:17.148000,2016-12-29 17:16:17.264000
NDL000048,Tom Fischer,Tom,,Fischer,,,False,nd,,,,http://www.legis.nd.gov/images/62/senators/tfischer.jpg,2011-11-28 22:24:17.170000,2012-06-05 19:53:41.884000
NDL000050,Patrick R. Hatlestad,Patrick R.,,Hatlestad,,,False,nd,,,,http://www.legis.nd.gov/files/styles/medium/public/person/photo/phatlestad.jpg?itok=vlun2ydv,2011-11-28 22:24:17.189000,2016-12-29 17:16:17.245000
NDL000053,Robert J. Skarphol,Robert J.,,Skarphol,,,False,nd,,,,http://www.legis.nd.gov/files/styles/medium/public/person/photo/bskarphol.jpg?itok=TossCYx2,2011-11-28 22:24:17.218000,2016-12-29 17:16:17.249000
NDL000056,Tom Conklin,Tom,,Conklin,,,False,nd,,,,http://www.legis.nd.gov/images/62/representatives/tconklin.jpg,2011-11-28 22:24:17.247000,2013-01-07 16:42:28.955000
NDL000057,Kenton Onstad,Kenton,,Onstad,,,False,nd,,,,http://www.legis.nd.gov/files/styles/medium/public/person/photo/konstad.jpg?itok=oHG9QH81,2011-11-28 22:24:17.257000,2016-12-29 17:16:17.236000
NDL000060,Glen Froseth,Glen,,Froseth,,,False,nd,,,,http://www.legis.nd.gov/files/styles/medium/public/person/photo/gfroseth.jpg?itok=3SQshd3b,2011-11-28 22:24:17.286000,2016-12-29 17:16:17.231000
NDL000061,Bob Hunskor,Bob,,Hunskor,,,False,nd,,,,http://www.legis.nd.gov/files/styles/medium/public/person/photo/bhunskor.jpg?itok=QuXx2Hdr,2011-11-28 22:24:17.306000,2016-12-29 17:16:17.222000
NDL000065,Dwight Wrangham,Dwight,,Wrangham,,,False,nd,,,,http://www.legis.nd.gov/images/62/representatives/dwrangham.jpg,2011-11-28 22:24:17.345000,2013-01-07 16:42:29.032000
NDL000071,Representative Scot Kelsh,Scot,,Kelsh,,,False,nd,,,,http://www.legis.nd.gov/files/styles/medium/public/person/photo/skelsh.jpg?itok=WhbPqMIe,2011-11-28 22:24:17.404000,2014-12-02 16:00:44.732000
NDL000072,Lyle Hanson,Lyle,,Hanson,,,False,nd,,,,http://www.legis.nd.gov/images/62/representatives/lhanson.jpg,2011-11-28 22:24:17.414000,2013-01-07 16:42:29.040000
NDL000073,Joe Kroeber,Joe,,Kroeber,,,False,nd,,,,http://www.legis.nd.gov/images/62/representatives/jkroeber.jpg,2011-11-28 22:24:17.423000,2013-01-07 16:42:29.009000
NDL000075,Representative Alon Wieland,Alon,,Wieland,,,False,nd,,,,http://www.legis.nd.gov/files/styles/medium/public/person/photo/awieland.jpg?itok=PEhDqpsB,2011-11-28 22:24:17.443000,2014-12-02 16:00:44.733000
NDL000076,Duane DeKrey,Duane,,DeKrey,,,False,nd,,,,http://www.legis.nd.gov/images/62/representatives/ddekrey.jpg,2011-11-28 22:24:17.453000,2013-01-07 16:42:29.023000
NDL000078,Curt Hofstad,Curt,,Hofstad,,,False,nd,,,,http://www.legis.nd.gov/files/styles/medium/public/person/photo/chofstad.jpg?itok=U4oM01Ip,2011-11-28 22:24:17.472000,2016-12-29 17:16:17.224000
NDL000080,Robert Kilichowski,Robert,,Kilichowski,,,False,nd,,,,http://www.legis.nd.gov/images/62/representatives/rkilichowski.jpg,2011-11-28 22:24:17.496000,2013-01-07 16:42:29.020000
NDL000081,Joyce Kingsbury,Joyce,,Kingsbury,,,False,nd,,,,http://www.legis.nd.gov/images/62/representatives/jkingsbury.jpg,2011-11-28 22:24:17.506000,2013-01-07 16:42:28.966000
NDL000084,Eliot Glassheim,Eliot,,Glassheim,,,False,nd,,,,http://www.legis.nd.gov/files/styles/medium/public/person/photo/eglassheim.jpg?itok=l9ZLoBOs,2011-11-28 22:24:17.535000,2016-12-29 17:16:17.228000
NDL000085,Lonny B. Winrich,Lonny,B.,Winrich,,,False,nd,,,,http://www.legis.nd.gov/images/62/representatives/lbwinrich.jpg,2011-11-28 22:24:17.545000,2013-01-07 16:42:28.963000
NDL000087,Wayne Trottier,Wayne,,Trottier,,,False,nd,,,,http://www.legis.nd.gov/files/styles/medium/public/person/photo/wtrottier.jpg?itok=fG3s3if0,2011-11-28 22:24:17.564000,2016-12-29 17:16:17.250000
NDL000089,Lee Kaldor,Lee,,Kaldor,,,False,nd,,,,http://www.legis.nd.gov/images/62/representatives/lakaldor.jpg,2011-11-28 22:24:17.583000,2013-01-07 16:42:29.035000
NDL000091,Representative Steven L. Zaiser,Steven L.,,Zaiser,,,False,nd,,,,http://www.legis.nd.gov/files/styles/medium/public/person/photo/szaiser.jpg?itok=UEW3wqq3,2011-11-28 22:24:17.603000,2014-12-02 16:00:44.738000
NDL000092,Wesley R. Belter,Wesley R.,,Belter,,,False,nd,,,,http://www.legis.nd.gov/files/styles/medium/public/person/photo/wbelter.jpg?itok=V1hRIT3k,2011-11-28 22:24:17.613000,2016-12-29 17:16:17.251000
NDL000093,Vonnie Pietsch,Vonnie,,Pietsch,,,False,nd,,,,http://www.legis.nd.gov/images/62/representatives/vpietsch.jpg,2011-11-28 22:24:17.622000,2013-01-07 16:42:29.022000
NDL000096,Ralph Metcalf,Ralph,,Metcalf,,,False,nd,,,,http://www.legis.nd.gov/images/62/representatives/rmetcalf.jpg,2011-11-28 22:24:17.651000,2013-01-07 16:42:29.004000
NDL000097,Phillip Mueller,Phillip,,Mueller,,,False,nd,,,,http://www.legis.nd.gov/images/62/representatives/pmueller.jpg,2011-11-28 22:24:17.661000,2013-01-07 16:42:29.039000
NDL000098,Representative John Wall,John,,Wall,,,False,nd,,,,http://www.legis.nd.gov/files/styles/medium/public/person/photo/jwall.jpg?itok=q9AC2dix,2011-11-28 22:24:17.670000,2014-12-02 16:00:44.739000
NDL000099,Representative Clark Williams,Clark,,Williams,,,False,nd,,,,http://www.legis.nd.gov/files/styles/medium/public/person/photo/cdwilliams.jpg?itok=MG2vjNvF,2011-11-28 22:24:17.680000,2014-12-02 16:00:44.740000
NDL000100,Bill Amerman,Bill,,Amerman,,,False,nd,,,,http://www.legis.nd.gov/files/styles/medium/public/person/photo/bamerman.jpg?itok=qubULY8e,2011-11-28 22:24:17.690000,2016-12-29 17:16:17.220000
NDL000101,Jerry Kelsh,Jerry,,Kelsh,,,False,nd,,,,http://www.legis.nd.gov/files/styles/medium/public/person/photo/jkelsh.jpg?itok=udFz5OwF,2011-11-28 22:24:17.700000,2016-12-29 17:16:17.232000
NDL000105,William E. Kretschmar,William E.,,Kretschmar,,,False,nd,,,,http://www.legis.nd.gov/files/styles/medium/public/person/photo/wkretschmar.jpg?itok=irCIj6dR,2011-11-28 22:24:17.738000,2016-12-29 17:16:17.252000
NDL000109,Dave Weiler,Dave,,Weiler,,,False,nd,,,,http://www.legis.nd.gov/images/62/representatives/dweiler.jpg,2011-11-28 22:24:17.777000,2013-01-07 16:42:28.977000
NDL000112,Mark A. Dosch,Mark A.,,Dosch,,,False,nd,,,,http://www.legis.nd.gov/files/styles/medium/public/person/photo/mdosch.jpg?itok=7t83Sq4S,2011-11-28 22:24:17.806000,2016-12-29 17:16:17.240000
NDL000114,Representative Brenda Heller,Brenda,,Heller,,,False,nd,,,,http://www.legis.nd.gov/files/styles/medium/public/person/photo/bheller.jpg?itok=gxuSE7G5,2011-11-28 22:24:17.826000,2014-12-02 16:00:44.742000
NDL000116,RaeAnn G. Kelsch,RaeAnn,G.,Kelsch,,,False,nd,,,,http://www.legis.nd.gov/images/62/representatives/rkelsch.jpg,2011-11-28 22:24:17.845000,2013-01-07 16:42:29.028000
NDL000120,Shirley Meyer,Shirley,,Meyer,,,False,nd,,,,http://www.legis.nd.gov/images/62/representatives/sjmeyer.jpg,2011-11-28 22:24:17.885000,2013-01-07 16:42:29.037000
NDL000122,Representative Nancy Johnson,Nancy,,Johnson,,,False,nd,,,,http://www.legis.nd.gov/files/styles/medium/public/person/photo/njohnson.jpg?itok=V5-WqdpZ,2011-11-28 22:24:17.908000,2014-12-02 16:00:44.743000
NDL000126,Representative David Drovdal,David,,Drovdal,,,False,nd,,,,http://www.legis.nd.gov/files/styles/medium/public/person/photo/ddrovdal.jpg?itok=YIYLV3MS,2011-11-28 22:24:17.947000,2014-12-02 16:00:44.744000
NDL000128,Robert Frantsvog,Robert,,Frantsvog,,,False,nd,,,,http://www.legis.nd.gov/files/styles/medium/public/person/photo/rfrantsvog.jpg?itok=15qc8s8B,2011-11-28 22:24:17.967000,2016-12-29 17:16:17.247000
NDL000129,Matthew M. Klein,Matthew M.,,Klein,,,False,nd,,,,http://www.legis.nd.gov/files/styles/medium/public/person/photo/mklein.jpg?itok=seN_RGe7,2011-11-28 22:24:17.977000,2016-12-29 17:16:17.242000
NDL000131,Representative Bette Grande,Bette,,Grande,,,False,nd,,,,http://www.legis.nd.gov/files/styles/medium/public/person/photo/bgrande.jpg?itok=DYFr221t,2011-11-28 22:24:17.996000,2014-12-02 16:00:44.746000
NDL000132,Stacey Dahl,Stacey,,Dahl,,,False,nd,,,,http://www.legis.nd.gov/images/62/representatives/stdahl.jpg,2011-11-28 22:24:18.006000,2013-01-07 16:42:28.965000
NDL000133,Corey Mock,Corey,,Mock,,,False,nd,,,,http://www.legis.nd.gov/files/styles/medium/public/person/photo/crmock.jpg?itok=oibEbWx5,2011-11-28 22:24:18.016000,2016-12-29 17:16:17.223000
NDL000135,Representative Curtiss Kreun,Curtiss,,Kreun,,,False,nd,,,,http://www.legis.nd.gov/files/styles/medium/public/person/photo/ckreun.jpg?itok=p58eScNG,2011-11-28 22:24:18.035000,2014-12-02 16:00:44.747000
NDL000136,Donald L. Clark,Donald,L.,Clark,,,False,nd,,,,http://www.legis.nd.gov/images/62/representatives/donclark.jpg,2011-11-28 22:24:18.045000,2013-01-07 16:42:28.954000
NDL000137,Blair Thoreson,Blair,,Thoreson,,,False,nd,,,,http://www.legis.nd.gov/files/styles/medium/public/person/photo/bthoreson.jpg?itok=D4ZN2g6H,2011-11-28 22:24:18.055000,2016-12-29 17:16:17.221000
NDL000138,Representative Joe Heilman,Joe,,Heilman,,,False,nd,,,,http://www.legis.nd.gov/files/styles/medium/public/person/photo/jaheilman.jpg?itok=EBX-3GXw,2011-11-28 22:24:18.064000,2014-12-02 16:00:44.748000
NDL000139,Representative Ed Gruchalla,Ed,,Gruchalla,,,False,nd,,,,http://www.legis.nd.gov/files/styles/medium/public/person/photo/egruchalla.jpg?itok=-kJKllGs,2011-11-28 22:24:18.074000,2014-12-02 16:00:44.750000
NDL000140,Kathy Hawken,Kathy,,Hawken,,,False,nd,,,,http://www.legis.nd.gov/files/styles/medium/public/person/photo/khawken.jpg?itok=kRAIRmYp,2011-11-28 22:24:18.113000,2016-12-29 17:16:17.235000
NDL000142,Representative George J. Keiser,George J.,,Keiser,,,False,nd,,,,http://www.legis.nd.gov/files/styles/medium/public/person/photo/gkeiser.jpg?itok=1Wm_6Izn,2011-11-28 22:24:18.133000,2014-12-02 16:00:44.751000
NDL000144,Jim Roers,Jim,,Roers,,,False,nd,,,,http://www.legis.nd.gov/images/62/senators/jroers.jpg,2012-04-18 16:13:29.972000,2013-01-07 16:42:29.121000
NDL000168,Representative Rick Becker,Rick,,Becker,,,False,nd,,,,http://www.legis.nd.gov/files/styles/medium/public/person/photo/rcbecker.jpg?itok=-mlvV1dU,2013-01-07 16:42:27.713000,2014-12-02 16:00:44.752000
NDL000183,Jessica Haak,Jessica,,Haak,,,False,nd,,,,http://www.legis.nd.gov/files/styles/medium/public/person/photo/jehaak.jpg?itok=S4s_gvWf,2013-01-07 16:42:27.817000,2016-12-29 17:16:17.233000
NDL000184,Alex Looysen,Alex,,Looysen,,,False,nd,,,,http://www.legis.nd.gov/files/styles/medium/public/person/photo/alooysen.jpg?itok=8t1hmCjM,2013-01-07 16:42:27.823000,2016-12-29 17:16:17.217000
NDL000194,Tyler Axness,Tyler,,Axness,,,False,nd,,,,http://www.legis.nd.gov/files/styles/medium/public/person/photo/taxness.jpg?itok=gDOhTey2,2013-01-07 16:42:27.889000,2016-12-29 17:16:17.265000
NDL000195,Ben Hanson,Ben,,Hanson,,,False,nd,,,,http://www.legis.nd.gov/files/styles/medium/public/person/photo/bwhanson.jpg?itok=2eDcCu2z,2013-01-07 16:42:27.896000,2016-12-29 17:16:17.219000
NDL000202,Marie Strinden,Marie,,Strinden,,,False,nd,,,,http://www.legis.nd.gov/files/styles/medium/public/person/photo/mjstrinden.jpg?itok=XAiae0hm,2013-01-07 16:42:27.943000,2016-12-29 17:16:17.239000
NDL000208,Gail Mooney,Gail,,Mooney,,,False,nd,,,,http://www.legis.nd.gov/files/styles/medium/public/person/photo/gmooney.jpg?itok=eUIAaco-,2013-01-07 16:42:27.983000,2016-12-29 17:16:17.229000
NDL000214,Peter F. Silbernagel,Peter F.,,Silbernagel,,,False,nd,,,,http://www.legis.nd.gov/files/styles/medium/public/person/photo/psilbernagel.jpg?itok=EAA0viow,2013-01-07 16:42:28.024000,2016-12-29 17:16:17.246000
NDL000220,Naomi Muscha,Naomi,,Muscha,,,False,nd,,,,http://www.legis.nd.gov/files/styles/medium/public/person/photo/nmuscha.jpg?itok=jWD459Zq,2013-01-07 16:42:28.066000,2016-12-29 17:16:17.244000
NDL000237,Diane Larson,Diane,,Larson,,,False,nd,,,,http://www.legis.nd.gov/files/styles/medium/public/person/photo/dklarson.jpg?itok=fhEmsuhh,2013-01-07 16:42:28.186000,2016-12-29 17:16:17.227000
NDL000255,Alan Fehr,Alan,,Fehr,,,False,nd,,,,http://www.legis.nd.gov/files/styles/medium/public/person/photo/afehr.jpg?itok=T-vQGs5H,2013-01-07 16:42:28.361000,2016-12-29 17:16:17.216000
NDL000274,Kylie Oversen,Kylie,,Oversen,,,False,nd,,,,http://www.legis.nd.gov/files/styles/medium/public/person/photo/koversen.jpg?itok=2wkEbLEX,2013-01-07 16:42:28.504000,2016-12-29 17:16:17.238000
NDL000284,George Sinner,George,,Sinner,,,False,nd,,,,http://www.legis.nd.gov/files/styles/medium/public/person/photo/georgesinner.jpg?itok=crFaH2t9,2013-01-07 16:42:28.587000,2016-12-29 17:16:17.256000
NDL000294,George Keiser,George,,Keiser,,,False,nd,,,,http://www.legis.nd.gov/files/styles/medium/public/person/photo/gkeiser.jpg?itok=yfd3zu1a,2014-12-02 16:00:43.792000,2016-12-29 17:16:17.230000
NDL000299,Kris Wallman,Kris,,Wallman,,,False,nd,,,,http://www.legis.nd.gov/files/styles/medium/public/person/photo/kwallman.jpg?itok=LMdlYMxa,2014-12-02 16:00:43.926000,2016-12-29 17:16:17.237000
NDL000300,Cynthia Schreiber Beck,Cynthia Schreiber,,Beck,,,False,nd,,,,http://www.legis.nd.gov/files/styles/medium/public/person/photo/cschreiberbeck.jpg?itok=ggXH_Uvh,2014-12-02 16:00:43.949000,2016-12-29 17:16:17.225000
NDL000302,Mary C. Johnson,Mary C.,,Johnson,,,False,nd,,,,http://www.legis.nd.gov/files/styles/medium/public/person/photo/marycjohnson_0.jpg?itok=dlEFIj9p,2014-12-02 16:00:44.002000,2016-12-29 17:16:17.241000
NDL000312,Kyle R. Davison,Kyle R.,,Davison,,,False,nd,,,,http://www.legis.nd.gov/files/styles/medium/public/person/photo/kdavison.jpg?itok=Pq34Pd-1,2014-12-02 16:00:44.257000,2016-12-29 17:16:17.259000
NDL000051,Gary R. Sukut,Gary R.,,Sukut,,,True,nd,lower,1,Republican,http://www.legis.nd.gov/files/styles/medium/public/person/photo/gsukut.jpg?itok=2dfR74-O,2011-11-28 22:24:17.199000,2017-06-01 07:49:06.418000
NDL000054,Andrew G. Maragos,Andrew G.,,Maragos,,,True,nd,lower,3,Republican,http://www.legis.nd.gov/files/styles/medium/public/person/photo/agmaragos.jpg?itok=3v1k2Avr,2011-11-28 22:24:17.228000,2017-06-01 07:49:06.950000
NDL000055,Roscoe Streyle,Roscoe,,Streyle,,,True,nd,lower,3,Republican,http://www.legis.nd.gov/files/styles/medium/public/person/photo/rstreyle.jpg?itok=uH6oF5lS,2011-11-28 22:24:17.238000,2017-06-01 07:49:06.649000
NDL000058,Roger Brabandt,Roger,,Brabandt,,,True,nd,lower,5,Republican,http://www.legis.nd.gov/files/styles/medium/public/person/photo/rbrabandt.jpg?itok=GMMiZ4u-,2011-11-28 22:24:17.267000,2017-06-01 07:49:06.602000
NDL000059,Scott Louser,Scott,,Louser,,,True,nd,lower,5,Republican,http://www.legis.nd.gov/files/styles/medium/public/person/photo/sclouser.jpg?itok=PFIZMpnJ,2011-11-28 22:24:17.277000,2017-06-01 07:49:06.845000
NDL000062,Dick Anderson,Dick,,Anderson,,,True,nd,lower,6,Republican,http://www.legis.nd.gov/files/styles/medium/public/person/photo/dickanderson.jpg?itok=2phUbEOH,2011-11-28 22:24:17.316000,2017-06-01 07:49:06.717000
NDL000063,Jon O. Nelson,Jon O.,,Nelson,,,True,nd,lower,14,Republican,http://www.legis.nd.gov/files/styles/medium/public/person/photo/jonelson.jpg?itok=yWIDB4v9,2011-11-28 22:24:17.325000,2017-06-01 07:49:06.641000
NDL000064,Jeff Delzer,Jeff,,Delzer,,,True,nd,lower,8,Republican,http://www.legis.nd.gov/files/styles/medium/public/person/photo/jdelzer.jpg?itok=EYIfSmXe,2011-11-28 22:24:17.335000,2017-06-01 07:49:06.621000
NDL000066,Tracy Boe,Tracy,,Boe,,,True,nd,lower,9,Democratic,http://www.legis.nd.gov/files/styles/medium/public/person/photo/tboe.jpg?itok=gTOY0yOK,2011-11-28 22:24:17.355000,2017-06-01 07:49:06.892000
NDL000067,Marvin E. Nelson,Marvin E.,,Nelson,,,True,nd,lower,9,Democratic,http://www.legis.nd.gov/files/styles/medium/public/person/photo/menelson.jpg?itok=zAA9TSAv,2011-11-28 22:24:17.365000,2017-06-01 07:49:06.986000
NDL000068,Chuck Damschen,Chuck,,Damschen,,,True,nd,lower,10,Republican,http://www.legis.nd.gov/files/styles/medium/public/person/photo/cdamschen.jpg?itok=licGuk9T,2011-11-28 22:24:17.375000,2017-06-01 07:49:06.691000
NDL000069,David Monson,David,,Monson,,,True,nd,lower,10,Republican,http://www.legis.nd.gov/files/styles/medium/public/person/photo/dmonson.jpg?itok=6CTrMTOx,2011-11-28 22:24:17.385000,2017-06-01 07:49:06.663000
NDL000070,Ron Guggisberg,Ron,,Guggisberg,,,True,nd,lower,11,Democratic,http://www.legis.nd.gov/files/styles/medium/public/person/photo/rguggisberg.jpg?itok=d3PiESvp,2011-11-28 22:24:17.394000,2017-06-01 07:49:07.041000
NDL000074,Kim Koppelman,Kim,,Koppelman,,,True,nd,lower,13,Republican,http://www.legis.nd.gov/files/styles/medium/public/person/photo/kkoppelman.jpg?itok=NcNVr4Oi,2011-11-28 22:24:17.433000,2017-06-01 07:49:06.956000
NDL000077,Robin Weisz,Robin,,Weisz,,,True,nd,lower,14,Republican,http://www.legis.nd.gov/files/styles/medium/public/person/photo/rweisz.jpg?itok=OyE9eqvS,2011-11-28 22:24:17.463000,2017-06-01 07:49:06.400000
NDL000079,Dennis Johnson,Dennis,,Johnson,,,True,nd,lower,15,Republican,http://www.legis.nd.gov/files/styles/medium/public/person/photo/djohnson.jpg?itok=JSW04RNu,2011-11-28 22:24:17.487000,2017-06-01 07:49:07.049000
NDL000082,Mark S. Owens,Mark S.,,Owens,,,True,nd,lower,17,Republican,http://www.legis.nd.gov/files/styles/medium/public/person/photo/mowens17.jpg?itok=Ck85rVW_,2011-11-28 22:24:17.515000,2017-06-01 07:49:07.039000
NDL000083,Mark Sanford,Mark,,Sanford,,,True,nd,lower,17,Republican,http://www.legis.nd.gov/files/styles/medium/public/person/photo/masanford.jpg?itok=D_yVPglg,2011-11-28 22:24:17.525000,2017-06-01 07:49:06.656000
NDL000086,Gary Paur,Gary,,Paur,,,True,nd,lower,19,Republican,http://www.legis.nd.gov/files/styles/medium/public/person/photo/gpaur.jpg?itok=CPb3vbZy,2011-11-28 22:24:17.554000,2017-06-01 07:49:06.991000
NDL000088,Richard G. Holman,Richard G.,,Holman,,,True,nd,lower,20,Democratic,http://www.legis.nd.gov/files/styles/medium/public/person/photo/rholman.jpg?itok=kDlqzaaF,2011-11-28 22:24:17.574000,2017-06-01 07:49:06.593000
NDL000090,Kathy Hogan,Kathy,,Hogan,,,True,nd,lower,21,Democratic,http://www.legis.nd.gov/files/styles/medium/public/person/photo/khogan.jpg?itok=SfoCEH0g,2011-11-28 22:24:17.593000,2017-06-01 07:49:06.868000
NDL000094,Bill Devlin,Bill,,Devlin,,,True,nd,lower,23,Republican,http://www.legis.nd.gov/files/styles/medium/public/person/photo/bdevlin.jpg?itok=_8npxfnp,2011-11-28 22:24:17.632000,2017-06-01 07:49:06.840000
NDL000095,Don Vigesaa,Don,,Vigesaa,,,True,nd,lower,23,Republican,http://www.legis.nd.gov/files/styles/medium/public/person/photo/dwvigesaa.jpg?itok=FiTfzTsC,2011-11-28 22:24:17.642000,2017-06-01 07:49:06.626000
NDL000102,Randy Boehning,Randy,,Boehning,,,True,nd,lower,27,Republican,http://www.legis.nd.gov/files/styles/medium/public/person/photo/rboehning.jpg?itok=UYyQNOAZ,2011-11-28 22:24:17.709000,2017-06-01 07:49:06.738000
NDL000103,Thomas Beadle,Thomas,,Beadle,,,True,nd,lower,27,Republican,http://www.legis.nd.gov/files/styles/medium/public/person/photo/tbeadle.jpg?itok=CYWPKBLm,2011-11-28 22:24:17.719000,2017-06-01 07:49:06.226000
NDL000104,Mike Brandenburg,Mike,,Brandenburg,,,True,nd,lower,28,Republican,http://www.legis.nd.gov/files/styles/medium/public/person/photo/mbrandenburg.jpg?itok=qF5aWQUM,2011-11-28 22:24:17.728000,2017-06-01 07:49:06.628000
NDL000106,Craig Headland,Craig,,Headland,,,True,nd,lower,29,Republican,http://www.legis.nd.gov/files/styles/medium/public/person/photo/cheadland.jpg?itok=uqevDd5-,2011-11-28 22:24:17.748000,2017-06-01 07:49:06.858000
NDL000107,Chet Pollert,Chet,,Pollert,,,True,nd,lower,29,Republican,http://www.legis.nd.gov/files/styles/medium/public/person/photo/cpollert.jpg?itok=g29Zw0nO,2011-11-28 22:24:17.757000,2017-06-01 07:49:06.630000
NDL000108,Mike Nathe,Mike,,Nathe,,,True,nd,lower,30,Republican,http://www.legis.nd.gov/files/styles/medium/public/person/photo/mrnathe.jpg?itok=lDCRhvZi,2011-11-28 22:24:17.767000,2017-06-01 07:49:06.600000
NDL000110,Karen M. Rohr,Karen M.,,Rohr,,,True,nd,lower,31,Republican,http://www.legis.nd.gov/files/styles/medium/public/person/photo/kmrohr.jpg?itok=96299jIY,2011-11-28 22:24:17.787000,2017-06-01 07:49:06.362000
NDL000111,Jim Schmidt,Jim,,Schmidt,,,True,nd,lower,31,Republican,http://www.legis.nd.gov/files/styles/medium/public/person/photo/jeschmidt.jpg?itok=2LyMU_Sb,2011-11-28 22:24:17.796000,2017-06-01 07:49:06.897000
NDL000113,Lisa Meier,Lisa,,Meier,,,True,nd,lower,32,Republican,http://www.legis.nd.gov/files/styles/medium/public/person/photo/lmeier.jpg?itok=M38CNbRk,2011-11-28 22:24:17.816000,2017-06-01 07:49:06.799000
NDL000115,Gary Kreidt,Gary,,Kreidt,,,True,nd,lower,33,Republican,http://www.legis.nd.gov/files/styles/medium/public/person/photo/gkreidt.jpg?itok=TrOof242,2011-11-28 22:24:17.836000,2017-06-01 07:49:06.726000
NDL000117,Todd Porter,Todd,,Porter,,,True,nd,lower,34,Republican,http://www.legis.nd.gov/files/styles/medium/public/person/photo/tkporter.jpg?itok=swU12qIi,2011-11-28 22:24:17.855000,2017-06-01 07:49:06.706000
NDL000118,Karen Karls,Karen,,Karls,,,True,nd,lower,35,Republican,http://www.legis.nd.gov/files/styles/medium/public/person/photo/kkarls.jpg?itok=XHQSNmih,2011-11-28 22:24:17.865000,2017-06-01 07:49:06.953000
NDL000119,Bob Martinson,Bob,,Martinson,,,True,nd,lower,35,Republican,http://www.legis.nd.gov/files/styles/medium/public/person/photo/bmartinson.jpg?itok=npRjwYvv,2011-11-28 22:24:17.875000,2017-06-01 07:49:06.888000
NDL000121,Mike Schatz,Mike,,Schatz,,,True,nd,lower,36,Republican,http://www.legis.nd.gov/files/styles/medium/public/person/photo/mischatz.jpg?itok=lu_mxP4L,2011-11-28 22:24:17.895000,2017-06-01 07:49:06.802000
NDL000123,Vicky Steiner,Vicky,,Steiner,,,True,nd,lower,37,Republican,http://www.legis.nd.gov/files/styles/medium/public/person/photo/vsteiner.jpg?itok=WmwXecAw,2011-11-28 22:24:17.917000,2017-06-01 07:49:06.876000
NDL000124,Larry Bellew,Larry,,Bellew,,,True,nd,lower,38,Republican,http://www.legis.nd.gov/files/styles/medium/public/person/photo/lbellew.jpg?itok=z8Q-yqb-,2011-11-28 22:24:17.927000,2017-06-01 07:49:06.836000
NDL000125,Dan Ruby,Dan,,Ruby,,,True,nd,lower,38,Republican,http://www.legis.nd.gov/files/styles/medium/public/person/photo/druby.jpg?itok=WlcMGYCa,2011-11-28 22:24:17.937000,2017-06-01 07:49:06.114000
NDL000127,Keith Kempenich,Keith,,Kempenich,,,True,nd,lower,39,Republican,http://www.legis.nd.gov/files/styles/medium/public/person/photo/kkempenich.jpg?itok=gc89NnG2,2011-11-28 22:24:17.957000,2017-06-01 07:49:06.638000
NDL000130,Al Carlson,Al,,Carlson,,,True,nd,lower,41,Republican,http://www.legis.nd.gov/files/styles/medium/public/person/photo/acarlson.jpg?itok=1g5VbTUN,2011-11-28 22:24:17.986000,2017-06-01 07:49:06.833000
NDL000134,Lois Delmore,Lois,,Delmore,,,True,nd,lower,43,Democratic,http://www.legis.nd.gov/files/styles/medium/public/person/photo/ldelmore.jpg?itok=WvJ0isWf,2011-11-28 22:24:18.025000,2017-06-01 07:49:06.890000
NDL000141,Jim Kasper,Jim,,Kasper,,,True,nd,lower,46,Republican,http://www.legis.nd.gov/files/styles/medium/public/person/photo/jkasper.jpg?itok=KFkmnNi8,2011-11-28 22:24:18.123000,2017-06-01 07:49:06.386000
NDL000143,Lawrence R. Klemin,Lawrence R.,,Klemin,,,True,nd,lower,47,Republican,http://www.legis.nd.gov/files/styles/medium/public/person/photo/lklemin.jpg?itok=-o6DsxAD,2011-11-28 22:24:18.143000,2017-06-01 07:49:06.989000
NDL000169,Jason Dockter,Jason,,Dockter,,,True,nd,lower,7,Republican,http://www.legis.nd.gov/files/styles/medium/public/person/photo/jddockter.jpg?itok=mBqEFY1V,2013-01-07 16:42:27.719000,2017-06-01 07:49:06.872000
NDL000172,Vernon Laning,Vernon,,Laning,,,True,nd,lower,8,Republican,http://www.legis.nd.gov/files/styles/medium/public/person/photo/vrlaning.jpg?itok=fu1P7KqZ,2013-01-07 16:42:27.742000,2017-06-01 07:49:06.752000
NDL000196,Ben Koppelman,Ben,,Koppelman,,,True,nd,lower,16,Republican,http://www.legis.nd.gov/files/styles/medium/public/person/photo/bkoppelman.jpg?itok=Vo9eUxbE,2013-01-07 16:42:27.903000,2017-06-01 07:49:06.878000
NDL000219,Dwight Kiefert,Dwight,,Kiefert,,,True,nd,lower,24,Republican,http://www.legis.nd.gov/files/styles/medium/public/person/photo/dhkiefert.jpg?itok=3KWyrftz,2013-01-07 16:42:28.059000,2017-06-01 07:49:06.264000
NDL000250,Nathan Toman,Nathan,,Toman,,,True,nd,lower,34,Republican,http://www.legis.nd.gov/files/styles/medium/public/person/photo/nptoman.jpg?itok=w1R9T3hd,2013-01-07 16:42:28.325000,2017-06-01 07:49:06.860000
NDL000279,Joshua A. Boschee,Joshua A.,,Boschee,,,True,nd,lower,44,Democratic,http://www.legis.nd.gov/files/styles/medium/public/person/photo/jboschee.jpg?itok=JkT0nsS5,2013-01-07 16:42:28.549000,2017-06-01 07:49:06.407000
NDL000290,Tom Kading,Tom,,Kading,,,True,nd,lower,45,Republican,http://www.legis.nd.gov/files/styles/medium/public/person/photo/tkading.jpg?itok=1AXeUh3s,2014-12-02 16:00:43.698000,2017-06-01 07:49:06.605000
NDL000291,Alisa Mitskog,Alisa,,Mitskog,,,True,nd,lower,25,Democratic,http://www.legis.nd.gov/files/styles/medium/public/person/photo/amitskog.jpg?itok=f5Y8bmv_,2014-12-02 16:00:43.727000,2017-06-01 07:49:06.874000
NDL000295,Denton Zubke,Denton,,Zubke,,,True,nd,lower,39,Republican,http://www.legis.nd.gov/files/styles/medium/public/person/photo/dzubke.jpg?itok=xB4GXR1M,2014-12-02 16:00:43.807000,2017-06-01 07:49:07.028000
NDL000303,Rick C. Becker,Rick C.,,Becker,,,True,nd,lower,7,Republican,http://www.legis.nd.gov/files/styles/medium/public/person/photo/rcbecker.jpg?itok=o3wKQLc0,2014-12-02 16:00:44.042000,2017-06-01 07:49:06.240000
NDL000307,Christopher D. Olson,Christopher D.,,Olson,,,True,nd,lower,13,Republican,http://www.legis.nd.gov/files/styles/medium/public/person/photo/cdolson.jpg?itok=zZYUvy1n,2014-12-02 16:00:44.151000,2017-06-01 07:49:06.862000
NDL000308,Pamela Anderson,Pamela,,Anderson,,,True,nd,lower,41,Democratic,http://www.legis.nd.gov/files/styles/medium/public/person/photo/pkanderson.jpg?itok=3lUIkV3g,2014-12-02 16:00:44.171000,2017-06-01 07:49:06.748000
NDL000309,Rich S. Becker,Rich S.,,Becker,,,True,nd,lower,43,Republican,http://www.legis.nd.gov/files/styles/medium/public/person/photo/rsbecker.jpg?itok=_bt3M2rK,2014-12-02 16:00:44.176000,2017-06-01 07:49:07.034000
NDL000311,Mike Lefor,Mike,,Lefor,,,True,nd,lower,37,Republican,http://www.legis.nd.gov/files/styles/medium/public/person/photo/mlefor.jpg?itok=gPexLSiZ,2014-12-02 16:00:44.252000,2017-06-01 07:49:06.807000
NDL000313,Bert Anderson,Bert,,Anderson,,,True,nd,lower,2,Republican,http://www.legis.nd.gov/files/styles/medium/public/person/photo/banderson.jpg?itok=cA2GhHtH,2014-12-02 16:00:44.283000,2017-06-01 07:49:06.049000
NDL000316,Mary Schneider,Mary,,Schneider,,,True,nd,lower,21,Democratic,http://www.legis.nd.gov/files/styles/medium/public/person/photo/mschneider.jpg?itok=U0OtNqyN,2014-12-02 16:00:44.481000,2017-06-01 07:49:06.756000
NDL000317,Jay Seibel,Jay,,Seibel,,,True,nd,lower,33,Republican,http://www.legis.nd.gov/files/styles/medium/public/person/photo/jayseibel.jpg?itok=sHAvf3g1,2014-12-02 16:00:44.548000,2017-06-01 07:49:06.816000
NDL000461,Bill Oliver,Bill,,Oliver,,,True,nd,lower,4,Republican,http://www.legis.nd.gov/files/styles/medium/public/person/photo/boliver.jpg?itok=vwXtP8TX,2016-12-29 17:16:16.123000,2017-06-01 07:49:07.056000
NDL000462,Aaron McWilliams,Aaron,,McWilliams,,,True,nd,lower,20,Republican,http://www.legis.nd.gov/files/styles/medium/public/person/photo/amcwilliams.jpg?itok=gaIfoIZx,2016-12-29 17:16:16.272000,2017-06-01 07:49:06.279000
NDL000463,Corey Mock,Corey,,Mock,,,True,nd,lower,18,Democratic,http://www.legis.nd.gov/files/styles/medium/public/person/photo/crmock.jpg?itok=oibEbWx5,2016-12-29 17:16:16.311000,2017-06-01 07:49:07.053000
NDL000465,Randy A. Schobinger,Randy A.,,Schobinger,,,True,nd,lower,40,Republican,http://www.legis.nd.gov/files/styles/medium/public/person/photo/rschobinger.jpg?itok=KRKLCqU9,2016-12-29 17:16:16.350000,2017-06-01 07:49:06.854000
NDL000467,Shannon M. Roers Jones,Shannon M. Roers,,Jones,,,True,nd,lower,46,Republican,http://www.legis.nd.gov/files/styles/medium/public/person/photo/sroersjones.jpg?itok=_e8AfuiD,2016-12-29 17:16:16.439000,2017-06-01 07:49:06.978000
NDL000468,Daniel Johnston,Daniel,,Johnston,,,True,nd,lower,24,Republican,http://www.legis.nd.gov/files/styles/medium/public/person/photo/dljohnston.jpg?itok=dKMtNtY4,2016-12-29 17:16:16.444000,2017-06-01 07:49:06.993000
NDL000469,Patrick Hatlestad,Patrick,,Hatlestad,,,True,nd,lower,1,Republican,http://www.legis.nd.gov/files/styles/medium/public/person/photo/phatlestad.jpg?itok=vlun2ydv,2016-12-29 17:16:16.455000,2017-06-01 07:49:06.870000
NDL000470,Kathy Skroch,Kathy,,Skroch,,,True,nd,lower,26,Republican,http://www.legis.nd.gov/files/styles/medium/public/person/photo/kskroch.jpg?itok=QIurj_0Y,2016-12-29 17:16:16.483000,2017-06-01 07:49:06.288000
NDL000471,Jeffery J. Magrum,Jeffery J.,,Magrum,,,True,nd,lower,28,Republican,http://www.legis.nd.gov/files/styles/medium/public/person/photo/jmagrum.jpg?itok=tR0plIsn,2016-12-29 17:16:16.488000,2017-06-01 07:49:06.967000
NDL000472,Greg Westlind,Greg,,Westlind,,,True,nd,lower,15,Republican,http://www.legis.nd.gov/files/styles/medium/public/person/photo/gwestlind.jpg?itok=5tNl_aqS,2016-12-29 17:16:16.504000,2017-06-01 07:49:06.044000
NDL000473,Cynthia Schreiber-Beck,Cynthia,,Schreiber-Beck,,,True,nd,lower,25,Republican,http://www.legis.nd.gov/files/styles/medium/public/person/photo/cschreiberbeck.png?itok=xRm5mBZt,2016-12-29 17:16:16.510000,2017-06-01 07:49:07.051000
NDL000474,Craig A. Johnson,Craig A.,,Johnson,,,True,nd,lower,6,Republican,http://www.legis.nd.gov/files/styles/medium/public/person/photo/craigjohnson.jpg?itok=VZT2BEQU,2016-12-29 17:16:16.526000,2017-06-01 07:49:06.372000
NDL000475,Pat D. Heinert,Pat D.,,Heinert,,,True,nd,lower,32,Republican,http://www.legis.nd.gov/files/styles/medium/public/person/photo/pdheinert.jpg?itok=Ih_rMu3c,2016-12-29 17:16:16.559000,2017-06-01 07:49:07.061000
NDL000476,Jake G. Blum,Jake G.,,Blum,,,True,nd,lower,42,Republican,http://www.legis.nd.gov/files/styles/medium/public/person/photo/jblum.jpg?itok=cS5ER5G2,2016-12-29 17:16:16.582000,2017-06-01 07:49:06.980000
NDL000478,Michael Howe,Michael,,Howe,,,True,nd,lower,22,Republican,http://www.legis.nd.gov/files/styles/medium/public/person/photo/mchowe.jpg?itok=LYLKni2P,2016-12-29 17:16:16.604000,2017-06-01 07:49:06.864000
NDL000479,Donald W. Longmuir,Donald W.,,Longmuir,,,True,nd,lower,2,Republican,http://www.legis.nd.gov/files/styles/medium/public/person/photo/dlongmuir.jpg?itok=ZvTPmhE_,2016-12-29 17:16:16.620000,2017-06-01 07:49:07.045000
NDL000480,Glenn Bosch,Glenn,,Bosch,,,True,nd,lower,30,Republican,http://www.legis.nd.gov/files/styles/medium/public/person/photo/gdbosch.jpg?itok=hu_eBi8_,2016-12-29 17:16:16.699000,2017-06-01 07:49:06.689000
NDL000482,Brandy Pyle,Brandy,,Pyle,,,True,nd,lower,22,Republican,http://www.legis.nd.gov/files/styles/medium/public/person/photo/bpyle.jpg?itok=JJDNioja,2016-12-29 17:16:16.738000,2017-06-01 07:49:07.032000
NDL000483,Matthew Ruby,Matthew,,Ruby,,,True,nd,lower,40,Republican,http://www.legis.nd.gov/files/styles/medium/public/person/photo/mruby.jpg?itok=mIPfahXg,2016-12-29 17:16:16.743000,2017-06-01 07:49:07.043000
NDL000484,Andrew Marschall,Andrew,,Marschall,,,True,nd,lower,16,Republican,http://www.legis.nd.gov/files/styles/medium/public/person/photo/amarschall.jpg?itok=R0Srf1A1,2016-12-29 17:16:16.748000,2017-06-01 07:49:07.037000
NDL000485,Karla Rose Hanson,Karla Rose,,Hanson,,,True,nd,lower,44,Democratic,http://www.legis.nd.gov/files/styles/medium/public/person/photo/krhanson.jpg?itok=WiFcqlvB,2016-12-29 17:16:16.759000,2017-06-01 07:49:06.984000
NDL000486,Gretchen Dobervich,Gretchen,,Dobervich,,,True,nd,lower,11,Democratic,http://www.legis.nd.gov/files/styles/medium/public/person/photo/gdobervich.jpg?itok=Erq9varC,2016-12-29 17:16:16.765000,2017-06-01 07:49:06.553000
NDL000488,George J. Keiser,George J.,,Keiser,,,True,nd,lower,47,Republican,http://www.legis.nd.gov/files/styles/medium/public/person/photo/gkeiser.jpg?itok=yfd3zu1a,2016-12-29 17:16:16.799000,2017-06-01 07:49:06.712000
NDL000490,Wayne A. Trottier,Wayne A.,,Trottier,,,True,nd,lower,19,Republican,http://www.legis.nd.gov/files/styles/medium/public/person/photo/wtrottier.jpg?itok=fG3s3if0,2016-12-29 17:16:16.832000,2017-06-01 07:49:06.856000
NDL000493,Steve Vetter,Steve,,Vetter,,,True,nd,lower,18,Republican,http://www.legis.nd.gov/files/styles/medium/public/person/photo/smvetter.jpg?itok=wayATzmb,2016-12-29 17:16:16.860000,2017-06-01 07:49:06.975000
NDL000494,Luke Simons,Luke,,Simons,,,True,nd,lower,36,Republican,http://www.legis.nd.gov/files/styles/medium/public/person/photo/lsimons.jpg?itok=zGZ2Sb0m,2016-12-29 17:16:16.866000,2017-06-01 07:49:06.946000
NDL000497,Jim Grueneich,Jim,,Grueneich,,,True,nd,lower,12,Republican,http://www.legis.nd.gov/files/styles/medium/public/person/photo/jgrueneich.jpg?itok=X3r_j1wM,2016-12-29 17:16:16.893000,2017-06-01 07:49:06.866000
NDL000498,Sebastian Ertelt,Sebastian,,Ertelt,,,True,nd,lower,26,Republican,http://www.legis.nd.gov/files/styles/medium/public/person/photo/sertelt.jpg?itok=y3gg3bo-,2016-12-29 17:16:16.932000,2017-06-01 07:49:06.882000
NDL000500,Bernie Satrom,Bernie,,Satrom,,,True,nd,lower,12,Republican,http://www.legis.nd.gov/files/styles/medium/public/person/photo/blsatrom.jpg?itok=mYaCmf1w,2016-12-29 17:16:16.949000,2017-06-01 07:49:06.982000
NDL000501,Emily O'Brien,Emily,,O'Brien,,,True,nd,lower,42,Republican,http://www.legis.nd.gov/files/styles/medium/public/person/photo/eobrien.jpg?itok=hthdMczA,2016-12-29 17:16:17.001000,2017-06-01 07:49:06.245000
NDL000502,Terry B. Jones,Terry B.,,Jones,,,True,nd,lower,4,Republican,http://www.legis.nd.gov/files/styles/medium/public/person/photo/tbjones.jpg?itok=C86kXZ2-,2016-12-29 17:16:17.007000,2017-06-01 07:49:06.948000
NDL000503,Mary Johnson,Mary,,Johnson,,,True,nd,lower,45,Republican,http://www.legis.nd.gov/files/styles/medium/public/person/photo/marycjohnson.jpg?itok=9ashpc1s,2016-12-29 17:16:17.012000,2017-06-01 07:49:07.047000
NDL000003,Oley Larsen,Oley,,Larsen,,,True,nd,upper,3,Republican,http://www.legis.nd.gov/files/styles/medium/public/person/photo/olarsen.jpg?itok=FbCnSbN5,2011-11-28 22:24:16.699000,2017-06-01 07:49:06.094000
NDL000005,Randall A. Burckhard,Randall A.,,Burckhard,,,True,nd,upper,5,Republican,http://www.legis.nd.gov/files/styles/medium/public/person/photo/raburckhard.jpg?itok=C69cGqXf,2011-11-28 22:24:16.718000,2017-06-01 07:49:06.007000
NDL000009,Richard Marcellais,Richard,,Marcellais,,,True,nd,upper,9,Democratic,http://www.legis.nd.gov/files/styles/medium/public/person/photo/rmarcellais.jpg?itok=0dcpvpyI,2011-11-28 22:24:16.758000,2017-06-01 07:49:07.020000
NDL000011,Tim Mathern,Tim,,Mathern,,,True,nd,upper,11,Democratic,http://www.legis.nd.gov/files/styles/medium/public/person/photo/tmathern.jpg?itok=bBpy0LFi,2011-11-28 22:24:16.778000,2017-06-01 07:49:06.912000
NDL000013,Judy Lee,Judy,,Lee,,,True,nd,upper,13,Republican,http://www.legis.nd.gov/files/styles/medium/public/person/photo/jlee.jpg?itok=ZhcupDNe,2011-11-28 22:24:16.797000,2017-06-01 07:49:06.906000
NDL000014,Jerry Klein,Jerry,,Klein,,,True,nd,upper,14,Republican,http://www.legis.nd.gov/files/styles/medium/public/person/photo/jklein.jpg?itok=s5iRhWJ6,2011-11-28 22:24:16.807000,2017-06-01 07:49:07.008000
NDL000015,Dave Oehlke,Dave,,Oehlke,,,True,nd,upper,15,Republican,http://www.legis.nd.gov/files/styles/medium/public/person/photo/doehlke.jpg?itok=YdH-CG0B,2011-11-28 22:24:16.817000,2017-06-01 07:49:06.931000
NDL000017,Ray Holmberg,Ray,,Holmberg,,,True,nd,upper,17,Republican,http://www.legis.nd.gov/files/styles/medium/public/person/photo/rholmberg.jpg?itok=6VIkhugb,2011-11-28 22:24:16.838000,2017-06-01 07:49:06.916000
NDL000022,Carolyn C. Nelson,Carolyn C.,,Nelson,,,True,nd,upper,21,Democratic,http://www.legis.nd.gov/files/styles/medium/public/person/photo/cnelson.jpg?itok=sAlhApu1,2011-11-28 22:24:16.898000,2017-06-01 07:49:06.940000
NDL000023,Gary A. Lee,Gary A.,,Lee,,,True,nd,upper,22,Republican,http://www.legis.nd.gov/files/styles/medium/public/person/photo/galee.jpg?itok=JihlTgNV,2011-11-28 22:24:16.908000,2017-06-01 07:49:07.013000
NDL000024,Joan Heckaman,Joan,,Heckaman,,,True,nd,upper,23,Democratic,http://www.legis.nd.gov/files/styles/medium/public/person/photo/jheckaman.jpg?itok=ZdrPeFaE,2011-11-28 22:24:16.917000,2017-06-01 07:49:07.018000
NDL000025,Larry J. Robinson,Larry J.,,Robinson,,,True,nd,upper,24,Democratic,http://www.legis.nd.gov/files/styles/medium/public/person/photo/lrobinson.jpg?itok=08XuhvsU,2011-11-28 22:24:16.927000,2017-06-01 07:49:06.914000
NDL000026,Larry Luick,Larry,,Luick,,,True,nd,upper,25,Republican,http://www.legis.nd.gov/files/styles/medium/public/person/photo/lluick.jpg?itok=6J_LVvdV,2011-11-28 22:24:16.937000,2017-06-01 07:49:06.788000
NDL000027,Jim Dotzenrod,Jim,,Dotzenrod,,,True,nd,upper,26,Democratic,http://www.legis.nd.gov/files/styles/medium/public/person/photo/jdotzenrod.jpg?itok=d80XOz_U,2011-11-28 22:24:16.947000,2017-06-01 07:49:06.921000
NDL000029,Robert Erbele,Robert,,Erbele,,,True,nd,upper,28,Republican,http://www.legis.nd.gov/files/styles/medium/public/person/photo/rerbele.jpg?itok=qV2qh8kT,2011-11-28 22:24:16.969000,2017-06-01 07:49:06.904000
NDL000030,Terry M. Wanzek,Terry M.,,Wanzek,,,True,nd,upper,29,Republican,http://www.legis.nd.gov/files/styles/medium/public/person/photo/tmwanzek.jpg?itok=tM5dAGXh,2011-11-28 22:24:16.978000,2017-06-01 07:49:06.581000
NDL000033,Donald Schaible,Donald,,Schaible,,,True,nd,upper,31,Republican,http://www.legis.nd.gov/files/styles/medium/public/person/photo/dgschaible.jpg?itok=6jztCQ0i,2011-11-28 22:24:17.008000,2017-06-01 07:49:06.842000
NDL000034,Dick Dever,Dick,,Dever,,,True,nd,upper,32,Republican,http://www.legis.nd.gov/files/styles/medium/public/person/photo/ddever.jpg?itok=7LvFhEC-,2011-11-28 22:24:17.018000,2017-06-01 07:49:07.011000
NDL000036,Dwight Cook,Dwight,,Cook,,,True,nd,upper,34,Republican,http://www.legis.nd.gov/files/styles/medium/public/person/photo/dcook.jpg?itok=dsPKSg3M,2011-11-28 22:24:17.037000,2017-06-01 07:49:07.015000
NDL000039,Rich Wardner,Rich,,Wardner,,,True,nd,upper,37,Republican,http://www.legis.nd.gov/files/styles/medium/public/person/photo/rwardner.jpg?itok=CiQvK5n5,2011-11-28 22:24:17.075000,2017-06-01 07:49:07.003000
NDL000040,David Hogue,David,,Hogue,,,True,nd,upper,38,Republican,http://www.legis.nd.gov/files/styles/medium/public/person/photo/dhogue.jpg?itok=jzE_asdB,2011-11-28 22:24:17.089000,2017-06-01 07:49:07.005000
NDL000041,Bill L. Bowman,Bill L.,,Bowman,,,True,nd,upper,39,Republican,http://www.legis.nd.gov/files/styles/medium/public/person/photo/bbowman.jpg?itok=O3yFGDrq,2011-11-28 22:24:17.099000,2017-06-01 07:49:06.462000
NDL000042,Karen K. Krebsbach,Karen K.,,Krebsbach,,,True,nd,upper,40,Republican,http://www.legis.nd.gov/files/styles/medium/public/person/photo/kkrebsbach.jpg?itok=S5CCggPB,2011-11-28 22:24:17.109000,2017-06-01 07:49:07
NDL000045,Lonnie J. Laffen,Lonnie J.,,Laffen,,,True,nd,upper,43,Republican,http://www.legis.nd.gov/files/styles/medium/public/person/photo/llaffen.jpg?itok=5jJrAawW,2011-11-28 22:24:17.138000,2017-06-01 07:49:06.764000
NDL000047,Ronald Sorvaag,Ronald,,Sorvaag,,,True,nd,upper,45,Republican,http://www.legis.nd.gov/files/styles/medium/public/person/photo/rsorvaag.jpg?itok=ZbEHtFLl,2011-11-28 22:24:17.158000,2017-06-01 07:49:06.820000
NDL000049,Ralph Kilzer,Ralph,,Kilzer,,,True,nd,upper,47,Republican,http://www.legis.nd.gov/files/styles/medium/public/person/photo/rkilzer.jpg?itok=oDZNcr5S,2011-11-28 22:24:17.179000,2017-06-01 07:49:06.741000
NDL000052,David S. Rust,David S.,,Rust,,,True,nd,upper,2,Republican,http://www.legis.nd.gov/files/styles/medium/public/person/photo/drust.jpg?itok=xg15UAQT,2011-11-28 22:24:17.209000,2017-06-01 07:49:06.768000
NDL000167,Nicole Poolman,Nicole,,Poolman,,,True,nd,upper,7,Republican,http://www.legis.nd.gov/files/styles/medium/public/person/photo/npoolman.jpg?itok=7wZDJmKW,2013-01-07 16:42:27.706000,2017-06-01 07:49:06.733000
NDL000170,"Howard C. Anderson, Jr.",Howard C.,,Anderson,Jr.,,True,nd,upper,8,Republican,http://www.legis.nd.gov/files/styles/medium/public/person/photo/hcanderson.jpg?itok=7kfKKXEs,2013-01-07 16:42:27.725000,2017-06-01 07:49:06.348000
NDL000182,John Grabinger,John,,Grabinger,,,True,nd,upper,12,Democratic,http://www.legis.nd.gov/files/styles/medium/public/person/photo/jgrabinger.jpg?itok=pTX8kDT_,2013-01-07 16:42:27.810000,2017-06-01 07:49:07.022000
NDL000203,Tom Campbell,Tom,,Campbell,,,True,nd,upper,19,Republican,http://www.legis.nd.gov/files/styles/medium/public/person/photo/tomcampbell.jpg?itok=pRzjoz5y,2013-01-07 16:42:27.949000,2017-06-01 07:49:06.773000
NDL000245,Jessica Unruh,Jessica,,Unruh,,,True,nd,upper,33,Republican,http://www.legis.nd.gov/files/styles/medium/public/person/photo/jkunruh.jpg?itok=dMYp5spE,2013-01-07 16:42:28.243000,2017-06-01 07:49:06.679000
NDL000254,Kelly M. Armstrong,Kelly M.,,Armstrong,,,True,nd,upper,36,Republican,http://www.legis.nd.gov/files/styles/medium/public/person/photo/karmstrong.jpg?itok=0ZmUt-60,2013-01-07 16:42:28.354000,2017-06-01 07:49:06.919000
NDL000293,Erin Oban,Erin,,Oban,,,True,nd,upper,35,Democratic,http://www.legis.nd.gov/files/styles/medium/public/person/photo/eoban.jpg?itok=QY_hz6Ve,2014-12-02 16:00:43.752000,2017-06-01 07:49:06.822000
NDL000304,Brad Bekkedahl,Brad,,Bekkedahl,,,True,nd,upper,1,Republican,http://www.legis.nd.gov/files/styles/medium/public/person/photo/bbekkedahl.jpg?itok=4wr0McdI,2014-12-02 16:00:44.058000,2017-06-01 07:49:06.672000
NDL000314,Jonathan Casper,Jonathan,,Casper,,,True,nd,upper,27,Republican,http://www.legis.nd.gov/files/styles/medium/public/person/photo/jcasper.jpg?itok=HGA_tO3I,2014-12-02 16:00:44.445000,2017-06-01 07:49:06.902000
NDL000464,Jim P. Roers,Jim P.,,Roers,,,True,nd,upper,46,Republican,http://www.legis.nd.gov/files/styles/medium/public/person/photo/jroers.jpg?itok=dAbqH1ek,2016-12-29 17:16:16.322000,2017-06-01 07:49:06.003000
NDL000466,Kyle Davison,Kyle,,Davison,,,True,nd,upper,41,Republican,http://www.legis.nd.gov/files/styles/medium/public/person/photo/kdavison.jpg?itok=Pq34Pd-1,2016-12-29 17:16:16.362000,2017-06-01 07:49:06.426000
NDL000477,Curt Kreun,Curt,,Kreun,,,True,nd,upper,42,Republican,http://www.legis.nd.gov/files/styles/medium/public/person/photo/ckreun.jpg?itok=V_vj0PPy,2016-12-29 17:16:16.587000,2017-06-01 07:49:05.888000
NDL000481,Scott Meyer,Scott,,Meyer,,,True,nd,upper,18,Republican,http://www.legis.nd.gov/files/styles/medium/public/person/photo/scottmeyer.jpg?itok=MJ0iC94E,2016-12-29 17:16:16.721000,2017-06-01 07:49:06.677000
NDL000487,Merrill Piepkorn,Merrill,,Piepkorn,,,True,nd,upper,44,Democratic,http://www.legis.nd.gov/files/styles/medium/public/person/photo/mpiepkorn.jpg?itok=5XIHUiMK,2016-12-29 17:16:16.788000,2017-06-01 07:49:06.344000
NDL000489,David A. Clemens,David A.,,Clemens,,,True,nd,upper,16,Republican,http://www.legis.nd.gov/files/styles/medium/public/person/photo/dclemens.jpg?itok=OqLV-14S,2016-12-29 17:16:16.821000,2017-06-01 07:49:06.761000
NDL000491,Shawn Vedaa,Shawn,,Vedaa,,,True,nd,upper,6,Republican,http://www.legis.nd.gov/files/styles/medium/public/person/photo/svedaa.jpg?itok=m_M1VIS9,2016-12-29 17:16:16.843000,2017-06-01 07:49:06.323000
NDL000492,Janne Myrdal,Janne,,Myrdal,,,True,nd,upper,10,Republican,http://www.legis.nd.gov/files/styles/medium/public/person/photo/jmyrdal.jpg?itok=bfe13uex,2016-12-29 17:16:16.855000,2017-06-01 07:49:06.792000
NDL000495,Arne Osland,Arne,,Osland,,,True,nd,upper,20,Republican,http://www.legis.nd.gov/files/styles/medium/public/person/photo/aosland.jpg?itok=U7ZjQTEV,2016-12-29 17:16:16.877000,2017-06-01 07:49:06.783000
NDL000496,Jordan Kannianen,Jordan,,Kannianen,,,True,nd,upper,4,Republican,http://www.legis.nd.gov/files/styles/medium/public/person/photo/jkannianen.jpg?itok=oOdYTdSy,2016-12-29 17:16:16.888000,2017-06-01 07:49:05.867000
NDL000499,Diane Larson,Diane,,Larson,,,True,nd,upper,30,Republican,http://www.legis.nd.gov/files/styles/medium/public/person/photo/dklarson.jpg?itok=fhEmsuhh,2016-12-29 17:16:16.938000,2017-06-01 07:49:06.786000
