id,state,chamber,committee,subcommittee,parent_id
KYC000125,ky,joint,Capital Projects And Bond Oversight,,
KYC000126,ky,joint,Legislative Research Commission,,
KYC000130,ky,joint,Public Pension Oversight Board,,
KYC000132,ky,joint,Capital Planning Advisory Board,,
KYC000136,ky,joint,Legislative Research Commission,2016-2018 Budget Preparation And Submission,KYC000126
KYC000139,ky,joint,Government Contract Review,,
KYC000143,ky,joint,Medicaid Oversight And Advisory,,
KYC000149,ky,joint,Tobacco Settlement Agreement Fund Oversight,,
KYC000151,ky,joint,Administrative Regulation Review,,
KYC000158,ky,joint,Education Assessment & Accountability Review,,
KYC000160,ky,joint,Program Review And Investigations,,
KYC000105,ky,lower,Appropriations & Revenue,,
KYC000106,ky,lower,Banking & Insurance,,
KYC000107,ky,lower,Committee On Committees,,
KYC000109,ky,lower,Education,,
KYC000111,ky,lower,Enrollment,,
KYC000113,ky,lower,Judiciary,,
KYC000116,ky,lower,Local Government,,
KYC000118,ky,lower,Rules,,
KYC000119,ky,lower,State Government,,
KYC000121,ky,lower,Transportation,,
KYC000127,ky,lower,"Elections, Const Amendments & Intergovernmental Affairs",,
KYC000144,ky,lower,Appropriations & Revenue,Transportation,KYC000105
KYC000162,ky,lower,Appropriations & Revenue,Postsecondary Education,KYC000105
KYC000169,ky,lower,Small Business & Information Technology,,
KYC000170,ky,lower,Appropriations & Revenue,Primary And Secondary Education And Workforce Investment,KYC000105
KYC000171,ky,lower,"Veterans, Military Affairs, And Public Protection",,
KYC000172,ky,lower,Economic Development & Workforce Investment,,
KYC000173,ky,lower,Appropriations & Revenue,"Economic Development, Public Protection, Tourism, And Energy",KYC000105
KYC000174,ky,lower,Appropriations & Revenue,General Government,KYC000105
KYC000175,ky,lower,Health And Family Services,,
KYC000176,ky,lower,"Licensing, Occupations, & Admin Regs",,
KYC000177,ky,lower,Tourism & Outdoor Recreation,,
KYC000178,ky,lower,Natural Resources & Energy,,
KYC000179,ky,lower,Appropriations & Revenue,"Justice, Public Safety, & Judiciary",KYC000105
KYC000180,ky,lower,Agriculture,,
KYC000181,ky,lower,Appropriations & Revenue,Health And Family Services,KYC000105
KYC000182,ky,lower,Appropriations & Revenue,"Personnel, Public Retirement, And Finance",KYC000105
KYC000089,ky,upper,Agriculture,,
KYC000090,ky,upper,Appropriations & Revenue,,
KYC000091,ky,upper,Banking & Insurance,,
KYC000092,ky,upper,Committee On Committees,,
KYC000094,ky,upper,Education,,
KYC000095,ky,upper,Enrollment,,
KYC000096,ky,upper,Health & Welfare,,
KYC000097,ky,upper,Judiciary,,
KYC000098,ky,upper,"Licensing, Occupations, & Administrative Regulations",,
KYC000099,ky,upper,Natural Resources & Energy,,
KYC000100,ky,upper,Rules,,
KYC000101,ky,upper,State & Local Government,,
KYC000102,ky,upper,Transportation,,
KYC000103,ky,upper,"Veterans, Military Affairs, & Public Protection",,
KYC000135,ky,upper,Appropriations & Revenue,Justice And Judiciary,KYC000090
KYC000140,ky,upper,Appropriations & Revenue,Transporation,KYC000090
KYC000142,ky,upper,Appropriations & Revenue,Human Resources,KYC000090
KYC000152,ky,upper,Appropriations & Revenue,"General Government, Finance, And Public Protection",KYC000090
KYC000155,ky,upper,Appropriations & Revenue,Education,KYC000090
KYC000161,ky,upper,Appropriations & Revenue,"Economic Development And Tourism, Natural Resources And Environmental Protection",KYC000090
KYC000168,ky,upper,"Economic Development, Tourism, And Labor",,
KYC000183,ky,upper,Appropriations & Revenue,Transportation,KYC000090
KYC000184,ky,upper,Appropriations And Revenue,Education,KYC000191
KYC000185,ky,upper,Appropriations And Revenue,Transportation,KYC000191
KYC000186,ky,upper,"Tourism, Small Business, And Information Technology",,
KYC000187,ky,upper,Economic Development And Workforce Investment,,
KYC000188,ky,upper,Banking And Insurance,,
KYC000189,ky,upper,Appropriations And Revenue,"General Government, Finance, Personnel, And Public Retirement",KYC000191
KYC000190,ky,upper,Health And Welfare And Family Services,,
KYC000191,ky,upper,Appropriations And Revenue,,
KYC000192,ky,upper,Appropriations And Revenue,Human Resources,KYC000191
KYC000193,ky,upper,Local Government,,
KYC000194,ky,upper,"Licensing, Occupations, And Administrative Regulations",,
KYC000195,ky,upper,"Veterans, Military Affairs, And Public Protection",,
KYC000196,ky,upper,Appropriations And Revenue,"Economic Development, Tourism, And Environmental Protection",KYC000191
KYC000197,ky,upper,Appropriations And Revenue,Justice And Judiciary,KYC000191
KYC000198,ky,upper,State Government,,
