id,state,chamber,committee,subcommittee,parent_id
GAC000119,ga,joint,MARTOC,,
GAC000031,ga,lower,Interstate Cooperation,,
GAC000032,ga,lower,Appropriations,,
GAC000033,ga,lower,Intragovernmental Coordination,,
GAC000035,ga,lower,Judiciary,,
GAC000036,ga,lower,Budget and Fiscal Affairs Oversight,,
GAC000039,ga,lower,Code Revision,,
GAC000040,ga,lower,MARTOC,,
GAC000042,ga,lower,Motor Vehicles,,
GAC000045,ga,lower,Education,,
GAC000046,ga,lower,Public Safety and Homeland Security,,
GAC000048,ga,lower,Regulated Industries,,
GAC000049,ga,lower,Ethics,,
GAC000050,ga,lower,Retirement,,
GAC000052,ga,lower,Rules,,
GAC000053,ga,lower,Governmental Affairs,,
GAC000054,ga,lower,Science and Technology,,
GAC000057,ga,lower,Higher Education,,
GAC000058,ga,lower,Special Rules,,
GAC000063,ga,lower,Information and Audits,,
GAC000064,ga,lower,Transportation,,
GAC000065,ga,lower,Insurance,,
GAC000073,ga,lower,Agriculture & Consumer Affairs,,
GAC000074,ga,lower,Banks & Banking,,
GAC000076,ga,lower,Defense & Veterans Affairs,,
GAC000077,ga,lower,Economic Development & Tourism,,
GAC000078,ga,lower,"Energy, Utilities & Telecommunications",,
GAC000079,ga,lower,"Game, Fish, & Parks",,
GAC000080,ga,lower,Health & Human Services,,
GAC000081,ga,lower,Human Relations & Aging,,
GAC000082,ga,lower,Judiciary Non-Civil,,
GAC000083,ga,lower,Legislative & Congressional Reapportionment,,
GAC000084,ga,lower,Natural Resources & Environment,,
GAC000087,ga,lower,State Planning & Community Affairs,,
GAC000088,ga,lower,Ways & Means,,
GAC000090,ga,lower,Juvenile Justice,,
GAC000091,ga,lower,Industry and Labor,,
GAC000092,ga,lower,Small Business Development,,
GAC000093,ga,lower,State Properties,,
GAC000101,ga,lower,Appropriations,Human Resources,GAC000032
GAC000102,ga,lower,Appropriations,Public Safety,GAC000032
GAC000105,ga,lower,Appropriations,General Government,GAC000032
GAC000106,ga,lower,Appropriations,Education,GAC000032
GAC000108,ga,lower,Appropriations,Health,GAC000032
GAC000109,ga,lower,Appropriations,Economic Development,GAC000032
GAC000113,ga,lower,Appropriations,Higher Education,GAC000032
GAC000127,ga,lower,Appropriations,Transportation,GAC000032
GAC000002,ga,upper,Agriculture and Consumer Affairs,,
GAC000003,ga,upper,Appropriations,,
GAC000005,ga,upper,Banking and Financial Institutions,,
GAC000007,ga,upper,Education and Youth,,
GAC000008,ga,upper,Ethics,,
GAC000009,ga,upper,Finance,,
GAC000010,ga,upper,Government Oversight,,
GAC000011,ga,upper,Health and Human Services,,
GAC000012,ga,upper,Higher Education,,
GAC000013,ga,upper,Insurance and Labor,,
GAC000014,ga,upper,Interstate Cooperation,,
GAC000015,ga,upper,Judiciary,,
GAC000017,ga,upper,Natural Resources and the Environment,,
GAC000018,ga,upper,Public Safety,,
GAC000019,ga,upper,Reapportionment and Redistricting,,
GAC000020,ga,upper,Regulated Industries and Utilities,,
GAC000021,ga,upper,Retirement,,
GAC000022,ga,upper,Rules,,
GAC000023,ga,upper,Science and Technology,,
GAC000024,ga,upper,Special Judiciary,,
GAC000025,ga,upper,State and Local Governmental Operations,,
GAC000026,ga,upper,State Institutions and Property,,
GAC000027,ga,upper,Transportation,,
GAC000028,ga,upper,Urban Affairs,,
GAC000029,ga,upper,"Veterans, Military and Homeland Security",,
GAC000094,ga,upper,Judiciary Non-Civil,,
GAC000096,ga,upper,Economic Development and Tourism,,
GAC000097,ga,upper,Appropriations,Economic Development,GAC000003
GAC000098,ga,upper,Appropriations,Criminal Justice,GAC000003
GAC000099,ga,upper,Appropriations,Human Dev. & Public Health,GAC000003
GAC000103,ga,upper,Health and Human Services,Health Care Delivery,GAC000011
GAC000104,ga,upper,Appropriations,Fiscal Management,GAC000003
GAC000107,ga,upper,Health and Human Services,Scope of Practice,GAC000011
GAC000110,ga,upper,Health and Human Services,Pharmacology,GAC000011
GAC000111,ga,upper,Appropriations,Higher Education,GAC000003
GAC000112,ga,upper,Appropriations,Insurance,GAC000003
GAC000114,ga,upper,Appropriations,General Government,GAC000003
GAC000115,ga,upper,Health and Human Services,Technology and Education,GAC000011
GAC000116,ga,upper,Appropriations,Community Health,GAC000003
GAC000117,ga,upper,Assignments,,
GAC000118,ga,upper,Administrative Affairs,,
GAC000120,ga,upper,Regulated Industries and Utilities,Pool Industry Standards and Licensing,GAC000020
GAC000121,ga,upper,Health and Human Services,Abusive Billing Practices,GAC000011
GAC000122,ga,upper,Insurance and Labor,Employee Missclassification ,GAC000013
GAC000123,ga,upper,Finance,Tax Reform,GAC000009
GAC000124,ga,upper,Appropriations,Agriculture & Natural Resources,GAC000003
GAC000125,ga,upper,Finance,Income Tax,GAC000009
GAC000126,ga,upper,Finance,Sales Tax,GAC000009
GAC000128,ga,upper,Appropriations,Judicial,GAC000003
GAC000129,ga,upper,Finance,Public Policy & Finance,GAC000009
GAC000130,ga,upper,Appropriations,Criminal Justice & Public Safety,GAC000003
GAC000131,ga,upper,Appropriations,Education,GAC000003
GAC000132,ga,upper,Finance,Ad Valorem Tax,GAC000009
