id,state,chamber,committee,subcommittee,parent_id
DCC000017,dc,upper,Finance and Revenue,,
DCC000028,dc,upper,Transportation and the Environment,,
DCC000032,dc,upper,Education,,
DCC000074,dc,upper,Labor and Workforce Development,,
DCC000075,dc,upper,Health,,
DCC000076,dc,upper,Government Operations,,
DCC000077,dc,upper,Human Services,,
DCC000078,dc,upper,Housing and Neighborhood Revitalization,,
DCC000080,dc,upper,Business and Economic Development,,
DCC000081,dc,upper,Judiciary and Public Safety,,
