state,session,chamber,bill_id,vote_id,vote_chamber,motion,date,type,yes_count,no_count,other_count
ma,188th,upper,S 1768,MAV00000001,lower,"On passing to be enacted the engrossed [land taking] Bill authorizing the Commissioner of Capital Asset Management and Maintenance to convey a certain parcel of land in the town of Templeton (see Senate, No. 1768).",2013-06-05 00:00:00,other,150,0,7
ma,188th,lower,H 28,MAV00000002,lower,"On passing to be engrossed the House Bill relative to documents of title and secured transactions (House, No. 28, amended).",2013-06-12 00:00:00,other,152,0,5
ma,188th,lower,H 55,MAV00000003,lower,"On adoption of an amendment (offered by Mr. Diehl of Whitman) to the House Bill making appropriations for the fiscal year 2013 to provide for supplementing certain existing appropriations and for certain other activities and projects (House, No. 55).",2013-02-06 00:00:00,other,29,127,2
ma,188th,lower,H 55,MAV00000004,lower,"On adoption of an amendment (offered by Messrs. Lyons of Andover and Lombardo of Billerica) to the House Bill making appropriations for the fiscal year 2013 to provide for supplementing certain existing appropriations and for certain other activities and projects (House, No. 55).",2013-02-06 00:00:00,other,38,119,1
ma,188th,lower,H 55,MAV00000005,lower,"On adoption of amendments (offered by Mr. Durant of Spencer) to the House Bill making appropriations for the fiscal year 2013 to provide for supplementing certain existing appropriations and for certain other activities and projects (House, No. 55).",2013-02-06 00:00:00,other,33,123,2
ma,188th,lower,H 55,MAV00000006,lower,"On adoption of an amendment (offered by Messrs. Lyons of Andover and Lombardo of Billerica) to the House Bill making appropriations for the fiscal year 2013 to provide for supplementing certain existing appropriations and for certain other activities and projects (House, No. 55).",2013-02-06 00:00:00,other,6,151,1
ma,188th,lower,H 55,MAV00000007,lower,"On adoption of an amendment (offered by Mr. Diehl of Whitman) to the House Bill making appropriations for the fiscal year 2013 to provide for supplementing certain existing appropriations and for certain other activities and projects (House, No. 55).",2013-02-06 00:00:00,other,29,126,3
ma,188th,lower,H 55,MAV00000008,lower,"On adoption of an amendment (offered by Messrs. Lombardo of Billerica and Lyons of Andover) to the House Bill making appro- priations for the fiscal year 2013 to provide for supplementing certain existing appropriations and for certain other activities and projects (House, No. 55).",2013-02-06 00:00:00,other,9,147,2
ma,188th,lower,H 55,MAV00000009,lower,"On adoption of an amendment (offered by Mr. Diehl of Whitman) to the House Bill making appropriations for the fiscal year 2013 to provide for supplementing certain existing appropriations and for certain other activities and projects (House, No. 55).",2013-02-06 00:00:00,other,6,151,1
ma,188th,lower,H 55,MAV00000010,lower,"On adoption of an amendment (offered by Mr. Hill of Ipswich) to the House Bill making appropriations for the fiscal year 2013 to provide for supplementing certain existing appropriations and for certain other activities and projects (House, No. 55).",2013-02-06 00:00:00,other,29,126,3
ma,188th,lower,H 55,MAV00000011,lower,"On adoption of a further amendment (offered by Mr. Fattman of Sutton) to the amendment offered by Mrs. O'Connell of Taunton, et als, to the House Bill making appropriations for the fiscal year 2013 to provide for supplementing certain existing appropriations and for certain other activities and projects (House, No. 55).",2013-02-06 00:00:00,other,43,112,3
ma,188th,lower,H 55,MAV00000012,lower,"On adoption of a further amendment (offered by Mr. Kulik of Worthington) to the amendment offered by Messrs. Lyons of Andover and Lombardo of Billerica to the House Bill making appropriations for the fiscal year 2013 to provide for supplementing certain existing appropriations and for certain other activities and projects (House, No. 55).",2013-02-06 00:00:00,other,123,31,4
ma,188th,lower,H 55,MAV00000013,lower,"On a motion (Ms. Orrall of Lakeville) that the vote be reconsidered by which the House adopted an amendment to the House Bill making appropriations for the fiscal year 2013 to provide for supplementing certain existing appropriations and for certain other activities and projects (House, No. 55).",2013-02-06 00:00:00,other,29,126,3
ma,188th,lower,H 55,MAV00000014,lower,"On adoption of an amendment (offered by Mr. Jones of North Reading) to the House Bill making appropriations for the fiscal year 2013 to provide for supplementing certain existing appropriations and for certain other activities and projects (House, No. 55, amended).",2013-02-06 00:00:00,other,29,126,3
ma,188th,lower,H 55,MAV00000015,lower,"On adoption of an amendment (offered by Messrs. Lombardo of Billerica and Lyons of Andover) to the House Bill making appro- priations for the fiscal year 2013 to provide for supplementing certain existing appropriations and for certain other activities and projects (House, No. 55, amended).",2013-02-06 00:00:00,other,29,125,4
ma,188th,lower,H 57,MAV00000016,lower,"On passing to be engrossed the House Bill making appropriations for the fiscal year 2013 to provide for supplementing certain existing appropriations and for certain other activities and projects (House, No. 57, published as amended).",2013-02-06 00:00:00,other,141,13,4
ma,188th,lower,H 58,MAV00000017,lower,"On passing to be enacted the engrossed [land taking] Bill authorizing the city of Springfield to convey certain park land and to grant a license agreement over certain park land to Unifirst Corporation (see House, No. 58).",2013-04-03 00:00:00,other,152,0,5
ma,188th,lower,H 1432,MAV00000018,lower,"On passing to be engrossed the House Bill expanding juvenile jurisdiction (House, No. 1432, as amended).",2013-05-22 00:00:00,other,154,0,4
ma,188th,lower,H 1836,MAV00000019,lower,"On passing to be enacted the engrossed [land taking] Bill authorizing the city of Malden to convey a sewer easement over a portion of certain park land (see House, No. 1836, changed and amended).",2013-05-15 00:00:00,other,155,0,3
ma,188th,lower,H 2013,MAV00000020,lower,"On adoption of an amendment (offered by Mr. Diehl of Whitman) to the House Order relative to the adoption of permanent rules of the House of Representatives for the years 2013 and 2014 (House, No. 2013).",2013-01-23 00:00:00,other,29,124,5
ma,188th,lower,H 2013,MAV00000021,lower,"On adoption of an amendment (offered by Representatives Diehl of Whitman and O’Connell of Taunton) to the House Order relative to the adoption of permanent rules of the House of Representatives for the years 2013 and 2014 (House, No. 2013).",2013-01-23 00:00:00,other,29,125,4
ma,188th,lower,H 2013,MAV00000022,lower,"On adoption of amendments (offered by Mr. Diehl of Whitman) to the House Order relative to the adoption of permanent rules of the House of Representatives for the years 2013 and 2014 (House, No. 2013).",2013-01-23 00:00:00,other,29,124,5
ma,188th,lower,H 2013,MAV00000023,lower,"On adoption of an amendment (offered by Mr. Lombardo of Billerica) to the House Order relative to the adoption of permanent rules of the House of Representatives for the years 2013 and 2014 (House, No. 2013, amended).",2013-01-23 00:00:00,other,29,126,3
ma,188th,lower,H 2013,MAV00000024,lower,"On adoption of an amendment (offered by Mr. Lombardo of Billerica) to the House Order relative to the adoption of permanent rules of the House of Representatives for the years 2013 and 2014 (House, No. 2013, amended).",2013-01-23 00:00:00,other,29,126,3
ma,188th,lower,H 2013,MAV00000025,lower,"On adoption of an amendment (offered by Mr. Lombardo of Billerica) to the House Order relative to the adoption of permanent rules of the House of Representatives for the years 2013 and 2014 (House, No. 2013, amended).",2013-01-23 00:00:00,other,29,126,3
ma,188th,lower,H 2013,MAV00000026,lower,"On adoption of an amendment (offered by Mr. Kuros of Uxbridge) to the House Order relative to the adoption of permanent rules of the House of Representatives for the years 2013 and 2014 (House, No. 2013, amended).",2013-01-23 00:00:00,other,29,126,3
ma,188th,lower,H 2013,MAV00000027,lower,"On adoption of an amendment (offered by Mr. Boldyga of Southwick) to the House Order relative to the adoption of permanent rules of the House of Representatives for the years 2013 and 2014 (House, No. 2013, amended).",2013-01-23 00:00:00,other,29,126,3
ma,188th,lower,H 2013,MAV00000028,lower,"On adoption of an amendment (offered by Mr. Boldyga of Southwick) to the House Order relative to the adoption of permanent rules of the House of Representatives for the years 2013 and 2014 (House, No. 2013, amended).",2013-01-23 00:00:00,other,29,126,3
ma,188th,lower,H 2013,MAV00000029,lower,"On adoption of an amendment (offered by Mrs. O’Connell of Taunton) to the House Order relative to the adoption of permanent rules of the House of Representatives for the years 2013 and 2014 (House, No. 2013, amended).",2013-01-23 00:00:00,other,29,124,5
ma,188th,lower,H 2013,MAV00000030,lower,"On adoption of an amendment (offered by Mrs. O’Connell of Taunton) to the House Order relative to the adoption of permanent rules of the House of Representatives for the years 2013 and 2014 (House, No. 2013, amended).",2013-01-23 00:00:00,other,29,125,4
ma,188th,lower,H 2013,MAV00000031,lower,"On adoption of an amendment (offered by Mr. Jones of North Reading) to the House Order relative to the adoption of permanent rules of the House of Representatives for the years 2013 and 2014 (House, No. 2013, amended).",2013-01-23 00:00:00,other,29,126,3
ma,188th,lower,H 2013,MAV00000032,lower,"On adoption of an amendment (offered by Mr. Jones of North Reading) to the House Order relative to the adoption of permanent rules of the House of Representatives for the years 2013 and 2014 (House, No. 2013, amended).",2013-01-23 00:00:00,other,29,125,4
ma,188th,lower,H 2013,MAV00000033,lower,"On adoption of an amendment (offered by Mr. Jones of North Reading) to the House Order relative to the adoption of permanent rules of the House of Representatives for the years 2013 and 2014 (House, No. 2013, amended).",2013-01-23 00:00:00,other,29,126,3
ma,188th,lower,H 2013,MAV00000034,lower,"On adoption of amendments (offered by Mr. Jones of North Reading) to the House Order relative to the adoption of permanent rules of the House of Representatives for the years 2013 and 2014 (House, No. 2013, amended).",2013-01-23 00:00:00,other,29,125,4
ma,188th,lower,H 2013,MAV00000035,lower,"On adoption of an amendment (offered by Messrs. Jones of North Reading and Winslow of Norfolk) to the House Order relative to the adoption of permanent rules of the House of Representatives for the years 2013 and 2014 (House, No. 2013, amended).",2013-01-23 00:00:00,other,22,131,5
ma,188th,lower,H 2013,MAV00000036,lower,"On adoption of an amendment (offered by Messrs. Winslow of Norfolk and Jones of North Reading) to the House Order relative to the adoption of permanent rules of the House of Representatives for the years 2013 and 2014 (House, No. 2013, amended).",2013-01-23 00:00:00,other,29,124,5
ma,188th,lower,H 2013,MAV00000037,lower,"On adoption of an amendment (offered by Messrs. Frost of Auburn and Jones of North Reading) to the House Order relative to the adop- tion of permanent rules of the House of Representatives for the years 2013 and 2014 (House, No. 2013, amended).",2013-01-23 00:00:00,other,29,124,5
ma,188th,lower,H 2013,MAV00000038,lower,"On adoption of an amendment (offered by Ms. Orrall of Lakeville) to the House Order relative to the adoption of permanent rules of the House of Representatives for the years 2013 and 2014 (House, No. 2013, amended).",2013-01-23 00:00:00,other,29,124,5
ma,188th,lower,H 2015,MAV00000039,lower,"On adoption of amendments (offered by Mr. Diehl of Whitman) to the House Order relative to the adoption of permanent Joint Rules for the years 2013 and 2014 (House, No. 2015).",2013-01-23 00:00:00,other,29,125,4
ma,188th,lower,H 2015,MAV00000040,lower,"On adoption of an amendment (offered by Mr. Jones of North Reading) to the House Order relative to the adoption of permanent Joint Rules for the years 2013 and 2014 (House, No. 2015).",2013-01-23 00:00:00,other,29,126,3
ma,188th,lower,H 2015,MAV00000041,lower,"On adoption of an amendment (offered by Mr. Jones of North Reading) to the House Order relative to the adoption of permanent Joint Rules for the years 2013 and 2014 (House, No. 2015).",2013-01-23 00:00:00,other,29,126,3
ma,188th,lower,H 2015,MAV00000042,lower,"On adoption of an amendment (offered by Mr. Jones of North Reading) to the House Order relative to the adoption of permanent Joint Rules for the years 2013 and 2014 (House, No. 2015).",2013-01-23 00:00:00,other,29,126,3
ma,188th,lower,H 2015,MAV00000043,lower,"On adoption of an amendment (offered by Mr. D’Emilia of Bridgewater) to the House Order relative to the adoption of permanent Joint Rules for the years 2013 and 2014 (House, No. 2015).",2013-01-23 00:00:00,other,29,126,3
ma,188th,lower,H 2015,MAV00000044,lower,"On adoption of amendments (offered by Mr. Jones of North Reading) to the House Order relative to the adoption of permanent Joint Rules for the years 2013 and 2014 (House, No. 2015).",2013-01-23 00:00:00,other,29,126,3
ma,188th,lower,H 2015,MAV00000045,lower,"On adoption of an amendment (offered by Mr. Jones of North Reading) to the House Order relative to the adoption of permanent Joint Rules for the years 2013 and 2014 (House, No. 2015).",2013-01-23 00:00:00,other,29,125,4
ma,188th,lower,H 3331,MAV00000047,lower,"On passing to be engrossed the House Bill supplementing certain existing capital spending authorizations (printed in House, No. 3331).",2013-06-18 00:00:00,other,153,0,3
ma,188th,lower,H 3331,MAV00000048,lower,"On passing to be enacted the engrossed Bill supplementing certain existing capital spending authorizations (see House bill printed in House, No. 3331, amended).",2013-06-19 00:00:00,other,150,0,6
ma,188th,lower,H 3336,MAV00000049,lower,"On passing to be enacted the engrossed [land taking] Bill relative to certain parcels of land in the city of Revere (see House, No. 3336, changed and amended).",2013-05-15 00:00:00,other,154,0,4
ma,188th,lower,H 3379,MAV00000050,lower,"On adoption of an amendment (offered by Mr. Jones of North Reading, et al) to the House Order relative to special procedures for consideration of the House Bill relative to financing improvements to the Commonwealth’s transportation system (House, No. 3379) and the House Bill relative to transportation finance (House, No. 3382) (for order, see House, No. 3381).",2013-04-03 00:00:00,other,30,123,4
ma,188th,lower,H 3379,MAV00000051,lower,"On adoption of an amendment (offered by Mr. Jones of North Reading, et al) to the House Order relative to special procedures for consideration of the House Bill relative to financing improvements to the Commonwealth’s transportation system (House, No. 3379) and the House Bill relative to transportation finance (House, No. 3382) (for order, see House, No. 3381).",2013-04-03 00:00:00,other,29,124,4
ma,188th,lower,H 3379,MAV00000052,lower,"On adoption of the Order relative to special procedures for consideration of the House Bill relative to financing improvements to the Commonwealth’s transportation system (House, No. 3379) and the House Bill relative to transportation finance (House, No. 3382) (House, No. 3381).",2013-04-03 00:00:00,other,120,30,7
ma,188th,lower,H 3379,MAV00000053,lower,"On passing to be engrossed the House Bill financing improve- ments to the Commonwealth’s transportation system (House, No. 3379, amended).",2013-04-24 00:00:00,other,156,0,1
ma,188th,lower,H 3379,MAV00000054,lower,"On passing to be enacted the engrossed [state loan] Bill financing improvements to the Commonwealth’s transportation system (see House, No. 3379, amended).",2013-05-15 00:00:00,other,156,0,2
ma,188th,lower,H 3382,MAV00000055,lower,"On adoption of an amendment (offered by Mr. Jones of North Reading, et al) to the House Bill relative to transportation finance (House, No. 3382).",2013-04-03 00:00:00,other,30,123,4
ma,188th,lower,H 3382,MAV00000056,lower,"On ordering to a third reading the House Bill relative to transportation finance (House, No. 3382).",2013-04-03 00:00:00,other,120,31,6
ma,188th,lower,H 3382,MAV00000057,lower,"On a question: ""Shall the decision of the chair stand as the judgment of the House?"" in relation to a point of order raised by Mr. McMurtry of Dedham relative to an amendment (offered by Mr. Hill of Ipswich) to the House Bill relative to transportation finance (House, No. 3382).",2013-04-08 00:00:00,other,122,30,5
ma,188th,lower,H 3382,MAV00000058,lower,"On adoption of an amendment (offered by Messrs. Sciortino of Medford and Garballey of Arlington) to the House Bill relative to transportation finance (House, No. 3382).",2013-04-08 00:00:00,other,46,105,6
ma,188th,lower,H 3382,MAV00000059,lower,"On adoption of an amendment (offered by Ms. Provost of Somerville) to the House Bill relative to transportation finance (House, No. 3382).",2013-04-08 00:00:00,other,38,114,5
ma,188th,lower,H 3382,MAV00000060,lower,"On adoption of an amendment (offered by Messrs. Lombardo of Billerica and Lyons of Andover) to the House Bill relative to transportation finance (House, No. 3382).",2013-04-08 00:00:00,other,32,120,5
ma,188th,lower,H 3382,MAV00000061,lower,"On adoption of an amendment (offered by Mr. Jones of North Reading, et al) to the House Bill relative to transportation finance (House, No. 3382).",2013-04-08 00:00:00,other,32,120,5
ma,188th,lower,H 3382,MAV00000062,lower,"On a question: “Shall the decision of the chair stand as the judgment of the House?” in relation to a point of order raised by Mr. McMurtry of Dedham relative to an amendment (offered by Mr. Diehl of Whitman) to the House Bill relative to transportation finance (House, No. 3382).",2013-04-08 00:00:00,other,118,30,9
ma,188th,lower,H 3382,MAV00000063,lower,"On adoption of an amendment (offered by Mr. Beaton of Shrewsbury, et al) to the House Bill relative to transportation finance (House, No. 3382, amended).",2013-04-08 00:00:00,other,54,97,6
ma,188th,lower,H 3382,MAV00000064,lower,"On adoption of an amendment (offered by Mr. Jones of North Reading, et al) to the House Bill relative to transportation finance (House, No. 3382, amended).",2013-04-08 00:00:00,other,28,124,5
ma,188th,lower,H 3382,MAV00000065,lower,"On adoption of an amendment (offered by Mr. Jones of North Reading, et al) to the House Bill relative to transportation finance (House, No. 3382, amended).",2013-04-08 00:00:00,other,45,106,6
ma,188th,lower,H 3382,MAV00000066,lower,"On adoption of an amendment (offered by Mr. Jones of North Reading, et al) to the House Bill relative to transportation finance (House, No. 3382, amended).",2013-04-08 00:00:00,other,48,103,6
ma,188th,lower,H 3382,MAV00000067,lower,"On adoption of an amendment (offered by Mr. Frost of Auburn) to the House Bill relative to transportation finance (House, No. 3382, amended).",2013-04-08 00:00:00,other,53,95,9
ma,188th,lower,H 3382,MAV00000068,lower,"On adoption of an amendment (offered by Mr. Hunt of Sandwich, et al) to the House Bill relative to transportation finance (House, No. 3382, amended).",2013-04-08 00:00:00,other,44,108,5
ma,188th,lower,H 3382,MAV00000069,lower,"On adoption of an amendment (offered by Mr. Lombardo of Billerica, et al) to the House Bill relative to transportation finance (House, No. 3382, amended).",2013-04-08 00:00:00,other,47,104,6
ma,188th,lower,H 3382,MAV00000070,lower,"On adoption of a further amendment (offered by Mr. Straus of Mattapoisett) to the amendment offered by Mr. Jones of North Reading, et als, to the House Bill relative to transportation finance (House, No. 3382, amended).",2013-04-08 00:00:00,other,108,42,7
ma,188th,lower,H 3382,MAV00000071,lower,"On adoption of an amendment (offered by Mr. Jones of North Reading, et al) to the House Bill relative to transportation finance (House, No. 3382, amended).",2013-04-08 00:00:00,other,28,123,6
ma,188th,lower,H 3382,MAV00000072,lower,"On a question: “Shall the decision of the chair stand as the judgment of the House?” in relation to a point of order raised by Mr. McMurtry of Dedham relative to an amendment (offered by Representatives O’Connell of Taunton and Lombardo of Billerica) to the House Bill relative to transportation finance (House, No. 3382).",2013-04-08 00:00:00,other,123,29,5
ma,188th,lower,H 3382,MAV00000073,lower,"On adoption of an amendment (offered by Mr. Barrows of Mansfield) to the House Bill relative to transportation finance (House, No. 3382, amended).",2013-04-08 00:00:00,other,42,107,8
ma,188th,lower,H 3382,MAV00000074,lower,"On adoption of an amendment (offered by Mr. Winslow of Norfolk) to the House Bill relative to transportation finance (House, No. 3382, amended).",2013-04-08 00:00:00,other,41,107,9
ma,188th,lower,H 3382,MAV00000075,lower,"On adoption of an amendment (offered by Mr. Winslow of Norfolk) to the House Bill relative to transportation finance (House, No. 3382, amended).",2013-04-08 00:00:00,other,41,109,7
ma,188th,lower,H 3382,MAV00000076,lower,"On a question: “Shall the decision of the chair stand as the judgment of the House?” in relation to a point of order raised by Mr. McMurtry of Dedham relative to an amendment (offered by Mr. Frost of Auburn, et al) to the House Bill relative to transportation finance (House, No. 3382).",2013-04-08 00:00:00,other,124,28,5
ma,188th,lower,H 3382,MAV00000077,lower,"On adoption of an amendment (offered by Mr. Frost of Auburn, et al) to the House Bill relative to transportation finance (House, No. 3382, amended).",2013-04-08 00:00:00,other,28,124,5
ma,188th,lower,H 3400,MAV00000078,lower,"On adoption of an Order relative to special procedures for consideration of the House Bill making appropriations for the fiscal year 2014 for the maintenance of departments, boards, commissions, institutions and certain activities of the Commonwealth, for interest, sinking fund and serial bond requirements and for certain permanent improvements (House, No. 3400) (for order, see House, No. 3399).",2013-04-08 00:00:00,other,123,29,5
ma,188th,lower,H 3400,MAV00000079,lower,"On adoption of an amendment (tax rates) (offered by Mr. Jones of North Reading) to the House Bill making appropriations for the fiscal year 2014 (House, No. 3400).",2013-04-22 00:00:00,other,35,120,2
ma,188th,lower,H 3400,MAV00000080,lower,"On adoption of a further amendment (offered by Mr. Kulik of Worthington) to the amendment offered by Mr. Lombardo of Billerica, et al, to the House Bill making appropriations for the fiscal year 2014 (House, No. 3400, amended).",2013-04-22 00:00:00,other,116,38,3
ma,188th,lower,H 3400,MAV00000081,lower,"On adoption of a further amendment (offered by Mr. Kaufman of Lexington) to the amendment offered by Mrs. Orrall of Lakeville, et al, to the House Bill making appropriations for the fiscal year 2014 (House, No. 3400, amended).",2013-04-22 00:00:00,other,115,39,3
ma,188th,lower,H 3400,MAV00000082,lower,"On adoption of an amendment (income tax credit) (offered by Mr. Howitt of Seekonk) to the House Bill making appropriations for the fiscal year 2014 (House, No. 3400, amended).",2013-04-22 00:00:00,other,33,120,4
ma,188th,lower,H 3400,MAV00000083,lower,"On adoption of an amendment (higher education endowments) (offered by Mr. Scaccia of Boston) to the House Bill making appropriations for the fiscal year 2014 (House, No. 3400, amended).",2013-04-22 00:00:00,other,11,144,2
ma,188th,lower,H 3400,MAV00000084,lower,"On adoption of an amendment (tax amnesty) (offered by Mr. Diehl of Whitman, et al) to the House Bill making appropriations for the fiscal year 2014 (House, No. 3400, amended).",2013-04-22 00:00:00,other,40,116,1
ma,188th,lower,H 3400,MAV00000085,lower,"On adoption of a further amendment (offered by Mr. Sánchez of Boston) to the amendment offered by Mr. Lombardo of Billerica, et al, to the House Bill making appropriations for the fiscal year 2014 (House, No. 3400, amended).",2013-04-22 00:00:00,other,107,46,4
ma,188th,lower,H 3400,MAV00000086,lower,"On adoption of an amendment (education grant) (offered by Mr. Frost of Auburn) to the House Bill making appropriations for the fiscal year 2014 (House, No. 3400, amended).",2013-04-22 00:00:00,other,30,125,2
ma,188th,lower,H 3400,MAV00000087,lower,"On adoption of an amendment (education aid) (offered by Mr. Hill of Ipswich, et al) to the House Bill making appropriations for the fiscal year 2014 (House, No. 3400, amended).",2013-04-22 00:00:00,other,41,115,1
ma,188th,lower,H 3400,MAV00000088,lower,"On adoption of consolidated amendments (Education and Local Aid) (offered by Mr. Dempsey of Haverhill) to the House Bill making appropriations for the fiscal year 2014 (House, No. 3400, amended).",2013-04-22 00:00:00,other,156,0,1
ma,188th,lower,H 3400,MAV00000089,lower,"On adoption of consolidated amendments (Constitutional Officers and State Administration) (offered by Mr. Dempsey of Haverhill) to the House Bill making appropriations for the fiscal year 2014 (House, No. 3400, amended).",2013-04-22 00:00:00,other,153,0,4
ma,188th,lower,H 3400,MAV00000090,lower,"On adoption of an amendment (sanctuary cities) (offered by Mr. Lombardo of Billerica, et al) to the House Bill making appropriations for the fiscal year 2014 (House, No. 3400, amended).",2013-04-23 00:00:00,other,31,125,1
ma,188th,lower,H 3400,MAV00000091,lower,"On adoption of an amendment (state land) (offered by Mr. Lombardo of Billerica, et al) to the House Bill making appropriations for the fiscal year 2014 (House, No. 3400, amended).",2013-04-23 00:00:00,other,32,124,1
ma,188th,lower,H 3400,MAV00000092,lower,"On adoption of an amendment (food and soft drink regulations) (offered by Mr. Frost of Auburn) to the House Bill making appro- priations for the fiscal year 2014 (House, No. 3400, amended).",2013-04-23 00:00:00,other,29,126,2
ma,188th,lower,H 3400,MAV00000093,lower,"On adoption of a further amendment (offered by Mr. O’Flaherty of Chelsea) to the amendment offered by Mr. Miceli of Wilmington to the House Bill making appropriations for the fiscal year 2014 (House, No. 3400, amended).",2013-04-23 00:00:00,other,119,38,0
ma,188th,lower,H 3400,MAV00000094,lower,"On adoption of an amendment (spending commission) (offered by Messrs. Lyons of Andover and Lombardo of Billerica) to the House Bill making appropriations for the fiscal year 2014 (House, No. 3400, amended).",2013-04-23 00:00:00,other,29,126,2
ma,188th,lower,H 3400,MAV00000095,lower,"On adoption of consolidated amendments (Energy and Environmental Affairs) (offered by Mr. Dempsey of Haverhill) to the House Bill making appropriations for the fiscal year 2014 (House, No. 3400, amended).",2013-04-23 00:00:00,other,137,20,0
ma,188th,lower,H 3400,MAV00000096,lower,"On adoption of consolidated amendments (Veterans and Soldiers Homes) (offered by Mr. Dempsey of Haverhill) to the House Bill making appropriations for the fiscal year 2014 (House, No. 3400, amended).",2013-04-23 00:00:00,other,157,0,0
ma,188th,lower,H 3400,MAV00000097,lower,"On adoption of a further amendment (offered by Mr. Straus of Mattapoisett) to the amendment offered by Mrs. O’Connell of Taunton, et al, to the House Bill making appropriations for the fiscal year 2014 (House, No. 3400, amended).",2013-04-23 00:00:00,other,157,0,0
ma,188th,lower,H 3400,MAV00000098,lower,"On adoption of an amendment (Turnpike tolls) (offered by Mr. Frost of Auburn, et al) to the House Bill making appropriations for the fiscal year 2014 (House, No. 3400, amended).",2013-04-23 00:00:00,other,30,127,0
ma,188th,lower,H 3400,MAV00000099,lower,"On adoption of a further amendment (offered by Mr. Conroy of Wayland) to the amendment offered by Mr. Jones of North Reading, et al, to the House Bill making appropriations for the fiscal year 2014 (House, No. 3400, amended).",2013-04-23 00:00:00,other,106,51,0
ma,188th,lower,H 3400,MAV00000100,lower,"On adoption of a further amendment (offered by Mr. Conroy of Wayland) to the amendment offered by Mr. Jones of North Reading, et al, to the House Bill making appropriations for the fiscal year 2014 (House, No. 3400, amended).",2013-04-23 00:00:00,other,110,47,0
ma,188th,lower,H 3400,MAV00000101,lower,"On adoption of an amendment (transitional assistance) (offered by Mrs. O’Connell of Taunton, et al) to the House Bill making appropriations for the fiscal year 2014 (House, No. 3400, amended).",2013-04-23 00:00:00,other,31,126,0
ma,188th,lower,H 3400,MAV00000102,lower,"On adoption of amendments (housing) (offered by Mrs. O’Connell of Taunton, et al) to the House Bill making appropriations for the fiscal year 2014 (House, No. 3400, amended).",2013-04-23 00:00:00,other,43,113,1
ma,188th,lower,H 3400,MAV00000103,lower,"On adoption of an amendment (EBT violations) (offered by Mrs. O’Connell of Taunton) to the House Bill making appropriations for the fiscal year 2014 (House, No. 3400, amended).",2013-04-23 00:00:00,other,40,117,0
ma,188th,lower,H 3400,MAV00000104,lower,"On a question: “Shall the decision of the chair stand as the judgment of the House?” in relation to a point of order raised by Ms. Reinstein of Revere relative to an amendment (offered by Mrs. O’Connell of Taunton, et al) to the House Bill making appropriations for the fiscal year 2014 (House, No. 3400, amended).",2013-04-23 00:00:00,other,144,13,0
ma,188th,lower,H 3400,MAV00000105,lower,"On adoption of an amendment (fraud bureau) (offered by Mrs. O’Connell of Taunton) to the House Bill making appropriations for the fiscal year 2014 (House, No. 3400, amended).",2013-04-23 00:00:00,other,32,125,0
ma,188th,lower,H 3400,MAV00000106,lower,"On adoption of a further amendment (offered by Mr. Conroy of Wayland) to the amendment offered by Representatives O’Connell of Taunton and Hunt of Sandwich to the House Bill making appropriations for the fiscal year 2014 (House, No. 3400, amended).",2013-04-23 00:00:00,other,128,29,0
ma,188th,lower,H 3400,MAV00000107,lower,"On adoption of consolidated amendments (Housing and Social Services) (offered by Mr. Dempsey of Haverhill) to the House Bill making appropriations for the fiscal year 2014 (House, No. 3400, amended).",2013-04-24 00:00:00,other,128,28,1
ma,188th,lower,H 3400,MAV00000108,lower,"On adoption of consolidated amendments (Public Health) (offered by Mr. Dempsey of Haverhill) to the House Bill making appropriations for the fiscal year 2014 (House, No. 3400, amended).",2013-04-24 00:00:00,other,152,4,1
ma,188th,lower,H 3400,MAV00000109,lower,"On adoption of a further amendment (offered by Mr. O’Flaherty of Chelsea) to the amendment offered by Messrs. Lyons of Andover and Lombardo of Billerica to the House Bill making appropriations for the fiscal year 2014 (House, No. 3400, amended).",2013-04-24 00:00:00,other,112,44,1
ma,188th,lower,H 3400,MAV00000110,lower,"On adoption of consolidated amendments (Mental Health and Disability Services) (offered by Mr. Dempsey of Haverhill) to the House Bill making appropriations for the fiscal year 2014 (House, No. 3400, amended).",2013-04-24 00:00:00,other,155,1,1
ma,188th,lower,H 3400,MAV00000111,lower,"On adoption of consolidated amendments (Health and Human Services and Elder Affairs) (offered by Mr. Dempsey of Haverhill) to the House Bill making appropriations for the fiscal year 2014 (House, No. 3400, amended).",2013-04-24 00:00:00,other,156,0,1
ma,188th,lower,H 3400,MAV00000112,lower,"On adoption of consolidated amendments (Public Safety and Judiciary) (offered by Mr. Dempsey of Haverhill) to the House Bill making appropriations for the fiscal year 2014 (House, No. 3400, amended).",2013-04-24 00:00:00,other,155,0,2
ma,188th,lower,H 3400,MAV00000113,lower,"On adoption of consolidated amendments (Business and Economic Development) (offered by Mr. Dempsey of Haverhill) to the House Bill making appropriations for the fiscal year 2014 (House, No. 3400, amended).",2013-04-24 00:00:00,other,156,0,1
ma,188th,lower,H 3401,MAV00000114,lower,"On passing to be engrossed the House Bill making appropriations for the fiscal year 2014 (House, No. 3401, published as amended).",2013-04-24 00:00:00,other,127,29,1
ma,188th,lower,H 3415,MAV00000115,lower,"On passing to be engrossed the House Bill relative to transportation finance (House, No. 3415, published as amended).",2013-04-08 00:00:00,other,97,55,5
ma,188th,lower,H 3450,MAV00000116,lower,"On passing to be engrossed the House Bill authorizing the mayor of the city of Somerville to appoint Sean A. Collier a police officer of the city of Somerville (House, No. 3450).",2013-05-22 00:00:00,other,153,0,5
ma,188th,lower,H 3452,MAV00000117,lower,"On adoption of an amendment (offered by Mr.Winslow of Norfolk) to the House Bill implementing the Affordable Care Act and providing further access to affordable health care (House, No. 3452).",2013-06-19 00:00:00,other,32,118,6
ma,188th,lower,H 3452,MAV00000118,lower,"On adoption of an amendment (offered by Mr.Winslow of Norfolk) to the House Bill implementing the Affordable Care Act and providing further access to affordable health care (House, No. 3452, amended).",2013-06-19 00:00:00,other,34,116,6
ma,188th,lower,H 3452,MAV00000119,lower,"On a motion (Mr. Jones of North Reading) to recommit to the com- mittee on Ways and Means the House Bill implementing the Affordable Care Act and providing further access to affordable health care (House, No. 3452).",2013-06-19 00:00:00,other,31,119,6
ma,188th,lower,H 3452,MAV00000120,lower,"On passing to be engrossed the House Bill implementing the Affordable Care Act and providing further access to affordable health care (House, No. 3452, amended).",2013-06-19 00:00:00,other,118,32,6
ma,188th,lower,H 3488,MAV00000121,lower,"On passing to be engrossed the House Bill relative to the terms of certain bonds issued by the Commonwealth (House, No. 3488).",2013-06-05 00:00:00,other,149,0,8
ma,188th,lower,H 3492,MAV00000122,lower,"On adoption of an amendment (offered by Mr. Diehl of Whitman) to the House Bill financing the production and preservation of housing for low and moderate income residents (House, No. 3492).",2013-06-05 00:00:00,other,27,124,6
ma,188th,lower,H 3492,MAV00000123,lower,"On adoption of amendments (offered by Mr. Diehl of Whitman) to the House Bill financing the production and preservation of housing for low and moderate income residents (House, No. 3492).",2013-06-05 00:00:00,other,51,98,8
ma,188th,lower,H 3492,MAV00000124,lower,"On adoption of an amendment (offered by Mr. Lyons of Andover) to the House Bill financing the production and preservation of housing for low and moderate income residents (House, No. 3492).",2013-06-05 00:00:00,other,48,102,7
ma,188th,lower,H 3492,MAV00000125,lower,"On adoption of an amendment (offered by Mr. Lyons of Andover) to the House Bill financing the production and preservation of housing for low and moderate income residents (House, No. 3492).",2013-06-05 00:00:00,other,43,107,7
ma,188th,lower,H 3492,MAV00000126,lower,"On adoption of an amendment (offered by Mr. Jones of North Reading, et al) to the House Bill financing the production and preservation of housing for low and moderate income residents (House, No. 3492, amended).",2013-06-05 00:00:00,other,123,27,7
ma,188th,lower,H 3492,MAV00000127,lower,"On passing to be engrossed the House Bill financing the production and preservation of housing for low and moderate income residents (House, No. 3492, amended).",2013-06-05 00:00:00,other,150,0,7
ma,188th,lower,H 3514,MAV00000128,lower,"On adoption of an amendment (offered by Representatives Diehl of Whitman and O’Connell of Taunton) to the House Bill making appropriations for the fiscal year 2013 to provide for supplementing certain existing appropriations and for certain other activities and projects (House, No. 3514, amended).",2013-06-18 00:00:00,other,13,139,4
ma,188th,lower,H 3514,MAV00000129,lower,"On adoption of an amendment (offered by Mrs. Harrington of Groton, et al) to the House Bill making appropriations for the fiscal year 2013 to provide for supplementing certain existing appropriations and for certain other activities and projects (House, No. 3514, amended).",2013-06-18 00:00:00,other,48,102,6
ma,188th,lower,H 3514,MAV00000130,lower,"On adoption of an amendment (offered by Mrs. O’Connell of Taunton) to the House Bill making appropriations for the fiscal year 2013 to provide for supplementing certain existing appropriations and for certain other activities and projects (House, No. 3514, amended).",2013-06-18 00:00:00,other,10,141,5
ma,188th,lower,H 3514,MAV00000131,lower,"On adoption of an amendment (offered by Mrs. O’Connell of Taunton) to the House Bill making appropriations for the fiscal year 2013 to provide for supplementing certain existing appropriations and for certain other activities and projects (House, No. 3514, amended).",2013-06-18 00:00:00,other,44,104,8
ma,188th,lower,H 3514,MAV00000132,lower,"On adoption of an amendment (offered by Mrs. O’Connell of Taunton) to the House Bill making appropriations for the fiscal year 2013 to provide for supplementing certain existing appropriations and for certain other activities and projects (House, No. 3514, amended).",2013-06-18 00:00:00,other,40,112,4
ma,188th,lower,H 3514,MAV00000133,lower,"On adoption of an amendment (offered by Mrs. O’Connell of Taunton) to the House Bill making appropriations for the fiscal year 2013 to provide for supplementing certain existing appropriations and for certain other activities and projects (House, No. 3514, amended).",2013-06-18 00:00:00,other,44,108,4
ma,188th,lower,H 3514,MAV00000134,lower,"On adoption of an amendment (offered by Representatives O’Connell of Taunton and Diehl of Whitman) to the House Bill making appropriations for the fiscal year 2013 to provide for supplementing certain existing appropriations and for certain other activities and projects (House, No. 3514, amended).",2013-06-18 00:00:00,other,46,107,3
ma,188th,lower,H 3514,MAV00000135,lower,"On adoption of an amendment (offered by Representatives Hecht of Watertown and Farley-Bouvier of Pittsfield) to the House Bill making appropriations for the fiscal year 2013 to provide for supplementing certain existing appropriations and for certain other activities and projects (House, No. 3514, amended).",2013-06-18 00:00:00,other,14,139,3
ma,188th,lower,H 3514,MAV00000136,lower,"On adoption of a further amendment (offered by Mr. Diehl of Whitman) to the amendment offered by Representatives Diehl of Whitman and O’Connell of Taunton, to the House Bill making appropriations for the fiscal year 2013 to provide for supplementing certain existing appropriations and for certain other activities and projects (House, No. 3514, amended).",2013-06-18 00:00:00,other,37,116,3
ma,188th,lower,H 3514,MAV00000137,lower,"On adoption of an amendment (offered by Representatives Cole of Peabody and O’Connell of Taunton) to the House Bill Bill making appropriations for the fiscal year 2013 to provide for supplementing certain existing appropriations and for certain other activities and projects (House, No. 3514, amended).",2013-06-18 00:00:00,other,153,0,3
ma,188th,lower,H 3522,MAV00000138,lower,"On passing to be engrossed the House Bill making appropriations for the fiscal year 2013 to provide for supplementing certain existing appropriations and for certain other activities and projects (House, No. 3522, published as amended).",2013-06-18 00:00:00,other,153,0,3
ma,188th,lower,H 3535,MAV00000139,lower,motion postpone to June 27 at 1pm,2013-06-26 00:32:02,other,31,120,5
ma,188th,lower,H 3535,MAV00000140,lower,On acceptance of conference comm. report,2013-06-26 00:46:04,other,106,47,3
ma,188th,lower,H 3535,MAV00000141,lower,Reconsideration           conference comm. report,2013-06-26 00:50:04,other,38,115,3
ma,188th,lower,H 3535,MAV00000142,lower,"On adoption of a further amendment (offered by Mr. Dempsey of Haverhill) to the amendment offered by His Excellency the Governor to the engrossed Bill relative to transportation finance (House, No. 3535).",2013-07-17 00:00:00,other,123,31,3
ma,188th,lower,H 3535,MAV00000143,lower,"On adoption of an amendment (offered by Mr. Jones of North Reading, et al) to the engrossed Bill relative to transportation finance (House, No. 3535, amended).",2013-07-17 00:00:00,other,32,122,3
ma,188th,lower,H 3535,MAV00000144,lower,"On adoption of an amendment (offered by Mr. Hill of Ipswich, et al) to the engrossed Bill relative to transportation finance (House, No. 3535, amended).",2013-07-17 00:00:00,other,40,114,3
ma,188th,lower,H 3535,MAV00000145,lower,"On passing, notwithstanding the objections of His Excellency the Governor, the engrossed Bill relative to transportation finance (see House, No. 3535, amended).",2013-07-24 00:00:00,other,123,33,1
ma,188th,lower,H 3538,MAV00000146,lower,On acceptance of the conference report,2013-07-01 00:55:01,other,124,29,3
ma,188th,lower,H 3538,MAV00000147,lower,"On passing item 1595-6368 (Transportation trust fund), notwith- standing the objections (in part) of His Excellency the Governor, contained in section 2 of the engrossed Bill making appropriations for the fiscal year 2014 (see House, No. 3538).",2013-07-24 00:00:00,other,156,0,1
ma,188th,lower,H 3538,MAV00000148,lower,"On passing item 1595-6369 (CTF transfer to MBTA), notwith- standing the objections (in part) of His Excellency the Governor, contained in section 2 of the engrossed Bill making appropriations for the fiscal year 2014 (see House, No. 3538).",2013-07-24 00:00:00,other,156,0,1
ma,188th,lower,H 3538,MAV00000149,lower,"On passing item 1595-6370 (CTF Transfer to RTA), notwith- standing the objections (in part) of His Excellency the Governor, contained in section 2 of the engrossed Bill making appropriations for the fiscal year 2014 (see House, No. 3538).",2013-07-24 00:00:00,other,156,0,1
ma,188th,lower,H 3538,MAV00000150,lower,"On passing item 1233-2350 (Unrestricted local aid), notwith- standing the objections (in part) of His Excellency the Governor, contained in section 2 of the engrossed Bill making appropriations for the fiscal year 2014 (see House, No. 3538).",2013-07-24 00:00:00,other,156,0,1
ma,188th,lower,H 3538,MAV00000151,lower,"On passing item 0526-0100 (Historical Commission), notwith- standing the objections (in part) of His Excellency the Governor, contained in section 2 of the engrossed Bill making appropriations for the fiscal year 2014 (see House, No. 3538).",2013-07-24 00:00:00,other,126,30,1
ma,188th,lower,H 3538,MAV00000152,lower,"On passing item 1599-7104 (Dartmouth /Bristol Community College), notwithstanding the objections (in part) of His Excellency the Governor, contained in section 2 of the engrossed Bill making appropriations for the fiscal year 2014 (see House, No. 3538).",2013-07-24 00:00:00,other,156,0,1
ma,188th,lower,H 3538,MAV00000153,lower,"On passing item 4000-0300 (MassHealth Administration), notwithstanding the objections (in part) of His Excellency the Governor, contained in section 2 of the engrossed Bill making appropriations for the fiscal year 2014 (see House, No. 3538).",2013-07-24 00:00:00,other,155,0,2
ma,188th,lower,H 3538,MAV00000154,lower,"On passing item 4510-0112 (Postpartum depression program), notwithstanding the objections (in part) of His Excellency the Governor, contained in section 2 of the engrossed Bill making appropriations for the fiscal year 2014 (see House, No. 3538).",2013-07-24 00:00:00,other,156,0,1
ma,188th,lower,H 3538,MAV00000155,lower,"On passing, notwithstanding the objections of His Excellency the Governor, section 3 (Unrestricted Local Aid) of the engrossed Bill making appropriations for the fiscal year 2014 (see House, No. 3538).",2013-07-24 00:00:00,other,156,0,1
ma,188th,lower,H 3538,MAV00000156,lower,"On passing item 4800-1400 (Domestic violence services), not- withstanding the objections (in part) of His Excellency the Governor, contained in section 2 of the engrossed Bill making appropriations for the fiscal year 2014 (see House, No. 3538).",2013-07-24 00:00:00,other,156,0,1
ma,188th,lower,H 3538,MAV00000157,lower,"On passing item 7004-0108 (Short-term housing), notwith- standing the objections (in part) of His Excellency the Governor, contained in section 2 of the engrossed Bill making appropriations for the fiscal year 2014 (see House, No. 3538).",2013-07-24 00:00:00,other,155,1,1
ma,188th,lower,H 3538,MAV00000158,lower,"On passing item 7004-9005 (Housing subsidies), notwithstanding the objections (in part) of His Excellency the Governor, contained in section 2 of the engrossed Bill making appropriations for the fiscal year 2014 (see House, No. 3538).",2013-07-24 00:00:00,other,126,30,1
ma,188th,lower,H 3538,MAV00000159,lower,"On passing item 7010-0005 (Elementary and secondary educa- tion), notwithstanding the objections (in part) of His Excellency the Governor, contained in section 2 of the engrossed Bill making appropriations for the fiscal year 2014 (see House, No. 3538).",2013-07-24 00:00:00,other,125,30,2
ma,188th,lower,H 3538,MAV00000160,lower,"On passing item 7113-0101 (College of Liberal Arts), notwith- standing the objections (in part) of His Excellency the Governor, contained in section 2 of the engrossed Bill making appropriations for the fiscal year 2014 (see House, No. 3538).",2013-07-24 00:00:00,other,126,30,1
ma,188th,lower,H 3538,MAV00000161,lower,"On passing item 7514-0102 (Springfield Technical CC Assistance Corporation), notwithstanding the objections (in part) of His Excellency the Governor, contained in section 2 of the engrossed Bill making appropriations for the fiscal year 2014 (see House, No. 3538).",2013-07-24 00:00:00,other,132,24,1
ma,188th,lower,H 3538,MAV00000162,lower,"On passing item 8000-0600 (Bulletproof vests), notwithstanding the objections (in part) of His Excellency the Governor, contained in section 2 of the engrossed Bill making appropriations for the fiscal year 2014 (see House, No. 3538).",2013-07-24 00:00:00,other,126,30,1
ma,188th,lower,H 3538,MAV00000163,lower,"On passing, notwithstanding the objections of His Excellency the Governor, section 36A (Tramway) of the engrossed Bill making appropriations for the fiscal year 2014 (see House, No. 3538).",2013-07-24 00:00:00,other,156,0,1
ma,188th,lower,H 3538,MAV00000164,lower,"On passing, notwithstanding the objections of His Excellency the Governor, section 37 (Tramway) of the engrossed Bill making appro- priations for the fiscal year 2014 (see House, No. 3538).",2013-07-24 00:00:00,other,156,0,1
ma,188th,lower,H 3538,MAV00000165,lower,"On passing, notwithstanding the objections of His Excellency the Governor, section 135 (Mosquito control projects) of the engrossed Bill making appropriations for the fiscal year 2014 (see House, No. 3538).",2013-07-24 00:00:00,other,156,0,1
ma,188th,lower,H 3538,MAV00000166,lower,"On passing, notwithstanding the objections of His Excellency the Governor, section 181 (Department of Correction food procurement) of the engrossed Bill making appropriations for the fiscal year 2014 (see House, No. 3538).",2013-07-24 00:00:00,other,156,0,1
ma,188th,lower,H 3538,MAV00000167,lower,"On passing item 8100-1001 (State Police), notwithstanding the objections (in part) of His Excellency the Governor, contained in section 2 of the engrossed Bill making appropriations for the fiscal year 2014 (see House, No. 3538).",2013-07-24 00:00:00,other,154,0,3
ma,188th,lower,H 3539,MAV00000187,lower,On acceptance of conference report,2013-07-01 00:07:02,other,153,0,3
ma,188th,lower,H 3539,MAV00000188,lower,"On passing item 0340-1100 (Berkshire District Attorney), not- withstanding the objections (in part) of His Excellency the Governor, contained in section 2 of the engrossed Bill making appropriations for the fiscal year 2013 to provide for supplementing certain existing appropriations and for certain other activities and projects (see House, No. 3539).",2013-07-24 00:00:00,other,132,23,2
ma,188th,lower,H 3539,MAV00000189,lower,"On passing item 1599-0090 (Local disaster projects), notwith- standing the objections (in part) of His Excellency the Governor, contained in section 2A of the engrossed Bill making appropriations for the fiscal year 2013 to provide for supplementing certain existing appropriations and for certain other activities and projects (see House, No. 3539).",2013-07-24 00:00:00,other,155,0,2
ma,188th,lower,H 3539,MAV00000190,lower,"On passing, notwithstanding the objections of His Excellency the Governor, section 37 (State parks and recreation) of the engrossed Bill making appropriations for the fiscal year 2013 to provide for supplementing certain existing appropriations and for certain other activities and projects (see House, No. 3539).",2013-07-24 00:00:00,other,155,0,2
ma,188th,lower,H 3539,MAV00000191,lower,"On passing, notwithstanding the objections of His Excellency the Governor, section 38 (State parks and recreation) of the engrossed Bill making appropriations for the fiscal year 2013 to provide for supplementing certain existing appropriations and for certain other activities and projects (see House, No. 3539).",2013-07-24 00:00:00,other,155,0,2
ma,188th,lower,H 3539,MAV00000192,lower,"On passing item 4590-0925 (Prostate cancer research), notwith- standing the objections (in part) of His Excellency the Governor, contained in section 2A of the engrossed Bill making appropriations for the fiscal year 2013 to provide for supplementing certain existing appropriations and for certain other activities and projects (see House, No. 3539).",2013-07-24 00:00:00,other,156,0,1
ma,188th,lower,H 3539,MAV00000193,lower,"On passing item 7004-0099 (Housing administration), notwith- standing the objections (in part) of His Excellency the Governor, contained in section 2 of the engrossed Bill making appropriations for the fiscal year 2013 to provide for supplementing certain existing appropriations and for certain other activities and projects (see House, No. 3539).",2013-07-24 00:00:00,other,126,29,2
ma,188th,lower,H 3539,MAV00000194,lower,"On passing, notwithstanding the objections of His Excellency the Governor, section 69 (Housing administration) of the engrossed Bill making appropriations for the fiscal year 2013 to provide for supplementing certain existing appropriations and for certain other activities and projects (see House, No. 3539).",2013-07-24 00:00:00,other,125,30,2
ma,188th,lower,H 3539,MAV00000195,lower,"On passing, notwithstanding the objections of His Excellency the Governor, section 44 (Homeless individuals) of the engrossed Bill making appropriations for the fiscal year 2013 to provide for supplementing certain existing appropriations and for certain other activities and projects (see House, No. 3539).",2013-07-24 00:00:00,other,154,0,3
ma,188th,lower,H 3539,MAV00000196,lower,"On passing, notwithstanding the objections of His Excellency the Governor, section 45 (Homeless individuals) of the engrossed Bill making appropriations for the fiscal year 2013 to provide for supplementing certain existing appropriations and for certain other activities and projects (see House, No. 3539).",2013-07-24 00:00:00,other,155,0,2
ma,188th,lower,H 3539,MAV00000197,lower,"On passing item 7006-0009 (New England Board of Higher Education), notwithstanding the objections (in part) of His Excellency the Governor, contained in section 2 of the engrossed Bill making appropriations for the fiscal year 2013 to provide for supplementing certain existing appropriations and for certain other activities and projects (see House, No. 3539).",2013-07-24 00:00:00,other,155,0,2
ma,188th,lower,H 3539,MAV00000198,lower,"On passing item 8910-0106 (Worcester County Sheriff), notwith- standing the objections (in part) of His Excellency the Governor, contained in section 2A of the engrossed Bill making appropriations for the fiscal year 2013 to provide for supplementing certain existing appropriations and for certain other activities and projects (see House, No. 3539).",2013-07-24 00:00:00,other,155,0,2
ma,188th,lower,H 3539,MAV00000199,lower,"On passing item 7004-2027 (Housing/MassDOT), notwithstand- ing the objections (in part) of His Excellency the Governor, con- tained in section 2E of the engrossed Bill making appropriations for the fiscal year 2013 to provide for supplementing certain existing appropriations and for certain other activities and projects (see House, No. 3539).",2013-07-24 00:00:00,other,155,0,2
ma,188th,lower,H 3539,MAV00000200,lower,"On passing, notwithstanding the objections of His Excellency the Governor, section 50 (State Police) of the engrossed Bill making appropriations for the fiscal year 2013 to provide for supplementing certain existing appropriations and for certain other activities and projects (see House, No. 3539).",2013-07-24 00:00:00,other,155,0,2
ma,188th,lower,H 3539,MAV00000201,lower,"On passing, notwithstanding the objections of His Excellency the Governor, section 51 (State Police) of the engrossed Bill making appropriations for the fiscal year 2013 to provide for supplementing certain existing appropriations and for certain other activities and projects (see House, No. 3539).",2013-07-24 00:00:00,other,155,0,2
ma,188th,lower,H 3544,MAV00000210,lower,"On a question: “Shall the decision of the chair stand as the judgment of the House?” in relation to a point of order raised by Mr. Bradley of Hingham relative to an amendment (offered by Mr. Jones of North Reading, et al) to the engrossed Bill relative to transportation finance (House, No. 3544).",2013-07-17 00:00:00,other,123,30,4
ma,188th,lower,H 3556,MAV00000211,lower,"On adoption of an amendment offered by Representatives O’Connell of Taunton, Diehl of Whitman and Kuros of Uxbridge to the engrossed Bill to study the prevention of fraud in the EBT program (see House, No. 3556), being a printed copy of sections 4, 74 and 75 contained in the engrossed Bill making appropriations for the fiscal year 2013 to provide for supplementing certain existing appropriations and for certain other activities and projects (see House, No. 3539).",2013-07-24 00:00:00,other,46,108,3
ma,188th,lower,H 2853,MAV00000216,lower,"On passing to be enacted the engrossed [land taking] Bill relative to the conveyance of real property by the Commonwealth in the town of Falmouth (see House, No. 2853, amended).",2013-07-30 00:00:00,other,152,0,5
ma,188th,lower,H 3411,MAV00000218,lower,"On passing to be enacted the engrossed [land taking] Bill authorizing the town of Hingham to change the use of certain parcels of land in the town (see House, No. 3411).",2013-10-02 00:00:00,other,155,0,4
ma,188th,lower,H 3538,MAV00000219,lower,"On passing item 0330-0300 (Trial Court administration), notwithstanding the objections (in part) of His Excellency the Governor, contained in section 2 of the engrossed Bill making appropriations for the fiscal year 2014 (see House, No. 3538).",2013-07-30 00:00:00,other,156,0,1
ma,188th,lower,H 3538,MAV00000220,lower,"On passing item 1599-0026 (Municipal Regionalization Reserve), notwithstanding the objections (in part) of His Excellency the Governor, contained in section 2 of the engrossed Bill making appropriations for the fiscal year 2014 (see House, No. 3538).",2013-07-30 00:00:00,other,154,2,1
ma,188th,lower,H 3538,MAV00000221,lower,"On passing item 1599-3557 (Social Innovation Financing), notwithstanding the objections (in part) of His Excellency the Governor, contained in section 2 of the engrossed Bill making appropriations for the fiscal year 2014 (see House, No. 3538).",2013-07-30 00:00:00,other,133,24,0
ma,188th,lower,H 3538,MAV00000222,lower,"On passing item 2511-3002 (Integrated Pest Management), notwithstanding the objections (in part) of His Excellency the Governor, contained in section 2 of the engrossed Bill making appropriations for the fiscal year 2014 (see House, No. 3538).",2013-07-30 00:00:00,other,154,3,0
ma,188th,lower,H 3538,MAV00000223,lower,"On passing item 4000-0700 (MassHealth Fee Payments), notwithstanding the objections (in part) of His Excellency the Governor, contained in section 2 of the engrossed Bill making appropriations for the fiscal year 2014 (see House, No. 3538).",2013-07-30 00:00:00,other,127,30,0
ma,188th,lower,H 3538,MAV00000224,lower,"On passing item 4120-4005 (Living Independently for Equity), notwithstanding the objections (in part) of His Excellency the Governor, contained in section 2 of the engrossed Bill making appropriations for the fiscal year 2014 (see House, No. 3538).",2013-07-30 00:00:00,other,157,0,0
ma,188th,lower,H 3538,MAV00000225,lower,"On passing item 4510-0615 (Nuclear Safety Assessments/License Fees), notwithstanding the objections (in part) of His Excellency the Governor, contained in section 2 of the engrossed Bill making appropriations for the fiscal year 2014 (see House, No. 3538).",2013-07-30 00:00:00,other,157,0,0
ma,188th,lower,H 3538,MAV00000226,lower,"On passing item 4512-0200 (Substance Abuse Services), notwith- standing the objections (in part) of His Excellency the Governor, contained in section 2 of the engrossed Bill making appropriations for the fiscal year 2014 (see House, No. 3538).",2013-07-30 00:00:00,other,152,5,0
ma,188th,lower,H 3538,MAV00000227,lower,"On passing item 4800-0038 (Services for Children and Families), notwithstanding the objections (in part) of His Excellency the Governor, contained in section 2 of the engrossed Bill making appropriations for the fiscal year 2014 (see House, No. 3538).",2013-07-30 00:00:00,other,140,17,0
ma,188th,lower,H 3538,MAV00000228,lower,"On passing item 7004-0099 (Housing administration), notwithstanding the objections (in part) of His Excellency the Governor, contained in section 2 of the engrossed Bill making appropriations for the fiscal year 2014 (see House, No. 3538).",2013-07-30 00:00:00,other,129,28,0
ma,188th,lower,H 3538,MAV00000229,lower,"On passing item 7008-0900 (Office of Travel and Tourism), notwithstanding the objections (in part) of His Excellency the Governor, contained in section 2 of the engrossed Bill making appropriations for the fiscal year 2014 (see House, No. 3538).",2013-07-30 00:00:00,other,148,9,0
ma,188th,lower,H 3538,MAV00000230,lower,"On passing item 7053-1925 (School breakfast program), notwithstanding the objections (in part) of His Excellency the Governor, contained in section 2 of the engrossed Bill making appropriations for the fiscal year 2014 (see House, No. 3538).",2013-07-30 00:00:00,other,157,0,0
ma,188th,lower,H 3538,MAV00000231,lower,"On passing item 7066-0000 (Department of Higher Education), notwithstanding the objections (in part) of His Excellency the Governor, contained in section 2 of the engrossed Bill making appropriations for the fiscal year 2014 (see House, No. 3538).",2013-07-30 00:00:00,other,140,17,0
ma,188th,lower,H 3538,MAV00000232,lower,"On passing item 7100-0200 (University of Massachusetts), notwithstanding the objections (in part) of His Excellency the Governor, contained in section 2 of the engrossed Bill making appropriations for the fiscal year 2014 (see House, No. 3538).",2013-07-30 00:00:00,other,134,23,0
ma,188th,lower,H 3538,MAV00000233,lower,"On passing item 8324-0000 (Fire Services), notwithstanding the objections (in part) of His Excellency the Governor, contained in section 2 of the engrossed Bill making appropriations for the fiscal year 2014 (see House, No. 3538).",2013-07-30 00:00:00,other,157,0,0
ma,188th,lower,H 3538,MAV00000234,lower,"On passing item 8900-0001 (Department of Correction), notwithstanding the objections (in part) of His Excellency the Governor, contained in section 2 of the engrossed Bill making appropriations for the fiscal year 2014 (see House, No. 3538).",2013-07-30 00:00:00,other,150,7,0
ma,188th,lower,H 3538,MAV00000235,lower,"On passing item 8910-8700 (Plymouth County Sheriff), notwithstanding the objections (in part) of His Excellency the Governor, contained in section 2 of the engrossed Bill making appropriations for the fiscal year 2014 (see House, No. 3538).",2013-07-30 00:00:00,other,157,0,0
ma,188th,lower,H 3538,MAV00000236,lower,"On passing, notwithstanding the objections of His Excellency the Governor, section 89 (Hospital Residency Program) of the engrossed Bill making appropriations for the fiscal year 2014 (see House, No. 3538).",2013-07-30 00:00:00,other,157,0,0
ma,188th,lower,H 3538,MAV00000237,lower,"On passing, notwithstanding the objections of His Excellency the Governor, section 110 (Collective Bargaining) of the engrossed Bill making appropriations for the fiscal year 2014 (see House, No. 3538).",2013-07-30 00:00:00,other,157,0,0
ma,188th,lower,H 3539,MAV00000238,lower,"On passing item 7004-2027 (Community Investment Grants), notwithstanding the objections (in part) of His Excellency the Governor, contained in section 2E of the engrossed Bill making appropriations for the fiscal year 2013 to provide for supplementing certain existing appropriations and for certain other activities and projects (see House, No. 3539).",2013-07-30 00:00:00,other,136,21,0
ma,188th,lower,H 3539,MAV00000239,lower,"On passing, notwithstanding the objections of His Excellency the Governor, section 46 (Office of Travel and Tourism) of the engrossed Bill making appropriations for the fiscal year 2013 to provide for supplementing certain existing appropriations and for certain other activities and projects (see House, No. 3539).",2013-07-30 00:00:00,other,143,14,0
ma,188th,lower,H 3539,MAV00000240,lower,"On passing, notwithstanding the objections of His Excellency the Governor, section 47 (Office of Travel and Tourism) of the engrossed Bill making appropriations for the fiscal year 2013 to provide for supplementing certain existing appropriations and for certain other activities and projects (see House, No. 3539).",2013-07-30 00:00:00,other,143,14,0
ma,188th,lower,H 3539,MAV00000241,lower,"On passing, notwithstanding the objections of His Excellency the Governor, section 52 (Department of Fire Services) of the engrossed Bill making appropriations for the fiscal year 2013 to provide for supplementing certain existing appropriations and for certain other activities and projects (see House, No. 3539).",2013-07-30 00:00:00,other,157,0,0
ma,188th,lower,H 3539,MAV00000242,lower,"On passing, notwithstanding the objections of His Excellency the Governor, section 53 (Department of Fire Services) of the engrossed Bill making appropriations for the fiscal year 2013 to provide for supplementing certain existing appropriations and for certain other activities and projects (see House, No. 3539).",2013-07-30 00:00:00,other,157,0,0
ma,188th,lower,H 3539,MAV00000243,lower,"On passing item 8900-0001 (Department of Correction), notwithstanding the objections (in part) of His Excellency the Governor, contained in section 2 of the engrossed Bill making appropriations for the fiscal year 2013 to provide for supplementing certain existing appropriations and for certain other activities and projects (see House, No. 3539).",2013-07-30 00:00:00,other,155,2,0
ma,188th,lower,H 3539,MAV00000244,lower,"On passing, notwithstanding the objections of His Excellency the Governor, section 70 (Department of Correction) of the engrossed Bill making appropriations for the fiscal year 2013 to provide for supplementing certain existing appropriations and for certain other activities and projects (see House, No. 3539).",2013-07-30 00:00:00,other,144,13,0
ma,188th,lower,H 3662,MAV00000245,lower,"On a question: “Shall the decision of the chair stand as the judgment of the House?” in relation to a point of order raised by Mr. O’Day of West Boylston relative to an amendment (offered by Mr. Diehl of Whitman) to the House Bill repealing the computer and software services tax (House, No. 3662).",2013-09-25 00:00:00,other,146,11,3
ma,188th,lower,H 3662,MAV00000246,lower,"On a question: “Shall the decision of the chair stand as the judgment of the House?” in relation to a point of order raised by Mr. O’Day of West Boylston relative to an amendment (offered by Mr. Diehl of Whitman) to the House Bill repealing the computer and software services tax (House, No. 3662).",2013-09-25 00:00:00,other,145,11,4
ma,188th,lower,H 3662,MAV00000247,lower,"On passing to be engrossed the House Bill repealing the computer and software services tax (House, No. 3662).",2013-09-25 00:00:00,other,156,1,3
ma,188th,lower,H 3672,MAV00000248,lower,"On passing to be engrossed the House Bill relative to pharmacy practice in the Commonwealth (House, No. 3672, amended).",2013-10-02 00:00:00,other,157,0,2
ma,188th,lower,H 3376,MAV00000254,lower,"On passing to be engrossed the House Resolve relating to the Tribal- State Compact between the Mashpee Wampanoag Tribe and the Commonwealth of Massachusetts (printed in House, No. 3376).",2013-10-09 00:00:00,other,116,38,5
ma,188th,lower,H 3314,MAV00000255,lower,On Enactment          Land Taking,2013-10-30 00:16:12,other,154,0,5
ma,188th,lower,H 3728,MAV00000256,lower,On adoption of   amendment #1,2013-10-30 00:16:01,other,29,127,3
ma,188th,lower,H 3728,MAV00000257,lower,On adoption of   amendment #2,2013-10-30 00:23:01,other,30,123,6
ma,188th,lower,H 3728,MAV00000258,lower,On adoption of     order,2013-10-30 00:29:01,other,127,29,3
ma,188th,lower,H 4100,MAV00000259,lower,"On adoption of an amendment (foster care reimbursement) (offered by Mr. Fattman of Sutton) to the House Bill making appropriations for the fiscal year 2013 (House, No. 4100, amended).",2013-04-22 00:00:00,other,30,125,2
ma,188th,upper,S 1837,MAV00000260,lower,"On passing to be enacted the engrossed [land taking] Bill authorizing the Division of Capital Asset Management and Maintenance to grant an easement upon land of the Commonwealth located in the town of Ware to the Massachusetts Water Resources Authority (see Senate, No. 1837).",2013-10-16 00:00:00,other,154,0,5
ma,188th,lower,H 3700,MAV00000261,lower,"On adoption of amendments (offered by Mr. Dempsey of Haverhill) to the House making appropriations for the fiscal year 2013 to provide for supplementing certain existing appropriations and for certain other activities and projects (House, No. 3700, amended).",2013-10-16 00:00:00,other,155,0,4
ma,188th,lower,H 3700,MAV00000262,lower,"On adoption of an amendment (offered by Mrs. O’Connell of Taunton) to the House making appropriations for the fiscal year 2013 to provide for supplementing certain existing appropriations and for certain other activities and projects (House, No. 3700).",2013-10-16 00:00:00,other,31,123,5
ma,188th,lower,H 3700,MAV00000263,lower,"On adoption of an amendment (offered by Mrs. O’Connell of Taunton) to the House making appropriations for the fiscal year 2013 to provide for supplementing certain existing appropriations and for certain other activities and projects (House, No. 3700).",2013-10-16 00:00:00,other,42,112,5
ma,188th,lower,H 3700,MAV00000264,lower,"On adoption of a further amendment (offered by Mr. Diehl of Whitman) to the amendment offered by Mrs. O’Connell of Taunton to the House making appropriations for the fiscal year 2013 to provide for supplementing certain existing appropriations and for certain other activities and projects (House, No. 3700).",2013-10-16 00:00:00,other,31,124,4
ma,188th,lower,H 3707,MAV00000265,lower,"On passing to be engrossed the House Bill making appropriations for the fiscal year 2013 to provide for supplementing certain existing appropriations and for certain other activities and projects (House, No. 3707, published as amended).",2013-10-16 00:00:00,other,155,0,4
ma,190th,lower,H 58,MAV00000442,lower,"
Passed over veto",2017-02-02 00:00:00,other,116,43,0
ma,190th,lower,H 58,MAV00000441,lower,"
Enacted",2017-01-26 00:00:00,other,116,43,0
ma,190th,lower,H 58,MAV00000364,lower,"
Amendment 5 rejected",2017-01-25 00:00:00,other,36,124,0
ma,190th,lower,H 58,MAV00000365,lower,"
Passed to be engrossed",2017-01-25 00:00:00,other,116,44,0
ma,190th,lower,H 58,MAV00000362,lower,"
Motion to recommit negatived",2017-01-25 00:00:00,other,35,125,0
ma,190th,lower,H 58,MAV00000363,lower,"
Amendment 3 rejected",2017-01-25 00:00:00,other,40,120,0
ma,190th,lower,H 58,MAV00000369,upper,"
Passed over veto",2017-02-02 00:00:00,other,31,9,0
ma,190th,lower,H 58,MAV00000366,upper,"
Passed to be engrossed",2017-01-26 00:00:00,other,31,9,0
ma,190th,lower,H 3601,MAV00000424,upper,"
Passed to be engrossed",2017-05-25 00:00:00,other,38,0,0
ma,190th,lower,H 3600,MAV00000398,lower,"
Further amendment rejected",2017-04-24 00:00:00,other,35,123,0
ma,190th,lower,H 3600,MAV00000346,lower,"
Consolidated amendment C (Energy and Environmental Affairs)
adopted",2017-04-25 00:00:00,other,160,0,0
ma,190th,lower,H 3600,MAV00000348,lower,"
Consolidated amendment D (Housing, Mental Health and 
Disability Services) adopted",2017-04-25 00:00:00,other,160,0,0
ma,190th,lower,H 3600,MAV00000407,lower,"
Amendment 859 rejected",2017-04-24 00:00:00,other,47,110,0
ma,190th,lower,H 3600,MAV00000347,lower,"
Further amendment adopted",2017-04-25 00:00:00,other,124,36,0
ma,190th,lower,H 3600,MAV00000400,lower,"
Amendment 810 rejected",2017-04-24 00:00:00,other,27,131,0
ma,190th,lower,H 3600,MAV00000412,lower,"
Quorum Roll  Call",2017-04-25 00:00:00,other,156,0,0
ma,190th,lower,H 3600,MAV00000403,lower,"
Further amendment adopted",2017-04-24 00:00:00,other,117,39,0
ma,190th,lower,H 3600,MAV00000404,lower,"
Consolidated amendment E (Social Services and Veterans)
adopted",2017-04-25 00:00:00,other,157,0,0
ma,190th,lower,H 3600,MAV00000416,lower,"
Amendment 663 rejected",2017-04-24 00:00:00,other,38,120,0
ma,190th,lower,H 3600,MAV00000360,lower,"
Passed to be engrossed",2017-04-25 00:00:00,other,159,1,0
ma,190th,lower,H 3600,MAV00000408,lower,"
Further amendment rejected",2017-04-24 00:00:00,other,36,123,0
ma,190th,lower,H 3600,MAV00000402,lower,"
Consolidated amendment A (Education and Local Aid) adopted",2017-04-24 00:00:00,other,158,0,0
ma,190th,lower,H 3600,MAV00000413,lower,"
Consolidated amendment H (Public Safety and Judiciary)
adopted",2017-04-25 00:00:00,other,158,0,0
ma,190th,lower,H 3600,MAV00000401,lower,"
Quorum Roll  Call",2017-04-24 00:00:00,other,151,0,0
ma,190th,lower,H 3600,MAV00000356,lower,"
Consolidated amendment G (Public Health) adopted",2017-04-25 00:00:00,other,160,0,0
ma,190th,lower,H 3600,MAV00000406,lower,"
Decision of Chair sustained on appeal",2017-04-25 00:00:00,other,124,34,0
ma,190th,lower,H 3600,MAV00000415,lower,"
Amendment 886 rejected",2017-04-24 00:00:00,other,13,144,0
ma,190th,lower,H 3600,MAV00000410,lower,"
Further amendment adopted",2017-04-24 00:00:00,other,119,38,0
ma,190th,lower,H 3600,MAV00000414,lower,"
Rule 1A suspended",2017-04-25 00:00:00,other,127,31,0
ma,190th,lower,H 3600,MAV00000411,lower,"
Amendment 870 rejected",2017-04-25 00:00:00,other,30,129,0
ma,190th,lower,H 3600,MAV00000417,lower,"
Further amendment adopted",2017-04-24 00:00:00,other,118,39,0
ma,190th,lower,H 3600,MAV00000359,lower,"
Consolidated amendment I (Labor and Economic
Development) adopted",2017-04-25 00:00:00,other,160,0,0
ma,190th,lower,H 3600,MAV00000399,lower,"
Consolidated amendment F (Health and Human Services and 
Elder Affairs) adopted",2017-04-25 00:00:00,other,158,1,0
ma,190th,lower,H 3600,MAV00000409,lower,"
Consolidated amendment B (Constitutional Officers, State 
Administration and Transportation) adopted",2017-04-24 00:00:00,other,130,28,0
ma,190th,lower,H 3600,MAV00000349,lower,"
Further amendment adopted",2017-04-25 00:00:00,other,123,37,0
ma,190th,lower,H 3600,MAV00000405,lower,"
Quorum Roll  Call",2017-04-24 00:00:00,other,152,0,0
ma,190th,lower,H 3600,MAV00000351,lower,"
Further amendment adopted",2017-04-25 00:00:00,other,124,36,0
ma,190th,lower,H 2017,MAV00000435,lower,"
Decision of Chair stands",2017-02-02 00:00:00,other,123,33,0
ma,190th,lower,H 2017,MAV00000427,lower,"
Amendment 4 rejected",2017-02-02 00:00:00,other,35,124,0
ma,190th,lower,H 2017,MAV00000432,lower,"
Amendment 20 rejected",2017-02-02 00:00:00,other,34,125,0
ma,190th,lower,H 2017,MAV00000428,lower,"
Amendment 21 rejected",2017-02-02 00:00:00,other,41,118,0
ma,190th,lower,H 2017,MAV00000433,lower,"
Amendment 3 rejected",2017-02-02 00:00:00,other,35,124,0
ma,190th,lower,H 2017,MAV00000430,lower,"
Amendment 10 rejected",2017-02-02 00:00:00,other,35,124,0
ma,190th,lower,H 2017,MAV00000426,lower,"
Amendment 27 rejected",2017-02-02 00:00:00,other,34,124,0
ma,190th,lower,H 2017,MAV00000425,lower,"
Amendment 16 rejected",2017-02-02 00:00:00,other,38,121,0
ma,190th,lower,H 2017,MAV00000434,lower,"
Amendment 9 rejected",2017-02-02 00:00:00,other,38,121,0
ma,190th,lower,H 2017,MAV00000429,lower,"
Amendment 1 rejected",2017-02-02 00:00:00,other,34,124,0
ma,190th,lower,H 2017,MAV00000431,lower,"
Amendment 15 rejected",2017-02-02 00:00:00,other,37,122,0
ma,190th,lower,H 3680,MAV00000443,lower,"
Decision of the Chair sustained on appeal",2017-05-10 00:00:00,other,116,34,0
ma,190th,lower,H 3680,MAV00000444,lower,"
Passed to be engrossed",2017-05-10 00:00:00,other,150,0,0
ma,190th,lower,H 1837,MAV00000440,lower,"
Passed to be engrossed",2017-05-10 00:00:00,other,150,0,0
ma,190th,lower,H 3718,MAV00000479,lower,"
Passed to be engrossed",2017-05-24 00:00:00,other,153,1,0
ma,190th,lower,H 3448,MAV00000480,lower,"
Passed to be engrossed",2017-03-22 00:00:00,other,156,1,0
ma,190th,lower,H 3034,MAV00000445,lower,"
Decision of the Chair sustained on appeal",2017-05-24 00:00:00,other,121,34,0
ma,190th,lower,H 3034,MAV00000446,lower,"
Passed to be engrossed",2017-05-24 00:00:00,other,120,35,0
ma,190th,lower,H 3034,MAV00000448,lower,"
Amendment 1 rejected",2017-05-24 00:00:00,other,38,117,0
ma,190th,lower,H 3034,MAV00000447,lower,"
Motion to refer to the committee on House Ways and Means rejected",2017-05-24 00:00:00,other,36,117,0
ma,190th,lower,H 3034,MAV00000449,lower,"
Motion to adjourn negatived",2017-05-24 00:00:00,other,31,124,0
ma,190th,lower,H 2019,MAV00000439,lower,"
Amendment 5 rejected",2017-02-02 00:00:00,other,37,122,0
ma,190th,lower,H 2019,MAV00000436,lower,"
Amendment 13 rejected",2017-02-02 00:00:00,other,37,122,0
ma,190th,lower,H 2019,MAV00000437,lower,"
Amendment 11 rejected",2017-02-02 00:00:00,other,38,121,0
ma,190th,lower,H 2019,MAV00000438,lower,"
Amendment 14 rejected",2017-02-02 00:00:00,other,38,121,0
ma,190th,lower,H 2783,MAV00000481,lower,"
Passed to be engrossed",2017-03-29 00:00:00,other,154,0,0
ma,190th,lower,H 2783,MAV00000482,upper,"
Passed to be engrossed",2017-04-05 00:00:00,other,37,0,0
ma,190th,lower,H 3648,MAV00000452,upper,"
Enacted",2017-05-03 00:00:00,other,36,0,0
ma,190th,lower,H 3648,MAV00000450,lower,"
Committee of conference report accepted",2017-04-24 00:00:00,other,159,0,0
ma,190th,lower,H 3648,MAV00000451,lower,"
Enacted",2017-04-24 00:00:00,other,159,0,0
ma,190th,upper,S 3,MAV00000467,upper,"
Amendment #331 (McGee) adopted",2017-05-23 00:00:00,other,38,0,0
ma,190th,upper,S 3,MAV00000477,upper,"
Amendment #137 (Eldridge) adopted",2017-05-23 00:00:00,other,37,0,0
ma,190th,upper,S 3,MAV00000491,upper,"
Amendment #559 (Montigny) adopted",2017-05-25 00:00:00,other,37,0,0
ma,190th,upper,S 3,MAV00000484,upper,"
Amendment #1028 (Tarr) adopted",2017-05-25 00:00:00,other,37,0,0
ma,190th,upper,S 3,MAV00000489,upper,"
Amendment #646 (Boncore) adopted",2017-05-24 00:00:00,other,37,0,0
ma,190th,upper,S 3,MAV00000464,upper,"
Amendment #424 (Moore) adopted",2017-05-24 00:00:00,other,37,0,0
ma,190th,upper,S 3,MAV00000472,upper,"
Amendment #219 (DiDomenico) adopted",2017-05-23 00:00:00,other,38,0,0
ma,190th,upper,S 3,MAV00000462,upper,"
Amendment #10 (Tarr) adopted",2017-05-24 00:00:00,other,38,0,0
ma,190th,upper,S 3,MAV00000486,upper,"
Amendment #42 (Montigny) adopted",2017-05-25 00:00:00,other,38,0,0
ma,190th,upper,S 3,MAV00000473,upper,"
Amendment #154 (Chandler) adopted",2017-05-23 00:00:00,other,38,0,0
ma,190th,upper,S 3,MAV00000468,upper,"
Amendment #606 (Lovely) adopted",2017-05-24 00:00:00,other,37,0,0
ma,190th,upper,S 3,MAV00000488,upper,"
The following amendments were considered as one and adopted: 54, 244, 336, 341, 351, 382, 412, 469, 474, 498, 500, 508, 663, 666, 760, 765, 772, 773, 775, 778, 779, 785, 786, 791, 792, 798, 799, 804, 806, 808, 811, 813, 816, 818, 821, 828, 830, 831, 833, 834, 841, 842, 844, 846, 848, 850, 855, 856, 862, 864, 866, 867, 868, 870, 874, 883, 884, 890, 900, 901, 902, 905, 907, 908, 909, 912, 915, 926, 928, 930, 935, 936, 937, 946, 950, 951, 952, 958, 959, 962, 971, 973, 978, 979, 985, 987, 1005, 1008, 1011, 1014, 1015, 1017, 1019, 1022, 1023 and 1024.",2017-05-25 00:00:00,other,38,0,0
ma,190th,upper,S 3,MAV00000471,upper,"
Amendment #790 (Eldridge) adopted",2017-05-25 00:00:00,other,37,0,0
ma,190th,upper,S 3,MAV00000493,upper,"
Amendment #1021 (Lewis) adopted",2017-05-25 00:00:00,other,37,0,0
ma,190th,upper,S 3,MAV00000487,upper,"
Amendment #914 (Donoghue) adopted",2017-05-25 00:00:00,other,38,0,0
ma,190th,upper,S 3,MAV00000459,upper,"
Amendment #207 (Tarr) rejected",2017-05-23 00:00:00,other,7,30,0
ma,190th,upper,S 3,MAV00000492,upper,"
Amendment #43 (Montigny) adopted",2017-05-25 00:00:00,other,38,0,0
ma,190th,upper,S 3,MAV00000469,upper,"
Amendment #520 (Lesser) adopted",2017-05-24 00:00:00,other,38,0,0
ma,190th,upper,S 3,MAV00000485,upper,"
Amendment #99 (Rush) adopted",2017-05-25 00:00:00,other,22,15,0
ma,190th,upper,S 3,MAV00000483,upper,"
Amendment #75 (Chang-Diaz) adopted",2017-05-25 00:00:00,other,38,0,0
ma,190th,upper,S 3,MAV00000455,upper,"
Amendment #233 (Rush) adopted",2017-05-24 00:00:00,other,38,0,0
ma,190th,upper,S 3,MAV00000494,upper,"
Amendment #839 (Lesser) adopted",2017-05-25 00:00:00,other,37,0,0
ma,190th,upper,S 3,MAV00000465,upper,"
Amendment #171 (Moore) adopted",2017-05-24 00:00:00,other,37,0,0
ma,190th,upper,S 3,MAV00000461,upper,"
Amendment #505 (L'Italien) adopted",2017-05-25 00:00:00,other,37,0,0
ma,190th,upper,S 3,MAV00000458,upper,"
Amendment #1020 (Lesser) adopted",2017-05-25 00:00:00,other,38,0,0
ma,190th,upper,S 3,MAV00000456,upper,"
Amendment #896 (Creem) adopted",2017-05-25 00:00:00,other,38,0,0
ma,190th,upper,S 3,MAV00000470,upper,"
Amendment #102 (Gobi) adopted",2017-05-23 00:00:00,other,38,0,0
ma,190th,upper,S 3,MAV00000463,upper,"
The following amendments were considered as one and adopted:  57, 211, 214, 301, 302, 303, 316, 320, 326, 330, 342, 343, 344, 370, 373, 374, 377, 383, 385, 390, 391, 395, 401, 408, 409, 413, 414, 415, 416, 418, 419, 420, 426, 433, 435, 436, 440, 448, 449, 450, 452, 453, 457, 459, 460, 467, 470, 488, 510, 522, 526, 528, 535, 542, 545, 554, 556, 563, 566, 569, 571, 573, 575, 577, 581, 582, 583, 587, 591, 593, 594, 597, 598, 599 and 600",2017-05-24 00:00:00,other,38,0,0
ma,190th,upper,S 3,MAV00000490,upper,"
Amendment #550 (Cyr) adopted",2017-05-25 00:00:00,other,38,0,0
ma,190th,upper,S 3,MAV00000474,upper,"
Amendment #229 (Tarr) adopted",2017-05-24 00:00:00,other,38,0,0
ma,190th,upper,S 3,MAV00000460,upper,"
Amendment #41 (Montigny) adopted",2017-05-23 00:00:00,other,37,0,0
ma,190th,upper,S 3,MAV00000475,upper,"
The following amendments were considered as one and adopted: 6, 33, 101, 128, 129, 130, 202, 216, 234,240, 251 and 254.",2017-05-23 00:00:00,other,37,0,0
ma,190th,upper,S 3,MAV00000457,upper,"
Amendment #184 (Moore) adopted",2017-05-23 00:00:00,other,37,0,0
ma,190th,upper,S 22,MAV00000453,upper,"
Enacted",2017-05-23 00:00:00,other,37,0,0
ma,190th,upper,S 22,MAV00000454,lower,"
Enacted",2017-05-10 00:00:00,other,150,0,0
ma,190th,upper,S 8,MAV00000421,upper,"
Amendment #9 (Tarr) rejected ",2017-02-02 00:00:00,other,6,33,0
ma,190th,upper,S 8,MAV00000420,upper,"
Amendment #11 (Tarr) rejected  ",2017-02-02 00:00:00,other,6,33,0
ma,190th,upper,S 8,MAV00000419,upper,"
Amendment #2 (Tarr) adopted",2017-02-02 00:00:00,other,38,0,0
ma,190th,upper,S 8,MAV00000423,upper,"
Amendment #7 (Tarr) adopted ",2017-02-02 00:00:00,other,39,0,0
ma,190th,upper,S 8,MAV00000422,upper,"
Amendment #3 (Tarr) adopted ",2017-02-02 00:00:00,other,39,0,0
ma,190th,lower,H 3652,MAV00000418,lower,"
Adopted",2017-04-24 00:00:00,other,158,0,0
ma,190th,upper,S 9,MAV00000478,upper,"
Amendment #13 (Tarr) rejected",2017-02-02 00:00:00,other,7,32,0
