id,state,chamber,committee,subcommittee,parent_id
MAC000064,ma,joint,Rules,,
MAC000072,ma,joint,"Children, Families and Persons with Disabilities",,
MAC000073,ma,joint,Community Development and Small Businesses,,
MAC000074,ma,joint,Consumer Protection and Professional Licensure,,
MAC000075,ma,joint,Economic Development and Emerging Technologies,,
MAC000076,ma,joint,Education,,
MAC000077,ma,joint,Elder Affairs,,
MAC000078,ma,joint,Election Laws,,
MAC000079,ma,joint,"Environment, Natural Resources and Agriculture",,
MAC000080,ma,joint,Financial Services,,
MAC000081,ma,joint,Health Care Financing,,
MAC000082,ma,joint,Higher Education,,
MAC000083,ma,joint,Housing,,
MAC000084,ma,joint,The Judiciary,,
MAC000085,ma,joint,Labor and Workforce Development,,
MAC000086,ma,joint,Mental Health and Substance Abuse,,
MAC000087,ma,joint,Municipalities and Regional Government,,
MAC000088,ma,joint,Public Health,,
MAC000089,ma,joint,Public Safety and Homeland Security,,
MAC000090,ma,joint,Public Service,,
MAC000091,ma,joint,Revenue,,
MAC000092,ma,joint,State Administration and Regulatory Oversight,,
MAC000093,ma,joint,"Telecommunications, Utilities and Energy",,
MAC000094,ma,joint,"Tourism, Arts and Cultural Development",,
MAC000095,ma,joint,Transportation,,
MAC000096,ma,joint,Veterans and Federal Affairs,,
MAC000097,ma,joint,Ways and Means,,
MAC000115,ma,joint,Joint Committee on Labor and Workforce Development,,
MAC000117,ma,joint,"Joint Committee on Environment, Natural Resources and Agriculture",,
MAC000121,ma,joint,Joint Committee on Public Health,,
MAC000125,ma,joint,Joint Committee on State Administration and Regulatory Oversight,,
MAC000126,ma,joint,Joint Committee on Election Laws,,
MAC000127,ma,joint,Joint Committee on Municipalities and Regional Government,,
MAC000130,ma,joint,Joint Committee on Consumer Protection and Professional Licensure,,
MAC000131,ma,joint,Joint Committee on the Judiciary,,
MAC000133,ma,joint,Joint Committee on Export Development,,
MAC000134,ma,joint,Joint Committee on Veterans and Federal Affairs,,
MAC000135,ma,joint,Joint Committee on Elder Affairs,,
MAC000137,ma,joint,Joint Committee on Public Safety and Homeland Security,,
MAC000138,ma,joint,Joint Committee on Public Service,,
MAC000139,ma,joint,Joint Committee on Education,,
MAC000140,ma,joint,"Joint Committee on Mental Health, Substance Use and Recovery",,
MAC000142,ma,joint,Joint Committee on Economic Development and Emerging Technologies,,
MAC000147,ma,joint,Joint Committee on Financial Services,,
MAC000148,ma,joint,Joint Committee on Health Care Financing,,
MAC000149,ma,joint,Joint Committee on Revenue,,
MAC000150,ma,joint,Joint Committee on Housing,,
MAC000151,ma,joint,Joint Committee on Community Development and Small Businesses,,
MAC000154,ma,joint,"Joint Committee on Telecommunications, Utilities and Energy",,
MAC000155,ma,joint,"Joint Committee on Tourism, Arts and Cultural Development",,
MAC000157,ma,joint,Joint Committee on Higher Education,,
MAC000158,ma,joint,"Joint Committee on Children, Families and Persons with Disabilities",,
MAC000159,ma,joint,Joint Committee on Marijuana Policy,,
MAC000161,ma,joint,Joint Committee on Transportation,,
MAC000163,ma,joint,Joint Committee on Ways and Means,,
MAC000164,ma,joint,Joint Committee on Rules,,
MAC000041,ma,lower,Rules,,
MAC000043,ma,lower,Ways and Means,,
MAC000098,ma,lower,Bills in the Third Reading,,
MAC000099,ma,lower,"Bonding, Capital Expenditures and State Assets",,
MAC000100,ma,lower,Ethics,,
MAC000101,ma,lower,Global Warming and Climate Change,,
MAC000102,ma,lower,Personnel and Administration,,
MAC000103,ma,lower,Post Audit and Oversight,,
MAC000104,ma,lower,"Steering, Policy and Scheduling",,
MAC000108,ma,lower,Technology and Intergovernmental Affairs,,
MAC000114,ma,lower,Redistricting,,
MAC000116,ma,lower,House Committee on Rules,,
MAC000120,ma,lower,House Committee on Bills in the Third Reading,,
MAC000122,ma,lower,"House Committee on Steering, Policy and Scheduling",,
MAC000123,ma,lower,House Committee on Ways and Means,,
MAC000124,ma,lower,House Committee on Global Warming and Climate Change,,
MAC000128,ma,lower,House Committee on Personnel and Administration,,
MAC000132,ma,lower,House Committee on Ethics,,
MAC000146,ma,lower,House Committee on Redistricting,,
MAC000152,ma,lower,House Committee on Post Audit and Oversight,,
MAC000153,ma,lower,"House Committee on Bonding, Capital Expenditures and State Assets",,
MAC000162,ma,lower,House Committee on Technology and Intergovernmental Affairs,,
MAC000065,ma,upper,Bills in the Third Reading,,
MAC000067,ma,upper,Ways and Means,,
MAC000068,ma,upper,"Bonding, Capital Expenditures and State Assets",,
MAC000069,ma,upper,Global Warming and Climate Change,,
MAC000070,ma,upper,Post Audit and Oversight,,
MAC000071,ma,upper,Steering and Policy,,
MAC000106,ma,upper,Ethics,,
MAC000107,ma,upper,Redistricting,,
MAC000109,ma,upper,Personnel and Administration,,
MAC000110,ma,upper,Intergovernmental Affairs,,
MAC000111,ma,upper,Special Senate Committee to Improve Government,,
MAC000112,ma,upper,Rules,,
MAC000113,ma,upper,"Opioid Addiction Prevention, Treatment and Recovery Options",,
MAC000118,ma,upper,Senate Committee on Bills in the Third Reading,,
MAC000119,ma,upper,Senate Committee on Redistricting,,
MAC000129,ma,upper,Senate Committee on Post Audit and Oversight,,
MAC000136,ma,upper,Senate Committee on Steering and Policy,,
MAC000141,ma,upper,Senate Committee on Rules,,
MAC000143,ma,upper,Senate Committee on Global Warming and Climate Change,,
MAC000144,ma,upper,Senate Committee on Ways and Means,,
MAC000145,ma,upper,Senate Committee on Ethics,,
MAC000156,ma,upper,Senate Committee on Intergovernmental Affairs,,
MAC000160,ma,upper,"Senate Committee on Bonding, Capital Expenditures and State Assets",,
MAC000165,ma,upper,Senate Committee on Personnel and Administration,,
MAC000166,ma,upper,"Special Senate Committee on Addiction Prevention, Ttreatment and Recovery Options",,
MAC000167,ma,upper,Special Senate Committee on Cyber Security Readiness,,
MAC000168,ma,upper,Special Senate Committee on Citizen Engagement,,
MAC000169,ma,upper,"Special Senate Committee on Addiction Prevention, Treatment and Recovery Options",,
