id,state,chamber,committee,subcommittee,parent_id
WIC000019,wi,joint,Employment Relations,,
WIC000020,wi,joint,Finance,,
WIC000021,wi,joint,Information Policy and Technology,,
WIC000025,wi,joint,Legislative Organization,,
WIC000026,wi,joint,Retirement Systems,,
WIC000027,wi,joint,Tax Exemptions,,
WIC000154,wi,joint,Legislative Council,,
WIC000156,wi,joint,Law Revision,,
WIC000161,wi,joint,Review of Administrative Rules,,
WIC000162,wi,joint,Criminal Penalties,,
WIC000166,wi,joint,Legislative Audit,,
WIC000029,wi,lower,Aging and Long-Term Care,,
WIC000030,wi,lower,Agriculture,,
WIC000032,wi,lower,Audit,,
WIC000033,wi,lower,Campaigns and Elections,,
WIC000034,wi,lower,Children and Families,,
WIC000035,wi,lower,Colleges and Universities,,
WIC000036,wi,lower,Constitution and Ethics,,
WIC000037,wi,lower,Consumer Protection,,
WIC000038,wi,lower,Corrections,,
WIC000040,wi,lower,Education,,
WIC000041,wi,lower,Employment Relations,,
WIC000042,wi,lower,Energy and Utilities,,
WIC000043,wi,lower,Environment and Forestry,,
WIC000044,wi,lower,Family Law,,
WIC000045,wi,lower,Finance,,
WIC000046,wi,lower,Financial Institutions,,
WIC000048,wi,lower,Health,,
WIC000049,wi,lower,Housing and Real Estate,,
WIC000050,wi,lower,Insurance,,
WIC000053,wi,lower,Judiciary,,
WIC000054,wi,lower,Labor,,
WIC000055,wi,lower,Mental Health,,
WIC000056,wi,lower,Natural Resources and Sporting Heritage,,
WIC000058,wi,lower,Rules,,
WIC000060,wi,lower,Small Business Development,,
WIC000064,wi,lower,Tourism,,
WIC000065,wi,lower,Transportation,,
WIC000069,wi,lower,Ways and Means,,
WIC000070,wi,lower,Workforce Development,,
WIC000146,wi,lower,Veterans and Military Affairs,,
WIC000157,wi,lower,Jobs and the Economy,,
WIC000158,wi,lower,Public Benefit Reform,,
WIC000160,wi,lower,Criminal Justice and Public Safety,,
WIC000164,wi,lower,Organization,,
WIC000179,wi,lower,Review of Administrative Rules,,
WIC000180,wi,lower,Science and Technology,,
WIC000181,wi,lower,State Affairs,,
WIC000184,wi,lower,Rural Development and Mining,,
WIC000185,wi,lower,Local Government,,
WIC000186,wi,lower,Regulatory Licensing Reform,,
WIC000187,wi,lower,Government Accountability and Oversight,,
WIC000188,wi,lower,Federalism and Interstate Relations,,
WIC000196,wi,lower,Urban Revitalization,,
WIC000003,wi,upper,Education,,
WIC000006,wi,upper,Finance,,
WIC000009,wi,upper,Health and Human Services,,
WIC000016,wi,upper,Universities and Technical Colleges,,
WIC000145,wi,upper,Organization,,
WIC000147,wi,upper,Transportation and Veterans Affairs,,
WIC000151,wi,upper,Judiciary and Public Safety,,
WIC000163,wi,upper,Natural Resources and Energy,,
WIC000177,wi,upper,Administrative Rules,,
WIC000178,wi,upper,"Workforce Development, Military Affairs and Senior Issues",,
WIC000182,wi,upper,"Insurance, Housing and Trade",,
WIC000183,wi,upper,"Economic Development, Commerce and Local Government",,
WIC000189,wi,upper,"Agriculture, Small Business and Tourism",,
WIC000190,wi,upper,"Revenue, Financial Institutions and Rural Issues",,
WIC000191,wi,upper,"Sporting Heritage, Mining and Forestry",,
WIC000192,wi,upper,"Public Benefit, Licensing and State-Federal Relations",,
WIC000193,wi,upper,Elections and Utilities,,
WIC000194,wi,upper,Labor and Regulatory Reform,,
WIC000195,wi,upper,"Government Operations, Technology and Consumer Protection",,
WIC000197,wi,upper,"Financial Services, Constitution and Federalism",,
WIC000198,wi,upper,"Public Benefits, Licensing and State-Federal Relations",,
WIC000199,wi,upper,Criminal Penalties,,
WIC000200,wi,upper,Legislative Council,,
WIC000201,wi,upper,Employment Relations,,
WIC000202,wi,upper,Information Policy and Technology,,
WIC000203,wi,upper,Review of Administrative Rules,,
WIC000204,wi,upper,Retirement Systems,,
WIC000205,wi,upper,Legislative Audit,,
WIC000206,wi,upper,Tax Exemptions,,
WIC000207,wi,upper,Legislative Organization,,
