id,state,chamber,committee,subcommittee,parent_id
MNC000031,mn,lower,Ethics,,
MNC000036,mn,lower,Rules and Legislative Administration,,
MNC000038,mn,lower,Taxes,,
MNC000039,mn,lower,Ways and Means,,
MNC000048,mn,lower,Capital Investment,,
MNC000051,mn,lower,Education Finance,,
MNC000055,mn,lower,Health and Human Services Finance,,
MNC000065,mn,lower,Agriculture Policy,,
MNC000109,mn,lower,Legacy Funding Finance,,
MNC000113,mn,lower,Commerce and Regulatory Reform,,
MNC000121,mn,lower,Environment and Natural Resources Policy and Finance,,
MNC000124,mn,lower,Education Innovation Policy,,
MNC000125,mn,lower,Agriculture Finance,,
MNC000126,mn,lower,Job Growth and Energy Affordability Policy and Finance,,
MNC000127,mn,lower,Government Operations and Elections Policy,,
MNC000129,mn,lower,State Government Finance,,
MNC000130,mn,lower,Health and Human Services Reform,,
MNC000181,mn,lower,Higher Education and Career Readiness Policy and Finance,,
MNC000182,mn,lower,Civil Law and Data Practices Policy,,
MNC000183,mn,lower,Public Safety and Security Policy and Finance,,
MNC000184,mn,lower,Transportation and Regional Governance Policy,,
MNC000185,mn,lower,Transportation Finance,,
MNC000186,mn,lower,Select Committee on Technology and Responsive Government,,
MNC000086,mn,upper,Capital Investment Committee,,
MNC000090,mn,upper,Finance Committee,,
MNC000103,mn,upper,Rules and Administration Committee,,
MNC000106,mn,upper,Taxes Committee,,
MNC000138,mn,upper,Higher Education Finance and Policy Committee,,
MNC000139,mn,upper,Human Services Reform Finance and Policy Committee,,
MNC000140,mn,upper,E-12 Finance Committee,,
MNC000142,mn,upper,Energy and Utilities Finance and Policy Committee,,
MNC000143,mn,upper,"Agriculture, Rural Development, and Housing Finance Committee",,
MNC000145,mn,upper,State Government Finance and Policy and Elections Committee,,
MNC000147,mn,upper,Transportation Finance and Policy Committee,,
MNC000149,mn,upper,Judiciary and Public Safety Finance and Policy Committee,,
MNC000154,mn,upper,Commerce and Consumer Protection Finance and Policy Committee,,
MNC000156,mn,upper,E-12 Policy Committee,,
MNC000157,mn,upper,"Agriculture, Rural Development, and Housing Policy Committee",,
MNC000158,mn,upper,Jobs and Economic Growth Finance and Policy Committee,,
MNC000159,mn,upper,Veterans and Military Affairs Finance and Policy Committee,,
MNC000160,mn,upper,Local Government Committee,,
MNC000161,mn,upper,Environment and Natural Resources Policy and Legacy Finance Committee,,
MNC000162,mn,upper,Aging and Long-Term Care Policy Committee,,
MNC000165,mn,upper,Health and Human Services Finance and Policy Committee,,
MNC000168,mn,upper,Environment and Natural Resources Finance Committee,,
MNC000187,mn,upper,Health and Human Services Committee,,
