id,state,chamber,committee,subcommittee,parent_id
CAC000687,ca,joint,Rules,,
CAC000707,ca,joint,Legislative Emergency Management,,
CAC000712,ca,joint,Legislative Budget,,
CAC000743,ca,joint,Arts,,
CAC000753,ca,joint,"Fairs, Allocation and Classification",,
CAC000760,ca,joint,Fisheries and Aquaculture,,
CAC000794,ca,joint,Legislative Audit,,
CAC000683,ca,lower,Career Technical Education and Building a 21st Century Workforce,,
CAC000688,ca,lower,Rules,,
CAC000689,ca,lower,Infectious Diseases in High Risk Disadvantaged Communities,,
CAC000690,ca,lower,Human Services,,
CAC000691,ca,lower,Utilities and Commerce,,
CAC000692,ca,lower,Environmental Safety and Toxic Materials,,
CAC000696,ca,lower,Accountability and Administrative Review,,
CAC000697,ca,lower,Aerospace,,
CAC000699,ca,lower,Renewable Energy Development and Restoration of the Salton Sea,,
CAC000703,ca,lower,Governmental Organization,,
CAC000704,ca,lower,Digital Divide in Rural California,,
CAC000706,ca,lower,California's Clean Energy Economy,,
CAC000708,ca,lower,Banking and Finance,,
CAC000709,ca,lower,Transportation,,
CAC000710,ca,lower,Elections and Redistricting,,
CAC000711,ca,lower,Status of Girls and Women of Color,,
CAC000715,ca,lower,Agriculture,,
CAC000716,ca,lower,Civic Engagement,,
CAC000717,ca,lower,Aging and Long-Term Care,,
CAC000719,ca,lower,Local Emergency Preparedness,,
CAC000722,ca,lower,Public Safety,,
CAC000723,ca,lower,Biotechnology,,
CAC000724,ca,lower,Judiciary,,
CAC000725,ca,lower,"Arts, Entertainment, Sports, Tourism, and Internet Media",,
CAC000726,ca,lower,Urban Planning and Land Use in Underserved Communities,,
CAC000727,ca,lower,Status of Boys and Men of Color,,
CAC000729,ca,lower,Water Consumption and Alternative Sources,,
CAC000731,ca,lower,Budget,,
CAC000732,ca,lower,Small Business in the Inland Empire,,
CAC000733,ca,lower,Privacy and Consumer Protection,,
CAC000734,ca,lower,Insurance,,
CAC000735,ca,lower,Campus Climate,,
CAC000736,ca,lower,"Public Employees, Retirement, and Social Security",,
CAC000740,ca,lower,Rail,,
CAC000742,ca,lower,"Science, Technology, Engineering and Math Education",,
CAC000745,ca,lower,Natural Resources,,
CAC000748,ca,lower,California-México Bi-National Affairs,,
CAC000750,ca,lower,Labor and Employment,,
CAC000752,ca,lower,Craft Brewing and Distilling,,
CAC000755,ca,lower,Business and Professions,,
CAC000757,ca,lower,Revenue and Taxation,,
CAC000759,ca,lower,Wine,,
CAC000761,ca,lower,Health,,
CAC000763,ca,lower,Homelessness,,
CAC000764,ca,lower,Community and Law Enforcement Relations and Responsibilities,,
CAC000765,ca,lower,Workforce and Vocational Development,,
CAC000766,ca,lower,Local Government,,
CAC000767,ca,lower,Veterans Affairs,,
CAC000768,ca,lower,Urban Rivers and Streams,,
CAC000775,ca,lower,Mental and Behavioral Health and Proposition 63 Implementation,,
CAC000776,ca,lower,Higher Education,,
CAC000781,ca,lower,Cybersecurity,,
CAC000783,ca,lower,Youth and California's Future,,
CAC000784,ca,lower,Workforce Development and Diversity in the Innovation Economy,,
CAC000785,ca,lower,Asia/California Trade and Investment Promotion,,
CAC000786,ca,lower,Improving Bay Area Transportation Systems,,
CAC000788,ca,lower,Education,,
CAC000789,ca,lower,Foster Care,,
CAC000790,ca,lower,Ports,,
CAC000791,ca,lower,Regional Transportation and Interconnectivity Solutions,,
CAC000792,ca,lower,Coastal Protection,,
CAC000793,ca,lower,Waste Reduction and Recycling in the 21st Century California,,
CAC000796,ca,lower,Women in the Workplace,,
CAC000797,ca,lower,Appropriations,,
CAC000798,ca,lower,Higher Education in San Diego County,,
CAC000799,ca,lower,Regional Approaches to Addressing the State’s Water Crisis,,
CAC000801,ca,lower,Housing and Community Development,,
CAC000803,ca,lower,2024 Olympic Games,,
CAC000804,ca,lower,End of Life Health Care,,
CAC000805,ca,lower,Regional Planning in the San Francisco Bay Area,,
CAC000806,ca,lower,Veteran Employment and Education,,
CAC000807,ca,lower,Housing Affordability for the Middle and Working Class,,
CAC000808,ca,lower,Domestic Violence,,
CAC000809,ca,lower,Non-Profit Sector,,
CAC000810,ca,lower,Hate Crimes,,
CAC000811,ca,lower,Master Plan for Higher Education in California,,
CAC000812,ca,lower,Ports and Goods Movement,,
CAC000813,ca,lower,Economic Development and Investment in Rural California,,
CAC000814,ca,lower,Local Public Safety and Emergency Preparedness,,
CAC000815,ca,lower,Health Care Delivery Systems and Universal Coverage,,
CAC000816,ca,lower,Small Business and Entrepreneurship,,
CAC000817,ca,lower,Communications and Conveyance,,
CAC000818,ca,lower,Growing Jobs in the San Fernando Valley,,
CAC000819,ca,lower,Regional Transportation Solutions,,
CAC000820,ca,lower,"Jobs, Economic Development, and the Economy",,
CAC000821,ca,lower,Diabetes and Heart Disease Prevention,,
CAC000822,ca,lower,Community College Affordability and Guided Pathways for Students,,
CAC000823,ca,lower,2024 Olympic and Paralympic Games,,
CAC000824,ca,lower,Streamlining Services for Victims of Interpersonal Violence,,
CAC000825,ca,lower,Environmental Quality and the Green Economy in the Inland Empire,,
CAC000826,ca,lower,Coastal Protection and Access to Natural Resources,,
CAC000685,ca,upper,Budget and Fiscal Review,Education,CAC000787
CAC000686,ca,upper,Elections and Constitutional Amendments,,
CAC000693,ca,upper,Agriculture,Olive Oil Production and Emerging Products,CAC000800
CAC000694,ca,upper,Human Services,,
CAC000695,ca,upper,Banking and Financial Institutions,,
CAC000698,ca,upper,Transportation and Housing,,
CAC000700,ca,upper,Budget and Fiscal Review,"Corrections, Public Safety and the Judiciary",CAC000787
CAC000701,ca,upper,Governance and Finance,,
CAC000702,ca,upper,Education,Community Schools ,CAC000738
CAC000714,ca,upper,Budget and Fiscal Review,"Resources, Environmental Protection, Energy and Transportation",CAC000787
CAC000718,ca,upper,Insurance,,
CAC000720,ca,upper,Governmental Organization,,
CAC000721,ca,upper,Legislative Ethics,,
CAC000728,ca,upper,Veterans Affairs,,
CAC000730,ca,upper,Natural Resources and Water,,
CAC000737,ca,upper,Public Safety,,
CAC000738,ca,upper,Education,,
CAC000741,ca,upper,Governmental Organization,"Emergencies, Disaster Response and Port Security",CAC000720
CAC000746,ca,upper,"Energy, Utilities and Communications",,
CAC000747,ca,upper,Health,Healthcare Workforce and Access to Care,CAC000749
CAC000749,ca,upper,Health,,
CAC000751,ca,upper,Appropriations,,
CAC000754,ca,upper,Agriculture,Invasive Species,CAC000800
CAC000762,ca,upper,Labor and Industrial Relations,,
CAC000770,ca,upper,"Business, Professions and Economic Development",,
CAC000771,ca,upper,Judiciary,,
CAC000772,ca,upper,"Business, Professions and Economic Development","California's Innovation, Technology and Life Sciences Economy",CAC000770
CAC000773,ca,upper,Budget and Fiscal Review,Health and Human Services,CAC000787
CAC000774,ca,upper,Environmental Quality,,
CAC000778,ca,upper,Rules,,
CAC000779,ca,upper,"Energy, Utilities and Communications","Gas, Electric and Transportation Safety",CAC000746
CAC000782,ca,upper,Public Employment and Retirement,,
CAC000787,ca,upper,Budget and Fiscal Review,,
CAC000795,ca,upper,Budget and Fiscal Review,State Administration and General Government,CAC000787
CAC000800,ca,upper,Agriculture,,
CAC000802,ca,upper,Governance and Finance,Modernizing Government,CAC000701
