id,state,chamber,committee,subcommittee,parent_id
UTC000034,ut,joint,Federal Funds Commission,,
UTC000035,ut,joint,Legislative Process Committee,,
UTC000036,ut,joint,Economic Development and Workforce Services Interim Committee,,
UTC000037,ut,joint,Transportation Interim Committee,,
UTC000039,ut,joint,Revenue and Taxation Interim Committee,,
UTC000041,ut,joint,Infrastructure and General Government Appropriations Subcommittee,,
UTC000044,ut,joint,Utah Tax Review Commission,,
UTC000045,ut,joint,Health and Human Services Interim Committee,,
UTC000046,ut,joint,Utah Constitutional Revision Commission,,
UTC000050,ut,joint,Higher Education Appropriations Subcommittee,,
UTC000051,ut,joint,Rural Development Legislative Liaison Committee,,
UTC000052,ut,joint,Legislative Information Technology Steering Committee,,
UTC000053,ut,joint,Occupational and Professional Licensure Review Committee,,
UTC000054,ut,joint,Legislative Audit Subcommittee,,
UTC000059,ut,joint,Native American Legislative Liaison Committee,,
UTC000060,ut,joint,Business and Labor Interim Committee,,
UTC000061,ut,joint,Retirement and Independent Entities Interim Committee,,
UTC000065,ut,joint,"Business, Economic Development, and Labor Appropriations Subcommittee",,
UTC000066,ut,joint,Commission on Federalism,,
UTC000067,ut,joint,Child Welfare Legislative Oversight Panel,,
UTC000071,ut,joint,"Natural Resources, Agriculture, and Environmental Quality Appropriations Subcommittee",,
UTC000073,ut,joint,Social Services Appropriations Subcommittee,,
UTC000074,ut,joint,Health Reform Task Force,,
UTC000076,ut,joint,Subcommittee on Oversight,,
UTC000078,ut,joint,Judiciary Interim Committee,,
UTC000083,ut,joint,Executive Appropriations Committee,,
UTC000084,ut,joint,Retirement and Independent Entities Appropriations Subcommittee,,
UTC000085,ut,joint,Legislative Management Committee,,
UTC000089,ut,joint,Political Subdivisions Interim Committee,,
UTC000092,ut,joint,Administrative Rules Review Committee,,
UTC000094,ut,joint,Government Operations Interim Committee,,
UTC000100,ut,joint,Education Interim Committee,,
UTC000102,ut,joint,Law Enforcement and Criminal Justice Interim Committee,,
UTC000104,ut,joint,State Water Development Commission,,
UTC000105,ut,joint,Executive Offices and Criminal Justice Appropriations Subcommittee,,
UTC000107,ut,joint,Utah International Relations and Trade Commission,,
UTC000108,ut,joint,Judicial Rules Review Committee,,
UTC000110,ut,joint,Utah Commission on Uniform State Laws,,
UTC000111,ut,joint,Public Education Appropriations Subcommittee,,
UTC000112,ut,joint,"Natural Resources, Agriculture, and Environment Interim Committee",,
UTC000118,ut,joint,Commission for the Stewardship of Public Lands,,
UTC000119,ut,joint,Veterans' and Military Affairs Commission,,
UTC000120,ut,joint,Prison Relocation Commission,,
UTC000139,ut,joint,Legislative Policy Summit,,
UTC000144,ut,joint,Prison Development Commission,,
UTC000145,ut,joint,Charter School Funding Task Force,,
UTC000146,ut,joint,Retirement Working Group,,
UTC000147,ut,joint,Legislative Site Visit,,
UTC000148,ut,joint,Fair Park Working Group,,
UTC000149,ut,joint,"Public Utilities, Energy, and Technology Interim Committee",,
UTC000153,ut,joint,Rules Committee Recodification,,
UTC000154,ut,joint,Independent Legislative Ethics Commission,,
UTC000155,ut,joint,Ethics Interim Committee,,
UTC000157,ut,joint,Legislative Water Development Commission,,
UTC000122,ut,lower,Rules Committee,,
UTC000123,ut,lower,Judiciary Committee,,
UTC000124,ut,lower,Business and Labor Committee,,
UTC000125,ut,lower,Law Enforcement and Criminal Justice Committee,,
UTC000126,ut,lower,Legislative Expense Oversight Committee,,
UTC000127,ut,lower,Economic Development and Workforce Services Committee,,
UTC000128,ut,lower,Ethics Committee,,
UTC000129,ut,lower,"Natural Resources, Agriculture, and Environment Committee",,
UTC000130,ut,lower,Retirement and Independent Entities Committee,,
UTC000131,ut,lower,Revenue and Taxation Committee,,
UTC000132,ut,lower,Education Committee,,
UTC000133,ut,lower,Political Subdivisions Committee,,
UTC000134,ut,lower,Transportation Committee,,
UTC000135,ut,lower,Health and Human Services Committee,,
UTC000138,ut,lower,Government Operations Committee,,
UTC000150,ut,lower,"Public Utilities, Energy, and Technology Committee",,
UTC000156,ut,lower,Management Committee,,
UTC000001,ut,upper,Business and Labor Committee,,
UTC000002,ut,upper,Education Committee,,
UTC000003,ut,upper,Ethics Committee,,
UTC000004,ut,upper,Government Operations and Political Subdivisions Committee,,
UTC000005,ut,upper,Health and Human Services Committee,,
UTC000006,ut,upper,"Judiciary, Law Enforcement, and Criminal Justice Committee",,
UTC000007,ut,upper,"Natural Resources, Agriculture, and Environment Committee",,
UTC000008,ut,upper,Retirement and Independent Entities Committee,,
UTC000009,ut,upper,Revenue and Taxation Committee,,
UTC000010,ut,upper,Rules Committee,,
UTC000028,ut,upper,Economic Development and Workforce Services Committee,,
UTC000042,ut,upper,Education Confirmation Committee,,
UTC000047,ut,upper,"Natural Resources, Agriculture, and Environment Confirmation Committee",,
UTC000049,ut,upper,Revenue and Taxation Confirmation Committee,,
UTC000058,ut,upper,Political Subdivisions Confirmation Committee,,
UTC000068,ut,upper,Health and Human Services Confirmation Committee,,
UTC000069,ut,upper,Government Operations Confirmation Committee,,
UTC000077,ut,upper,Judicial Confirmation Committee,,
UTC000079,ut,upper,Business and Labor Confirmation Committee,,
UTC000080,ut,upper,Law Enforcement and Criminal Justice Confirmation Committee,,
UTC000086,ut,upper,Economic Development and Workforce Services Confirmation Committee,,
UTC000096,ut,upper,Retirement and Independent Entities Confirmation Committee,,
UTC000098,ut,upper,Legislative Expense Oversight Committee,,
UTC000101,ut,upper,Judiciary Confirmation Committee,,
UTC000151,ut,upper,"Transportation, Public Utilities, Energy, and Technology Confirmation Committee",,
UTC000152,ut,upper,"Transportation, Public Utilities, Energy, and Technology Committee",,
