leg_id,full_name,first_name,middle_name,last_name,suffixes,nickname,active,state,chamber,district,party,photo_url,created_at,updated_at
UTL000003,D. Chris Buttars,D. Chris,,Buttars,,,False,ut,,,,http://www.utahsenate.org/images/member-photos/BUTTADC.jpg,2011-01-14 22:24:08.458000,2012-06-06 14:41:01.924000
UTL000009,Scott K Jenkins,Scott,K,Jenkins,,,False,ut,,,,http://le.utah.gov/images/legislator/JENKISK.jpg,2011-01-14 22:24:08.325000,2017-04-10 02:46:59.310000
UTL000010,Patricia W Jones,Patricia,W,Jones,,,False,ut,,,,http://www.utahsenate.org/images/member-photos/JONESPW.jpg,2011-01-14 22:24:08.461000,2015-01-15 21:57:12.130000
UTL000012,Daniel R Liljenquist,Daniel,R,Liljenquist,,,False,ut,,,,http://www.utahsenate.org/images/member-photos/LILJEDR.jpg,2011-01-14 22:24:08.457000,2012-06-06 14:42:52.750000
UTL000013,Mark B Madsen,Mark,B,Madsen,,,False,ut,,,,http://le.utah.gov/images/legislator/MADSEMB.jpg,2011-01-14 22:24:08.460000,2017-04-10 02:47:02.574000
UTL000015,Benjamin M McAdams,Benjamin,M,McAdams,,,False,ut,,,,http://www.utahsenate.org/images/member-photos/MCADABM.jpg,2011-01-14 22:24:08.431000,2013-01-11 00:17:26.427000
UTL000016,Karen W Morgan,Karen,W,Morgan,,,False,ut,,,,http://www.utahsenate.org/images/member-photos/MORGAKW.jpg,2011-01-14 22:24:08.326000,2013-01-11 00:17:26.428000
UTL000019,Stuart C Reid,Stuart,C,Reid,,,False,ut,,,,http://www.utahsenate.org/images/member-photos/REIDSC.jpg,2011-01-14 22:24:08.325000,2015-01-15 21:57:12.128000
UTL000021,Ross I Romero,Ross,I,Romero,,,False,ut,,,,http://www.utahsenate.org/images/member-photos/ROMERRI.jpg,2011-01-14 22:24:08.435000,2013-01-11 00:17:26.429000
UTL000024,Dennis E Stowell,Dennis,E,Stowell,,,False,ut,,,,http://www.utahsenate.org/images/member-photos/STOWEDE.jpg,2011-01-14 22:24:08.442000,2012-06-06 14:43:51.526000
UTL000026,Stephen H Urquhart,Stephen,H,Urquhart,,,False,ut,,,,http://le.utah.gov/images/legislator/URQUHSH.jpg,2011-01-14 22:24:08.443000,2016-12-30 00:45:27.939000
UTL000027,John L Valentine,John,L,Valentine,,,False,ut,,,,http://www.utahsenate.org/images/member-photos/VALENJL.jpg,2011-01-14 22:24:08.459000,2015-01-15 21:57:12.125000
UTL000029,Michael G Waddoups,Michael,G,Waddoups,,,False,ut,,,,http://www.utahsenate.org/images/member-photos/WADDOMG.jpg,2011-01-14 22:24:08.443000,2013-01-11 00:17:26.430000
UTL000030,Johnny Anderson,Johnny,,Anderson,,,False,ut,,,,http://le.utah.gov/images/legislator/ANDERJ.jpg,2011-01-14 22:24:08.444000,2017-04-10 02:47:06.618000
UTL000032,Roger E Barrus,Roger,E,Barrus,,,False,ut,,,,http://le.utah.gov/images/legislator/barrure.jpg,2011-01-14 22:24:08.445000,2015-01-15 21:57:12.095000
UTL000033,Jim Bird,Jim,,Bird,,,False,ut,,,,http://le.utah.gov/images/legislator/birdj.jpg,2011-01-14 22:24:08.329000,2015-01-15 21:57:12.112000
UTL000034,Jackie Biskupski,Jackie,,Biskupski,,,False,ut,,,,http://www.utah.gov/house/photoStreamer.jpg?BISKUJ,2011-01-14 22:24:08.446000,2012-06-06 14:51:27.491000
UTL000036,Derek E Brown,Derek,E,Brown,,,False,ut,,,,http://le.utah.gov/images/legislator/brownde.jpg,2011-01-14 22:24:08.446000,2014-01-21 16:13:23.609000
UTL000037,Melvin R Brown,Melvin,R,Brown,,,False,ut,,,,http://le.utah.gov/images/legislator/BROWNMR.jpg,2011-01-14 22:24:08.447000,2017-04-10 02:47:09.863000
UTL000038,David G Butterfield,David,G,Butterfield,,,False,ut,,,,http://le.utah.gov/images/legislator/buttedg.jpg,2011-01-14 22:24:08.469000,2013-01-11 00:17:26.400000
UTL000041,David Clark,David,,Clark,,,False,ut,,,,http://le.utah.gov/images/legislator/clarkd.jpg,2011-01-14 22:24:08.464000,2012-06-06 15:01:14.107000
UTL000042,Tim M Cosgrove,Tim,M,Cosgrove,,,False,ut,,,,http://le.utah.gov/images/legislator/cosgrtm.jpg,2011-01-14 22:24:08.465000,2015-01-15 21:57:12.114000
UTL000043,Fred C Cox,Fred,C,Cox,,,False,ut,,,,http://le.utah.gov/images/legislator/COXFC.jpg,2011-01-14 22:24:08.172000,2017-04-10 02:47:12.942000
UTL000045,Brad L Dee,Brad,L,Dee,,,False,ut,,,,http://le.utah.gov/images/legislator/DEEBL.jpg,2011-01-14 22:24:08.173000,2016-12-30 00:45:27.930000
UTL000046,John Dougall,John,,Dougall,,,False,ut,,,,http://le.utah.gov/images/legislator/dougajb.jpg,2011-01-14 22:24:08.471000,2013-01-11 00:17:26.405000
UTL000047,Jack R Draxler,Jack,R,Draxler,,,False,ut,,,,http://le.utah.gov/images/legislator/DRAXLJR.jpg,2011-01-14 22:24:08.448000,2017-04-10 02:47:16.996000
UTL000052,Janice M Fisher,Janice,M,Fisher,,,False,ut,,,,http://le.utah.gov/images/legislator/fishejm.jpg,2011-01-14 22:24:08.577000,2015-01-15 21:57:12.103000
UTL000053,Julie Fisher,Julie,,Fisher,,,False,ut,,,,http://le.utah.gov/images/legislator/fishej.jpg,2011-01-14 22:24:08.463000,2012-06-06 14:45:20.803000
UTL000055,Brad J Galvez,Brad,J,Galvez,,,False,ut,,,,http://le.utah.gov/images/legislator/galvebj.jpg,2011-01-14 22:24:08.462000,2013-01-11 00:17:26.407000
UTL000057,Richard A Greenwood,Richard,A,Greenwood,,,False,ut,,,,http://le.utah.gov/images/legislator/greenra.jpg,2011-01-14 22:24:08.468000,2015-01-15 21:57:12.093000
UTL000061,Lynn N Hemingway,Lynn,N,Hemingway,,,False,ut,,,,http://le.utah.gov/images/legislator/heminln.jpg,2011-01-14 22:24:08.450000,2015-01-15 21:57:12.110000
UTL000062,Neal B Hendrickson,Neal,B,Hendrickson,,,False,ut,,,,http://le.utah.gov/images/legislator/hendrnb.jpg,2011-01-14 22:24:08.432000,2013-01-11 00:17:26.410000
UTL000063,Christopher N Herrod,Christopher,N,Herrod,,,False,ut,,,,http://le.utah.gov/images/legislator/herrocn.jpg,2011-01-14 22:24:08.434000,2013-01-11 00:17:26.411000
UTL000066,Don L Ipson,Don,L,Ipson,,,False,ut,,,,http://le.utah.gov/images/legislator/IPSONDL.jpg,2011-01-14 22:24:08.462000,2016-12-30 00:45:27.933000
UTL000069,Todd E Kiser,Todd,E,Kiser,,,False,ut,,,,http://le.utah.gov/images/legislator/kiserte.jpg,2011-01-14 22:24:08.452000,2013-01-11 00:17:26.412000
UTL000071,David Litvack,David,,Litvack,,,False,ut,,,,http://le.utah.gov/images/legislator/litvad.jpg,2011-01-14 22:24:08.330000,2013-01-11 00:17:26.413000
UTL000072,Rebecca D Lockhart,Rebecca,D,Lockhart,,,False,ut,,,,http://le.utah.gov/images/legislator/lockhrd.jpg,2011-01-14 22:24:08.302000,2015-01-15 21:57:12.121000
UTL000073,John G Mathis,John,G,Mathis,,,False,ut,,,,http://le.utah.gov/images/legislator/mathijg.jpg,2011-01-14 22:24:08.433000,2015-01-15 21:57:12.116000
UTL000074,Kay L McIff,Kay,L,McIff,,,False,ut,,,,http://le.utah.gov/images/legislator/MCIFFKL.jpg,2011-01-14 22:24:08.173000,2017-04-10 02:47:20.532000
UTL000075,Ronda Rudd Rudd Menlove,Ronda Rudd,Rudd,Menlove,,,False,ut,,,,http://le.utah.gov/images/legislator/menlorr.jpg,2011-01-14 22:24:08.332000,2015-01-15 21:57:12.090000
UTL000076,Michael T Morley,Michael,T,Morley,,,False,ut,,,,http://le.utah.gov/images/legislator/morlemt.jpg,2011-01-14 22:24:08.494000,2013-01-11 00:17:26.414000
UTL000078,Merlynn T Newbold,Merlynn,T,Newbold,,,False,ut,,,,http://le.utah.gov/images/legislator/newbomt.jpg,2011-01-14 22:24:08.492000,2013-01-11 00:17:26.415000
UTL000079,Jim Nielson,Jim,,Nielson,,,False,ut,,,,http://le.utah.gov/images/legislator/nielsj.jpg,2011-01-14 22:24:08.328000,2015-01-15 21:57:12.097000
UTL000081,Curtis Oda,Curtis,,Oda,,,False,ut,,,,http://le.utah.gov/images/legislator/ODAC.jpg,2011-01-14 22:24:08.467000,2017-04-10 02:47:23.694000
UTL000082,Patrick Painter,Patrick,,Painter,,,False,ut,,,,http://le.utah.gov/images/legislator/paintpl.jpg,2011-01-14 22:24:08.434000,2013-01-11 00:17:26.417000
UTL000088,Kraig Powell,Kraig,,Powell,,,False,ut,,,,http://le.utah.gov/images/legislator/POWELK.jpg,2011-01-14 22:24:08.432000,2017-04-10 02:47:27.199000
UTL000091,Stephen E Sandstrom,Stephen,E,Sandstrom,,,False,ut,,,,http://le.utah.gov/images/legislator/sandsse.jpg,2011-01-14 22:24:08.455000,2012-07-11 20:53:42.091000
UTL000093,Jennifer M Seelig,Jennifer,M,Seelig,,,False,ut,,,,http://le.utah.gov/images/legislator/seelijm.jpg,2011-01-14 22:24:08.429000,2015-01-15 21:57:12.100000
UTL000094,Kenneth W Sumsion,Kenneth,W,Sumsion,,,False,ut,,,,http://le.utah.gov/images/legislator/sumsikw.jpg,2011-01-14 22:24:08.455000,2013-01-11 00:17:26.420000
UTL000096,Christine F Watkins,Christine,F,Watkins,,,False,ut,,,,http://le.utah.gov/images/legislator/watkicf.jpg,2011-01-14 22:24:08.426000,2013-01-11 00:17:26.422000
UTL000099,Ryan D Wilcox,Ryan,D,Wilcox,,,False,ut,,,,http://le.utah.gov/images/legislator/wilcord.jpg,2011-01-14 22:24:08.471000,2014-04-24 14:05:29.126000
UTL000100,Larry B Wiley,Larry,B,Wiley,,,False,ut,,,,http://le.utah.gov/images/legislator/wileylb.jpg,2011-01-14 22:24:08.456000,2015-01-15 21:57:12.107000
UTL000102,Carl Wimmer,Carl,,Wimmer,,,False,ut,,,,http://le.utah.gov/images/legislator/wimmec.jpg,2011-01-14 22:24:08.431000,2012-06-06 14:53:12.628000
UTL000103,Bill Wright,Bill,,Wright,,,False,ut,,,,http://le.utah.gov/images/legislator/wrighb.jpg,2011-01-14 22:24:08.469000,2013-01-11 00:17:26.423000
UTL000104,Holly J. Richardson,Holly,J.,Richardson,,,False,ut,,,,http://le.utah.gov/images/legislator/richahj.jpg,2011-02-01 00:17:55.119000,2012-07-11 20:50:46.928000
UTL000105,Aaron Osmond,Aaron,,Osmond,,,False,ut,,,,http://le.utah.gov/images/legislator/OSMONA.jpg,2011-07-25 17:27:06.519000,2016-02-05 02:15:59.407000
UTL000106,Casey O. Anderson,Casey,O.,Anderson,,,False,ut,,,,http://www.utahsenate.org/images/member-photos/ANDERCO.jpg,2011-07-25 17:27:06.560000,2013-01-11 00:17:26.431000
UTL000107,Brian Doughty,Brian,,Doughty,,,False,ut,,,,http://le.utah.gov/images/legislator/doughb.jpg,2011-07-25 17:27:06.662000,2013-01-11 00:17:26.399000
UTL000108,Stewart E. Barlow,Stewart,E.,Barlow,,,False,ut,,,,http://le.utah.gov/images/legislator/BARLOSE.jpg,2011-09-03 02:20:34.061000,2016-12-30 00:45:27.936000
UTL000112,Craig A. Frank,Craig,A.,Frank,,,False,ut,,,,http://le.utah.gov/images/legislator/frankca.jpg,2012-01-21 01:37:36.544000,2013-01-11 00:17:26.426000
UTL000120,David E. Lifferth,David,E.,Lifferth,,,False,ut,,,,http://le.utah.gov/images/legislator/LIFFEDE.jpg,2013-01-11 00:17:25.742000,2017-04-10 02:47:30.236000
UTL000122,Jacob L. Anderegg,Jacob,L.,Anderegg,,,False,ut,,,,http://le.utah.gov/images/legislator/ANDERJL.jpg,2013-01-11 00:17:25.768000,2017-06-01 09:46:57.280000
UTL000131,Earl D. Tanner,Earl,D.,Tanner,,,False,ut,,,,http://le.utah.gov/images/legislator/TANNEED.jpg,2013-01-11 00:17:26.016000,2017-04-10 02:47:37.507000
UTL000133,Rich Cunningham,Rich,,Cunningham,,,False,ut,,,,http://le.utah.gov/images/legislator/CUNNIR.jpg,2013-01-11 00:17:26.069000,2017-04-10 02:47:40.592000
UTL000137,Spencer J. Cox,Spencer,J.,Cox,,,False,ut,,,,http://le.utah.gov/images/legislator/coxsj.jpg,2013-01-11 00:17:26.131000,2014-01-13 15:05:55.119000
UTL000138,Dana L. Layton,Dana,L.,Layton,,,False,ut,,,,http://le.utah.gov/images/legislator/laytodl.jpg,2013-01-11 00:17:26.144000,2015-01-15 21:57:12.119000
UTL000143,Jerry B. Anderson,Jerry,B.,Anderson,,,False,ut,,,,http://le.utah.gov/images/legislator/anderjb.jpg,2013-01-11 00:17:26.209000,2015-01-15 21:57:12.123000
UTL000146,Jon Cox,Jon,,Cox,,,False,ut,,,,http://le.utah.gov/images/legislator/COXJ.jpg,2014-01-11 07:56:16.652000,2015-08-18 17:35:33.492000
UTL000150,Alvin B. Jackson,Alvin B.,,Jackson,,,False,ut,,,,http://le.utah.gov/images/legislator/JACKSAB.jpg,2014-11-27 02:27:23.058000,2016-12-30 00:45:27.938000
UTL000154,Sophia M. DiCaro,Sophia M.,,DiCaro,,,False,ut,,,,http://le.utah.gov/images/legislator/DICARSM.jpg,2015-01-15 21:57:10.924000,2017-04-10 02:47:43.747000
UTL000161,Justin J. Miller,Justin J.,,Miller,,,False,ut,,,,http://le.utah.gov/images/legislator/MILLEJJ.jpg,2015-01-15 21:57:11.375000,2015-12-11 22:05:19.559000
UTL000164,Brad King,Brad,,King,,,False,ut,,,,http://le.utah.gov/images/legislator/KINGB.jpg,2015-01-15 21:57:11.657000,2017-04-10 02:47:46.815000
UTL000166,Kim Coleman,Kim,,Coleman,,,False,ut,,,,http://le.utah.gov/images/legislator/COLEMK.jpg,2015-01-15 21:57:11.776000,2016-12-30 00:45:27.935000
UTL000274,Derrin Owens,Derrin,,Owens,,,False,ut,,,,http://le.utah.gov/images/legislator/OWENSD.jpg,2015-08-13 22:24:47.562000,2016-12-30 00:45:27.932000
UTL000031,Patrice M Arent,Patrice,M,Arent,,,True,ut,lower,36,Democrat,http://le.utah.gov/images/legislator/ARENTPM.jpg,2011-01-14 22:24:08.445000,2017-06-01 09:47:23.449000
UTL000035,Joel K Briscoe,Joel,K,Briscoe,,,True,ut,lower,25,Democrat,http://le.utah.gov/images/legislator/BRISCJK.jpg,2011-01-14 22:24:08.494000,2017-06-01 09:47:23.178000
UTL000039,Rebecca Chavez-Houck,Rebecca,,Chavez-Houck,,,True,ut,lower,24,Democrat,http://le.utah.gov/images/legislator/CHAVER.jpg,2011-01-14 22:24:08.464000,2017-06-01 09:47:23.353000
UTL000040,LaVar Christensen,LaVar,,Christensen,,,True,ut,lower,32,Republican,http://le.utah.gov/images/legislator/CHRISFL.jpg,2011-01-14 22:24:08.448000,2017-06-01 09:47:23.051000
UTL000044,Bradley M Daw,Bradley,M,Daw,,,True,ut,lower,60,Republican,http://le.utah.gov/images/legislator/DAWBM.jpg,2011-01-14 22:24:08.473000,2017-06-01 09:47:23.283000
UTL000048,Susan Duckworth,Susan,,Duckworth,,,True,ut,lower,22,Democrat,http://le.utah.gov/images/legislator/DUCKWS.jpg,2011-01-14 22:24:08.449000,2017-06-01 09:47:23.366000
UTL000049,James A Dunnigan,James,A,Dunnigan,,,True,ut,lower,39,Republican,http://le.utah.gov/images/legislator/DUNNIJA.jpg,2011-01-14 22:24:08.333000,2017-06-01 09:47:23.385000
UTL000050,Rebecca P Edwards,Rebecca,P,Edwards,,,True,ut,lower,20,Republican,http://le.utah.gov/images/legislator/EDWARRP.jpg,2011-01-14 22:24:08.427000,2017-06-01 09:47:23.147000
UTL000051,Steve Eliason,Steve,,Eliason,,,True,ut,lower,45,Republican,http://le.utah.gov/images/legislator/ELIASS.jpg,2011-01-14 22:24:08.450000,2017-06-01 09:47:23.053000
UTL000054,Gage Froerer,Gage,,Froerer,,,True,ut,lower,8,Republican,http://le.utah.gov/images/legislator/FROERG.jpg,2011-01-14 22:24:08.472000,2017-06-01 09:47:23.377000
UTL000056,Francis D Gibson,Francis,D,Gibson,,,True,ut,lower,65,Republican,http://le.utah.gov/images/legislator/GIBSOFD.jpg,2011-01-14 22:24:08.577000,2017-06-01 09:47:23.163000
UTL000058,Keith Grover,Keith,,Grover,,,True,ut,lower,61,Republican,http://le.utah.gov/images/legislator/GROVEK.jpg,2011-01-14 22:24:08.331000,2017-06-01 09:47:23.294000
UTL000059,Stephen G Handy,Stephen,G,Handy,,,True,ut,lower,16,Republican,http://le.utah.gov/images/legislator/HANDYSG.jpg,2011-01-14 22:24:08.329000,2017-06-01 09:47:23.268000
UTL000064,Gregory H Hughes,Gregory,H,Hughes,,,True,ut,lower,51,Republican,http://le.utah.gov/images/legislator/HUGHEGH.jpg,2011-01-14 22:24:08.451000,2017-06-01 09:47:23.262000
UTL000065,Eric K Hutchings,Eric,K,Hutchings,,,True,ut,lower,38,Republican,http://le.utah.gov/images/legislator/HUTCHEK.jpg,2011-01-14 22:24:08.466000,2017-06-01 09:47:23.452000
UTL000067,Ken Ivory,Ken,,Ivory,,,True,ut,lower,47,Republican,http://le.utah.gov/images/legislator/IVORYK.jpg,2011-01-14 22:24:08.451000,2017-06-01 09:47:23.128000
UTL000068,Brian S King,Brian,S,King,,,True,ut,lower,28,Democrat,http://le.utah.gov/images/legislator/KINGBS.jpg,2011-01-14 22:24:08.466000,2017-06-01 09:47:23.056000
UTL000070,Bradley G Last,Bradley,G,Last,,,True,ut,lower,71,Republican,http://le.utah.gov/images/legislator/LASTBG.jpg,2011-01-14 22:24:08.473000,2017-06-01 09:47:23.221000
UTL000077,Carol Spackman Moss,Carol,,Spackman Moss,,,True,ut,lower,37,Democrat,http://le.utah.gov/images/legislator/MOSSCS.jpg,2011-01-14 22:24:08.453000,2017-06-01 09:47:23.303000
UTL000080,Michael E Noel,Michael,E,Noel,,,True,ut,lower,73,Republican,http://le.utah.gov/images/legislator/NOELME.jpg,2011-01-14 22:24:08.429000,2017-06-01 09:47:23.158000
UTL000083,Lee B Perry,Lee,B,Perry,,,True,ut,lower,29,Republican,http://le.utah.gov/images/legislator/PERRYLB.jpg,2011-01-14 22:24:08.470000,2017-06-01 09:47:23.345000
UTL000084,Jeremy A Peterson,Jeremy,A,Peterson,,,True,ut,lower,9,Republican,http://le.utah.gov/images/legislator/PETERJA.jpg,2011-01-14 22:24:08.327000,2017-06-01 09:47:23.061000
UTL000085,Val L Peterson,Val,L,Peterson,,,True,ut,lower,59,Republican,http://le.utah.gov/images/legislator/PETERVL.jpg,2011-01-14 22:24:08.453000,2017-06-01 09:47:23.374000
UTL000086,Dixon M Pitcher,Dixon,M,Pitcher,,,True,ut,lower,10,Republican,http://le.utah.gov/images/legislator/PITCHDM.jpg,2011-01-14 22:24:08.428000,2017-06-01 09:47:23.369000
UTL000087,Marie H Poulson,Marie,H,Poulson,,,True,ut,lower,46,Democrat,http://le.utah.gov/images/legislator/POULSMH.jpg,2011-01-14 22:24:08.454000,2017-06-01 09:47:23.121000
UTL000089,Paul Ray,Paul,,Ray,,,True,ut,lower,13,Republican,http://le.utah.gov/images/legislator/RAYP.jpg,2011-01-14 22:24:08.467000,2017-06-01 09:47:23.072000
UTL000090,Douglas Sagers,Douglas V.,,Sagers,,,True,ut,lower,21,Republican,http://le.utah.gov/images/legislator/SAGERD.jpg,2011-01-14 22:24:08.427000,2017-06-01 09:47:23.195000
UTL000092,Dean Sanpei,Dean,,Sanpei,,,True,ut,lower,63,Republican,http://le.utah.gov/images/legislator/SANPED.jpg,2011-01-14 22:24:08.129000,2017-06-01 09:47:23.326000
UTL000097,R. Curt Webb,R. Curt,,Webb,,,True,ut,lower,5,Republican,http://le.utah.gov/images/legislator/WEBBRC.jpg,2011-01-14 22:24:08.456000,2017-06-01 09:47:23.371000
UTL000098,Mark A Wheatley,Mark,A,Wheatley,,,True,ut,lower,35,Democrat,http://le.utah.gov/images/legislator/WHEATMA.jpg,2011-01-14 22:24:08.331000,2017-06-01 09:47:23.458000
UTL000101,Brad R Wilson,Brad,R,Wilson,,,True,ut,lower,15,Republican,http://le.utah.gov/images/legislator/WILSOBR.jpg,2011-01-14 22:24:08.430000,2017-06-01 09:47:23.382000
UTL000109,V. Lowry Snow,V.,Lowry,Snow,,,True,ut,lower,74,Republican,http://le.utah.gov/images/legislator/SNOWVL.jpg,2012-01-12 01:35:39.467000,2017-06-01 09:47:23.150000
UTL000111,Daniel McCay,Daniel,,McCay,,,True,ut,lower,41,Republican,http://le.utah.gov/images/legislator/MCCAYD.jpg,2012-01-21 01:37:36.498000,2017-06-01 09:47:23.185000
UTL000113,Keven J. Stratton,Keven,J.,Stratton,,,True,ut,lower,48,Republican,http://le.utah.gov/images/legislator/STRATKJ.jpg,2012-05-11 01:56:39.329000,2017-06-01 09:47:23.252000
UTL000121,Edward H. Redd,Edward,H.,Redd,,,True,ut,lower,4,Republican,http://le.utah.gov/images/legislator/REDDEH.jpg,2013-01-11 00:17:25.754000,2017-06-01 09:47:23.105000
UTL000124,Angela Romero,Angela,,Romero,,,True,ut,lower,26,Democrat,http://le.utah.gov/images/legislator/ROMERAY.jpg,2013-01-11 00:17:25.905000,2017-06-01 09:47:23.247000
UTL000125,Michael S. Kennedy,Michael,S.,Kennedy,,,True,ut,lower,27,Republican,http://le.utah.gov/images/legislator/KENNEMS.jpg,2013-01-11 00:17:25.912000,2017-06-01 09:47:23.323000
UTL000129,Craig Hall,Craig,,Hall,,,True,ut,lower,33,Republican,http://le.utah.gov/images/legislator/HALLHC.jpg,2013-01-11 00:17:25.949000,2017-06-01 09:47:23.137000
UTL000134,John Knotwell,John,,Knotwell,,,True,ut,lower,52,Republican,http://le.utah.gov/images/legislator/KNOTWJ.jpg,2013-01-11 00:17:26.081000,2017-06-01 09:47:23.389000
UTL000135,Kay J. Christofferson,Kay,J.,Christofferson,,,True,ut,lower,56,Republican,http://le.utah.gov/images/legislator/CHRISKJ.jpg,2013-01-11 00:17:26.108000,2017-06-01 09:47:23.318000
UTL000136,Brian M. Greene,Brian,M.,Greene,,,True,ut,lower,57,Republican,http://le.utah.gov/images/legislator/GREENBM.jpg,2013-01-11 00:17:26.124000,2017-06-01 09:47:23.265000
UTL000139,Jon E. Stanard,Jon,E.,Stanard,,,True,ut,lower,62,Republican,http://le.utah.gov/images/legislator/STANAJE.jpg,2013-01-11 00:17:26.157000,2017-06-01 09:47:23.446000
UTL000140,Mike K. McKell,Mike,K.,McKell,,,True,ut,lower,66,Republican,http://le.utah.gov/images/legislator/MCKELMK.jpg,2013-01-11 00:17:26.186000,2017-06-01 09:47:23.333000
UTL000141,Marc K. Roberts,Marc,K.,Roberts,,,True,ut,lower,67,Republican,http://le.utah.gov/images/legislator/ROBERMK.jpg,2013-01-11 00:17:26.197000,2017-06-01 09:47:23.392000
UTL000142,Merrill F. Nelson,Merrill,F.,Nelson,,,True,ut,lower,68,Republican,http://le.utah.gov/images/legislator/NELSOMF.jpg,2013-01-11 00:17:26.203000,2017-06-01 09:47:23.278000
UTL000144,John R. Westwood,John,R.,Westwood,,,True,ut,lower,72,Republican,http://le.utah.gov/images/legislator/WESTWJR.jpg,2013-01-11 00:17:26.230000,2017-06-01 09:47:23.095000
UTL000147,Robert M. Spendlove,Robert M.,,Spendlove,,,True,ut,lower,49,Republican,http://le.utah.gov/images/legislator/SPENDRM.jpg,2014-01-18 07:56:39.145000,2017-06-01 09:47:23.232000
UTL000148,Justin L. Fawson,Justin L.,,Fawson,,,True,ut,lower,7,Republican,http://le.utah.gov/images/legislator/FAWSOJL.jpg,2014-04-24 10:03:53.003000,2017-06-01 09:47:23.312000
UTL000151,Raymond P. Ward,Raymond P.,,Ward,,,True,ut,lower,19,Republican,http://le.utah.gov/images/legislator/WARDR.jpg,2015-01-15 21:57:10.510000,2017-06-01 09:47:23.048000
UTL000152,Timothy D. Hawkes,Timothy D.,,Hawkes,,,True,ut,lower,18,Republican,http://le.utah.gov/images/legislator/HAWKETD.jpg,2015-01-15 21:57:10.754000,2017-06-01 09:47:23.160000
UTL000155,Sandra Hollins,Sandra,,Hollins,,,True,ut,lower,23,Democrat,http://le.utah.gov/images/legislator/HOLLIS.jpg,2015-01-15 21:57:10.956000,2017-06-01 09:47:23.066000
UTL000156,Mike Schultz,Mike,,Schultz,,,True,ut,lower,12,Republican,http://le.utah.gov/images/legislator/SCHULM.jpg,2015-01-15 21:57:10.987000,2017-06-01 09:47:23.379000
UTL000158,Scott H. Chew,Scott H.,,Chew,,,True,ut,lower,55,Republican,http://le.utah.gov/images/legislator/CHEWSH.jpg,2015-01-15 21:57:11.300000,2017-06-01 09:47:23.167000
UTL000159,Scott D. Sandall,Scott D.,,Sandall,,,True,ut,lower,1,Republican,http://le.utah.gov/images/legislator/SANDASD.jpg,2015-01-15 21:57:11.332000,2017-06-01 09:47:23.180000
UTL000162,Norman K Thurston,Norman K,,Thurston,,,True,ut,lower,64,Republican,http://le.utah.gov/images/legislator/THURSNK.jpg,2015-01-15 21:57:11.484000,2017-06-01 09:47:23.260000
UTL000165,Bruce R. Cutler,Bruce R.,,Cutler,,,True,ut,lower,44,Republican,http://le.utah.gov/images/legislator/CUTLEBR.jpg,2015-01-15 21:57:11.722000,2017-06-01 09:47:23.255000
UTL000275,Lynn N. Hemingway,Lynn N.,,Hemingway,,,True,ut,lower,40,Democrat,http://le.utah.gov/images/legislator/HEMINLN.jpg,2015-11-15 07:08:56.243000,2017-06-01 09:46:57.343000
UTL000277,Kelly B. Miles,Kelly B.,,Miles,,,True,ut,lower,11,Republican,http://le.utah.gov/images/legislator/MILESKB.jpg,2016-12-30 00:45:27.223000,2017-06-01 09:46:57.330000
UTL000279,Kim F. Coleman,Kim F.,,Coleman,,,True,ut,lower,42,Republican,http://le.utah.gov/images/legislator/COLEMK.jpg,2016-12-30 00:45:27.600000,2017-06-01 09:47:23.207000
UTL000280,Walt Brooks,Walt,,Brooks,,,True,ut,lower,75,Republican,http://le.utah.gov/images/legislator/BROOKW.jpg,2016-12-30 00:45:27.680000,2017-06-01 09:46:57.386000
UTL000282,Derrin R. Owens,Derrin R.,,Owens,,,True,ut,lower,58,Republican,http://le.utah.gov/images/legislator/OWENSD.jpg,2016-12-30 00:45:27.733000,2017-06-01 09:46:57.299000
UTL000283,Stewart E. Barlow,Stewart E.,,Barlow,,,True,ut,lower,17,Republican,http://le.utah.gov/images/legislator/BARLOSE.jpg,2016-12-30 00:45:27.744000,2017-06-01 09:47:23.300000
UTL000284,Christine F Watkins,Christine F,,Watkins,,,True,ut,lower,69,Republican,http://le.utah.gov/images/legislator/WATKICF.jpg,2017-01-02 08:07:00.562000,2017-06-01 09:46:57.294000
UTL000285,Elizabeth Weight,Elizabeth,,Weight,,,True,ut,lower,31,Democrat,http://le.utah.gov/images/legislator/WEIGHE.jpg,2017-01-02 08:07:00.580000,2017-06-01 09:46:57.303000
UTL000286,Logan Wilde,Logan,,Wilde,,,True,ut,lower,53,Republican,http://le.utah.gov/images/legislator/WILDEL.jpg,2017-01-02 08:07:00.603000,2017-06-01 09:46:57.340000
UTL000287,Val K. Potter,Val K.,,Potter,,,True,ut,lower,3,Republican,http://le.utah.gov/images/legislator/POTTEVK.jpg,2017-01-02 08:07:00.609000,2017-06-01 09:46:57.383000
UTL000289,Karen Kwan,Karen,,Kwan,,,True,ut,lower,34,Democrat,http://le.utah.gov/images/legislator/KWANK.jpg,2017-01-02 08:07:00.665000,2017-06-01 09:46:57.325000
UTL000290,Carl R. Albrecht,Carl R.,,Albrecht,,,True,ut,lower,70,Republican,http://le.utah.gov/images/legislator/ALBRECR.jpg,2017-01-02 08:07:00.684000,2017-06-01 09:46:57.292000
UTL000292,Karianne Lisonbee,Karianne,,Lisonbee,,,True,ut,lower,14,Republican,http://le.utah.gov/images/legislator/LISONK.jpg,2017-01-02 08:07:00.750000,2017-06-01 09:46:57.326000
UTL000293,Adam Gardiner,Adam,,Gardiner,,,True,ut,lower,43,Republican,http://le.utah.gov/images/legislator/GARDIA.jpg,2017-01-02 08:07:00.793000,2017-06-01 09:46:57.282000
UTL000294,Tim Quinn,Tim,,Quinn,,,True,ut,lower,54,Republican,http://le.utah.gov/images/legislator/QUINNT.jpg,2017-01-02 08:07:00.806000,2017-06-01 09:46:57.380000
UTL000295,Mike Winder,Mike,,Winder,,,True,ut,lower,30,Republican,http://le.utah.gov/images/legislator/WINDEM.jpg,2017-01-02 08:07:00.861000,2017-06-01 09:46:57.359000
UTL000296,Susan Pulsipher,Susan,,Pulsipher,,,True,ut,lower,50,Republican,http://le.utah.gov/images/legislator/PULSIS.jpg,2017-01-02 08:07:00.886000,2017-06-01 09:46:57.379000
UTL000297,A. Cory Maloy,A. Cory,,Maloy,,,True,ut,lower,6,Republican,http://le.utah.gov/images/legislator/MALOYC.jpg,2017-01-02 08:07:00.913000,2017-06-01 09:46:57.281000
UTL000298,Jefferson Moss,Jefferson,,Moss,,,True,ut,lower,2,Republican,http://le.utah.gov/images/legislator/MOSSJ.jpg,2017-01-02 08:07:00.919000,2017-06-01 09:46:57.311000
UTL000001,J. Stuart Adams,J. Stuart,,Adams,,,True,ut,upper,22,Republican,http://le.utah.gov/images/legislator/ADAMSJS.jpg,2011-01-14 22:24:08.436000,2017-06-01 09:47:23.315000
UTL000002,Curtis S Bramble,Curtis,S,Bramble,,,True,ut,upper,16,Republican,http://le.utah.gov/images/legislator/BRAMBCS.jpg,2011-01-14 22:24:08.436000,2017-06-01 09:47:23.438000
UTL000004,Allen M Christensen,Allen,M,Christensen,,,True,ut,upper,19,Republican,http://le.utah.gov/images/legislator/CHRISAM.jpg,2011-01-14 22:24:08.437000,2017-06-01 09:47:23.402000
UTL000005,Gene Davis,Gene,,Davis,,,True,ut,upper,3,Democrat,http://le.utah.gov/images/legislator/DAVISG.jpg,2011-01-14 22:24:08.438000,2017-06-01 09:47:23.425000
UTL000006,Margaret Dayton,Margaret,,Dayton,,,True,ut,upper,15,Republican,http://le.utah.gov/images/legislator/DAYTOM.jpg,2011-01-14 22:24:08.303000,2017-06-01 09:47:23.410000
UTL000007,Lyle W Hillyard,Lyle,W,Hillyard,,,True,ut,upper,25,Republican,http://le.utah.gov/images/legislator/HILLYLW.jpg,2011-01-14 22:24:08.438000,2017-06-01 09:47:23.338000
UTL000008,David P Hinkins,David,P,Hinkins,,,True,ut,upper,27,Republican,http://le.utah.gov/images/legislator/HINKIDP.jpg,2011-01-14 22:24:08.439000,2017-06-01 09:47:23.461000
UTL000011,Peter C Knudson,Peter,C,Knudson,,,True,ut,upper,17,Republican,http://le.utah.gov/images/legislator/KNUDSPC.jpg,2011-01-14 22:24:08.332000,2017-06-01 09:47:23.398000
UTL000014,Karen Mayne,Karen,,Mayne,,,True,ut,upper,5,Democrat,http://le.utah.gov/images/legislator/MAYNEK.jpg,2011-01-14 22:24:08.460000,2017-06-01 09:47:23.309000
UTL000017,Wayne L Niederhauser,Wayne,L,Niederhauser,,,True,ut,upper,9,Republican,http://le.utah.gov/images/legislator/NIEDEWL.jpg,2011-01-14 22:24:08.439000,2017-06-01 09:47:23.204000
UTL000018,Ralph Okerlund,Ralph,,Okerlund,,,True,ut,upper,24,Republican,http://le.utah.gov/images/legislator/OKERLR.jpg,2011-01-14 22:24:08.440000,2017-06-01 09:47:23.464000
UTL000020,Luz Escamilla,Luz,,Escamilla,,,True,ut,upper,1,Democrat,http://le.utah.gov/images/legislator/ESCAML.jpg,2011-01-14 22:24:08.441000,2017-06-01 09:47:23.455000
UTL000022,Howard A Stephenson,Howard,A,Stephenson,,,True,ut,upper,11,Republican,http://le.utah.gov/images/legislator/STEPHHA.jpg,2011-01-14 22:24:08.303000,2017-06-01 09:47:23.435000
UTL000023,Jerry W Stevenson,Jerry,W,Stevenson,,,True,ut,upper,21,Republican,http://le.utah.gov/images/legislator/STEVEJW.jpg,2011-01-14 22:24:08.441000,2017-06-01 09:47:23.092000
UTL000025,Daniel W Thatcher,Daniel,W,Thatcher,,,True,ut,upper,12,Republican,http://le.utah.gov/images/legislator/THATCDW.jpg,2011-01-14 22:24:08.458000,2017-06-01 09:47:23.118000
UTL000028,Kevin T Van Tassell,Kevin,T,Van Tassell,,,True,ut,upper,26,Republican,http://le.utah.gov/images/legislator/VANTAKT.jpg,2011-01-14 22:24:08.324000,2017-06-01 09:47:23.305000
UTL000060,Wayne A Harper,Wayne,A,Harper,,,True,ut,upper,6,Republican,http://le.utah.gov/images/legislator/HARPEWA.jpg,2011-01-14 22:24:08.493000,2017-06-01 09:47:23.422000
UTL000095,Evan J Vickers,Evan,J,Vickers,,,True,ut,upper,28,Republican,http://le.utah.gov/images/legislator/VICKEEJ.jpg,2011-01-14 22:24:08.327000,2017-06-01 09:47:23.407000
UTL000110,Todd Weiler,Todd,,Weiler,,,True,ut,upper,23,Republican,http://le.utah.gov/images/legislator/WEILET.jpg,2012-01-18 16:39:30.768000,2017-06-01 09:47:23.215000
UTL000115,Jim Dabakis,Jim,,Dabakis,,,True,ut,upper,2,Democrat,http://le.utah.gov/images/legislator/DABAKJ.jpg,2013-01-11 00:17:25.318000,2017-06-01 09:47:23.444000
UTL000117,Deidre M. Henderson,Deidre,M.,Henderson,,,True,ut,upper,7,Republican,http://le.utah.gov/images/legislator/HENDEDM.jpg,2013-01-11 00:17:25.356000,2017-06-01 09:47:23.429000
UTL000118,Brian E. Shiozawa,Brian,E.,Shiozawa,,,True,ut,upper,8,Republican,http://le.utah.gov/images/legislator/SHIOZBE.jpg,2013-01-11 00:17:25.363000,2017-06-01 09:47:23.419000
UTL000153,Ann Millner,Ann,,Millner,,,True,ut,upper,18,Republican,http://le.utah.gov/images/legislator/MILLNA.jpg,2015-01-15 21:57:10.902000,2017-06-01 09:47:23.126000
UTL000157,Jani Iwamoto,Jani,,Iwamoto,,,True,ut,upper,4,Democrat,http://le.utah.gov/images/legislator/IWAMOJ.jpg,2015-01-15 21:57:11.200000,2017-06-01 09:47:23.405000
UTL000276,Lincoln Fillmore,Lincoln,,Fillmore,,,True,ut,upper,10,Republican,http://le.utah.gov/images/legislator/FILLML.jpg,2016-01-08 07:11:25.375000,2017-06-01 09:46:57.415000
UTL000278,Don L. Ipson,Don L.,,Ipson,,,True,ut,upper,29,Republican,http://le.utah.gov/images/legislator/IPSONDL.jpg,2016-12-30 00:45:27.494000,2017-06-01 09:47:23.069000
UTL000281,Daniel Hemmert,Daniel,,Hemmert,,,True,ut,upper,14,Republican,http://le.utah.gov/images/legislator/HEMMED.jpg,2016-12-30 00:45:27.710000,2017-06-01 09:46:57.394000
UTL000288,Jacob L. Anderegg,Jacob L.,,Anderegg,,,True,ut,upper,13,Republican,http://le.utah.gov/images/legislator/ANDERJL.jpg,2017-01-02 08:07:00.659000,2017-06-01 09:46:57.407000
UTL000291,D. Gregg Buxton,D. Gregg,,Buxton,,,True,ut,upper,20,Republican,http://le.utah.gov/images/legislator/BUXTODG.jpg,2017-01-02 08:07:00.690000,2017-06-01 09:46:57.393000
UTL000299,David G. Buxton,David G.,,Buxton,,,True,ut,upper,20,Republican,http://le.utah.gov/images/legislator/BUXTODG.jpg,2017-04-25 09:41:13.726000,2017-06-01 09:46:57.397000
