id,state,chamber,committee,subcommittee,parent_id
WVC000039,wv,joint,Agriculture and Rural Development,,
WVC000041,wv,joint,Council of Finance and Administration,,
WVC000042,wv,joint,Economic Development,,
WVC000043,wv,joint,Education,,
WVC000044,wv,joint,Education Accountability,,
WVC000048,wv,joint,Employee Suggestion Award Board,,
WVC000049,wv,joint,Equal Pay Commission,,
WVC000050,wv,joint,Finance,,
WVC000054,wv,joint,Forest Management Review Commission,,
WVC000055,wv,joint,Government and Finance,,
WVC000056,wv,joint,Government Operations,,
WVC000057,wv,joint,Government Organization,,
WVC000061,wv,joint,Health,,
WVC000062,wv,joint,Health and Human Resources Accountability,,
WVC000065,wv,joint,Infrastructure,,
WVC000066,wv,joint,Intern Committee,,
WVC000067,wv,joint,Interstate Cooperation,,
WVC000068,wv,joint,Judiciary,,
WVC000072,wv,joint,Labor and Worker Safety Issues,,
WVC000073,wv,joint,Law Institute,,
WVC000074,wv,joint,Minority Issues,,
WVC000076,wv,joint,"Parks, Recreation and Natural Resources Subcommittee",,
WVC000077,wv,joint,"PEIA, Seniors and Long Term Care",,
WVC000078,wv,joint,Pensions and Retirement,,
WVC000079,wv,joint,Post Audits Subcommittee,,
WVC000080,wv,joint,Regional Jail and Correctional Facility Authority,,
WVC000081,wv,joint,Rule-Making Review Committee,,
WVC000082,wv,joint,Special Investigations,,
WVC000083,wv,joint,Technology,,
WVC000084,wv,joint,Veterans' Affairs,,
WVC000085,wv,joint,Water Resources,,
WVC000086,wv,joint,Workforce Investment for Economic Development,,
WVC000089,wv,joint,Children and Families,,
WVC000097,wv,joint,Joint Tax Reform,,
WVC000098,wv,joint,Energy,,
WVC000099,wv,joint,Joint Dept of Transportation Accountability,,
WVC000100,wv,joint,Tax Reform Subcommittee A,,
WVC000101,wv,joint,"Joint Government Accountability, Transparency and Efficiency Committee",,
WVC000103,wv,joint,Judiciary Subcommittee A,,
WVC000104,wv,joint,Health Subcommittee A,,
WVC000105,wv,joint,Finance Subcommittee A,,
WVC000106,wv,joint,Judiciary Subcommittee B,,
WVC000107,wv,joint,Government Organization Subcommittee A,,
WVC000108,wv,joint,Finance Subcommittee C,,
WVC000109,wv,joint,Finance Subcommittee B,,
WVC000110,wv,joint,Health Subcommittee B,,
WVC000111,wv,joint,Government Organization Subcommittee B,,
WVC000112,wv,joint,Education Subcommittee C – Public Education,,
WVC000113,wv,joint,Judiciary Subcommittee C,,
WVC000114,wv,joint,Education Subcommittee B – Public Education,,
WVC000115,wv,joint,Government Organization Subcommittee C,,
WVC000116,wv,joint,Education Subcommittee A – Higher Education,,
WVC000118,wv,joint,Judiciary,Judiciary Subcommittee A,WVC000068
WVC000119,wv,joint,Government Organization,Government Organization Subcommittee C,WVC000057
WVC000120,wv,joint,Judiciary,Judiciary Subcommittee C,WVC000068
WVC000121,wv,joint,Judiciary,Judiciary Subcommittee B,WVC000068
WVC000122,wv,joint,Government Organization,Government Organization Subcommittee A,WVC000057
WVC000123,wv,joint,Finance,Finance Subcommittee C,WVC000050
WVC000124,wv,joint,Government and Finance,Post Audits Subcommittee,WVC000055
WVC000125,wv,joint,Education,Education Subcommittee B – Public Education,WVC000043
WVC000126,wv,joint,Health,Health Subcommittee B,WVC000061
WVC000127,wv,joint,Finance,Finance Subcommittee A,WVC000050
WVC000128,wv,joint,Joint Tax Reform,Tax Reform Subcommittee A,WVC000097
WVC000129,wv,joint,Health,Health Subcommittee A,WVC000061
WVC000130,wv,joint,Government and Finance,"Parks, Recreation and Natural Resources Subcommittee",WVC000055
WVC000131,wv,joint,Education,Education Subcommittee A – Higher Education,WVC000043
WVC000132,wv,joint,Education,Education Subcommittee C – Public Education,WVC000043
WVC000133,wv,joint,Finance,Finance Subcommittee B,WVC000050
WVC000134,wv,joint,Government Organization,Government Organization Subcommittee B,WVC000057
WVC000135,wv,joint,Directory 2017-2018,,
WVC000021,wv,lower,Banking & Insurance,,
WVC000023,wv,lower,Education,,
WVC000024,wv,lower,Enrolled Bills,,
WVC000025,wv,lower,Finance,,
WVC000026,wv,lower,Government Organization,,
WVC000027,wv,lower,Health & Human Resources,,
WVC000029,wv,lower,Interstate Cooperation,,
WVC000030,wv,lower,Judiciary,,
WVC000032,wv,lower,Pensions & Retirement,,
WVC000033,wv,lower,Political Subdivisions,,
WVC000034,wv,lower,Roads & Transportation,,
WVC000035,wv,lower,Rules,,
WVC000036,wv,lower,Senior Citizen Issues,,
WVC000037,wv,lower,Veterans Affairs & Homeland Security,,
WVC000090,wv,lower,Industry & Labor,,
WVC000091,wv,lower,"Small Business, Entrepreneurship and Economic Development",,
WVC000092,wv,lower,Energy,,
WVC000093,wv,lower,Agriculture and Natural Resources,,
WVC000001,wv,upper,Agriculture and Rural Development,,
WVC000002,wv,upper,Banking and Insurance,,
WVC000003,wv,upper,Confirmations,,
WVC000004,wv,upper,Economic Development,,
WVC000005,wv,upper,Education,,
WVC000006,wv,upper,"Energy, Industry and Mining",,
WVC000007,wv,upper,Enrolled Bills,,
WVC000008,wv,upper,Finance,,
WVC000009,wv,upper,Government Organization,,
WVC000010,wv,upper,Health and Human Resources,,
WVC000011,wv,upper,Interstate Cooperation,,
WVC000012,wv,upper,Judiciary,,
WVC000014,wv,upper,Military,,
WVC000015,wv,upper,Natural Resources,,
WVC000016,wv,upper,Pensions,,
WVC000017,wv,upper,Rules,,
WVC000019,wv,upper,Transportation and Infrastructure,,
WVC000102,wv,upper,Workforce,,
WVC000117,wv,upper,Select Committee on Tax Reform,,
