id,state,chamber,committee,subcommittee,parent_id
PRC000001,pr,lower,Gobierno,,
PRC000009,pr,lower,Desarrollo de la Industria Turística,,
PRC000014,pr,lower,Desarrollo Integrado de la Región Sur,,
PRC000015,pr,lower,Desarrollo Integrado de la Región Este,,
PRC000016,pr,lower,Desarrollo Integrado de la Región Oeste,,
PRC000018,pr,lower,Salud,,
PRC000019,pr,lower,Vivienda y Desarrollo Urbano,,
PRC000022,pr,lower,Asuntos de la Mujer y Equidad,,
PRC000029,pr,lower,Asuntos Internos,,
PRC000030,pr,lower,Calendarios y Reglas Especiales de Debate,,
PRC000092,pr,lower,Asuntos Municipales y Regionalización,,
PRC000093,pr,lower,Desarrollo Integrado de la Región Centro Sur,,
PRC000096,pr,lower,"Transportación, Infraestructura, y de Recreación y Deportes",,
PRC000100,pr,lower,Cooperativas y Organizaciones Sin Fines de Lucro,,
PRC000113,pr,lower,Ética,,
PRC000120,pr,lower,Para el Desarrollo de la Región Metropolitana,,
PRC000121,pr,lower,Hacienda y Presupuesto,,
PRC000126,pr,lower,"Agricultura, Recursos Naturales y Asuntos Ambientales",,
PRC000134,pr,lower,Bienestar Social y para la Erradicación de la Pobreza,,
PRC000135,pr,lower,De lo Jurídico,,
PRC000136,pr,lower,Comisión Conjunta Sobre Asuntos de Estatus,,
PRC000137,pr,lower,Comisión Especial Conjunta de Fondos Legislativos Para Impacto Comunitario,,
PRC000138,pr,lower,Para el Desarrollo Integral de la Juventud y Para la Retención y Fomento del Nuevo Talento Puertorriqueño,,
PRC000139,pr,lower,Comisión Especial Para Una Nueva Política Energética,,
PRC000140,pr,lower,Desarrollo Integrado de la Región Norte,,
PRC000141,pr,lower,Asuntos Federales e Internacionales y Asuntos del Veterano,,
PRC000142,pr,lower,Seguridad Pública y para el Desarrollo de Iniciativas Contra el Crimen y la Corrupción,,
PRC000143,pr,lower,Comisión Conjunta Para Las Alianzas Público Privadas,,
PRC000144,pr,lower,Asuntos del Consumidor y Prácticas Anti-Monopolísticas,,
PRC000145,pr,lower,Asuntos Laborales y Sistema de Retiro del Servicio Público,,
PRC000146,pr,lower,Alianzas Público Privadas,,
PRC000147,pr,lower,"Educación, Para el Fomento de las Artes y la Cultura",,
PRC000148,pr,lower,Conjunta Sobre Informes Especiales del Contralor,,
PRC000149,pr,lower,Conjunta del Programa Córdova Fernós de Internados Congresionales,,
PRC000150,pr,lower,Especial Para una Nueva Política Energética,,
PRC000151,pr,lower,Sobre Asuntos De Estatus,,
PRC000152,pr,lower,Comisión Conjunta del Programa Pilar Barbosa de Internados en Educación,,
PRC000153,pr,lower,Especial Conjunta Sobre Donativos Legislativos,,
PRC000154,pr,lower,"Comisión Conjunta del Programa de Internado Legislativo de la Asamblea Legislativa ""Jorge Alberto Ramos Comas""",,
PRC000155,pr,lower,"Pequeños y Medianos Negocios, Comercio, Industria y Telecomunicaciones",,
PRC000156,pr,lower,Desarrollo Socio-Económico Y Planificación,,
PRC000157,pr,lower,Comisión Especial Para el Estudio del Sistema Contributivo de Puerto Rico,,
PRC000158,pr,lower,De la Asamblea Legislativa Para La Revisión Continua del Código Penal y Para la Reforma de Las Leyes Penales,,
PRC000090,pr,upper,"Derechos Civiles, Participación Ciudadana y Economía Social",,
PRC000091,pr,upper,Hacienda y Finanzas Públicas,,
PRC000095,pr,upper,"Turismo, Cultura, Recreación y Deportes y Globalización",,
PRC000098,pr,upper,Desarrollo Rural,,
PRC000101,pr,upper,"Lo Jurídico, Seguridad y Veteranos",,
PRC000103,pr,upper,"Cooperativismo, Pequeñas y Medianas Empresas y Micro Empresas",,
PRC000104,pr,upper,Reforma Legislativa,,
PRC000105,pr,upper,"Infraestructura, Desarrollo Urbano y Transportación",,
PRC000107,pr,upper,"Banca, Seguros y Telecomunicaciones",,
PRC000109,pr,upper,Ética e Integridad Legislativa,,
PRC000110,pr,upper,Vivienda y Comunidades Sostenibles,,
PRC000111,pr,upper,Normas y Procedimientos Relacionados con la Compra y Uso de Petróleo por la Autoridad de Energía Eléctrica,,
PRC000112,pr,upper,"Agricultura, Seguridad Alimentaria y Sustentabilidad de la Montaña y de la Región Sur",,
PRC000114,pr,upper,"Relaciones Laborales, Asuntos del Consumidor y Creación de Empleos",,
PRC000116,pr,upper,"Educación, Formación y Desarrollo del Individuo",,
PRC000117,pr,upper,Recursos Naturales y Ambientales,,
PRC000118,pr,upper,"Autonomía Municipal, Descentralización y Regionalización",,
PRC000119,pr,upper,Asuntos Energéticos y Recursos de Agua,,
PRC000122,pr,upper,Asuntos de la Mujer,,
PRC000128,pr,upper,"Gobierno, Eficiencia Gubernamental e Innovación Económica",,
PRC000129,pr,upper,Salud y Nutrición,,
PRC000130,pr,upper,Investigar la implementación del “Programa Comprensivo de Desarrollo Profesional para Certificación y Re- Certificación por Materia de Enseñanza” (CRECE-21),,
PRC000131,pr,upper,Transformación Administrativa y Operacional del Sistema de Educación de Puerto Rico,,
PRC000132,pr,upper,Corporaciones Públicas y Alianzas Público-Privadas,,
PRC000133,pr,upper,"Reglas, Calendario y Asuntos Internos",,
