leg_id,full_name,first_name,middle_name,last_name,suffixes,nickname,active,state,chamber,district,party,photo_url,created_at,updated_at
PRL000001,Thomas Rivera Schatz,Thomas,,Rivera Schatz,,,False,pr,,,,http://www.senadopr.us/Fotos%20Senadores/sen_trivera.jpg,2011-07-22 23:11:40.353000,2017-01-10 04:09:01.117000
PRL000002,Margarita Nolasco Santiago,Margarita,,Nolasco Santiago,,,False,pr,,,,http://www.senadopr.us/Fotos%20Senadores/sen_mnolasco.jpg,2011-07-22 23:11:40.370000,2017-01-10 04:09:01.105000
PRL000003,Itzamar Peña Ramirez,Itzamar,,Peña Ramirez,,,False,pr,,,,http://www.senadopr.us/Fotos%20Senadores/sen_ipena.jpg,2011-07-22 23:11:40.373000,2017-01-10 04:09:01.096000
PRL000004,Luz Z. Arce Ferrer,Luz,Z.,Arce Ferrer,,,False,pr,,,,http://www.senadopr.us/Fotos%20Senadores/sen_larce.jpg,2011-07-22 23:11:40.381000,2013-01-29 00:52:15.991000
PRL000005,Melinda K. Romero Donnelly,Melinda,K.,Romero Donnelly,,,False,pr,,,,http://www.senadopr.us/Fotos%20Senadores/sen_mromero.jpg,2011-07-22 23:11:40.384000,2013-01-29 00:52:15.976000
PRL000006,Norma E. Burgos Andujar,Norma,E.,Burgos Andujar,,,False,pr,,,,http://www.senadopr.us/Fotos%20Senadores/sen_nburgos.jpg,2011-07-22 23:11:40.386000,2013-01-29 00:52:15.986000
PRL000007,Jose L. Dalmau Santiago,Jose,L.,Dalmau Santiago,,,False,pr,,,,http://www.senadopr.us/Fotos%20Senadores/sen_jdalmau.jpg,2011-07-22 23:11:40.388000,2017-01-10 04:09:01.099000
PRL000008,Eduardo Bhatia Gautier,Eduardo,,Bhatia Gautier,,,False,pr,,,,http://www.senadopr.us/Fotos%20Senadores/sen_ebhatia.jpg,2011-07-22 23:11:40.412000,2017-01-10 04:09:01.093000
PRL000009,Antonio J. Fas Alzamora,Antonio,J.,Fas Alzamora,,,False,pr,,,,http://www.senadopr.us/Fotos%20Senadores/sen_afas.jpg,2011-07-22 23:11:40.414000,2017-01-10 04:09:01.089000
PRL000010,Alejandro Garcia Padilla,Alejandro,,Garcia Padilla,,,False,pr,,,,/Fotos%20Senadores/sen_apadilla_S.jpg,2011-07-22 23:11:40.416000,2013-01-29 00:52:15.975000
PRL000011,Cirilo Tirado Rivera,Cirilo,,Tirado Rivera,,,False,pr,,,,http://www.senadopr.us/Fotos%20Senadores/sen_ctirado.jpg,2011-07-22 23:11:40.419000,2017-01-10 04:09:01.092000
PRL000012,Eder E. Ortiz Ortiz,Eder,E.,Ortiz Ortiz,,,False,pr,,,,http://www.senadopr.us/Fotos%20Senadores/sen_eortiz.jpg,2011-07-22 23:11:40.421000,2013-01-07 03:51:49.945000
PRL000013,Jorge I. Suarez Caceres,Jorge,I.,Suarez Caceres,,,False,pr,,,,http://www.senadopr.us/Fotos%20Senadores/sen_jsuarez.jpg,2011-07-22 23:11:40.423000,2017-01-10 04:09:01.098000
PRL000014,Juan E. Hernandez Mayoral,Juan,E.,Hernandez Mayoral,,,False,pr,,,,http://www.senadopr.us/Fotos%20Senadores/sen_jhernandez.jpg,2011-07-22 23:11:40.434000,2013-01-29 00:52:15.981000
PRL000015,Sila M. Gonzalez Calderon,Sila,M.,Gonzalez Calderon,,,False,pr,,,,/Fotos%20Senadores/sen_sgonzales_S.jpg,2011-07-22 23:11:40.446000,2013-01-29 00:52:15.982000
PRL000016,Roberto A. Arango Vinent,Roberto,A.,Arango Vinent,,,False,pr,,,,/Fotos%20Senadores/sen_rarango_S.jpg,2011-07-22 23:11:40.456000,2012-06-14 19:16:41.702000
PRL000017,Kimmey Raschke Martinez,Kimmey,,Raschke Martinez,,,False,pr,,,,/Fotos%20Senadores/sen_krashke_S.jpg,2011-07-22 23:11:40.458000,2013-01-29 00:52:15.990000
PRL000018,Migdalia Padilla Alvelo,Migdalia,,Padilla Alvelo,,,False,pr,,,,http://www.senadopr.us/Fotos%20Senadores/sen_mpadilla.jpg,2011-07-22 23:11:40.460000,2017-01-10 04:09:01.109000
PRL000019,Carmelo J. Rios Santiago,Carmelo,J.,Rios Santiago,,,False,pr,,,,http://www.senadopr.us/Fotos%20Senadores/sen_crios.jpg,2011-07-22 23:11:40.462000,2017-01-10 04:09:01.091000
PRL000020,Jose E. Gonzalez Velazquez,Jose,E.,Gonzalez Velazquez,,,False,pr,,,,/Fotos%20Senadores/sen_jgonazalez_S.jpg,2011-07-22 23:11:40.485000,2013-01-29 00:52:15.974000
PRL000021,Angel Martinez Santiago,Angel,,Martinez Santiago,,,False,pr,,,,http://www.senadopr.us/Fotos%20Senadores/sen_amartinez.jpg,2011-07-22 23:11:40.487000,2017-01-10 04:09:01.086000
PRL000022,Luis D. Muñiz Cortes,Luis,D.,Muñiz Cortes,,,False,pr,,,,http://www.senadopr.us/Fotos%20Senadores/sen_lmuniz.jpg,2011-07-22 23:11:40.506000,2013-01-29 00:52:15.983000
PRL000023,Evelyn Vazquez Nieves,Evelyn,,Vazquez Nieves,,,False,pr,,,,/Fotos%20Senadores/sen_evarquez_S.jpg,2011-07-22 23:11:40.508000,2013-01-29 00:52:15.984000
PRL000024,Luis A. Berdiel Rivera,Luis,A.,Berdiel Rivera,,,False,pr,,,,http://www.senadopr.us/Fotos%20Senadores/sen_lberdiel.jpg,2011-07-22 23:11:40.510000,2013-01-29 00:52:15.985000
PRL000025,Larry Seilhamer Rodriguez,Larry,,Seilhamer Rodriguez,,,False,pr,,,,http://www.senadopr.us/Fotos%20Senadores/sen_lseilhamer.jpg,2011-07-22 23:11:40.512000,2017-01-10 04:09:01.102000
PRL000026,Antonio Soto Diaz,Antonio,,Soto Diaz,,,False,pr,,,,/Fotos%20Senadores/sen_asoto_S.jpg,2011-07-22 23:11:40.514000,2012-06-08 14:34:41.333000
PRL000027,Carlos J. Torres Torres,Carlos,J.,Torres Torres,,,False,pr,,,,http://www.senadopr.us/Fotos%20Senadores/sen_ctorres.jpg,2011-07-22 23:11:40.516000,2013-01-29 00:52:15.979000
PRL000028,Ramon Diaz Hernandez,Ramon,Diaz,Hernandez,,,False,pr,,,,/Fotos%20Senadores/sen_jdiaz_S.jpg,2011-07-22 23:11:40.518000,2013-01-29 00:52:16.003000
PRL000029,Luz M. Santiago Gonzalez,Luz,M.,Santiago Gonzalez,,,False,pr,,,,http://www.senadopr.us/Fotos%20Senadores/sen_lsantiago.jpg,2011-07-22 23:11:40.520000,2013-01-29 00:52:15.980000
PRL000030,Roger J. Iglesias Suarez,Roger,J.,Iglesias Suarez,,,False,pr,,,,/Fotos%20Senadores/sen_roiglesias_S.jpg,2011-07-22 23:11:40.522000,2013-01-29 00:52:15.987000
PRL000031,Lornna J. Soto Villanueva,Lornna,J.,Soto Villanueva,,,False,pr,,,,http://www.senadopr.us/Fotos%20Senadores/sen_lsoto.jpg,2011-07-22 23:11:40.534000,2013-01-29 00:52:15.988000
PRL000032,José López Muñoz,José,,López Muñoz,,,False,pr,,,,http://www.tucamarapr.org/dnncamara/images/Representantes/cc4eb92-e09f-40d2-9920-d3594baf97ed.jpg,2011-07-22 23:11:40.536000,2017-01-10 04:09:01.067000
PRL000034,Albita Rivera Ramírez,Albita Rivera,,Ramírez,,,False,pr,,,,http://www.camaraderepresentantes.org/files/fotos/50585TZ6RD50585TZ6RE3505850TZ6RF.JPG,2011-07-22 23:11:40.540000,2013-01-29 00:52:15.922000
PRL000035,Liza Fernández Rodríguez,Liza M. Fernandez,,Rodriguez,,,False,pr,,,,http://www.camaraderepresentantes.org/files/fotos/B0A9BC6B34D3410ABD1CE3A068D36177.jpg,2011-07-22 23:11:40.542000,2013-01-29 00:52:16.001000
PRL000037,Angel A. Pérez Otero,Angel,A.,Otero,,,False,pr,,,,http://www.camaraderepresentantes.org/files/fotos/90FB0B0EE4774C81B90D11BAD4537111.jpg,2011-07-22 23:11:40.546000,2013-01-29 00:52:15.899000
PRL000039,Antonio Silva Delgado,Antonio Silva,,Delgado,,,False,pr,,,,http://www.camaraderepresentantes.org/files/fotos/389131A0BC4949468C5F85817FAF34E4.jpg,2011-07-22 23:11:40.549000,2015-02-19 22:08:09.773000
PRL000040,Angel E. Rodríguez Miranda,Angel,E.,Rodríguez Miranda,,,False,pr,,,,http://www.tucamarapr.org/dnncamara/images/Representantes/f91aa93-a43d-40d9-a51b-8cd81878f80c.jpg,2011-07-22 23:11:40.551000,2017-01-10 04:09:01.049000
PRL000041,Bernardo Márquez García,Bernardo Márquez,,García,,,False,pr,,,,http://www.camaraderepresentantes.org/files/fotos/CE3891E666DA45FEA7591298536EBCEE.jpg,2011-07-22 23:11:40.553000,2013-01-29 00:52:15.906000
PRL000042,María M. Vega Pagán,María,M.,Pagan,,,False,pr,,,,http://www.camaraderepresentantes.org/files/fotos/E2CCC868778C4D40B88ABC191EEEABC2.jpg,2011-07-22 23:11:40.583000,2013-01-29 00:52:15.917000
PRL000043,Héctor A. Torres Calderón,Héctor,A.,Torres Calderón,,,False,pr,,,,http://www.tucamarapr.org/dnncamara/images/Representantes/3fd809dd-6861-4a98-b16a-ebe9bfdd57c9.jpg,2011-07-22 23:11:40.586000,2017-01-10 04:09:01.057000
PRL000045,Paula A. Rodríguez Homs,Paula,A.,Homs,,,False,pr,,,,http://www.camaraderepresentantes.org/files/fotos/254EFA0E17D249A3B951EF2C48C22EBD.jpg,2011-07-22 23:11:40.590000,2013-01-29 00:52:15.892000
PRL000046,Arnaldo Jiménez Valle,Arnaldo Jiménez,,Valle,,,False,pr,,,,http://www.camaraderepresentantes.org/files/fotos/A6AC36B06D9E4539A34FDF0A307DD0AB.jpg,2011-07-22 23:11:40.592000,2013-01-29 00:52:15.895000
PRL000047,Eric A. Alfaro Calero,Eric,A.,Calero,,,False,pr,,,,http://www.camaraderepresentantes.org/files/fotos/01631965F70F4DEA964C62554CBD81BF.jpg,2011-07-22 23:11:40.593000,2013-01-29 00:52:15.920000
PRL000048,José L. Rivera Guerra,José,L.,Guerra,,,False,pr,,,,http://www.camaraderepresentantes.org/files/fotos/039C4F1A51414F6DA185058F01BF244B.jpg,2011-07-22 23:11:40.595000,2013-01-29 00:52:15.901000
PRL000049,David Bonilla Cortés,David Bonilla,,Cortés,,,False,pr,,,,http://www.camaraderepresentantes.org/files/fotos/266BCC6D1C094FBD8D9DDC86A8DF8B1E.jpg,2011-07-22 23:11:40.598000,2013-01-29 00:52:15.896000
PRL000050,Carlos M. Hernández López,Carlos,M.,Hernández López,,,False,pr,,,,http://www.tucamarapr.org/dnncamara/images/Representantes/f6a192d-57c2-49d1-bf8b-f0674ed24c06.jpg,2011-07-22 23:11:40.600000,2017-01-10 04:09:01.053000
PRL000051,Norman Ramírez Rivera,Norman Ramírez,,Rivera,,,False,pr,,,,http://www.camaraderepresentantes.org/files/fotos/DAB31228D6A24209AF0DB057D05E3AD2.jpg,2011-07-22 23:11:40.614000,2013-01-29 00:52:15.919000
PRL000053,Waldemar Quiles Rodríguez,Waldemar,,Quiles Rodríguez,,,False,pr,,,,http://www.tucamarapr.org/dnncamara/images/Representantes/844871b-91e6-4373-b272-c208b36c8d5a.jpg,2011-07-22 23:11:40.621000,2017-01-10 04:09:01.084000
PRL000054,Julissa Nolasco Ortíz,Julissa Nolasco,,Ortíz,,,False,pr,,,,http://www.camaraderepresentantes.org/files/fotos/21B71FD129364F8EA4EF69D78EE75516.jpg,2011-07-22 23:11:40.623000,2013-01-29 00:52:15.903000
PRL000055,Luis G. León Rodríguez,Luis,G.,León Rodríguez,,,False,pr,,,,http://www.tucamarapr.org/dnncamara/images/Representantes/9136fc6-ef2f-48f8-af26-0393ef3c1f04.jpg,2011-07-22 23:11:40.625000,2017-01-10 04:09:01.071000
PRL000056,Víctor L. Vasallo Anadón,Víctor,L.,Vasallo Anadón,,,False,pr,,,,http://www.tucamarapr.org/dnncamara/images/Representantes/8acb8e0-a37b-435c-a2b3-107e18f5591b.jpg,2011-07-22 23:11:40.626000,2017-01-10 04:09:01.081000
PRL000057,José L. Jiménez Negrón,José,L.,Negrón,,,False,pr,,,,http://www.camaraderepresentantes.org/files/fotos/54875TZA2J54875TZA2K3548750TZA2L.JPG,2011-07-22 23:11:40.628000,2013-01-29 00:52:15.918000
PRL000058,José R. Torres Ramírez,José,R.,Torres Ramírez,,,False,pr,,,,http://www.tucamarapr.org/dnncamara/images/Representantes/fcaf416c-ce19-42ef-b263-2c58d5724e4d.jpg,2011-07-22 23:11:40.630000,2017-01-10 04:09:01.068000
PRL000060,Pedro I. Cintrón Rodríguez,Pedro,I.,Rodríguez,,,False,pr,,,,http://www.camaraderepresentantes.org/files/fotos/83F2A059D2384CF49D1DA58573952EA6.jpg,2011-07-22 23:11:40.634000,2013-01-29 00:52:15.915000
PRL000061,Jorge L. Ramos Peña,Jorge,L.,Peña,,,False,pr,,,,http://www.camaraderepresentantes.org/files/fotos/F7E006F3B3C3430DA4F76260A344F1A0.jpg,2011-07-22 23:11:40.636000,2013-01-29 00:52:15.973000
PRL000062,Sylvia Rodríguez Aponte,Sylvia Rodríguez,,Aponte,,,False,pr,,,,http://www.camaraderepresentantes.org/files/fotos/C2FA209B7B0C407B9E1168518B264C17.jpg,2011-07-22 23:11:40.638000,2013-01-29 00:52:15.911000
PRL000065,Cristóbal Colón Ruiz,Cristóbal Colón,,Ruiz,,,False,pr,,,,http://www.camaraderepresentantes.org/files/fotos/52198TZ80752199TZ8083521990TZ809.JPG,2011-07-22 23:11:40.665000,2013-01-29 00:52:15.912000
PRL000066,Narden Jaime Espinosa,Narden,,Jaime Espinosa,,,False,pr,,,,http://www.tucamarapr.org/dnncamara/images/Representantes/adfbb30f-a8a1-442e-90b6-782cf161ddd1.jpg,2011-07-22 23:11:40.667000,2017-01-10 04:09:01.074000
PRL000069,Eric Correa Rivera,Eric Correa,,Rivera,,,False,pr,,,,http://www.camaraderepresentantes.org/files/fotos/55CFA23E594E47E4B16A1EFBE43BE2EF.jpg,2011-07-22 23:11:40.708000,2013-01-29 00:52:15.904000
PRL000070,Roberto Rivera Ruiz de Porras,Roberto,Rivera,Ruiz de Porras,,,False,pr,,,,http://www.tucamarapr.org/dnncamara/images/Representantes/7d1daf5-b122-432a-bead-aeff0a505165.jpg,2011-07-22 23:11:40.710000,2017-01-10 04:09:01.075000
PRL000071,Jenniffer A. González Colón,Jenniffer,A.,González Colón,,,False,pr,,,,http://www.tucamarapr.org/dnncamara/images/Representantes/7d8e5300-a519-4b58-9b39-5d333517b747.jpg,2011-07-22 23:11:40.712000,2017-01-10 04:09:01.062000
PRL000072,José Chico Vega,José,,Chico Vega,,,False,pr,,,,http://www.camaraderepresentantes.org/files/fotos/54332TZ9NG54332TZ9NH3543330TZ9NI.JPG,2011-07-22 23:11:40.714000,2013-01-29 00:52:15.902000
PRL000074,Jose Torres Zamora,Jose,,Torres Zamora,,,False,pr,,,,http://www.camaraderepresentantes.org/files/fotos/B43303B5E2F544ED8212A74139AFCB55.jpg,2011-07-22 23:11:40.718000,2013-01-29 00:52:15.921000
PRL000077,Héctor Ferrer Ríos,Héctor,,Ferrer Ríos,,,False,pr,,,,http://www.camaraderepresentantes.org/files/fotos/19EB9BCB3D31491EB346888D9E00348D.jpg,2011-07-22 23:11:40.724000,2012-03-06 17:33:18.572000
PRL000078,Jaime R. Perelló Borrás,Jaime,R.,Perelló Borrás,,,False,pr,,,,http://www.tucamarapr.org/dnncamara/images/Representantes/9858a950-ac46-4ac3-94cb-940d5d9ef866.jpg,2011-07-22 23:11:40.746000,2017-01-10 04:09:01.059000
PRL000080,Carmen Y. Cruz Soto,Carmen,Y.,Cruz Soto,,,False,pr,,,,http://www.camaraderepresentantes.org/files/fotos/6A93FA8710FF4BE8A99A48CD6280BBB6.jpg,2011-07-22 23:11:40.751000,2013-01-29 00:52:15.898000
PRL000081,Jorge Colberg Toro,Jorge,,Colberg Toro,,,False,pr,,,,http://www.camaraderepresentantes.org/files/fotos/2FDD5F5C11DA4B249649BC25340C0B00.jpg,2011-07-22 23:11:40.753000,2015-02-19 22:17:04.355000
PRL000121,Elizabeth Casado Irizarry,Elizabeth Casado,,Irizarry,,,False,pr,,,,http://www.camaraderepresentantes.org/files/fotos/738D89C8CA2B49AA959B80AC069C26A7.jpg,2012-05-16 05:05:35.686000,2013-01-29 00:52:15.905000
PRL000122,Víctor L. Parés Otero,Víctor L. Parés,,Otero,,,False,pr,,,,http://www.camaraderepresentantes.org/files/fotos/0EA665AFE6EE45C1BAD66F2AD9C54C6D.jpg,2012-05-30 04:56:30.377000,2013-01-29 00:52:15.908000
PRL000123,Eduardo Ferrer Ríos,Eduardo Ferrer,,Ríos,,,False,pr,,,,http://www.camaraderepresentantes.org/files/fotos/051A27DC47D74ACCADBD16F62E55E5E0.jpg,2012-05-31 04:40:49.433000,2015-02-19 22:18:27.631000
PRL000125,Miguel Rodriguez Martinez,Miguel Rodriguez,,Martinez,,,False,pr,,,,,2012-06-05 04:54:17.001000,2013-01-29 00:52:16.002000
PRL000155,Angel M. Rodriguez Otero,Angel M. Rodriguez,,Otero,,,False,pr,,,,http://www.senadopr.us/Fotos%20Senadores/sen_arodriguez.jpg,2012-09-12 04:55:45.128000,2017-01-10 04:09:01.085000
PRL000160,Anibal J. Torres Torres,Anibal J. Torres,,Torres,,,False,pr,,,,http://www.senadopr.us/Fotos%20Senadores/sen_atorres.jpg,2013-01-29 00:52:14.927000,2017-01-10 04:09:01.088000
PRL000161,Rossana Lopez Leon,Rossana Lopez,,Leon,,,False,pr,,,,http://www.senadopr.us/Fotos%20Senadores/sen_rlopez.jpg,2013-01-29 00:52:14.936000,2017-01-10 04:09:01.115000
PRL000162,Angel R. Rosa Rodriguez,Angel R. Rosa,,Rodriguez,,,False,pr,,,,http://www.senadopr.us/Fotos%20Senadores/sen_arosa.jpg,2013-01-29 00:52:14.950000,2017-01-10 04:09:01.087000
PRL000163,Maria De L. Santiago Negron,Maria,,De L. Santiago Negron,,,False,pr,,,,http://www.senadopr.us/Fotos%20Senadores/sen_mde.jpg,2013-01-29 00:52:15.149000,2017-01-10 04:09:01.106000
PRL000164,Jose R. Nadal Power,Jose R. Nadal,,Power,,,False,pr,,,,http://www.senadopr.us/Fotos%20Senadores/sen_jnadal.jpg,2013-01-29 00:52:15.155000,2017-01-10 04:09:01.101000
PRL000165,Ramon L. Nieves Perez,Ramon L. Nieves,,Perez,,,False,pr,,,,http://www.senadopr.us/Fotos%20Senadores/sen_rnieves.jpg,2013-01-29 00:52:15.162000,2017-01-10 04:09:01.113000
PRL000166,Jose O. Perez Rosa,Jose O. Perez,,Rosa,,,False,pr,,,,http://www.senadopr.us/Fotos%20Senadores/sen_jperez.jpg,2013-01-29 00:52:15.248000,2017-01-10 04:09:01.100000
PRL000167,Maria T. Gonzalez Lopez,Maria T. Gonzalez,,Lopez,,,False,pr,,,,http://www.senadopr.us/Fotos%20Senadores/sen_mgonzalez.jpg,2013-01-29 00:52:15.254000,2017-01-10 04:09:01.107000
PRL000168,Gilberto Rodriguez Valle,Gilberto Rodriguez,,Valle,,,False,pr,,,,http://www.senadopr.us/Fotos%20Senadores/sen_grodriguez.jpg,2013-01-29 00:52:15.259000,2017-01-10 04:09:01.094000
PRL000169,Ramon Ruiz Nieves,Ramon Ruiz,,Nieves,,,False,pr,,,,http://www.senadopr.us/Fotos%20Senadores/sen_rruiz.jpg,2013-01-29 00:52:15.265000,2017-01-10 04:09:01.114000
PRL000170,Martin Vargas Morales,Martin Vargas,,Morales,,,False,pr,,,,http://www.senadopr.us/Fotos%20Senadores/sen_mvargas.jpg,2013-01-29 00:52:15.270000,2017-01-10 04:09:01.108000
PRL000171,Miguel A. Pereira Castillo,Miguel A. Pereira,,Castillo,,,False,pr,,,,http://www.senadopr.us/Fotos%20Senadores/sen_mpereira.jpg,2013-01-29 00:52:15.280000,2017-01-10 04:09:01.110000
PRL000173,Luis D. Rivera Filomeno,Luis D. Rivera,,Filomeno,,,False,pr,,,,http://www.senadopr.us/Fotos%20Senadores/sen_lrivera.jpg,2013-01-29 00:52:15.303000,2017-01-10 04:09:01.103000
PRL000174,Pedro A. Rodriguez Gonzalez,Pedro A. Rodriguez,,Gonzalez,,,False,pr,,,,http://www.senadopr.us/Fotos%20Senadores/sen_prodriguez.jpg,2013-01-29 00:52:15.309000,2017-01-10 04:09:01.112000
PRL000175,Sonia I. Pacheco Irigoyen,Sonia I. Pacheco,,Irigoyen,,,False,pr,,,,http://www.tucamarapr.org/dnncamara/images/Representantes/6260384-ac66-4311-b683-179287fd4907.jpg,2013-01-29 00:52:15.328000,2017-01-10 04:09:01.076000
PRL000176,Jose L. Báez Rivera,Jose L. Báez,,Rivera,,,False,pr,,,,http://www.tucamarapr.org/dnncamara/images/Representantes/e841add-181f-4559-8e4f-8df769221a5a.jpg,2013-01-29 00:52:15.335000,2017-01-10 04:09:01.065000
PRL000181,César Hernández Alfonzo,César,,Hernández Alfonzo,,,False,pr,,,,http://www.tucamarapr.org/dnncamara/images/Representantes/8ce24c5f-748c-4f7f-b4a3-431ecd8a39f4.jpg,2013-01-29 00:52:15.481000,2017-01-10 04:09:01.055000
PRL000182,José A. Rodríguez Quiles,José,A.,Rodríguez Quiles,,,False,pr,,,,http://www.tucamarapr.org/dnncamara/images/Representantes/227af05-2708-4715-b818-867ef99de977.jpg,2013-01-29 00:52:15.486000,2017-01-10 04:09:01.066000
PRL000183,Armando Franco González,Armando,,Franco González,,,False,pr,,,,http://www.tucamarapr.org/dnncamara/images/Representantes/fe588f05-7d6e-4d11-bfb2-2a60adb81106.jpg,2013-01-29 00:52:15.492000,2017-01-10 04:09:01.052000
PRL000184,Angel Muñoz Suárez,Angel,,Muñoz Suárez,,,False,pr,,,,http://www.tucamarapr.org/dnncamara/images/Representantes/95fc8d3-a8a1-462c-a5ef-41fc6f379a3d.jpg,2013-01-29 00:52:15.498000,2017-01-10 04:09:01.051000
PRL000185,Efraín De Jesús Rodríguez,Efraín,,De Jesús Rodríguez,,,False,pr,,,,http://www.tucamarapr.org/dnncamara/images/Representantes/02c38a8-b19f-4311-a633-8198cda9e059.jpg,2013-01-29 00:52:15.504000,2017-01-10 04:09:01.056000
PRL000187,Nelson Torres Yordán,Nelson,,Torres Yordán,,,False,pr,,,,http://www.tucamarapr.org/dnncamara/images/Representantes/e611945-760c-46f1-8b1a-d88ba412a1f1.jpg,2013-01-29 00:52:15.527000,2016-09-24 05:53:32.189000
PRL000189,Carlos J. Vargas Ferrer,Carlos,J.,Vargas Ferrer,,,False,pr,,,,http://www.camaraderepresentantes.org/files/fotos/B41C8D3A4AC24E878CC04D58FE7527AD.jpg,2013-01-29 00:52:15.561000,2016-03-17 22:47:08.989000
PRL000217,Luisa Gándara Menéndez,Luisa,,Gándara Menéndez,,,False,pr,,,,http://www.tucamarapr.org/dnncamara/images/Representantes/bea54cf-d25e-4e56-95a7-96623f2305e0.jpg,2015-02-12 00:05:34.505000,2017-01-10 04:09:01.073000
PRL000239,Luis E. Torres Monsegur,Luis E. Torres,,Monsegur,,,False,pr,,,,http://www.tucamarapr.org/dnncamara/images/Representantes/7d387bd8-1fe1-49ac-a411-2785bba0a0e9.jpg,2016-02-26 05:45:37.910000,2017-01-10 04:09:01.070000
PRL000033,Luis R. Torres Cruz,Luis,R.,Cruz,,,True,pr,lower,2,Partido Popular Democrático,http://www.tucamarapr.org/dnncamara/images/Representantes/2fa8aa3-629a-4b82-8ae8-ed951ca6a566.jpg,2011-07-22 23:11:40.537000,2017-06-01 04:48:37.019000
PRL000036,Jorge Navarro Suárez,Jorge,,Navarro Suárez,,,True,pr,lower,5,Partido Nuevo Progresista,http://www.tucamarapr.org/dnncamara/images/Representantes/c94718f-0ebe-4d3a-ae29-6eb02247ec75.jpg,2011-07-22 23:11:40.544000,2017-06-01 04:48:37.006000
PRL000038,Luis Pérez Ortiz,Luis,,Pérez Ortiz,,,True,pr,lower,7,Partido Nuevo Progresista,http://www.tucamarapr.org/dnncamara/images/Representantes/dd4a649-0081-4798-8248-ca4d8199d8ad.jpg,2011-07-22 23:11:40.547000,2017-06-01 04:48:37.017000
PRL000044,Gabriel Rodríguez Aguiló,Gabriel,,Rodríguez Aguiló,,,True,pr,lower,13,Partido Nuevo Progresista,http://www.tucamarapr.org/dnncamara/images/Representantes/8b7e107-5b5d-4ae9-a20c-b33f19a50fbb.jpg,2011-07-22 23:11:40.587000,2017-06-01 04:48:36.998000
PRL000052,Lydia Méndez Silva,Lydia,,Méndez Silva,,,True,pr,lower,21,Partido Popular Democrático,http://www.tucamarapr.org/dnncamara/images/Representantes/0bf11e0-dd53-45e8-8cd2-22bf19f7a667.jpg,2011-07-22 23:11:40.619000,2017-06-01 04:48:37.021000
PRL000059,Rafael Rivera Ortega,Rafael,,Rivera Ortega,,,True,pr,lower,28,Partido Nuevo Progresista,http://www.tucamarapr.org/dnncamara/images/Representantes/f353f4e-a4dd-4e00-9fac-ea74cc9f6b46.jpg,2011-07-22 23:11:40.632000,2017-06-01 04:48:37.032000
PRL000063,José M. Varela Fernández,José,M.,Varela Fernández,,,True,pr,lower,32,Partido Popular Democrático,http://www.tucamarapr.org/dnncamara/images/Representantes/688ff85b-50c9-495e-97d6-53cdad935088.jpg,2011-07-22 23:11:40.640000,2017-06-01 04:48:37.014000
PRL000064,Angel R. Peña Ramírez,Angel,R.,Peña Ramírez,,,True,pr,lower,33,Partido Nuevo Progresista,http://www.tucamarapr.org/dnncamara/images/Representantes/e8d8556-e264-4780-b92f-570a8f1ca731.jpg,2011-07-22 23:11:40.642000,2017-06-01 04:48:36.988000
PRL000067,Carlos Méndez Núñez,Carlos,,Méndez Núñez,,“Johnny”,True,pr,lower,36,Partido Nuevo Progresista,http://www.tucamarapr.org/dnncamara/images/Representantes/67dea01-a30c-49c7-b233-ac43a2ba5e8f.jpg,2011-07-22 23:11:40.705000,2017-06-01 04:48:36.993000
PRL000068,Angel Bulerín Ramos,Angel,,Bulerín Ramos,,,True,pr,lower,37,Partido Nuevo Progresista,http://www.tucamarapr.org/dnncamara/images/Representantes/ba7ff98-f29b-430e-a54b-af7b24c2fc8c.jpg,2011-07-22 23:11:40.706000,2017-06-01 04:48:36.985000
PRL000073,María de Lourdes Ramos Rivera,María,,de Lourdes Ramos Rivera,,,True,pr,lower,At-Large,Partido Nuevo Progresista,http://www.tucamarapr.org/dnncamara/images/Representantes/0df4903-63b3-421f-a6b0-ac4344f1f802.jpg,2011-07-22 23:11:40.717000,2017-06-01 04:48:37.026000
PRL000075,José E. Meléndez Ortiz,José,E.,Meléndez Ortiz,,,True,pr,lower,At-Large,Partido Nuevo Progresista,http://www.tucamarapr.org/dnncamara/images/Representantes/88dea4e1-b373-463f-aec0-1131322b06aa.jpg,2011-07-22 23:11:40.720000,2017-06-01 04:48:37.009000
PRL000076,José F. Aponte Hernández,José,F.,Aponte Hernández,,,True,pr,lower,At-Large,Partido Nuevo Progresista,http://www.tucamarapr.org/dnncamara/images/Representantes/b8212da-6b2c-4fd6-9876-ea1a4887b9a7.jpg,2011-07-22 23:11:40.722000,2017-06-01 04:48:37.011000
PRL000079,Brenda López de Arrarás,Brenda,,López de Arrarás,,,True,pr,lower,At-Large,Partido Popular Democrático,http://www.tucamarapr.org/dnncamara/images/Representantes/fb836622-bc0c-4add-9fe9-acb84b6eb451.jpg,2011-07-22 23:11:40.749000,2017-06-01 04:48:36.991000
PRL000082,Rafael Hernández Montañez,Rafael,,Hernández Montañez,,,True,pr,lower,11,Partido Popular Democrático,http://www.tucamarapr.org/dnncamara/images/Representantes/e0255cd-c1f4-49a0-a71d-3301de57de88.jpg,2011-07-22 23:11:40.755000,2017-06-01 04:48:37.031000
PRL000083,Luis R. Vega Ramos,Luis,R.,Vega Ramos,,,True,pr,lower,At-Large,Partido Popular Democrático,http://www.tucamarapr.org/dnncamara/images/Representantes/84da49f-248c-489b-8611-aacb49f54a66.jpg,2011-07-22 23:11:40.758000,2017-06-01 04:48:37.020000
PRL000177,Antonio L. Soto Torres,Antonio ,L.,Soto Torres,,,True,pr,lower,6,Partido Nuevo Progresista,http://www.tucamarapr.org/dnncamara/images/Representantes/58517da-b5a8-4d68-90ee-c7eeb6265a41.jpg,2013-01-29 00:52:15.346000,2017-06-01 04:48:36.989000
PRL000178,Pedro J. Santiago Guzman,Pedro,J.,Santiago Guzman,,,True,pr,lower,10,Partido Nuevo Progresista,http://www.tucamarapr.org/dnncamara/images/Representantes/c745d63-2dd1-4f18-823e-eac588b24b34.jpg,2013-01-29 00:52:15.368000,2017-06-01 04:48:37.030000
PRL000180,Ricardo J. Llerandi Cruz,Ricardo,J.,Llerandi Cruz,,,True,pr,lower,14,Partido Nuevo Progresista,http://www.tucamarapr.org/dnncamara/images/Representantes/b5cf9eee-d28c-4527-bf4b-f857badcffb8.jpg,2013-01-29 00:52:15.475000,2017-06-01 04:48:37.035000
PRL000186,Carlos Bianchi Angleró,Carlos,,Bianchi Angleró,,,True,pr,lower,20,Partido Popular Democrático,http://www.tucamarapr.org/dnncamara/images/Representantes/c71258b-4b3e-4ca6-a071-bb0b64ae3e57.jpg,2013-01-29 00:52:15.509000,2017-06-01 04:48:36.992000
PRL000188,Urayoan Hernández Alvarado,Urayoan,,Hernández Alvarado,,,True,pr,lower,26,Partido Nuevo Progresista,http://www.tucamarapr.org/dnncamara/images/Representantes/75822c5-d658-4baf-b4b5-0259ee0763e8.jpg,2013-01-29 00:52:15.544000,2017-06-01 04:48:37.037000
PRL000190,Luis R. Ortiz Lugo,Luis,R.,Ortiz Lugo,,,True,pr,lower,30,Partido Popular Democrático,http://www.tucamarapr.org/dnncamara/images/Representantes/2f2dc52-8c85-46a8-86a5-e0c550828eca.jpg,2013-01-29 00:52:15.567000,2017-06-01 04:48:37.018000
PRL000191,Jesús Santa Rodríguez,Jesús,,Santa Rodríguez,,,True,pr,lower,31,Partido Popular Democrático,http://www.tucamarapr.org/dnncamara/images/Representantes/54693ce-2743-47a7-8ef7-b2fb4785cbe4.jpg,2013-01-29 00:52:15.573000,2017-06-01 04:48:37.004000
PRL000192,Ramón Luis Cruz Burgos,Ramón,Luis,Cruz Burgos,,,True,pr,lower,34,Partido Popular Democrático,http://www.tucamarapr.org/dnncamara/images/Representantes/e2e28c1-ba62-431f-ba25-e4412a13dfe0.jpg,2013-01-29 00:52:15.592000,2017-06-01 04:48:37.034000
PRL000193,Javier A. Aponte Dalmau,Javier,A.,Aponte Dalmau,,,True,pr,lower,38,Partido Popular Democrático,http://www.tucamarapr.org/dnncamara/images/Representantes/6caa6b19-7a9f-422e-87c5-8420bbf8db53.jpg,2013-01-29 00:52:15.615000,2017-06-01 04:48:37.002000
PRL000194,Angel N. Matos García,Angel,N.,Matos García,,,True,pr,lower,40,Partido Popular Democrático,http://www.tucamarapr.org/dnncamara/images/Representantes/949c187-2885-430c-a868-c5f19db52fe7.jpg,2013-01-29 00:52:15.623000,2017-06-01 04:48:36.987000
PRL000195,María M. Charbonier Laureano,María,M.,Charbonier Laureano,,,True,pr,lower,At-Large,Partido Nuevo Progresista,http://www.tucamarapr.org/dnncamara/images/Representantes/99bd319-87e4-4c40-9bfb-2e0628b07f83.jpg,2013-01-29 00:52:15.701000,2017-06-01 04:48:37.025000
PRL000213,Manuel A. Natal Albelo,Manuel,A.,Natal Albelo,,,True,pr,lower,At-Large,Partido Popular Democrático,http://www.tucamarapr.org/dnncamara/images/Representantes/fa6a7c76-a9a1-49c1-9862-8ec9f6a40b55.jpg,2015-02-12 00:05:34.265000,2017-06-01 04:48:37.023000
PRL000214,Yashira M. Lebrón Rodríguez,Yashira,M.,Lebrón Rodríguez,,,True,pr,lower,8,Partido Nuevo Progresista,http://www.tucamarapr.org/dnncamara/images/Representantes/34aa945b-7dfb-4326-b5d5-ef7bdfa58af9.jpg,2015-02-12 00:05:34.385000,2017-06-01 04:48:37.042000
PRL000238,José Anibal Díaz Collazo,José Anibal Díaz,,Collazo,,,True,pr,lower,29,Partido Popular Democrático,http://www.tucamarapr.org/dnncamara/images/Representantes/1f4e13ce-a123-4926-bbdb-070671adc10b.jpg,2015-12-10 05:43:59.024000,2017-06-01 04:48:37.008000
PRL000240,Samuel Pagán Cuadrado,Samuel Pagán,,Cuadrado,,,True,pr,lower,35,Partido Nuevo Progresista,http://www.tucamarapr.org/dnncamara/images/Representantes/b1d96ac8-92cd-4691-af8c-a86d3049fb9c.jpg,2017-01-10 04:09:00.657000,2017-06-01 04:48:37.036000
PRL000241,Néstor A. Alonso Vega,Néstor A. Alonso,,Vega,,,True,pr,lower,At-Large,Partido Nuevo Progresista,http://www.tucamarapr.org/dnncamara/images/Representantes/8ca3eecc-83f3-4238-bda4-08ffce59d2d4.jpg,2017-01-10 04:09:00.692000,2017-06-01 04:48:37.029000
PRL000242,José A. Banchs Alemán,José A. Banchs,,Alemán,,,True,pr,lower,24,Partido Nuevo Progresista,http://www.tucamarapr.org/dnncamara/images/Representantes/0a20e0f4-74d0-47b7-a439-93891db4e9e2.jpg,2017-01-10 04:09:00.699000,2017-06-01 04:48:37.007000
PRL000243,Ramón L. Rodríguez Ruiz,Ramón L. Rodríguez,,Ruiz,,,True,pr,lower,27,Partido Nuevo Progresista,http://www.tucamarapr.org/dnncamara/images/Representantes/3c2352b3-6ece-49ae-9c26-9d3e2fcef887.jpg,2017-01-10 04:09:00.704000,2017-06-01 04:48:37.033000
PRL000244,José J. Pérez Cordero,José J. Pérez,,Cordero,,,True,pr,lower,18,Partido Nuevo Progresista,http://www.tucamarapr.org/dnncamara/images/Representantes/5b238c6f-c264-4209-a899-34d2a82eeab0.jpg,2017-01-10 04:09:00.716000,2017-06-01 04:48:37.012000
PRL000246,José E. Torres Zamora,José E. Torres,,Zamora,,,True,pr,lower,At-Large,Partido Nuevo Progresista,http://www.tucamarapr.org/dnncamara/images/Representantes/27c9a2a0-3336-4052-b811-1db0494ef83f.jpg,2017-01-10 04:09:00.756000,2017-06-01 04:48:37.010000
PRL000247,José Luis Rivera Guerra,José Luis Rivera,,Guerra,,,True,pr,lower,17,Partido Nuevo Progresista,http://www.tucamarapr.org/dnncamara/images/Representantes/03f366cd-fc7d-4a0d-9a1d-5995029be6b7.jpg,2017-01-10 04:09:00.761000,2017-06-01 04:48:37.013000
PRL000248,Victor L. Parés Otero,Victor L. Parés,,Otero,,,True,pr,lower,4,Partido Nuevo Progresista,http://www.tucamarapr.org/dnncamara/images/Representantes/b72a8e04-8b34-4fd5-8c24-47ffac2a6de6.jpg,2017-01-10 04:09:00.784000,2017-06-01 04:48:37.038000
PRL000249,Juan O. Morales Rodríguez,Juan O. Morales,,Rodríguez,,,True,pr,lower,3,Partido Nuevo Progresista,http://www.tucamarapr.org/dnncamara/images/Representantes/129e955a-bfd2-4cc4-8031-df156014c0ae.jpg,2017-01-10 04:09:00.789000,2017-06-01 04:48:37.016000
PRL000250,Félix G. Lassalle Toro,Félix G. Lassalle,,Toro,,,True,pr,lower,16,Partido Nuevo Progresista,http://www.tucamarapr.org/dnncamara/images/Representantes/345fca98-3c83-4d27-9df8-affc2237f25c.jpg,2017-01-10 04:09:00.812000,2017-06-01 04:48:36.997000
PRL000251,Jesús Manuel Ortiz González,Jesús Manuel Ortiz,,González,,,True,pr,lower,At-Large,Partido Popular Democrático,http://www.tucamarapr.org/dnncamara/images/Representantes/2741b094-9a1a-4bda-b195-3095c46a11e0.jpg,2017-01-10 04:09:00.851000,2017-06-01 04:48:37.003000
PRL000252,Nelson Del Valle Colón,Nelson,,Del Valle Colón,,,True,pr,lower,9,Partido Nuevo Progresista,http://www.tucamarapr.org/dnncamara/images/Representantes/a40cc9ea-f5c8-41c1-8cd0-57681c1b7706.jpg,2017-01-10 04:09:00.856000,2017-06-01 04:48:37.028000
PRL000253,Denis Márquez Lebrón,Denis Márquez,,Lebrón,,,True,pr,lower,At-Large,Partido Independentista Puertorriqueño,http://www.tucamarapr.org/dnncamara/images/Representantes/d3b14919-b52f-48ac-8021-3cdd6d4263d2.jpg,2017-01-10 04:09:00.867000,2017-06-01 04:48:36.995000
PRL000254,Michael A. Quiñones Irizarry,Michael A. Quiñones,,Irizarry,,,True,pr,lower,22,Partido Nuevo Progresista,http://www.tucamarapr.org/dnncamara/images/Representantes/5b584d78-4769-4ead-87a1-1cb1819d65df.jpg,2017-01-10 04:09:00.878000,2017-06-01 04:48:37.027000
PRL000255,Jacqueline Rodríguez Hernández,Jacqueline Rodríguez,,Hernández,,,True,pr,lower,25,Partido Nuevo Progresista,http://www.tucamarapr.org/dnncamara/images/Representantes/ba92fc3e-5ebf-46f7-9248-c45b78e704b0.jpg,2017-01-10 04:09:00.889000,2017-06-01 04:48:37
PRL000256,Víctor M. Torres González,Víctor M. Torres,,González,,,True,pr,lower,23,Partido Nuevo Progresista,http://www.tucamarapr.org/dnncamara/images/Representantes/4703dadf-8a30-4e70-b4f7-0f26c8d1b780.jpg,2017-01-10 04:09:00.906000,2017-06-01 04:48:37.041000
PRL000257,Joel I. Franqui Atiles,Joel I. Franqui,,Atiles,,,True,pr,lower,15,Partido Nuevo Progresista,http://www.tucamarapr.org/dnncamara/images/Representantes/4e924527-aa5b-4279-bacd-edd991bade54.jpg,2017-01-10 04:09:00.937000,2017-06-01 04:48:37.005000
PRL000258,Maricarmen Mas Rodríguez,Maricarmen Mas,,Rodríguez,,,True,pr,lower,19,Partido Nuevo Progresista,http://www.tucamarapr.org/dnncamara/images/Representantes/d1b306ca-3632-4adb-8a84-ff65df94aca5.jpg,2017-01-10 04:09:00.943000,2017-06-01 04:48:37.024000
PRL000259,Guillermo Miranda Rivera,Guillermo Miranda,,Rivera,,,True,pr,lower,12,Partido Nuevo Progresista,http://www.tucamarapr.org/dnncamara/images/Representantes/1bcba311-27e6-466d-9210-5119dd41996f.jpg,2017-01-10 04:09:00.960000,2017-06-01 04:48:36.999000
PRL000260,Eddie Charbonier Chinea,Eddie Charbonier,,Chinea,,,True,pr,lower,1,Partido Nuevo Progresista,http://www.tucamarapr.org/dnncamara/images/Representantes/b5ff7253-68f8-4097-81d9-ea88b59b445a.jpg,2017-01-10 04:09:00.966000,2017-06-01 04:48:36.996000
