id,state,chamber,committee,subcommittee,parent_id
AKC000031,ak,joint,Armed Services Committee,,
AKC000032,ak,joint,Legislative Budget & Audit,,
AKC000035,ak,joint,Select Committee On Legislative Ethics,,
AKC000036,ak,joint,Legislative Council,,
AKC000240,ak,joint,Task Force On Unmanned Aircraft Systems,,
AKC000247,ak,joint,Task Force On Civics Education,,
AKC000268,ak,joint,Ombudsman Selection Committee,,
AKC000269,ak,joint,Victims Advocate Selection Committee,,
AKC000271,ak,joint,Alaska Water & Sewer Advisory Committee,,
AKC000051,ak,lower,Community & Regional Affairs,,
AKC000052,ak,lower,Education,,
AKC000053,ak,lower,Finance,,
AKC000054,ak,lower,Health & Social Services,,
AKC000055,ak,lower,Judiciary,,
AKC000056,ak,lower,Labor & Commerce,,
AKC000057,ak,lower,Resources,,
AKC000058,ak,lower,Rules,,
AKC000059,ak,lower,State Affairs,,
AKC000060,ak,lower,Transportation,,
AKC000073,ak,lower,Military & Veterans' Affairs,,
AKC000080,ak,lower,Energy,,
AKC000081,ak,lower,Fisheries,,
AKC000084,ak,lower,Committee On Committees,,
AKC000249,ak,lower,"Arctic Policy, Economic Dev., & Tourism",,
AKC000250,ak,lower,Corrections,Finance Subcommittee,
AKC000251,ak,lower,Labor & Workforce Development,Finance Subcommittee,
AKC000252,ak,lower,Judiciary,Finance Subcommittee,AKC000055
AKC000253,ak,lower,Natural Resources,Finance Subcommittee,
AKC000254,ak,lower,Legislature,Finance Subcommittee,
AKC000255,ak,lower,Environmental Conservation,Finance Subcommittee,
AKC000256,ak,lower,"Commerce, Community & Economic Dev",Finance Subcommittee,
AKC000257,ak,lower,Health & Social Services,Finance Subcommittee,AKC000054
AKC000258,ak,lower,Public Safety,Finance Subcommittee,
AKC000259,ak,lower,Military & Veterans' Affairs,Finance Subcommittee,AKC000073
AKC000260,ak,lower,Law,Finance Subcommittee,
AKC000261,ak,lower,Governor,Finance Subcommittee,
AKC000262,ak,lower,Transportation & Public Facilities,Finance Subcommittee,
AKC000263,ak,lower,Fish & Game,Finance Subcommittee,
AKC000264,ak,lower,University Of Alaska,Finance Subcommittee,
AKC000265,ak,lower,Administration,Finance Subcommittee,
AKC000266,ak,lower,Revenue,Finance Subcommittee,
AKC000267,ak,lower,Education & Early Development,Finance Subcommittee,
AKC000001,ak,upper,Community & Regional Affairs,,
AKC000002,ak,upper,Education,,
AKC000003,ak,upper,Finance,,
AKC000004,ak,upper,Health & Social Services,,
AKC000005,ak,upper,Judiciary,,
AKC000006,ak,upper,Labor & Commerce,,
AKC000007,ak,upper,Resources,,
AKC000008,ak,upper,Rules,,
AKC000009,ak,upper,State Affairs,,
AKC000010,ak,upper,Transportation,,
AKC000039,ak,upper,Committee On Committees,,
AKC000187,ak,upper,Administration,Finance Subcommittee,
AKC000188,ak,upper,"Commerce, Community & Economic Dev",Finance Subcommittee,
AKC000189,ak,upper,Corrections,Finance Subcommittee,
AKC000191,ak,upper,Education & Early Development,Finance Subcommittee,
AKC000192,ak,upper,Environmental Conservation,Finance Subcommittee,
AKC000193,ak,upper,Fish & Game,Finance Subcommittee,
AKC000194,ak,upper,Governor,Finance Subcommittee,
AKC000195,ak,upper,Health & Social Services,Finance Subcommittee,AKC000004
AKC000196,ak,upper,Labor & Workforce Development,Finance Subcommittee,
AKC000197,ak,upper,Law,Finance Subcommittee,
AKC000198,ak,upper,Legislature,Finance Subcommittee,
AKC000199,ak,upper,Military & Veterans' Affairs,Finance Subcommittee,
AKC000200,ak,upper,Natural Resources,Finance Subcommittee,
AKC000201,ak,upper,Public Safety,Finance Subcommittee,
AKC000202,ak,upper,Revenue,Finance Subcommittee,
AKC000203,ak,upper,Transportation & Public Facilities,Finance Subcommittee,
AKC000204,ak,upper,University Of Alaska,Finance Subcommittee,
AKC000233,ak,upper,Special Cmte On The Arctic,,
AKC000238,ak,upper,Judiciary Subcommittee,Finance Subcommittee,
AKC000246,ak,upper,Medicaid Reform,Finance Subcommittee,
AKC000248,ak,upper,Special Cmte On World Trade,,
AKC000270,ak,upper,Judiciary,Finance Subcommittee,AKC000005
