leg_id,full_name,first_name,middle_name,last_name,suffixes,nickname,active,state,chamber,district,party,photo_url,created_at,updated_at
AKL000003,Charlie Huggins,Charlie,,Huggins,,,False,ak,,,,http://w3.legis.state.ak.us/images/senate/HUG.jpg,2011-02-11 00:13:25.150000,2017-01-23 02:03:41.539000
AKL000005,Bettye Davis,Bettye,,Davis,,,False,ak,,,,http://w3.legis.state.ak.us/images/senate/DAB.jpg,2011-02-11 00:13:25.154000,2013-01-12 00:02:27.232000
AKL000006,Fred Dyson,Fred,,Dyson,,,False,ak,,,,http://w3.legis.state.ak.us/images/senate/DYS.jpg,2011-02-11 00:13:25.156000,2015-01-22 21:35:34.551000
AKL000008,Johnny Ellis,Johnny,,Ellis,,,False,ak,,,,http://w3.legis.state.ak.us/images/senate/ELL.jpg,2011-02-11 00:13:25.159000,2017-01-23 02:03:41.540000
AKL000009,Hollis French,Hollis,,French,,,False,ak,,,,http://w3.legis.state.ak.us/images/senate/FRE.jpg,2011-02-11 00:13:25.161000,2015-01-22 21:35:34.561000
AKL000012,Albert Kookesh,Albert,,Kookesh,,,False,ak,,,,http://w3.legis.state.ak.us/images/senate/KOS.jpg,2011-02-11 00:13:25.166000,2013-01-12 00:02:27.252000
AKL000013,Lesil McGuire,Lesil,,McGuire,,,False,ak,,,,http://w3.legis.state.ak.us/images/senate/MCG.jpg,2011-02-11 00:13:25.168000,2017-01-23 02:03:41.556000
AKL000014,Linda Menard,Linda,,Menard,,,False,ak,,,,http://w3.legis.state.ak.us/images/senate/MER.jpg,2011-02-11 00:13:25.169000,2013-01-12 00:02:27.233000
AKL000015,Joe Paskvan,Joe,,Paskvan,,,False,ak,,,,http://w3.legis.state.ak.us/images/senate/PSK.jpg,2011-02-11 00:13:25.171000,2013-01-12 00:02:27.235000
AKL000017,Joe Thomas,Joe,,Thomas,,,False,ak,,,,http://w3.legis.state.ak.us/images/senate/THS.jpg,2011-02-11 00:13:25.175000,2013-01-12 00:02:27.236000
AKL000018,Thomas Wagoner,Thomas,,Wagoner,,,False,ak,,,,http://w3.legis.state.ak.us/images/senate/WAG.jpg,2011-02-11 00:13:25.176000,2013-01-12 00:02:27.237000
AKL000021,Alan Austerman,Alan,,Austerman,,,False,ak,,,,http://w3.legis.state.ak.us/images/house/AUS.jpg,2011-02-11 00:13:25.181000,2015-01-22 21:35:34.509000
AKL000022,Beth Kerttula,Beth,,Kerttula,,,False,ak,,,,http://w3.legis.state.ak.us/images/house/KER.jpg,2011-02-11 00:13:25.183000,2014-03-03 14:17:05.913000
AKL000023,Sharon Cissna,Sharon,,Cissna,,,False,ak,,,,http://w3.legis.state.ak.us/images/house/CIS.jpg,2011-02-11 00:13:25.185000,2013-01-12 00:02:27.249000
AKL000025,Alan Dick,Alan,,Dick,,,False,ak,,,,http://w3.legis.state.ak.us/images/house/DIC.jpg,2011-02-11 00:13:25.188000,2013-01-12 00:02:27.239000
AKL000026,Mike Doogan,Mike,,Doogan,,,False,ak,,,,http://w3.legis.state.ak.us/images/house/DOO.jpg,2011-02-11 00:13:25.190000,2013-01-12 00:02:27.240000
AKL000028,Anna Fairclough,Anna,,Fairclough,,,False,ak,,,,http://w3.legis.state.ak.us/images/house/FAI.jpg,2011-02-11 00:13:25.198000,2015-01-22 21:35:34.568000
AKL000029,Eric Feige,Eric,,Feige,,,False,ak,,,,http://w3.legis.state.ak.us/images/house/FEI.jpg,2011-02-11 00:13:25.199000,2015-01-22 21:35:34.525000
AKL000033,Carl Gatto,Carl,,Gatto,,,False,ak,,,,http://w3.legis.state.ak.us/images/house/GAT.jpg,2011-02-11 00:13:25.213000,2012-06-06 16:23:51.247000
AKL000034,Max Gruenberg,Max,,Gruenberg,,,False,ak,,,,http://akleg.gov/images/legislators/GRU.jpg,2011-02-11 00:13:25.215000,2016-03-18 08:43:21.302000
AKL000036,Mike Hawker,Mike,,Hawker,,,False,ak,,,,http://w3.legis.state.ak.us/images/house/HAW.jpg,2011-02-11 00:13:25.218000,2017-01-23 02:03:41.533000
AKL000037,Bob Herron,Bob,,Herron,,,False,ak,,,,http://w3.legis.state.ak.us/images/house/HEO.jpg,2011-02-11 00:13:25.220000,2017-01-23 02:03:41.501000
AKL000038,Lindsey Holmes,Lindsey,,Holmes,,,False,ak,,,,http://w3.legis.state.ak.us/images/house/HOL.jpg,2011-02-11 00:13:25.221000,2015-01-22 21:35:34.468000
AKL000039,Kyle Johansen,Kyle,,Johansen,,,False,ak,,,,http://w3.legis.state.ak.us/images/house/JHA.jpg,2011-02-11 00:13:25.223000,2013-01-12 00:02:27.250000
AKL000040,Craig Johnson,Craig,,Johnson,,,False,ak,,,,http://w3.legis.state.ak.us/images/house/JHN.jpg,2011-02-11 00:13:25.225000,2017-05-31 08:29:26.463000
AKL000041,Reggie Joule,Reggie,,Joule,,,False,ak,,,,http://w3.legis.state.ak.us/images/house/JOU.jpg,2011-02-11 00:13:25.227000,2013-01-12 00:02:27.244000
AKL000043,Wes Keller,Wes,,Keller,,,False,ak,,,,http://w3.legis.state.ak.us/images/house/KEE.jpg,2011-02-11 00:13:25.230000,2017-01-23 02:03:41.536000
AKL000044,Bob Lynn,Bob,,Lynn,,,False,ak,,,,http://w3.legis.state.ak.us/images/house/LYN.jpg,2011-02-11 00:13:25.233000,2017-01-23 02:03:41.513000
AKL000045,Bob Miller,Bob,,Miller,,,False,ak,,,,http://w3.legis.state.ak.us/images/house/MIE.jpg,2011-02-11 00:13:25.234000,2013-01-12 00:02:27.251000
AKL000047,Cathy Muñoz,Cathy,,Muñoz,,,False,ak,,,,http://w3.legis.state.ak.us/images/house/MUN.jpg,2011-02-11 00:13:25.247000,2017-01-23 02:03:41.524000
AKL000049,Kurt Olson,Kurt,,Olson,,,False,ak,,,,http://w3.legis.state.ak.us/images/house/OLL.jpg,2011-02-11 00:13:25.251000,2017-01-23 02:03:41.528000
AKL000050,Pete Petersen,Pete,,Petersen,,,False,ak,,,,http://w3.legis.state.ak.us/images/house/PEJ.jpg,2011-02-11 00:13:25.253000,2013-01-12 00:02:27.245000
AKL000054,Bill Stoltze,Bill,,Stoltze,,,False,ak,,,,http://w3.legis.state.ak.us/images/house/STZ.jpg,2011-02-11 00:13:25.262000,2017-01-23 02:03:41.537000
AKL000055,Bill Thomas Jr,Bill,,Thomas,Jr,,False,ak,,,,http://w3.legis.state.ak.us/images/house/THM.jpg,2011-02-11 00:13:25.264000,2013-01-12 00:02:27.246000
AKL000058,Peggy Wilson,Peggy,,Wilson,,,False,ak,,,,http://w3.legis.state.ak.us/images/house/WLS.jpg,2011-02-11 00:13:25.269000,2015-01-22 21:35:34.505000
AKL000060,Shelley Hughes,Shelley,,Hughes,,,False,ak,,,,http://w3.legis.state.ak.us/images/house/HUS.jpg,2012-06-16 00:52:49.433000,2017-01-23 02:03:41.534000
AKL000070,Lynn Gattis,Lynn,,Gattis,,,False,ak,,,,http://w3.legis.state.ak.us/images/house/GAT.jpg,2013-01-12 00:02:26.831000,2017-01-23 02:03:41.532000
AKL000071,Pete Higgins,Pete,,Higgins,,,False,ak,,,,http://w3.legis.state.ak.us/images/house/HIG.jpg,2013-01-12 00:02:26.863000,2015-01-22 21:35:34.523000
AKL000072,Doug Isaacson,Doug,,Isaacson,,,False,ak,,,,http://w3.legis.state.ak.us/images/house/ISN.jpg,2013-01-12 00:02:26.880000,2015-01-22 21:35:34.443000
AKL000076,Benjamin Nageak,Benjamin,,Nageak,,,False,ak,,,,http://w3.legis.state.ak.us/images/house/NAG.jpg,2013-01-12 00:02:26.958000,2017-01-23 02:03:41.499000
AKL000129,Jim Colver,Jim,,Colver,,,False,ak,,,,http://akleg.gov/images/legislators/COV.jpg,2015-01-22 21:35:33.590000,2017-01-23 02:03:41.527000
AKL000132,Liz Vazquez,Liz,,Vazquez,,,False,ak,,,,http://akleg.gov/images/legislators/VAQ.jpg,2015-01-22 21:35:33.633000,2017-01-23 02:03:41.530000
AKL000020,Charles M Chenault,Charles,M,Chenault,,Mike,True,ak,lower,29,Republican,http://akleg.gov/images/legislators/rounded/CHE.png,2011-02-11 00:13:25.180000,2017-05-31 08:29:35.276000
AKL000027,Bryce Edgmon,Bryce,,Edgmon,,,True,ak,lower,37,Democratic,http://akleg.gov/images/legislators/rounded/EDG.png,2011-02-11 00:13:25.196000,2017-05-31 08:29:35.179000
AKL000030,Neal Foster,Neal,,Foster,,,True,ak,lower,39,Democratic,http://akleg.gov/images/legislators/rounded/FON.png,2011-02-11 00:13:25.208000,2017-05-31 08:29:35.366000
AKL000031,Les Gara,Les,,Gara,,,True,ak,lower,20,Democratic,http://akleg.gov/images/legislators/rounded/GAR.png,2011-02-11 00:13:25.209000,2017-05-31 08:29:35.499000
AKL000035,David Guttenberg,David,,Guttenberg,,,True,ak,lower,4,Democratic,http://akleg.gov/images/legislators/rounded/GTT.png,2011-02-11 00:13:25.216000,2017-05-31 08:29:35.245000
AKL000042,Scott Kawasaki,Scott,,Kawasaki,,,True,ak,lower,1,Democratic,http://akleg.gov/images/legislators/rounded/KAW.png,2011-02-11 00:13:25.228000,2017-05-31 08:29:35.430000
AKL000046,Charisse Millett,Charisse,,Millett,,,True,ak,lower,25,Republican,http://akleg.gov/images/legislators/rounded/MIL.png,2011-02-11 00:13:25.245000,2017-05-31 08:29:35.182000
AKL000048,Mark Neuman,Mark,,Neuman,,,True,ak,lower,8,Republican,http://akleg.gov/images/legislators/rounded/NEU.png,2011-02-11 00:13:25.248000,2017-05-31 08:29:35.371000
AKL000051,Lance Pruitt,Lance,,Pruitt,,,True,ak,lower,27,Republican,http://akleg.gov/images/legislators/rounded/PRU.png,2011-02-11 00:13:25.254000,2017-05-31 08:29:35.504000
AKL000052,Dan Saddler,Dan,,Saddler,,,True,ak,lower,13,Republican,http://akleg.gov/images/legislators/rounded/SAD.png,2011-02-11 00:13:25.258000,2017-05-31 08:29:35.207000
AKL000053,Paul Seaton,Paul,,Seaton,,,True,ak,lower,31,Republican,http://akleg.gov/images/legislators/rounded/SAN.png,2011-02-11 00:13:25.260000,2017-05-31 08:29:35.411000
AKL000056,Steve Thompson,Steve,,Thompson,,,True,ak,lower,2,Republican,http://akleg.gov/images/legislators/rounded/THP.png,2011-02-11 00:13:25.265000,2017-05-31 08:29:35.139000
AKL000057,Chris Tuck,Chris,,Tuck,,,True,ak,lower,23,Democratic,http://akleg.gov/images/legislators/rounded/TUC.png,2011-02-11 00:13:25.267000,2017-05-31 08:29:35.336000
AKL000059,Tammie Wilson,Tammie,,Wilson,,,True,ak,lower,3,Republican,http://akleg.gov/images/legislators/rounded/WLT.png,2011-02-11 00:13:25.270000,2017-05-31 08:29:35.152000
AKL000069,Harriet Drummond,Harriet,,Drummond,,,True,ak,lower,18,Democratic,http://akleg.gov/images/legislators/rounded/DRU.png,2013-01-12 00:02:26.801000,2017-05-31 08:29:35.540000
AKL000073,Andy Josephson,Andy,,Josephson,,,True,ak,lower,17,Democratic,http://akleg.gov/images/legislators/rounded/JOS.png,2013-01-12 00:02:26.896000,2017-05-31 08:29:35.425000
AKL000074,Jonathan Kreiss-Tomkins,Jonathan,,Kreiss-Tomkins,,,True,ak,lower,35,Democratic,http://akleg.gov/images/legislators/rounded/KRE.png,2013-01-12 00:02:26.922000,2017-05-31 08:29:35.502000
AKL000075,Gabrielle LeDoux,Gabrielle,,LeDoux,,,True,ak,lower,15,Republican,http://akleg.gov/images/legislators/rounded/LEU.png,2013-01-12 00:02:26.928000,2017-05-31 08:29:35.511000
AKL000077,Lora Reinbold,Lora,,Reinbold,,,True,ak,lower,14,Republican,http://akleg.gov/images/legislators/rounded/REI.png,2013-01-12 00:02:26.994000,2017-05-31 08:29:35.524000
AKL000078,Geran Tarr,Geran,,Tarr,,,True,ak,lower,19,Democratic,http://akleg.gov/images/legislators/rounded/TAR.png,2013-01-12 00:02:27.051000,2017-05-31 08:29:35.535000
AKL000122,Sam Kito,Sam,,Kito,,,True,ak,lower,33,Democratic,http://akleg.gov/images/legislators/rounded/KIO.png,2014-02-28 00:55:20.103000,2017-05-31 08:29:35.280000
AKL000130,Louise Stutes,Louise,,Stutes,,,True,ak,lower,32,Republican,http://akleg.gov/images/legislators/rounded/STS.png,2015-01-22 21:35:33.600000,2017-05-31 08:29:35.369000
AKL000138,Dave Talerico,Dave,,Talerico,,,True,ak,lower,6,Republican,http://akleg.gov/images/legislators/rounded/TAL.png,2015-01-22 21:35:33.715000,2017-05-31 08:29:35.533000
AKL000144,Cathy Tilton,Cathy,,Tilton,,,True,ak,lower,12,Republican,http://akleg.gov/images/legislators/rounded/TLT.png,2015-01-22 21:35:33.782000,2017-05-31 08:29:35.135000
AKL000158,Adam Wool,Adam,,Wool,,,True,ak,lower,5,Democratic,http://akleg.gov/images/legislators/rounded/WOO.png,2015-01-22 21:35:34.071000,2017-05-31 08:29:35.362000
AKL000163,Dan Ortiz,Dan,,Ortiz,,,True,ak,lower,36,Independent,http://akleg.gov/images/legislators/rounded/ORT.png,2015-01-22 21:35:34.120000,2017-05-31 08:29:35.421000
AKL000167,Matt Claman,Matt,,Claman,,,True,ak,lower,21,Democratic,http://akleg.gov/images/legislators/rounded/CLA.png,2015-01-22 21:35:34.159000,2017-05-31 08:29:35.509000
AKL000178,Ivy Spohnholz,Ivy,,Spohnholz,,,True,ak,lower,16,Democratic,http://akleg.gov/images/legislators/rounded/SPN.png,2016-03-11 09:45:05.038000,2017-05-31 08:29:35.522000
AKL000179,David Eastman,David,,Eastman,,,True,ak,lower,10,Republican,http://akleg.gov/images/legislators/rounded/EAS.png,2017-01-23 02:03:41.089000,2017-05-31 08:29:35.497000
AKL000181,Chuck Kopp,Chuck,,Kopp,,,True,ak,lower,24,Republican,http://akleg.gov/images/legislators/rounded/KOP.png,2017-01-23 02:03:41.147000,2017-05-31 08:29:35.531000
AKL000182,Dean Westlake,Dean,,Westlake,,,True,ak,lower,40,Democratic,http://akleg.gov/images/legislators/rounded/WES.png,2017-01-23 02:03:41.153000,2017-05-31 08:29:35.250000
AKL000183,Gary Knopp,Gary,,Knopp,,,True,ak,lower,30,Republican,http://akleg.gov/images/legislators/rounded/KNO.png,2017-01-23 02:03:41.164000,2017-05-31 08:29:35.339000
AKL000184,Jason Grenn,Jason,,Grenn,,,True,ak,lower,22,Independent,http://akleg.gov/images/legislators/rounded/GRN.png,2017-01-23 02:03:41.181000,2017-05-31 08:29:35.155000
AKL000185,Zach Fansler,Zach,,Fansler,,,True,ak,lower,38,Democratic,http://akleg.gov/images/legislators/rounded/FAN.png,2017-01-23 02:03:41.186000,2017-05-31 08:29:35.527000
AKL000187,DeLena Johnson,DeLena,,Johnson,,,True,ak,lower,11,Republican,http://akleg.gov/images/legislators/rounded/JHS.png,2017-01-23 02:03:41.209000,2017-05-31 08:29:26.482000
AKL000188,George Rauscher,George,,Rauscher,,,True,ak,lower,9,Republican,http://akleg.gov/images/legislators/rounded/RAU.png,2017-01-23 02:03:41.215000,2017-05-31 08:29:35.241000
AKL000189,Jennifer Johnston,Jennifer,,Johnston,,,True,ak,lower,28,Republican,http://akleg.gov/images/legislators/rounded/JHT.png,2017-01-23 02:03:41.239000,2017-05-31 08:29:35.538000
AKL000190,Justin Parish,Justin,,Parish,,,True,ak,lower,34,Democratic,http://akleg.gov/images/legislators/rounded/PAI.png,2017-01-23 02:03:41.285000,2017-05-31 08:29:35.529000
AKL000192,Colleen Sullivan-Leonard,Colleen,,Sullivan-Leonard,,,True,ak,lower,7,Republican,http://akleg.gov/images/legislators/rounded/SUL.png,2017-01-23 02:03:41.371000,2017-05-31 08:29:35.364000
AKL000194,Chris Birch,Chris,,Birch,,,True,ak,lower,26,Republican,http://akleg.gov/images/legislators/rounded/BIR.png,2017-01-23 02:03:41.388000,2017-05-31 08:29:35.325000
AKL000001,Gary Stevens,Gary,,Stevens,,,True,ak,upper,P,Republican,http://akleg.gov/images/legislators/rounded/STG.png,2011-02-11 00:13:25.147000,2017-05-31 08:29:35.455000
AKL000002,Kevin Meyer,Kevin,,Meyer,,,True,ak,upper,M,Republican,http://akleg.gov/images/legislators/rounded/MEY.png,2011-02-11 00:13:25.149000,2017-05-31 08:29:35.547000
AKL000004,John Coghill,John,,Coghill,,,True,ak,upper,B,Republican,http://akleg.gov/images/legislators/rounded/CGL.png,2011-02-11 00:13:25.152000,2017-05-31 08:29:35.401000
AKL000007,Dennis Egan,Dennis,,Egan,,,True,ak,upper,Q,Democratic,http://akleg.gov/images/legislators/rounded/EGA.png,2011-02-11 00:13:25.157000,2017-05-31 08:29:35.560000
AKL000010,Cathy Giessel,Cathy,,Giessel,,,True,ak,upper,N,Republican,http://akleg.gov/images/legislators/rounded/GIE.png,2011-02-11 00:13:25.162000,2017-05-31 08:29:35.434000
AKL000011,Lyman Hoffman,Lyman,,Hoffman,,,True,ak,upper,S,Democratic,http://akleg.gov/images/legislators/rounded/HOF.png,2011-02-11 00:13:25.164000,2017-05-31 08:29:35.566000
AKL000016,Bert Stedman,Bert,,Stedman,,,True,ak,upper,R,Republican,http://akleg.gov/images/legislators/rounded/SMN.png,2011-02-11 00:13:25.173000,2017-05-31 08:29:35.563000
AKL000019,Bill Wielechowski,Bill,,Wielechowski,,,True,ak,upper,H,Democratic,http://akleg.gov/images/legislators/rounded/WIE.png,2011-02-11 00:13:25.178000,2017-05-31 08:29:35.406000
AKL000024,Mia Costello,Mia,,Costello,,,True,ak,upper,K,Republican,http://akleg.gov/images/legislators/rounded/COS.png,2011-02-11 00:13:25.187000,2017-05-31 08:29:35.403000
AKL000032,Berta Gardner,Berta,,Gardner,,,True,ak,upper,I,Democratic,http://akleg.gov/images/legislators/rounded/GAN.png,2011-02-11 00:13:25.211000,2017-05-31 08:29:35.465000
AKL000061,Donny Olson,Donny,,Olson,,,True,ak,upper,T,Democratic,http://akleg.gov/images/legislators/rounded/OLS.png,2012-07-28 03:47:42.904000,2017-05-31 08:29:35.553000
AKL000062,Click Bishop,Click,,Bishop,,,True,ak,upper,C,Republican,http://akleg.gov/images/legislators/rounded/BIS.png,2013-01-12 00:02:26.628000,2017-05-31 08:29:35.489000
AKL000063,Mike Dunleavy,Mike,,Dunleavy,,,True,ak,upper,E,Republican,http://akleg.gov/images/legislators/rounded/DNL.png,2013-01-12 00:02:26.643000,2017-05-31 08:29:35.446000
AKL000066,Pete Kelly,Pete,,Kelly,,,True,ak,upper,A,Republican,http://akleg.gov/images/legislators/rounded/KEP.png,2013-01-12 00:02:26.697000,2017-05-31 08:29:35.568000
AKL000067,Peter Micciche,Peter,,Micciche,,,True,ak,upper,O,Republican,http://akleg.gov/images/legislators/rounded/MHE.png,2013-01-12 00:02:26.714000,2017-05-31 08:29:35.473000
AKL000147,Anna MacKinnon,Anna,,MacKinnon,,,True,ak,upper,G,Republican,http://akleg.gov/images/legislators/rounded/MAI.png,2015-01-22 21:35:33.813000,2017-05-31 08:29:35.555000
AKL000180,Shelley Hughes,Shelley,,Hughes,,,True,ak,upper,F,Republican,http://akleg.gov/images/legislators/rounded/HUS.png,2017-01-23 02:03:41.130000,2017-05-31 08:29:35.444000
AKL000186,Natasha von Imhof,Natasha,,von Imhof,,,True,ak,upper,L,Republican,http://akleg.gov/images/legislators/rounded/VON.png,2017-01-23 02:03:41.191000,2017-05-31 08:29:35.460000
AKL000191,David Wilson,David,,Wilson,,,True,ak,upper,D,Republican,http://akleg.gov/images/legislators/rounded/WLN.png,2017-01-23 02:03:41.336000,2017-05-31 08:29:35.492000
AKL000193,Tom Begich,Tom,,Begich,,,True,ak,upper,J,Democratic,http://akleg.gov/images/legislators/rounded/BCH.png,2017-01-23 02:03:41.383000,2017-05-31 08:29:35.442000
