id,state,chamber,committee,subcommittee,parent_id
LAC000042,la,joint,Joint Legislative Committee on the Budget,,
LAC000070,la,joint,Joint Oversight of the Deepwater Horizon Claims,,
LAC000003,la,lower,Education,,
LAC000007,la,lower,Insurance,,
LAC000014,la,lower,Retirement,,
LAC000018,la,lower,Administration of Criminal Justice,,
LAC000019,la,lower,Civil Law and Procedure,,
LAC000021,la,lower,Health and Welfare,,
LAC000023,la,lower,Special Committee on Military and Veterans Affairs,,
LAC000024,la,lower,House and Governmental Affairs,,
LAC000026,la,lower,Judiciary,,
LAC000028,la,lower,Commerce,,
LAC000030,la,lower,Appropriations,,
LAC000031,la,lower,Legislative Audit Advisory Council,,
LAC000036,la,lower,Legislative Budgetary Control Council,,
LAC000037,la,lower,House Executive Committee,,
LAC000049,la,lower,Select Committee on Hurricane Recovery,,
LAC000054,la,lower,Atchafalaya Basin Program Oversight Committee,,
LAC000055,la,lower,House Select Committee on Homeland Security,,
LAC000059,la,lower,Personnel Subcommittee,,
LAC000067,la,lower,House Select Leadership Committee,,
LAC000073,la,lower,Appropriations Subcommittee: Health and Human Services,,
LAC000074,la,lower,Appropriations Subcommittee: General Government,,
LAC000075,la,lower,Appropriations Subcommittee: Business Development,,
LAC000076,la,lower,Appropriations Subcommittee: Public Safety and Corrections,,
LAC000077,la,lower,Labor & Industrial,,
LAC000078,la,lower,"Agriculture, Forestry, Aquaculture & Rural Dev",,
LAC000079,la,lower,Natural Resources & Environment,,
LAC000080,la,lower,Appropriations Subcommittee: Infrastructure and Resources,,
LAC000081,la,lower,Appropriations Subcommittee: Elementary and Secondary Education,,
LAC000082,la,lower,Administration of the House Subcommittee,,
LAC000083,la,lower,Transportation,,
LAC000084,la,lower,Municipal,,
LAC000085,la,lower,Ways & Means,,
LAC000086,la,lower,Appropriations Subcommittee: Postsecondary Education,,
LAC000087,la,lower,Litigation Subcommittee of the House Executive Committee,,
LAC000088,la,lower,Litigation Subcommittee of Joint Budget,,
LAC000002,la,upper,"Commerce, Consumer Protection, and International Affairs",,
LAC000004,la,upper,Environmental Quality,,
LAC000005,la,upper,Finance,,
LAC000006,la,upper,Health & Welfare,,
LAC000008,la,upper,Judiciary A,,
LAC000009,la,upper,Judiciary B,,
LAC000010,la,upper,Judiciary C,,
LAC000011,la,upper,Labor & Industrial Relations,,
LAC000012,la,upper,Local & Municipal Affairs,,
LAC000013,la,upper,Natural Resources,,
LAC000015,la,upper,Revenue & Fiscal Affairs,,
LAC000016,la,upper,Senate & Governmental Affairs,,
LAC000017,la,upper,"Transportation, Highways & Public Works",,
LAC000045,la,upper,"Agriculture, Forestry, Aquaculture, and Rural Development",,
LAC000046,la,upper,Education,,
LAC000047,la,upper,Insurance,,
LAC000048,la,upper,Retirement,,
LAC000056,la,upper,Women and Children,,
LAC000057,la,upper,Hurricane Recovery,,
LAC000058,la,upper,Coastal Restoration and Flood Control,,
LAC000061,la,upper,Veterans Affairs,,
LAC000063,la,upper,Executive,,
LAC000066,la,upper,Homeland Security,,
LAC000069,la,upper,Vocational & Technical Education,,
LAC000071,la,upper,Oversight of the Deepwater Horizon Claims,,
