leg_id,type,term,district,chamber,state,party,committee_id,committee,subcommittee,start_date,end_date
LAL000042,member,2012-2015,100,lower,la,Democratic,,,,,
LAL000042,committee member,2012-2015,,lower,la,,LAC000018,Administration of Criminal Justice,,,
LAL000042,committee member,2012-2015,,lower,la,,LAC000039,"Municipal, Parochial and Cultural Affairs",,,
LAL000042,committee member,2012-2015,,lower,la,,LAC000067,House Select Leadership Committee,,,
LAL000070,member,2012-2015,29,upper,la,Democratic,,,,,
LAL000070,committee member,2012-2015,,upper,la,,LAC000045,"Agriculture, Forestry, Aquaculture, and Rural Development",,,
LAL000070,committee member,2012-2015,,upper,la,,LAC000002,"Commerce, Consumer Protection, and International Affairs",,,
LAL000088,member,2012-2015,87,lower,la,Democratic,,,,,2013-08-22 00:00:00
LAL000088,committee member,2012-2015,,lower,la,,LAC000023,Special Committee on Military and Veterans Affairs,,,
LAL000088,committee member,2012-2015,,lower,la,,LAC000024,House and Governmental Affairs,,,
LAL000088,committee member,2012-2015,,lower,la,,LAC000055,House Select Committee on Homeland Security,,,
LAL000088,committee member,2012-2015,,lower,la,,LAC000031,Legislative Audit Advisory Council,,,
LAL000088,committee member,2012-2015,,joint,la,,LAC000044,Joint Committee on Homeland Security,,,
LAL000088,committee member,2012-2015,,lower,la,,LAC000037,House Executive Committee,,,
LAL000088,committee member,2012-2015,,lower,la,,LAC000039,"Municipal, Parochial and Cultural Affairs",,,
LAL000125,member,2008-2011,88,lower,la,Republican,,,,,
LAL000137,member,2012-2015,36,upper,la,Republican,,,,,
LAL000137,committee member,2012-2015,,upper,la,,LAC000010,Judiciary C,,,
LAL000137,committee member,2012-2015,,upper,la,,LAC000017,"Transportation, Highways & Public Works",,,
LAL000137,committee member,2012-2015,,upper,la,,LAC000069,Vocational & Technical Education,,,
LAL000137,committee member,2012-2015,,upper,la,,LAC000061,Veterans Affairs,,,
LAL000139,member,2012-2015,18,upper,la,Republican,,,,,
LAL000139,committee member,2012-2015,,upper,la,,LAC000016,Senate & Governmental Affairs,,,
LAL000139,committee member,2012-2015,,upper,la,,LAC000045,"Agriculture, Forestry, Aquaculture, and Rural Development",,,
LAL000139,committee member,2012-2015,,upper,la,,LAC000013,Natural Resources,,,
LAL000139,committee member,2012-2015,,upper,la,,LAC000061,Veterans Affairs,,,
LAL000139,committee member,2012-2015,,upper,la,,LAC000066,Homeland Security,,,
LAL000141,member,2012-2015,15,upper,la,Democratic,,,,,
LAL000141,committee member,2012-2015,,upper,la,,LAC000056,Women and Children,,,
LAL000141,committee member,2012-2015,,upper,la,,LAC000012,Local & Municipal Affairs,,,
LAL000141,committee member,2012-2015,,upper,la,,LAC000047,Insurance,,,
LAL000141,committee member,2012-2015,,upper,la,,LAC000064,High School Interscholastic Athletics,,,
LAL000146,member,2012-2015,1,upper,la,Republican,,,,,
LAL000146,committee member,2012-2015,,upper,la,,LAC000058,Coastal Restoration and Flood Control,,,
LAL000146,committee member,2012-2015,,upper,la,,LAC000048,Retirement,,,
LAL000146,committee member,2012-2015,,upper,la,,LAC000068,Oversight of the Gulf Coast Claims Facility,,,
LAL000146,committee member,2012-2015,,upper,la,,LAC000011,Labor & Industrial Relations,,,
LAL000146,committee member,2012-2015,,joint,la,,LAC000070,Joint Oversight of the Deepwater Horizon Claims,,,
LAL000146,committee member,2012-2015,,upper,la,,LAC000002,"Commerce, Consumer Protection, and International Affairs",,,
LAL000146,committee member,2012-2015,,upper,la,,LAC000004,Environmental Quality,,,
LAL000147,member,2012-2015,14,upper,la,Democratic,,,,,
LAL000147,committee member,2012-2015,,upper,la,,LAC000010,Judiciary C,,,
LAL000147,committee member,2012-2015,,upper,la,,LAC000056,Women and Children,,,
LAL000147,committee member,2012-2015,,upper,la,,LAC000012,Local & Municipal Affairs,,,
LAL000147,committee member,2012-2015,,upper,la,,LAC000006,Health & Welfare,,,
LAL000151,member,2012-2015,24,upper,la,Republican,,,,,
LAL000151,committee member,2012-2015,,upper,la,,LAC000010,Judiciary C,,,
LAL000151,committee member,2012-2015,,upper,la,,LAC000048,Retirement,,,
LAL000151,committee member,2012-2015,,upper,la,,LAC000046,Education,,,
LAL000151,committee member,2012-2015,,upper,la,,LAC000006,Health & Welfare,,,
LAL000151,committee member,2012-2015,,upper,la,,LAC000061,Veterans Affairs,,,
LAL000154,member,2012-2015,35,upper,la,Republican,,,,,
LAL000154,committee member,2012-2015,,upper,la,,LAC000010,Judiciary C,,,
LAL000154,committee member,2012-2015,,upper,la,,LAC000016,Senate & Governmental Affairs,,,
LAL000154,committee member,2012-2015,,upper,la,,LAC000069,Vocational & Technical Education,,,
LAL000154,committee member,2012-2015,,upper,la,,LAC000011,Labor & Industrial Relations,,,
LAL000164,member,2012-2015,4,upper,la,Democratic,,,,,
LAL000164,committee member,2012-2015,,upper,la,,LAC000056,Women and Children,,,
LAL000164,committee member,2012-2015,,upper,la,,LAC000016,Senate & Governmental Affairs,,,
LAL000164,committee member,2012-2015,,upper,la,,LAC000069,Vocational & Technical Education,,,
LAL000164,committee member,2012-2015,,upper,la,,LAC000068,Oversight of the Gulf Coast Claims Facility,,,
LAL000164,committee member,2012-2015,,upper,la,,LAC000005,Finance,,,
LAL000164,committee member,2012-2015,,upper,la,,LAC000008,Judiciary A,,,
LAL000164,committee member,2012-2015,,upper,la,,LAC000011,Labor & Industrial Relations,,,
LAL000164,committee member,2012-2015,,joint,la,,LAC000070,Joint Oversight of the Deepwater Horizon Claims,,,
LAL000164,committee member,2012-2015,,upper,la,,LAC000002,"Commerce, Consumer Protection, and International Affairs",,,
LAL000164,committee member,2012-2015,,upper,la,,LAC000061,Veterans Affairs,,,
LAL000164,committee member,2012-2015,,upper,la,,LAC000057,Hurricane Recovery,,,
LAL000164,committee member,2012-2015,,upper,la,,LAC000066,Homeland Security,,,
LAL000165,member,2012-2015,12,upper,la,Democratic,,,,,
LAL000165,committee member,2012-2015,,upper,la,,LAC000017,"Transportation, Highways & Public Works",,,
LAL000165,committee member,2012-2015,,upper,la,,LAC000069,Vocational & Technical Education,,,
LAL000165,committee member,2012-2015,,upper,la,,LAC000008,Judiciary A,,,
LAL000165,committee member,2012-2015,,upper,la,,LAC000006,Health & Welfare,,,
LAL000175,member,2012-2015,102,lower,la,Democratic,,,,,
LAL000175,committee member,2012-2015,,lower,la,,LAC000024,House and Governmental Affairs,,,
LAL000175,committee member,2012-2015,,lower,la,,LAC000023,Special Committee on Military and Veterans Affairs,,,
LAL000175,committee member,2012-2015,,lower,la,,LAC000037,House Executive Committee,,,
LAL000175,committee member,2012-2015,,lower,la,,LAC000067,House Select Leadership Committee,,,
LAL000175,committee member,2012-2015,,lower,la,,LAC000026,Judiciary,,,
LAL000181,member,2012-2015,29,lower,la,Democratic,,,,,
LAL000181,committee member,2012-2015,,joint,la,,LAC000043,Joint Legislative Committee on Capital Outlay,,,
LAL000181,committee member,2012-2015,,lower,la,,LAC000021,Health and Welfare,,,
LAL000181,committee member,2012-2015,,lower,la,,LAC000039,"Municipal, Parochial and Cultural Affairs",,,
LAL000181,committee member,2012-2015,,lower,la,,LAC000023,Special Committee on Military and Veterans Affairs,,,
LAL000181,committee member,2012-2015,,lower,la,,LAC000037,House Executive Committee,,,
LAL000181,committee member,2012-2015,,lower,la,,LAC000038,Ways and Means,,,
LAL000181,committee member,2012-2015,,lower,la,,LAC000051,Legislative Bureau,,,
LAL000183,member,2012-2015,97,lower,la,Democratic,,,,,2014-05-04 00:00:00
LAL000183,committee member,2012-2015,,lower,la,,LAC000024,House and Governmental Affairs,,,
LAL000183,committee member,2012-2015,,lower,la,,LAC000039,"Municipal, Parochial and Cultural Affairs",,,
LAL000183,committee member,2012-2015,,lower,la,,LAC000055,House Select Committee on Homeland Security,,,
LAL000183,committee member,2012-2015,,lower,la,,LAC000049,Select Committee on Hurricane Recovery,,,
LAL000183,committee member,2012-2015,,joint,la,,LAC000044,Joint Committee on Homeland Security,,,
LAL000183,committee member,2012-2015,,lower,la,,LAC000030,Appropriations,,,
LAL000183,committee member,2012-2015,,joint,la,,LAC000042,Joint Legislative Committee on the Budget,,,
LAL000184,member,2012-2015,7,lower,la,Republican,,,,,
LAL000184,committee member,2012-2015,,joint,la,,LAC000043,Joint Legislative Committee on Capital Outlay,,,
LAL000184,committee member,2012-2015,,lower,la,,LAC000021,Health and Welfare,,,
LAL000184,committee member,2012-2015,,lower,la,,LAC000001,"Agriculture, Forestry, Aquaculture, and Rural Development",,,
LAL000184,committee member,2012-2015,,lower,la,,LAC000038,Ways and Means,,,
LAL000185,member,2012-2015,9,lower,la,Republican,,,,,
LAL000185,committee member,2012-2015,,joint,la,,LAC000043,Joint Legislative Committee on Capital Outlay,,,
LAL000185,committee member,2012-2015,,lower,la,,LAC000003,Education,,,
LAL000185,committee member,2012-2015,,lower,la,,LAC000001,"Agriculture, Forestry, Aquaculture, and Rural Development",,,
LAL000185,committee member,2012-2015,,lower,la,,LAC000023,Special Committee on Military and Veterans Affairs,,,
LAL000185,committee member,2012-2015,,lower,la,,LAC000038,Ways and Means,,,
LAL000186,member,2012-2015,89,lower,la,Republican,,,,,
LAL000186,committee member,2012-2015,,lower,la,,LAC000024,House and Governmental Affairs,,,
LAL000186,committee member,2012-2015,,lower,la,,LAC000067,House Select Leadership Committee,,,
LAL000186,committee member,2012-2015,,lower,la,,LAC000036,Legislative Budgetary Control Council,,,
LAL000187,member,2012-2015,2,lower,la,Democratic,,,,,
LAL000187,committee member,2012-2015,,joint,la,,LAC000043,Joint Legislative Committee on Capital Outlay,,,
LAL000187,committee member,2012-2015,,lower,la,,LAC000018,Administration of Criminal Justice,,,
LAL000187,committee member,2012-2015,,lower,la,,LAC000039,"Municipal, Parochial and Cultural Affairs",,,
LAL000187,committee member,2012-2015,,joint,la,,LAC000042,Joint Legislative Committee on the Budget,,,
LAL000187,committee member,2012-2015,,lower,la,,LAC000030,Appropriations,,,
LAL000190,member,2012-2015,49,lower,la,Republican,,,,,2014-12-31 00:00:00
LAL000190,committee member,2012-2015,,lower,la,,LAC000054,Atchafalaya Basin Program Oversight Committee,,,
LAL000190,committee member,2012-2015,,lower,la,,LAC000001,"Agriculture, Forestry, Aquaculture, and Rural Development",,,
LAL000190,committee member,2012-2015,,lower,la,,LAC000059,Personnel Subcommittee,,,
LAL000190,committee member,2012-2015,,lower,la,,LAC000055,House Select Committee on Homeland Security,,,
LAL000190,committee member,2012-2015,,lower,la,,LAC000037,House Executive Committee,,,
LAL000190,committee member,2012-2015,,lower,la,,LAC000049,Select Committee on Hurricane Recovery,,,
LAL000190,committee member,2012-2015,,lower,la,,LAC000003,Education,,,
LAL000190,committee member,2012-2015,,joint,la,,LAC000044,Joint Committee on Homeland Security,,,
LAL000190,committee member,2012-2015,,lower,la,,LAC000030,Appropriations,,,
LAL000190,committee member,2012-2015,,joint,la,,LAC000042,Joint Legislative Committee on the Budget,,,
LAL000197,member,2012-2015,26,lower,la,Democratic,,,,,2014-12-11 00:00:00
LAL000197,committee member,2012-2015,,lower,la,,LAC000028,Commerce,,,
LAL000197,committee member,2012-2015,,lower,la,,LAC000067,House Select Leadership Committee,,,
LAL000197,committee member,2012-2015,,lower,la,,LAC000035,Labor and Industrial Relations,,,
LAL000199,member,2012-2015,52,lower,la,Republican,,,,,
LAL000199,committee member,2012-2015,,lower,la,,LAC000050,House Committee on Enrollment,,,
LAL000199,committee member,2012-2015,,lower,la,,LAC000034,Natural Resources and Environment,,,
LAL000199,committee member,2012-2015,,lower,la,,LAC000067,House Select Leadership Committee,,,
LAL000201,member,2012-2015,72,lower,la,Democratic,,,,,
LAL000201,committee member,2012-2015,,lower,la,,LAC000003,Education,,,
LAL000201,committee member,2012-2015,,lower,la,,LAC000023,Special Committee on Military and Veterans Affairs,,,
LAL000201,committee member,2012-2015,,lower,la,,LAC000019,Civil Law and Procedure,,,
LAL000201,committee member,2012-2015,,lower,la,,LAC000026,Judiciary,,,
LAL000203,member,2012-2015,13,lower,la,Republican,,,,,
LAL000203,committee member,2012-2015,,joint,la,,LAC000043,Joint Legislative Committee on Capital Outlay,,,
LAL000203,committee member,2012-2015,,joint,la,,LAC000042,Joint Legislative Committee on the Budget,,,
LAL000203,committee member,2012-2015,,lower,la,,LAC000030,Appropriations,,,
LAL000203,committee member,2012-2015,,lower,la,,LAC000025,State Bond Commission,,,
LAL000203,committee member,2012-2015,,lower,la,,LAC000067,House Select Leadership Committee,,,
LAL000203,committee member,2012-2015,,lower,la,,LAC000036,Legislative Budgetary Control Council,,,
LAL000207,member,2012-2015,35,lower,la,Republican,,,,,
LAL000207,committee member,2012-2015,,joint,la,,LAC000042,Joint Legislative Committee on the Budget,,,
LAL000207,committee member,2012-2015,,lower,la,,LAC000030,Appropriations,,,
LAL000209,member,2012-2015,66,lower,la,Republican,,,,,2014-12-31 00:00:00
LAL000209,committee member,2012-2015,,lower,la,,LAC000026,Judiciary,,,
LAL000209,committee member,2012-2015,,lower,la,,LAC000028,Commerce,,,
LAL000209,committee member,2012-2015,,lower,la,,LAC000007,Insurance,,,
LAL000209,committee member,2012-2015,,lower,la,,LAC000065,Administration of The House Subcommittee,,,
LAL000209,committee member,2012-2015,,lower,la,,LAC000037,House Executive Committee,,,
LAL000209,committee member,2012-2015,,lower,la,,LAC000031,Legislative Audit Advisory Council,,,
LAL000210,member,2012-2015,41,lower,la,Democratic,,,,,
LAL000210,committee member,2012-2015,,joint,la,,LAC000044,Joint Committee on Homeland Security,,,
LAL000210,committee member,2012-2015,,joint,la,,LAC000043,Joint Legislative Committee on Capital Outlay,,,
LAL000210,committee member,2012-2015,,lower,la,,LAC000018,Administration of Criminal Justice,,,
LAL000210,committee member,2012-2015,,lower,la,,LAC000035,Labor and Industrial Relations,,,
LAL000210,committee member,2012-2015,,lower,la,,LAC000055,House Select Committee on Homeland Security,,,
LAL000210,committee member,2012-2015,,lower,la,,LAC000038,Ways and Means,,,
LAL000210,committee member,2012-2015,,lower,la,,LAC000054,Atchafalaya Basin Program Oversight Committee,,,
LAL000213,member,2012-2015,51,lower,la,Republican,,,,,
LAL000213,committee member,2012-2015,,lower,la,,LAC000028,Commerce,,,
LAL000213,committee member,2012-2015,,lower,la,,LAC000034,Natural Resources and Environment,,,
LAL000213,committee member,2012-2015,,joint,la,,LAC000070,Joint Oversight of the Deepwater Horizon Claims,,,
LAL000213,committee member,2012-2015,,lower,la,,LAC000026,Judiciary,,,
LAL000213,committee member,2012-2015,,lower,la,,LAC000054,Atchafalaya Basin Program Oversight Committee,,,
LAL000220,member,2012-2015,63,lower,la,Democratic,,,,,
LAL000220,committee member,2012-2015,,joint,la,,LAC000044,Joint Committee on Homeland Security,,,
LAL000220,committee member,2012-2015,,lower,la,,LAC000018,Administration of Criminal Justice,,,
LAL000220,committee member,2012-2015,,lower,la,,LAC000033,"Transportation, Highways, and Public Works",,,
LAL000220,committee member,2012-2015,,lower,la,,LAC000031,Legislative Audit Advisory Council,,,
LAL000220,committee member,2012-2015,,lower,la,,LAC000039,"Municipal, Parochial and Cultural Affairs",,,
LAL000220,committee member,2012-2015,,lower,la,,LAC000055,House Select Committee on Homeland Security,,,
LAL000229,member,2012-2015,36,lower,la,Republican,,,,,
LAL000229,committee member,2012-2015,,lower,la,,LAC000024,House and Governmental Affairs,,,
LAL000229,committee member,2012-2015,,joint,la,,LAC000043,Joint Legislative Committee on Capital Outlay,,,
LAL000229,committee member,2012-2015,,lower,la,,LAC000018,Administration of Criminal Justice,,,
LAL000229,committee member,2012-2015,,lower,la,,LAC000021,Health and Welfare,,,
LAL000229,committee member,2012-2015,,lower,la,,LAC000033,"Transportation, Highways, and Public Works",,,
LAL000229,committee member,2012-2015,,lower,la,,LAC000003,Education,,,
LAL000229,committee member,2012-2015,,lower,la,,LAC000035,Labor and Industrial Relations,,,
LAL000229,committee member,2012-2015,,lower,la,,LAC000007,Insurance,,,
LAL000229,committee member,2012-2015,,lower,la,,LAC000001,"Agriculture, Forestry, Aquaculture, and Rural Development",,,
LAL000229,committee member,2012-2015,,lower,la,,LAC000028,Commerce,,,
LAL000229,committee member,2012-2015,,lower,la,,LAC000034,Natural Resources and Environment,,,
LAL000229,committee member,2012-2015,,lower,la,,LAC000039,"Municipal, Parochial and Cultural Affairs",,,
LAL000229,committee member,2012-2015,,lower,la,,LAC000014,Retirement,,,
LAL000229,committee member,2012-2015,,joint,la,,LAC000042,Joint Legislative Committee on the Budget,,,
LAL000229,committee member,2012-2015,,lower,la,,LAC000030,Appropriations,,,
LAL000229,committee member,2012-2015,,lower,la,,LAC000025,State Bond Commission,,,
LAL000229,committee member,2012-2015,,lower,la,,LAC000019,Civil Law and Procedure,,,
LAL000229,committee member,2012-2015,,lower,la,,LAC000037,House Executive Committee,,,
LAL000229,committee member,2012-2015,,lower,la,,LAC000026,Judiciary,,,
LAL000229,committee member,2012-2015,,lower,la,,LAC000038,Ways and Means,,,
LAL000229,committee member,2012-2015,,lower,la,,LAC000036,Legislative Budgetary Control Council,,,
LAL000232,member,2012-2015,59,lower,la,Republican,,,,,
LAL000232,committee member,2012-2015,,joint,la,,LAC000044,Joint Committee on Homeland Security,,,
LAL000232,committee member,2012-2015,,joint,la,,LAC000043,Joint Legislative Committee on Capital Outlay,,,
LAL000232,committee member,2012-2015,,lower,la,,LAC000034,Natural Resources and Environment,,,
LAL000232,committee member,2012-2015,,lower,la,,LAC000055,House Select Committee on Homeland Security,,,
LAL000232,committee member,2012-2015,,lower,la,,LAC000038,Ways and Means,,,
LAL000236,member,2012-2015,79,lower,la,Republican,,,,,2013-01-01 00:00:00
LAL000236,committee member,2012-2015,,lower,la,,LAC000014,Retirement,,,
LAL000236,committee member,2012-2015,,lower,la,,LAC000024,House and Governmental Affairs,,,
LAL000236,committee member,2012-2015,,joint,la,,LAC000042,Joint Legislative Committee on the Budget,,,
LAL000236,committee member,2012-2015,,lower,la,,LAC000030,Appropriations,,,
LAL000236,committee member,2012-2015,,lower,la,,LAC000031,Legislative Audit Advisory Council,,,
LAL000238,member,2012-2015,80,lower,la,Republican,,,,,
LAL000238,committee member,2012-2015,,lower,la,,LAC000055,House Select Committee on Homeland Security,,,
LAL000238,committee member,2012-2015,,lower,la,,LAC000067,House Select Leadership Committee,,,
LAL000238,member,2016-2019,80,lower,la,Republican,,,,,2017-01-01 00:00:00
LAL000238,committee member,2016-2019,,lower,la,,LAC000018,Administration of Criminal Justice,,,
LAL000238,committee member,2016-2019,,lower,la,,LAC000028,Commerce,,,
LAL000238,committee member,2016-2019,,lower,la,,LAC000026,Judiciary,,,
LAL000239,member,2012-2015,94,lower,la,Republican,,,,,
LAL000239,committee member,2012-2015,,lower,la,,LAC000007,Insurance,,,
LAL000239,committee member,2012-2015,,lower,la,,LAC000014,Retirement,,,
LAL000239,committee member,2012-2015,,joint,la,,LAC000042,Joint Legislative Committee on the Budget,,,
LAL000239,committee member,2012-2015,,lower,la,,LAC000030,Appropriations,,,
LAL000239,committee member,2012-2015,,lower,la,,LAC000023,Special Committee on Military and Veterans Affairs,,,
LAL000239,committee member,2012-2015,,lower,la,,LAC000067,House Select Leadership Committee,,,
LAL000243,member,2012-2015,42,lower,la,Democratic,,,,,
LAL000243,member,2016-2019,42,lower,la,Democratic,,,,,2017-01-01 00:00:00
LAL000243,committee member,2016-2019,,lower,la,,LAC000033,"Transportation, Highways, and Public Works",,,
LAL000243,committee member,2016-2019,,lower,la,,LAC000034,Natural Resources and Environment,,,
LAL000243,committee member,2016-2019,,lower,la,,LAC000014,Retirement,,,
LAL000243,committee member,2016-2019,,lower,la,,LAC000023,Special Committee on Military and Veterans Affairs,,,
LAL000243,committee member,2016-2019,,lower,la,,LAC000067,House Select Leadership Committee,,,
LAL000243,committee member,2016-2019,,lower,la,,LAC000073,Appropriations Subcommittee: Health and Human Services,,,
LAL000243,committee member,2016-2019,,lower,la,,LAC000074,Appropriations Subcommittee: General Government,,,
LAL000243,committee member,2016-2019,,lower,la,,LAC000075,Appropriations Subcommittee: Business Development,,,
LAL000243,committee member,2016-2019,,lower,la,,LAC000031,Legislative Audit Advisory Council,,,
LAL000243,committee member,2016-2019,,lower,la,,LAC000076,Appropriations Subcommittee: Public Safety and Corrections,,,
LAL000243,committee member,2016-2019,,lower,la,,LAC000055,House Select Committee on Homeland Security,,,
LAL000243,committee member,2016-2019,,joint,la,,LAC000042,Joint Legislative Committee on the Budget,,,
LAL000243,committee member,2016-2019,,lower,la,,LAC000079,Natural Resources & Environment,,,
LAL000243,committee member,2016-2019,,lower,la,,LAC000080,Appropriations Subcommittee: Infrastructure and Resources,,,
LAL000243,committee member,2016-2019,,joint,la,,LAC000070,Joint Oversight of the Deepwater Horizon Claims,,,
LAL000243,committee member,2016-2019,,lower,la,,LAC000081,Appropriations Subcommittee: Elementary and Secondary Education,,,
LAL000243,committee member,2016-2019,,lower,la,,LAC000082,Administration of the House Subcommittee,,,
LAL000243,committee member,2016-2019,,lower,la,,LAC000083,Transportation,,,
LAL000243,committee member,2016-2019,,lower,la,,LAC000037,House Executive Committee,,,
LAL000243,committee member,2016-2019,,lower,la,,LAC000062,Litigation Subcommittee,,,
LAL000243,committee member,2016-2019,,lower,la,,LAC000049,Select Committee on Hurricane Recovery,,,
LAL000243,committee member,2016-2019,,lower,la,,LAC000054,Atchafalaya Basin Program Oversight Committee,,,
LAL000243,committee member,2016-2019,,lower,la,,LAC000086,Appropriations Subcommittee: Postsecondary Education,,,
LAL000243,committee member,2016-2019,,lower,la,,LAC000036,Legislative Budgetary Control Council,,,
LAL000243,committee member,2016-2019,,lower,la,,LAC000087,Litigation Subcommittee of the House Executive Committee,,,
LAL000243,committee member,2016-2019,,lower,la,,LAC000088,Litigation Subcommittee of Joint Budget,,,
LAL000250,member,2012-2015,69,lower,la,Republican,,,,,2015-06-19 00:00:00
LAL000250,committee member,2012-2015,,lower,la,,LAC000028,Commerce,,,
LAL000250,committee member,2012-2015,,lower,la,,LAC000055,House Select Committee on Homeland Security,,,
LAL000250,committee member,2012-2015,,joint,la,,LAC000044,Joint Committee on Homeland Security,,,
LAL000254,member,2012-2015,65,lower,la,Republican,,,,,2013-01-02 00:00:00
LAL000256,member,2012-2015,75,lower,la,Democratic,,,,,
LAL000256,committee member,2012-2015,,lower,la,,LAC000050,House Committee on Enrollment,,,
LAL000256,committee member,2012-2015,,joint,la,,LAC000043,Joint Legislative Committee on Capital Outlay,,,
LAL000256,committee member,2012-2015,,lower,la,,LAC000007,Insurance,,,
LAL000256,committee member,2012-2015,,lower,la,,LAC000038,Ways and Means,,,
LAL000257,member,2012-2015,45,lower,la,Republican,,,,,
LAL000257,committee member,2012-2015,,joint,la,,LAC000043,Joint Legislative Committee on Capital Outlay,,,
LAL000257,committee member,2012-2015,,joint,la,,LAC000042,Joint Legislative Committee on the Budget,,,
LAL000257,committee member,2012-2015,,lower,la,,LAC000025,State Bond Commission,,,
LAL000257,committee member,2012-2015,,lower,la,,LAC000067,House Select Leadership Committee,,,
LAL000257,committee member,2012-2015,,lower,la,,LAC000038,Ways and Means,,,
LAL000265,member,2012-2015,60,lower,la,Democratic,,,,,
LAL000265,committee member,2012-2015,,joint,la,,LAC000044,Joint Committee on Homeland Security,,,
LAL000265,committee member,2012-2015,,joint,la,,LAC000043,Joint Legislative Committee on Capital Outlay,,,
LAL000265,committee member,2012-2015,,lower,la,,LAC000033,"Transportation, Highways, and Public Works",,,
LAL000265,committee member,2012-2015,,lower,la,,LAC000055,House Select Committee on Homeland Security,,,
LAL000265,committee member,2012-2015,,lower,la,,LAC000037,House Executive Committee,,,
LAL000265,committee member,2012-2015,,lower,la,,LAC000067,House Select Leadership Committee,,,
LAL000265,committee member,2012-2015,,lower,la,,LAC000054,Atchafalaya Basin Program Oversight Committee,,,
LAL000270,member,2012-2015,40,lower,la,Democratic,,,,,
LAL000270,committee member,2012-2015,,lower,la,,LAC000031,Legislative Audit Advisory Council,,,
LAL000270,committee member,2012-2015,,lower,la,,LAC000007,Insurance,,,
LAL000270,committee member,2012-2015,,joint,la,,LAC000042,Joint Legislative Committee on the Budget,,,
LAL000270,committee member,2012-2015,,lower,la,,LAC000030,Appropriations,,,
LAL000270,committee member,2012-2015,,lower,la,,LAC000067,House Select Leadership Committee,,,
LAL000270,committee member,2012-2015,,lower,la,,LAC000026,Judiciary,,,
LAL000270,committee member,2012-2015,,lower,la,,LAC000054,Atchafalaya Basin Program Oversight Committee,,,
LAL000273,member,2012-2015,4,lower,la,Democratic,,,,,
LAL000273,committee member,2012-2015,,joint,la,,LAC000043,Joint Legislative Committee on Capital Outlay,,,
LAL000273,committee member,2012-2015,,lower,la,,LAC000021,Health and Welfare,,,
LAL000273,committee member,2012-2015,,lower,la,,LAC000037,House Executive Committee,,,
LAL000273,committee member,2012-2015,,lower,la,,LAC000067,House Select Leadership Committee,,,
LAL000273,committee member,2012-2015,,lower,la,,LAC000038,Ways and Means,,,
LAL000274,member,2012-2015,92,lower,la,Republican,,,,,
LAL000274,member,2016-2019,92,lower,la,Republican,,,,,2017-01-01 00:00:00
LAL000274,committee member,2016-2019,,joint,la,,LAC000043,Joint Legislative Committee on Capital Outlay,,,
LAL000274,committee member,2016-2019,,lower,la,,LAC000021,Health and Welfare,,,
LAL000274,committee member,2016-2019,,lower,la,,LAC000039,"Municipal, Parochial and Cultural Affairs",,,
LAL000274,committee member,2016-2019,,lower,la,,LAC000067,House Select Leadership Committee,,,
LAL000274,committee member,2016-2019,,lower,la,,LAC000038,Ways and Means,,,
LAL000274,committee member,2016-2019,,lower,la,,LAC000073,Appropriations Subcommittee: Health and Human Services,,,
LAL000274,committee member,2016-2019,,lower,la,,LAC000074,Appropriations Subcommittee: General Government,,,
LAL000274,committee member,2016-2019,,lower,la,,LAC000075,Appropriations Subcommittee: Business Development,,,
LAL000274,committee member,2016-2019,,lower,la,,LAC000076,Appropriations Subcommittee: Public Safety and Corrections,,,
LAL000274,committee member,2016-2019,,lower,la,,LAC000055,House Select Committee on Homeland Security,,,
LAL000274,committee member,2016-2019,,lower,la,,LAC000080,Appropriations Subcommittee: Infrastructure and Resources,,,
LAL000274,committee member,2016-2019,,lower,la,,LAC000081,Appropriations Subcommittee: Elementary and Secondary Education,,,
LAL000274,committee member,2016-2019,,lower,la,,LAC000082,Administration of the House Subcommittee,,,
LAL000274,committee member,2016-2019,,lower,la,,LAC000037,House Executive Committee,,,
LAL000274,committee member,2016-2019,,lower,la,,LAC000054,Atchafalaya Basin Program Oversight Committee,,,
LAL000274,committee member,2016-2019,,lower,la,,LAC000084,Municipal,,,
LAL000274,committee member,2016-2019,,lower,la,,LAC000085,Ways & Means,,,
LAL000274,committee member,2016-2019,,lower,la,,LAC000086,Appropriations Subcommittee: Postsecondary Education,,,
LAL000277,member,2012-2015,7,upper,la,Democratic,,,,,
LAL000277,committee member,2012-2015,,upper,la,,LAC000017,"Transportation, Highways & Public Works",,,
LAL000277,committee member,2012-2015,,upper,la,,LAC000058,Coastal Restoration and Flood Control,,,
LAL000277,committee member,2012-2015,,upper,la,,LAC000006,Health & Welfare,,,
LAL000277,committee member,2012-2015,,upper,la,,LAC000061,Veterans Affairs,,,
LAL000277,committee member,2012-2015,,upper,la,,LAC000057,Hurricane Recovery,,,
LAL000277,committee member,2012-2015,,upper,la,,LAC000004,Environmental Quality,,,
LAL000331,committee member,2016-2019,,joint,la,,LAC000070,Joint Oversight of the Deepwater Horizon Claims,,,
LAL000331,member,2012-2015,99,lower,la,Democratic,,,,,
LAL000331,committee member,2012-2015,,lower,la,,LAC000003,Education,,,
LAL000331,committee member,2012-2015,,lower,la,,LAC000039,"Municipal, Parochial and Cultural Affairs",,,
LAL000331,committee member,2012-2015,,joint,la,,LAC000042,Joint Legislative Committee on the Budget,,,
LAL000331,committee member,2012-2015,,lower,la,,LAC000030,Appropriations,,,
LAL000331,member,2008-2011,101,lower,la,Democratic,,,,,
LAL000331,committee member,2008-2011,,lower,la,,LAC000026,Judiciary,,,
LAL000331,committee member,2008-2011,,lower,la,,LAC000028,Commerce,,,
LAL000331,committee member,2008-2011,,lower,la,,LAC000007,Insurance,,,
LAL000428,member,2008-2011,25,lower,la,Democratic,,,,,
LAL000432,member,2012-2015,2,upper,la,Democratic,,,,,
LAL000432,committee member,2012-2015,,upper,la,,LAC000017,"Transportation, Highways & Public Works",,,
LAL000432,committee member,2012-2015,,upper,la,,LAC000069,Vocational & Technical Education,,,
LAL000432,committee member,2012-2015,,upper,la,,LAC000006,Health & Welfare,,,
LAL000432,committee member,2012-2015,,upper,la,,LAC000015,Revenue & Fiscal Affairs,,,
LAL000432,committee member,2012-2015,,upper,la,,LAC000004,Environmental Quality,,,
LAL000432,member,2016-2019,2,upper,la,Democratic,,,,,2017-01-01 00:00:00
LAL000442,member,2012-2015,85,lower,la,Republican,,,,,
LAL000442,committee member,2012-2015,,joint,la,,LAC000044,Joint Committee on Homeland Security,,,
LAL000442,committee member,2012-2015,,lower,la,,LAC000055,House Select Committee on Homeland Security,,,
LAL000442,member,2016-2019,85,lower,la,Republican,,,,,2017-01-01 00:00:00
LAL000442,committee member,2016-2019,,lower,la,,LAC000018,Administration of Criminal Justice,,,
LAL000442,committee member,2016-2019,,lower,la,,LAC000033,"Transportation, Highways, and Public Works",,,
LAL000442,committee member,2016-2019,,lower,la,,LAC000055,House Select Committee on Homeland Security,,,
LAL000442,committee member,2016-2019,,lower,la,,LAC000026,Judiciary,,,
LAL000442,committee member,2016-2019,,lower,la,,LAC000073,Appropriations Subcommittee: Health and Human Services,,,
LAL000442,committee member,2016-2019,,lower,la,,LAC000074,Appropriations Subcommittee: General Government,,,
LAL000442,committee member,2016-2019,,lower,la,,LAC000075,Appropriations Subcommittee: Business Development,,,
LAL000442,committee member,2016-2019,,lower,la,,LAC000076,Appropriations Subcommittee: Public Safety and Corrections,,,
LAL000442,committee member,2016-2019,,lower,la,,LAC000080,Appropriations Subcommittee: Infrastructure and Resources,,,
LAL000442,committee member,2016-2019,,lower,la,,LAC000081,Appropriations Subcommittee: Elementary and Secondary Education,,,
LAL000442,committee member,2016-2019,,lower,la,,LAC000082,Administration of the House Subcommittee,,,
LAL000442,committee member,2016-2019,,lower,la,,LAC000083,Transportation,,,
LAL000442,committee member,2016-2019,,lower,la,,LAC000054,Atchafalaya Basin Program Oversight Committee,,,
LAL000442,committee member,2016-2019,,lower,la,,LAC000086,Appropriations Subcommittee: Postsecondary Education,,,
LAL000469,member,2012-2015,39,lower,la,Democratic,,,,,
LAL000469,committee member,2012-2015,,lower,la,,LAC000028,Commerce,,,
LAL000469,committee member,2012-2015,,lower,la,,LAC000034,Natural Resources and Environment,,,
LAL000469,committee member,2012-2015,,lower,la,,LAC000039,"Municipal, Parochial and Cultural Affairs",,,
LAL000469,committee member,2012-2015,,lower,la,,LAC000054,Atchafalaya Basin Program Oversight Committee,,,
LAL000478,member,2012-2015,8,lower,la,Republican,,,,,2015-01-01 00:00:00
LAL000478,committee member,2012-2015,,lower,la,,LAC000038,Ways and Means,,,
LAL000478,committee member,2012-2015,,joint,la,,LAC000043,Joint Legislative Committee on Capital Outlay,,,
LAL000478,committee member,2012-2015,,lower,la,,LAC000055,House Select Committee on Homeland Security,,,
LAL000478,committee member,2012-2015,,lower,la,,LAC000023,Special Committee on Military and Veterans Affairs,,,
LAL000478,committee member,2012-2015,,lower,la,,LAC000003,Education,,,
LAL000478,committee member,2012-2015,,joint,la,,LAC000044,Joint Committee on Homeland Security,,,
LAL000479,member,2012-2015,53,lower,la,Republican,,,,,
LAL000479,committee member,2012-2015,,joint,la,,LAC000043,Joint Legislative Committee on Capital Outlay,,,
LAL000479,committee member,2012-2015,,lower,la,,LAC000021,Health and Welfare,,,
LAL000479,committee member,2012-2015,,lower,la,,LAC000035,Labor and Industrial Relations,,,
LAL000479,committee member,2012-2015,,lower,la,,LAC000038,Ways and Means,,,
LAL000480,member,2012-2015,61,lower,la,Democratic,,,,,
LAL000480,committee member,2012-2015,,lower,la,,LAC000050,House Committee on Enrollment,,,
LAL000480,committee member,2012-2015,,lower,la,,LAC000035,Labor and Industrial Relations,,,
LAL000480,committee member,2012-2015,,lower,la,,LAC000019,Civil Law and Procedure,,,
LAL000482,member,2012-2015,38,upper,la,Republican,,,,,
LAL000482,committee member,2012-2015,,upper,la,,LAC000017,"Transportation, Highways & Public Works",,,
LAL000482,committee member,2012-2015,,upper,la,,LAC000056,Women and Children,,,
LAL000482,committee member,2012-2015,,upper,la,,LAC000005,Finance,,,
LAL000482,committee member,2012-2015,,upper,la,,LAC000006,Health & Welfare,,,
LAL000482,committee member,2012-2015,,upper,la,,LAC000061,Veterans Affairs,,,
LAL000482,committee member,2012-2015,,upper,la,,LAC000004,Environmental Quality,,,
LAL000482,committee member,2012-2015,,upper,la,,LAC000066,Homeland Security,,,
LAL000778,member,2012-2015,87,lower,la,Democratic,,,,,
LAL000778,committee member,2012-2015,,lower,la,,LAC000018,Administration of Criminal Justice,,,
LAL000778,committee member,2012-2015,,lower,la,,LAC000028,Commerce,,,
LAL000778,committee member,2012-2015,,lower,la,,LAC000039,"Municipal, Parochial and Cultural Affairs",,,
LAL000790,member,2012-2015,8,lower,la,Republican,,,,,
LAL000790,member,2016-2019,8,lower,la,Republican,,,,,2017-01-01 00:00:00
LAL000790,committee member,2016-2019,,lower,la,,LAC000021,Health and Welfare,,,
LAL000790,committee member,2016-2019,,lower,la,,LAC000019,Civil Law and Procedure,,,
LAL000790,committee member,2016-2019,,lower,la,,LAC000067,House Select Leadership Committee,,,
LAL000790,committee member,2016-2019,,lower,la,,LAC000026,Judiciary,,,
LAL000790,committee member,2016-2019,,lower,la,,LAC000073,Appropriations Subcommittee: Health and Human Services,,,
LAL000790,committee member,2016-2019,,lower,la,,LAC000074,Appropriations Subcommittee: General Government,,,
LAL000790,committee member,2016-2019,,lower,la,,LAC000075,Appropriations Subcommittee: Business Development,,,
LAL000790,committee member,2016-2019,,lower,la,,LAC000076,Appropriations Subcommittee: Public Safety and Corrections,,,
LAL000790,committee member,2016-2019,,lower,la,,LAC000055,House Select Committee on Homeland Security,,,
LAL000790,committee member,2016-2019,,lower,la,,LAC000080,Appropriations Subcommittee: Infrastructure and Resources,,,
LAL000790,committee member,2016-2019,,lower,la,,LAC000081,Appropriations Subcommittee: Elementary and Secondary Education,,,
LAL000790,committee member,2016-2019,,lower,la,,LAC000082,Administration of the House Subcommittee,,,
LAL000790,committee member,2016-2019,,lower,la,,LAC000037,House Executive Committee,,,
LAL000790,committee member,2016-2019,,lower,la,,LAC000054,Atchafalaya Basin Program Oversight Committee,,,
LAL000790,committee member,2016-2019,,lower,la,,LAC000086,Appropriations Subcommittee: Postsecondary Education,,,
LAL000800,member,2012-2015,66,lower,la,Republican,,,,,
LAL000800,committee member,2012-2015,,lower,la,,LAC000007,Insurance,,,
LAL000800,committee member,2012-2015,,lower,la,,LAC000028,Commerce,,,
LAL000800,committee member,2012-2015,,lower,la,,LAC000014,Retirement,,,
LAL000810,member,2012-2015,28,upper,la,Democratic,,,,,
LAL000829,member,2012-2015,29,lower,la,Democratic,,,,,
LAL000829,member,2016-2019,29,lower,la,Democratic,,,,,2017-01-01 00:00:00
LAL000099,member,2016-2019,91,lower,la,Democratic,,,,,
LAL000099,member,2012-2015,91,lower,la,Democratic,,,,,
LAL000099,committee member,2012-2015,,lower,la,,LAC000024,House and Governmental Affairs,,,
LAL000099,committee member,2012-2015,,lower,la,,LAC000018,Administration of Criminal Justice,,,
LAL000099,committee member,2012-2015,,lower,la,,LAC000021,Health and Welfare,,,
LAL000099,committee member,2012-2015,,lower,la,,LAC000033,"Transportation, Highways, and Public Works",,,
LAL000099,committee member,2012-2015,,lower,la,,LAC000003,Education,,,
LAL000099,committee member,2012-2015,,lower,la,,LAC000035,Labor and Industrial Relations,,,
LAL000099,committee member,2012-2015,,lower,la,,LAC000007,Insurance,,,
LAL000099,committee member,2012-2015,,lower,la,,LAC000001,"Agriculture, Forestry, Aquaculture, and Rural Development",,,
LAL000099,committee member,2012-2015,,lower,la,,LAC000028,Commerce,,,
LAL000099,committee member,2012-2015,,lower,la,,LAC000034,Natural Resources and Environment,,,
LAL000099,committee member,2012-2015,,lower,la,,LAC000039,"Municipal, Parochial and Cultural Affairs",,,
LAL000099,committee member,2012-2015,,lower,la,,LAC000055,House Select Committee on Homeland Security,,,
LAL000099,committee member,2012-2015,,lower,la,,LAC000014,Retirement,,,
LAL000099,committee member,2012-2015,,lower,la,,LAC000030,Appropriations,,,
LAL000099,committee member,2012-2015,,lower,la,,LAC000025,State Bond Commission,,,
LAL000099,committee member,2012-2015,,lower,la,,LAC000019,Civil Law and Procedure,,,
LAL000099,committee member,2012-2015,,lower,la,,LAC000037,House Executive Committee,,,
LAL000099,committee member,2012-2015,,lower,la,,LAC000026,Judiciary,,,
LAL000099,committee member,2012-2015,,lower,la,,LAC000038,Ways and Means,,,
LAL000099,committee member,2012-2015,,lower,la,,LAC000036,Legislative Budgetary Control Council,,,
LAL000172,member,2016-2019,98,lower,la,Democratic,,,,,
LAL000172,member,2012-2015,98,lower,la,Democratic,,,,,
LAL000172,committee member,2012-2015,,lower,la,,LAC000067,House Select Leadership Committee,,,
LAL000172,committee member,2012-2015,,lower,la,,LAC000049,Select Committee on Hurricane Recovery,,,
LAL000173,member,2016-2019,21,lower,la,Democratic,,,,,
LAL000173,member,2012-2015,21,lower,la,Democratic,,,,,
LAL000173,committee member,2012-2015,,joint,la,,LAC000044,Joint Committee on Homeland Security,,,
LAL000173,committee member,2012-2015,,lower,la,,LAC000055,House Select Committee on Homeland Security,,,
LAL000173,committee member,2012-2015,,lower,la,,LAC000067,House Select Leadership Committee,,,
LAL000174,member,2016-2019,30,lower,la,Democratic,,,,,
LAL000174,member,2012-2015,30,lower,la,Democratic,,,,,
LAL000174,committee member,2012-2015,,lower,la,,LAC000023,Special Committee on Military and Veterans Affairs,,,
LAL000180,member,2016-2019,48,lower,la,Republican,,,,,
LAL000180,member,2012-2015,48,lower,la,Republican,,,,,
LAL000180,committee member,2012-2015,,lower,la,,LAC000024,House and Governmental Affairs,,,
LAL000180,committee member,2012-2015,,lower,la,,LAC000018,Administration of Criminal Justice,,,
LAL000180,committee member,2012-2015,,lower,la,,LAC000021,Health and Welfare,,,
LAL000180,committee member,2012-2015,,lower,la,,LAC000033,"Transportation, Highways, and Public Works",,,
LAL000180,committee member,2012-2015,,lower,la,,LAC000003,Education,,,
LAL000180,committee member,2012-2015,,lower,la,,LAC000035,Labor and Industrial Relations,,,
LAL000180,committee member,2012-2015,,lower,la,,LAC000007,Insurance,,,
LAL000180,committee member,2012-2015,,lower,la,,LAC000001,"Agriculture, Forestry, Aquaculture, and Rural Development",,,
LAL000180,committee member,2012-2015,,lower,la,,LAC000028,Commerce,,,
LAL000180,committee member,2012-2015,,lower,la,,LAC000034,Natural Resources and Environment,,,
LAL000180,committee member,2012-2015,,lower,la,,LAC000039,"Municipal, Parochial and Cultural Affairs",,,
LAL000180,committee member,2012-2015,,lower,la,,LAC000014,Retirement,,,
LAL000180,committee member,2012-2015,,lower,la,,LAC000030,Appropriations,,,
LAL000180,committee member,2012-2015,,lower,la,,LAC000019,Civil Law and Procedure,,,
LAL000180,committee member,2012-2015,,lower,la,,LAC000037,House Executive Committee,,,
LAL000180,committee member,2012-2015,,lower,la,,LAC000026,Judiciary,,,
LAL000180,committee member,2012-2015,,lower,la,,LAC000038,Ways and Means,,,
LAL000180,committee member,2012-2015,,lower,la,,LAC000054,Atchafalaya Basin Program Oversight Committee,,,
LAL000180,committee member,2012-2015,,lower,la,,LAC000036,Legislative Budgetary Control Council,,,
LAL000182,member,2016-2019,83,lower,la,Democratic,,,,,
LAL000182,member,2012-2015,83,lower,la,Democratic,,,,,
LAL000182,committee member,2012-2015,,lower,la,,LAC000067,House Select Leadership Committee,,,
LAL000182,committee member,2012-2015,,lower,la,,LAC000049,Select Committee on Hurricane Recovery,,,
LAL000188,member,2016-2019,6,lower,la,Republican,,,,,
LAL000188,member,2012-2015,6,lower,la,Republican,,,,,
LAL000188,committee member,2012-2015,,lower,la,,LAC000050,House Committee on Enrollment,,,
LAL000188,committee member,2012-2015,,lower,la,,LAC000023,Special Committee on Military and Veterans Affairs,,,
LAL000189,member,2016-2019,68,lower,la,Republican,,,,,
LAL000189,member,2012-2015,68,lower,la,Republican,,,,,
LAL000189,committee member,2012-2015,,lower,la,,LAC000067,House Select Leadership Committee,,,
LAL000192,member,2016-2019,19,lower,la,Republican,,,,,
LAL000192,member,2012-2015,19,lower,la,Republican,,,,,
LAL000192,committee member,2012-2015,,lower,la,,LAC000050,House Committee on Enrollment,,,
LAL000192,committee member,2012-2015,,joint,la,,LAC000042,Joint Legislative Committee on the Budget,,,
LAL000192,committee member,2012-2015,,lower,la,,LAC000030,Appropriations,,,
LAL000193,member,2016-2019,84,lower,la,Republican,,,,,
LAL000193,member,2012-2015,84,lower,la,Republican,,,,,
LAL000195,member,2016-2019,90,lower,la,Republican,,,,,
LAL000195,member,2012-2015,90,lower,la,Republican,,,,,
LAL000195,committee member,2012-2015,,joint,la,,LAC000044,Joint Committee on Homeland Security,,,
LAL000195,committee member,2012-2015,,lower,la,,LAC000055,House Select Committee on Homeland Security,,,
LAL000195,committee member,2012-2015,,lower,la,,LAC000023,Special Committee on Military and Veterans Affairs,,,
LAL000195,committee member,2012-2015,,lower,la,,LAC000037,House Executive Committee,,,
LAL000195,committee member,2012-2015,,lower,la,,LAC000067,House Select Leadership Committee,,,
LAL000196,member,2016-2019,33,lower,la,Democratic,,,,,
LAL000196,member,2012-2015,33,lower,la,Democratic,,,,,
LAL000196,committee member,2012-2015,,lower,la,,LAC000037,House Executive Committee,,,
LAL000196,committee member,2012-2015,,lower,la,,LAC000067,House Select Leadership Committee,,,
LAL000204,member,2016-2019,70,lower,la,Republican,,,,,
LAL000204,member,2012-2015,70,lower,la,Republican,,,,,
LAL000204,committee member,2012-2015,,joint,la,,LAC000044,Joint Committee on Homeland Security,,,
LAL000204,committee member,2012-2015,,lower,la,,LAC000055,House Select Committee on Homeland Security,,,
LAL000204,committee member,2012-2015,,joint,la,,LAC000042,Joint Legislative Committee on the Budget,,,
LAL000204,committee member,2012-2015,,lower,la,,LAC000030,Appropriations,,,
LAL000204,committee member,2012-2015,,lower,la,,LAC000023,Special Committee on Military and Veterans Affairs,,,
LAL000204,committee member,2012-2015,,lower,la,,LAC000067,House Select Leadership Committee,,,
LAL000205,member,2016-2019,34,lower,la,Democratic,,,,,
LAL000205,member,2012-2015,34,lower,la,Democratic,,,,,
LAL000208,member,2016-2019,54,lower,la,Democratic,,,,,
LAL000208,member,2012-2015,54,lower,la,Democratic,,,,,
LAL000208,committee member,2012-2015,,lower,la,,LAC000023,Special Committee on Military and Veterans Affairs,,,
LAL000211,member,2016-2019,37,lower,la,Republican,,,,,
LAL000211,member,2012-2015,37,lower,la,Republican,,,,,
LAL000214,member,2016-2019,27,lower,la,Republican,,,,,
LAL000214,member,2012-2015,27,lower,la,Republican,,,,,
LAL000214,committee member,2012-2015,,joint,la,,LAC000044,Joint Committee on Homeland Security,,,
LAL000214,committee member,2012-2015,,lower,la,,LAC000055,House Select Committee on Homeland Security,,,
LAL000214,committee member,2012-2015,,lower,la,,LAC000023,Special Committee on Military and Veterans Affairs,,,
LAL000214,committee member,2012-2015,,lower,la,,LAC000037,House Executive Committee,,,
LAL000216,member,2016-2019,82,lower,la,Republican,,,,,
LAL000216,member,2012-2015,82,lower,la,Republican,,,,,
LAL000216,committee member,2012-2015,,lower,la,,LAC000031,Legislative Audit Advisory Council,,,
LAL000216,committee member,2012-2015,,lower,la,,LAC000023,Special Committee on Military and Veterans Affairs,,,
LAL000216,committee member,2012-2015,,lower,la,,LAC000037,House Executive Committee,,,
LAL000216,committee member,2012-2015,,lower,la,,LAC000067,House Select Leadership Committee,,,
LAL000217,member,2016-2019,32,lower,la,Democratic,,,,,
LAL000217,member,2012-2015,32,lower,la,Democratic,,,,,
LAL000217,committee member,2012-2015,,lower,la,,LAC000050,House Committee on Enrollment,,,
LAL000219,member,2016-2019,15,lower,la,Republican,,,,,
LAL000219,member,2012-2015,15,lower,la,Republican,,,,,
LAL000219,committee member,2012-2015,,lower,la,,LAC000067,House Select Leadership Committee,,,
LAL000221,member,2016-2019,24,lower,la,Republican,,,,,
LAL000221,member,2012-2015,24,lower,la,Republican,,,,,
LAL000225,member,2016-2019,28,lower,la,Democratic,,,,,
LAL000225,member,2012-2015,28,lower,la,Democratic,,,,,
LAL000225,committee member,2012-2015,,joint,la,,LAC000070,Joint Oversight of the Deepwater Horizon Claims,,,
LAL000225,committee member,2012-2015,,lower,la,,LAC000054,Atchafalaya Basin Program Oversight Committee,,,
LAL000227,member,2016-2019,50,lower,la,Democratic,,,,,
LAL000227,member,2012-2015,50,lower,la,Democratic,,,,,
LAL000227,committee member,2012-2015,,joint,la,,LAC000070,Joint Oversight of the Deepwater Horizon Claims,,,
LAL000227,committee member,2012-2015,,lower,la,,LAC000054,Atchafalaya Basin Program Oversight Committee,,,
LAL000233,member,2016-2019,31,lower,la,Republican,,,,,
LAL000233,member,2012-2015,31,lower,la,Republican,,,,,
LAL000234,member,2016-2019,38,lower,la,Democratic,,,,,
LAL000234,member,2012-2015,38,lower,la,Democratic,,,,,
LAL000234,committee member,2012-2015,,lower,la,,LAC000054,Atchafalaya Basin Program Oversight Committee,,,
LAL000244,member,2016-2019,93,lower,la,Democratic,,,,,
LAL000244,member,2012-2015,93,lower,la,Democratic,,,,,
LAL000244,committee member,2012-2015,,lower,la,,LAC000067,House Select Leadership Committee,,,
LAL000245,member,2016-2019,14,lower,la,Republican,,,,,
LAL000245,member,2012-2015,14,lower,la,Republican,,,,,
LAL000246,member,2016-2019,3,lower,la,Democratic,,,,,
LAL000246,member,2012-2015,3,lower,la,Democratic,,,,,
LAL000246,committee member,2012-2015,,lower,la,,LAC000050,House Committee on Enrollment,,,
LAL000248,member,2016-2019,76,lower,la,Republican,,,,,
LAL000248,member,2012-2015,76,lower,la,Republican,,,,,
LAL000248,committee member,2012-2015,,lower,la,,LAC000067,House Select Leadership Committee,,,
LAL000251,member,2016-2019,71,lower,la,Republican,,,,,
LAL000251,member,2012-2015,71,lower,la,Republican,,,,,
LAL000252,member,2016-2019,73,lower,la,Republican,,,,,
LAL000252,member,2012-2015,73,lower,la,Republican,,,,,
LAL000253,member,2016-2019,55,lower,la,Independent,,,,,
LAL000253,member,2012-2015,55,lower,la,Independent,,,,,
LAL000259,member,2016-2019,77,lower,la,Republican,,,,,
LAL000259,member,2012-2015,77,lower,la,Republican,,,,,
LAL000259,committee member,2012-2015,,joint,la,,LAC000044,Joint Committee on Homeland Security,,,
LAL000259,committee member,2012-2015,,lower,la,,LAC000055,House Select Committee on Homeland Security,,,
LAL000259,committee member,2012-2015,,lower,la,,LAC000030,Appropriations,,,
LAL000259,committee member,2012-2015,,lower,la,,LAC000023,Special Committee on Military and Veterans Affairs,,,
LAL000259,committee member,2012-2015,,lower,la,,LAC000037,House Executive Committee,,,
LAL000260,member,2016-2019,74,lower,la,Republican,,,,,
LAL000260,member,2012-2015,74,lower,la,Republican,,,,,
LAL000260,committee member,2012-2015,,lower,la,,LAC000067,House Select Leadership Committee,,,
LAL000264,member,2016-2019,67,lower,la,Democratic,,,,,
LAL000264,member,2012-2015,67,lower,la,Democratic,,,,,
LAL000264,committee member,2012-2015,,joint,la,,LAC000042,Joint Legislative Committee on the Budget,,,
LAL000264,committee member,2012-2015,,lower,la,,LAC000030,Appropriations,,,
LAL000264,committee member,2012-2015,,lower,la,,LAC000037,House Executive Committee,,,
LAL000267,member,2016-2019,78,lower,la,Republican,,,,,
LAL000267,member,2012-2015,78,lower,la,Republican,,,,,
LAL000267,committee member,2012-2015,,lower,la,,LAC000067,House Select Leadership Committee,,,
LAL000267,committee member,2012-2015,,lower,la,,LAC000049,Select Committee on Hurricane Recovery,,,
LAL000269,member,2016-2019,18,lower,la,Democratic,,,,,
LAL000269,member,2012-2015,18,lower,la,Democratic,,,,,
LAL000269,committee member,2012-2015,,lower,la,,LAC000054,Atchafalaya Basin Program Oversight Committee,,,
LAL000280,member,2016-2019,5,lower,la,Republican,,,,,
LAL000280,member,2012-2015,5,lower,la,Republican,,,,,
LAL000280,committee member,2012-2015,,lower,la,,LAC000067,House Select Leadership Committee,,,
LAL000372,member,2016-2019,46,lower,la,Republican,,,,,
LAL000372,member,2012-2015,46,lower,la,Republican,,,,,
LAL000372,committee member,2012-2015,,lower,la,,LAC000054,Atchafalaya Basin Program Oversight Committee,,,
LAL000372,member,2008-2011,46,lower,la,Republican,,,,,
LAL000372,committee member,2008-2011,,lower,la,,LAC000019,Civil Law and Procedure,,,
LAL000372,committee member,2008-2011,,lower,la,,LAC000001,"Agriculture, Forestry, Aquaculture, and Rural Development",,,
LAL000372,committee member,2008-2011,,lower,la,,LAC000007,Insurance,,,
LAL000430,member,2016-2019,47,lower,la,Republican,,,,,
LAL000430,member,2012-2015,47,lower,la,Republican,,,,,
LAL000430,committee member,2012-2015,,lower,la,,LAC000067,House Select Leadership Committee,,,
LAL000430,committee member,2012-2015,,lower,la,,LAC000049,Select Committee on Hurricane Recovery,,,
LAL000430,member,2008-2011,47,lower,la,Republican,,,,,
LAL000430,committee member,2008-2011,,lower,la,,LAC000021,Health and Welfare,,,
LAL000430,committee member,2008-2011,,lower,la,,LAC000028,Commerce,,,
LAL000430,committee member,2008-2011,,lower,la,,LAC000001,"Agriculture, Forestry, Aquaculture, and Rural Development",,,
LAL000446,member,2016-2019,88,lower,la,Republican,,,,,
LAL000446,member,2012-2015,88,lower,la,Republican,,,,,
LAL000447,member,2016-2019,43,lower,la,Republican,,,,,
LAL000447,member,2012-2015,43,lower,la,Republican,,,,,
LAL000447,committee member,2012-2015,,joint,la,,LAC000042,Joint Legislative Committee on the Budget,,,
LAL000447,committee member,2012-2015,,lower,la,,LAC000030,Appropriations,,,
LAL000447,committee member,2012-2015,,lower,la,,LAC000067,House Select Leadership Committee,,,
LAL000449,member,2016-2019,86,lower,la,Republican,,,,,
LAL000449,member,2012-2015,86,lower,la,Republican,,,,,
LAL000449,committee member,2012-2015,,lower,la,,LAC000037,House Executive Committee,,,
LAL000449,committee member,2012-2015,,lower,la,,LAC000067,House Select Leadership Committee,,,
LAL000450,member,2016-2019,22,lower,la,Independent,,,,,
LAL000450,member,2012-2015,22,lower,la,Independent,,,,,
LAL000452,member,2016-2019,23,lower,la,Democratic,,,,,
LAL000452,member,2012-2015,23,lower,la,Democratic,,,,,
LAL000452,committee member,2012-2015,,lower,la,,LAC000023,Special Committee on Military and Veterans Affairs,,,
LAL000453,member,2016-2019,57,lower,la,Democratic,,,,,
LAL000453,member,2012-2015,57,lower,la,Democratic,,,,,
LAL000453,committee member,2012-2015,,joint,la,,LAC000044,Joint Committee on Homeland Security,,,
LAL000453,committee member,2012-2015,,lower,la,,LAC000055,House Select Committee on Homeland Security,,,
LAL000453,committee member,2012-2015,,lower,la,,LAC000023,Special Committee on Military and Veterans Affairs,,,
LAL000454,member,2016-2019,103,lower,la,Republican,,,,,
LAL000454,member,2012-2015,103,lower,la,Republican,,,,,
LAL000454,committee member,2012-2015,,joint,la,,LAC000070,Joint Oversight of the Deepwater Horizon Claims,,,
LAL000454,committee member,2012-2015,,lower,la,,LAC000049,Select Committee on Hurricane Recovery,,,
LAL000455,member,2016-2019,25,lower,la,Republican,,,,,
LAL000455,member,2012-2015,25,lower,la,Republican,,,,,
LAL000456,member,2016-2019,62,lower,la,Republican,,,,,
LAL000456,member,2012-2015,62,lower,la,Republican,,,,,
LAL000457,member,2016-2019,64,lower,la,Republican,,,,,
LAL000457,member,2012-2015,64,lower,la,Republican,,,,,
LAL000458,member,2016-2019,104,lower,la,Republican,,,,,
LAL000458,member,2012-2015,104,lower,la,Republican,,,,,
LAL000460,member,2016-2019,17,lower,la,Democratic,,,,,
LAL000460,member,2012-2015,17,lower,la,Democratic,,,,,
LAL000461,member,2016-2019,16,lower,la,Democratic,,,,,
LAL000461,member,2012-2015,16,lower,la,Democratic,,,,,
LAL000461,committee member,2012-2015,,lower,la,,LAC000037,House Executive Committee,,,
LAL000462,member,2016-2019,101,lower,la,Democratic,,,,,
LAL000462,member,2012-2015,101,lower,la,Democratic,,,,,
LAL000463,member,2016-2019,11,lower,la,Democratic,,,,,
LAL000463,member,2012-2015,11,lower,la,Democratic,,,,,
LAL000463,committee member,2012-2015,,lower,la,,LAC000067,House Select Leadership Committee,,,
LAL000464,member,2016-2019,96,lower,la,Democratic,,,,,
LAL000464,member,2012-2015,96,lower,la,Democratic,,,,,
LAL000464,committee member,2012-2015,,joint,la,,LAC000044,Joint Committee on Homeland Security,,,
LAL000464,committee member,2012-2015,,lower,la,,LAC000055,House Select Committee on Homeland Security,,,
LAL000464,committee member,2012-2015,,lower,la,,LAC000023,Special Committee on Military and Veterans Affairs,,,
LAL000464,committee member,2012-2015,,lower,la,,LAC000054,Atchafalaya Basin Program Oversight Committee,,,
LAL000465,member,2016-2019,105,lower,la,Republican,,,,,
LAL000465,member,2012-2015,105,lower,la,Republican,,,,,
LAL000466,member,2016-2019,95,lower,la,Republican,,,,,
LAL000466,member,2012-2015,95,lower,la,Republican,,,,,
LAL000467,member,2016-2019,56,lower,la,Republican,,,,,
LAL000467,member,2012-2015,56,lower,la,Republican,,,,,
LAL000470,member,2016-2019,44,lower,la,Democratic,,,,,
LAL000470,member,2012-2015,44,lower,la,Democratic,,,,,
LAL000471,member,2016-2019,58,lower,la,Democratic,,,,,
LAL000471,member,2012-2015,58,lower,la,Democratic,,,,,
LAL000471,committee member,2012-2015,,lower,la,,LAC000054,Atchafalaya Basin Program Oversight Committee,,,
LAL000472,member,2016-2019,20,lower,la,Republican,,,,,
LAL000472,member,2012-2015,20,lower,la,Republican,,,,,
LAL000473,member,2016-2019,10,lower,la,Democratic,,,,,
LAL000473,member,2012-2015,10,lower,la,Democratic,,,,,
LAL000474,member,2016-2019,81,lower,la,Republican,,,,,
LAL000474,member,2012-2015,81,lower,la,Republican,,,,,
LAL000474,committee member,2012-2015,,lower,la,,LAC000031,Legislative Audit Advisory Council,,,
LAL000474,committee member,2012-2015,,lower,la,,LAC000055,House Select Committee on Homeland Security,,,
LAL000475,member,2016-2019,12,lower,la,Republican,,,,,
LAL000475,member,2012-2015,12,lower,la,Republican,,,,,
LAL000632,member,2016-2019,1,lower,la,Republican,,,,,
LAL000632,member,2012-2015,1,lower,la,Republican,,,,,
LAL000632,committee member,2012-2015,,joint,la,,LAC000044,Joint Committee on Homeland Security,,,
LAL000632,committee member,2012-2015,,lower,la,,LAC000055,House Select Committee on Homeland Security,,,
LAL000632,committee member,2012-2015,,lower,la,,LAC000030,Appropriations,,,
LAL000632,committee member,2012-2015,,lower,la,,LAC000037,House Executive Committee,,,
LAL000692,member,2016-2019,65,lower,la,Republican,,,,,
LAL000692,member,2012-2015,65,lower,la,Republican,,,,,
LAL000734,member,2016-2019,79,lower,la,Republican,,,,,
LAL000734,member,2012-2015,79,lower,la,Republican,,,,,
LAL000734,committee member,2012-2015,,lower,la,,LAC000031,Legislative Audit Advisory Council,,,
LAL000779,member,2016-2019,97,lower,la,Democratic,,,,,
LAL000779,member,2012-2015,97,lower,la,Democratic,,,,,
LAL000794,member,2016-2019,49,lower,la,Republican,,,,,
LAL000794,member,2012-2015,49,lower,la,Republican,,,,,
LAL000795,member,2016-2019,26,lower,la,Democratic,,,,,
LAL000795,member,2012-2015,26,lower,la,Democratic,,,,,
LAL000801,member,2016-2019,69,lower,la,Republican,,,,,
LAL000801,member,2012-2015,69,lower,la,Republican,,,,,
LAL000802,member,2016-2019,4,lower,la,Democratic,,,,,
LAL000802,member,2012-2015,4,lower,la,Democratic,,,,,
LAL000806,member,2016-2019,36,lower,la,Republican,,,,,
LAL000806,member,2012-2015,36,lower,la,Republican,,,,,
LAL000808,member,2016-2019,39,lower,la,Republican,,,,,
LAL000808,member,2012-2015,39,lower,la,Republican,,,,,
LAL000809,member,2016-2019,51,lower,la,Republican,,,,,
LAL000809,member,2012-2015,51,lower,la,Republican,,,,,
LAL000811,member,2016-2019,63,lower,la,Democratic,,,,,
LAL000811,member,2012-2015,63,lower,la,Democratic,,,,,
LAL000812,member,2016-2019,100,lower,la,Democratic,,,,,
LAL000812,member,2012-2015,100,lower,la,Democratic,,,,,
LAL000813,member,2016-2019,94,lower,la,Republican,,,,,
LAL000813,member,2012-2015,94,lower,la,Republican,,,,,
LAL000814,member,2016-2019,52,lower,la,Republican,,,,,
LAL000814,member,2012-2015,52,lower,la,Republican,,,,,
LAL000814,committee member,2012-2015,,joint,la,,LAC000042,Joint Legislative Committee on the Budget,,,
LAL000814,committee member,2012-2015,,lower,la,,LAC000030,Appropriations,,,
LAL000816,member,2016-2019,102,lower,la,Democratic,,,,,
LAL000816,member,2012-2015,102,lower,la,Democratic,,,,,
LAL000816,committee member,2012-2015,,joint,la,,LAC000042,Joint Legislative Committee on the Budget,,,
LAL000816,committee member,2012-2015,,lower,la,,LAC000030,Appropriations,,,
LAL000817,member,2016-2019,35,lower,la,Republican,,,,,
LAL000817,member,2012-2015,35,lower,la,Republican,,,,,
LAL000818,member,2016-2019,7,lower,la,Republican,,,,,
LAL000818,member,2012-2015,7,lower,la,Republican,,,,,
LAL000819,member,2016-2019,66,lower,la,Republican,,,,,
LAL000819,member,2012-2015,66,lower,la,Republican,,,,,
LAL000820,member,2016-2019,41,lower,la,Republican,,,,,
LAL000820,member,2012-2015,41,lower,la,Republican,,,,,
LAL000821,member,2016-2019,87,lower,la,Democratic,,,,,
LAL000821,member,2012-2015,87,lower,la,Democratic,,,,,
LAL000822,member,2016-2019,89,lower,la,Republican,,,,,
LAL000822,member,2012-2015,89,lower,la,Republican,,,,,
LAL000823,member,2016-2019,72,lower,la,Democratic,,,,,
LAL000823,member,2012-2015,72,lower,la,Democratic,,,,,
LAL000825,member,2016-2019,60,lower,la,Democratic,,,,,
LAL000825,member,2012-2015,60,lower,la,Democratic,,,,,
LAL000826,member,2016-2019,99,lower,la,Democratic,,,,,
LAL000826,member,2012-2015,99,lower,la,Democratic,,,,,
LAL000828,member,2016-2019,59,lower,la,Republican,,,,,
LAL000828,member,2012-2015,59,lower,la,Republican,,,,,
LAL000833,member,2016-2019,45,lower,la,Republican,,,,,
LAL000833,member,2012-2015,45,lower,la,Republican,,,,,
LAL000835,member,2016-2019,2,lower,la,Democratic,,,,,
LAL000835,member,2012-2015,2,lower,la,Democratic,,,,,
LAL000836,member,2016-2019,53,lower,la,Republican,,,,,
LAL000836,member,2012-2015,53,lower,la,Republican,,,,,
LAL000838,member,2016-2019,75,lower,la,Democratic,,,,,
LAL000838,member,2012-2015,75,lower,la,Democratic,,,,,
LAL000839,member,2016-2019,40,lower,la,Democratic,,,,,
LAL000839,member,2012-2015,40,lower,la,Democratic,,,,,
LAL000840,member,2016-2019,9,lower,la,Republican,,,,,
LAL000840,member,2012-2015,9,lower,la,Republican,,,,,
LAL000841,member,2016-2019,61,lower,la,Democratic,,,,,
LAL000841,member,2012-2015,61,lower,la,Democratic,,,,,
LAL000842,member,2016-2019,13,lower,la,Republican,,,,,
LAL000842,member,2012-2015,13,lower,la,Republican,,,,,
LAL000844,member,2016-2019,29,lower,la,Democratic,,,,,
LAL000845,member,2016-2019,80,lower,la,Republican,,,,,
LAL000846,member,2016-2019,85,lower,la,Independent,,,,,
LAL000847,member,2016-2019,92,lower,la,Republican,,,,,
LAL000848,member,2016-2019,42,lower,la,Republican,,,,,
LAL000849,member,2016-2019,8,lower,la,Republican,,,,,
LAL000850,member,2016-2019,16,lower,la,Democratic,,,,,
LAL000851,member,2016-2019,33,lower,la,Democratic,,,,,
LAL000852,member,2016-2019,27,lower,la,Republican,,,,,
LAL000853,member,2016-2019,65,lower,la,Republican,,,,,
LAL000854,member,2016-2019,42,lower,la,Republican,,,,,
LAL000855,member,2016-2019,95,lower,la,Republican,,,,,
LAL000856,member,2016-2019,55,lower,la,Independent,,,,,
LAL000857,member,2016-2019,44,lower,la,Democratic,,,,,
LAL000858,member,2016-2019,66,lower,la,Republican,,,,,
LAL000859,member,2016-2019,6,lower,la,Republican,,,,,
LAL000860,member,2016-2019,51,lower,la,Republican,,,,,
LAL000861,member,2016-2019,84,lower,la,Republican,,,,,
LAL000862,member,2016-2019,17,lower,la,Democratic,,,,,
LAL000863,member,2016-2019,99,lower,la,Democratic,,,,,
LAL000864,member,2016-2019,77,lower,la,Republican,,,,,
LAL000865,member,2016-2019,49,lower,la,Republican,,,,,
LAL000866,member,2016-2019,70,lower,la,Republican,,,,,
LAL000867,member,2016-2019,30,lower,la,Democratic,,,,,
LAL000868,member,2016-2019,18,lower,la,Democratic,,,,,
LAL000869,member,2016-2019,29,lower,la,Democratic,,,,,
LAL000870,member,2016-2019,104,lower,la,Republican,,,,,
LAL000871,member,2016-2019,47,lower,la,Republican,,,,,
LAL000872,member,2016-2019,26,lower,la,Democratic,,,,,
LAL000873,member,2016-2019,14,lower,la,Republican,,,,,
LAL000874,member,2016-2019,89,lower,la,Republican,,,,,
LAL000875,member,2016-2019,67,lower,la,Democratic,,,,,
LAL000876,member,2016-2019,88,lower,la,Republican,,,,,
LAL000877,member,2016-2019,105,lower,la,Republican,,,,,
LAL000878,member,2016-2019,57,lower,la,Democratic,,,,,
LAL000879,member,2016-2019,63,lower,la,Democratic,,,,,
LAL000880,member,2016-2019,13,lower,la,Republican,,,,,
LAL000881,member,2016-2019,75,lower,la,Democratic,,,,,
LAL000882,member,2016-2019,43,lower,la,Republican,,,,,
LAL000883,member,2016-2019,94,lower,la,Republican,,,,,
LAL000884,member,2016-2019,31,lower,la,Republican,,,,,
LAL000885,member,2016-2019,92,lower,la,Republican,,,,,
LAL000886,member,2016-2019,74,lower,la,Republican,,,,,
LAL000887,member,2016-2019,93,lower,la,Democratic,,,,,
LAL000888,member,2016-2019,60,lower,la,Democratic,,,,,
LAL000889,member,2016-2019,69,lower,la,Republican,,,,,
LAL000890,member,2016-2019,100,lower,la,Democratic,,,,,
LAL000891,member,2016-2019,64,lower,la,Republican,,,,,
LAL000892,member,2016-2019,15,lower,la,Republican,,,,,
LAL000893,member,2016-2019,2,lower,la,Democratic,,,,,
LAL000894,member,2016-2019,102,lower,la,Democratic,,,,,
LAL000895,member,2016-2019,61,lower,la,Democratic,,,,,
LAL000896,member,2016-2019,20,lower,la,Republican,,,,,
LAL000897,member,2016-2019,3,lower,la,Democratic,,,,,
LAL000898,member,2016-2019,23,lower,la,Democratic,,,,,
LAL000899,member,2016-2019,78,lower,la,Republican,,,,,
LAL000900,member,2016-2019,46,lower,la,Republican,,,,,
LAL000901,member,2016-2019,98,lower,la,Democratic,,,,,
LAL000902,member,2016-2019,91,lower,la,Democratic,,,,,
LAL000903,member,2016-2019,10,lower,la,Democratic,,,,,
LAL000904,member,2016-2019,71,lower,la,Republican,,,,,
LAL000905,member,2016-2019,21,lower,la,Democratic,,,,,
LAL000906,member,2016-2019,81,lower,la,Republican,,,,,
LAL000907,member,2016-2019,41,lower,la,Republican,,,,,
LAL000908,member,2016-2019,28,lower,la,Democratic,,,,,
LAL000909,member,2016-2019,24,lower,la,Republican,,,,,
LAL000910,member,2016-2019,40,lower,la,Democratic,,,,,
LAL000911,member,2016-2019,90,lower,la,Republican,,,,,
LAL000912,member,2016-2019,50,lower,la,Democratic,,,,,
LAL000913,member,2016-2019,35,lower,la,Republican,,,,,
LAL000914,member,2016-2019,45,lower,la,Republican,,,,,
LAL000915,member,2016-2019,59,lower,la,Republican,,,,,
LAL000916,member,2016-2019,86,lower,la,Republican,,,,,
LAL000917,member,2016-2019,82,lower,la,Republican,,,,,
LAL000918,member,2016-2019,103,lower,la,Republican,,,,,
LAL000919,member,2016-2019,79,lower,la,Republican,,,,,
LAL000920,member,2016-2019,5,lower,la,Republican,,,,,
LAL000921,member,2016-2019,32,lower,la,Democratic,,,,,
LAL000922,member,2016-2019,48,lower,la,Republican,,,,,
LAL000923,member,2016-2019,36,lower,la,Republican,,,,,
LAL000924,member,2016-2019,76,lower,la,Republican,,,,,
LAL000925,member,2016-2019,4,lower,la,Democratic,,,,,
LAL000926,member,2016-2019,68,lower,la,Republican,,,,,
LAL000927,member,2016-2019,12,lower,la,Republican,,,,,
LAL000928,member,2016-2019,73,lower,la,Republican,,,,,
LAL000929,member,2016-2019,83,lower,la,Democratic,,,,,
LAL000930,member,2016-2019,22,lower,la,Independent,,,,,
LAL000931,member,2016-2019,97,lower,la,Democratic,,,,,
LAL000932,member,2016-2019,19,lower,la,Republican,,,,,
LAL000933,member,2016-2019,62,lower,la,Republican,,,,,
LAL000934,member,2016-2019,52,lower,la,Republican,,,,,
LAL000935,member,2016-2019,85,lower,la,Independent,,,,,
LAL000936,member,2016-2019,87,lower,la,Democratic,,,,,
LAL000937,member,2016-2019,53,lower,la,Republican,,,,,
LAL000938,member,2016-2019,8,lower,la,Republican,,,,,
LAL000939,member,2016-2019,54,lower,la,Democratic,,,,,
LAL000940,member,2016-2019,37,lower,la,Republican,,,,,
LAL000941,member,2016-2019,25,lower,la,Republican,,,,,
LAL000942,member,2016-2019,72,lower,la,Democratic,,,,,
LAL000943,member,2016-2019,58,lower,la,Democratic,,,,,
LAL000944,member,2016-2019,96,lower,la,Democratic,,,,,
LAL000945,member,2016-2019,38,lower,la,Democratic,,,,,
LAL000946,member,2016-2019,11,lower,la,Democratic,,,,,
LAL000947,member,2016-2019,34,lower,la,Democratic,,,,,
LAL000948,member,2016-2019,39,lower,la,Republican,,,,,
LAL000949,member,2016-2019,101,lower,la,Democratic,,,,,
LAL000950,member,2016-2019,80,lower,la,Republican,,,,,
LAL000951,member,2016-2019,7,lower,la,Republican,,,,,
LAL000952,member,2016-2019,56,lower,la,Republican,,,,,
LAL000953,member,2016-2019,1,lower,la,Republican,,,,,
LAL000954,member,2016-2019,9,lower,la,Republican,,,,,
LAL000105,member,2016-2019,22,upper,la,Republican,,,,,
LAL000105,member,2012-2015,22,upper,la,Republican,,,,,
LAL000105,committee member,2012-2015,,upper,la,,LAC000010,Judiciary C,,,
LAL000105,committee member,2012-2015,,upper,la,,LAC000056,Women and Children,,,
LAL000105,committee member,2012-2015,,upper,la,,LAC000058,Coastal Restoration and Flood Control,,,
LAL000105,committee member,2012-2015,,upper,la,,LAC000012,Local & Municipal Affairs,,,
LAL000105,committee member,2012-2015,,upper,la,,LAC000006,Health & Welfare,,,
LAL000140,member,2016-2019,9,upper,la,Republican,,,,,
LAL000140,member,2012-2015,9,upper,la,Republican,,,,,
LAL000140,committee member,2012-2015,,upper,la,,LAC000069,Vocational & Technical Education,,,
LAL000140,committee member,2012-2015,,upper,la,,LAC000005,Finance,,,
LAL000140,committee member,2012-2015,,upper,la,,LAC000046,Education,,,
LAL000140,committee member,2012-2015,,upper,la,,LAC000002,"Commerce, Consumer Protection, and International Affairs",,,
LAL000140,committee member,2012-2015,,upper,la,,LAC000061,Veterans Affairs,,,
LAL000140,committee member,2012-2015,,upper,la,,LAC000004,Environmental Quality,,,
LAL000142,member,2016-2019,20,upper,la,Republican,,,,,
LAL000142,member,2012-2015,20,upper,la,Republican,,,,,
LAL000142,committee member,2012-2015,,upper,la,,LAC000058,Coastal Restoration and Flood Control,,,
LAL000142,committee member,2012-2015,,upper,la,,LAC000048,Retirement,,,
LAL000142,committee member,2012-2015,,upper,la,,LAC000069,Vocational & Technical Education,,,
LAL000142,committee member,2012-2015,,upper,la,,LAC000013,Natural Resources,,,
LAL000142,committee member,2012-2015,,upper,la,,LAC000006,Health & Welfare,,,
LAL000142,committee member,2012-2015,,upper,la,,LAC000009,Judiciary B,,,
LAL000145,member,2016-2019,16,upper,la,Republican,,,,,
LAL000145,member,2012-2015,16,upper,la,Republican,,,,,
LAL000145,committee member,2012-2015,,upper,la,,LAC000010,Judiciary C,,,
LAL000145,committee member,2012-2015,,upper,la,,LAC000006,Health & Welfare,,,
LAL000148,member,2016-2019,13,upper,la,Republican,,,,,
LAL000148,member,2012-2015,13,upper,la,Republican,,,,,
LAL000148,committee member,2012-2015,,upper,la,,LAC000017,"Transportation, Highways & Public Works",,,
LAL000148,committee member,2012-2015,,upper,la,,LAC000069,Vocational & Technical Education,,,
LAL000148,committee member,2012-2015,,upper,la,,LAC000006,Health & Welfare,,,
LAL000148,committee member,2012-2015,,upper,la,,LAC000015,Revenue & Fiscal Affairs,,,
LAL000148,committee member,2012-2015,,upper,la,,LAC000004,Environmental Quality,,,
LAL000155,member,2016-2019,28,upper,la,Democratic,,,,,
LAL000155,member,2012-2015,28,upper,la,Democratic,,,,,
LAL000155,committee member,2012-2015,,upper,la,,LAC000005,Finance,,,
LAL000155,committee member,2012-2015,,upper,la,,LAC000047,Insurance,,,
LAL000155,committee member,2012-2015,,upper,la,,LAC000046,Education,,,
LAL000155,committee member,2012-2015,,upper,la,,LAC000009,Judiciary B,,,
LAL000156,member,2016-2019,31,upper,la,Republican,,,,,
LAL000156,member,2012-2015,31,upper,la,Republican,,,,,
LAL000156,committee member,2012-2015,,upper,la,,LAC000017,"Transportation, Highways & Public Works",,,
LAL000156,committee member,2012-2015,,upper,la,,LAC000048,Retirement,,,
LAL000156,committee member,2012-2015,,upper,la,,LAC000045,"Agriculture, Forestry, Aquaculture, and Rural Development",,,
LAL000156,committee member,2012-2015,,upper,la,,LAC000047,Insurance,,,
LAL000158,member,2016-2019,10,upper,la,Republican,,,,,
LAL000158,member,2012-2015,10,upper,la,Republican,,,,,
LAL000158,committee member,2012-2015,,upper,la,,LAC000012,Local & Municipal Affairs,,,
LAL000158,committee member,2012-2015,,upper,la,,LAC000008,Judiciary A,,,
LAL000158,committee member,2012-2015,,upper,la,,LAC000002,"Commerce, Consumer Protection, and International Affairs",,,
LAL000161,member,2016-2019,3,upper,la,Democratic,,,,,
LAL000161,member,2012-2015,3,upper,la,Democratic,,,,,
LAL000161,committee member,2012-2015,,upper,la,,LAC000016,Senate & Governmental Affairs,,,
LAL000161,committee member,2012-2015,,upper,la,,LAC000011,Labor & Industrial Relations,,,
LAL000161,committee member,2012-2015,,upper,la,,LAC000015,Revenue & Fiscal Affairs,,,
LAL000161,committee member,2012-2015,,upper,la,,LAC000057,Hurricane Recovery,,,
LAL000161,committee member,2012-2015,,upper,la,,LAC000009,Judiciary B,,,
LAL000162,member,2016-2019,25,upper,la,Republican,,,,,
LAL000162,member,2012-2015,25,upper,la,Republican,,,,,
LAL000162,committee member,2012-2015,,upper,la,,LAC000058,Coastal Restoration and Flood Control,,,
LAL000162,committee member,2012-2015,,upper,la,,LAC000069,Vocational & Technical Education,,,
LAL000162,committee member,2012-2015,,upper,la,,LAC000047,Insurance,,,
LAL000162,committee member,2012-2015,,upper,la,,LAC000046,Education,,,
LAL000162,committee member,2012-2015,,upper,la,,LAC000057,Hurricane Recovery,,,
LAL000162,committee member,2012-2015,,upper,la,,LAC000004,Environmental Quality,,,
LAL000166,member,2016-2019,5,upper,la,Democratic,,,,,
LAL000166,member,2012-2015,5,upper,la,Democratic,,,,,
LAL000166,committee member,2012-2015,,upper,la,,LAC000056,Women and Children,,,
LAL000166,committee member,2012-2015,,upper,la,,LAC000016,Senate & Governmental Affairs,,,
LAL000166,committee member,2012-2015,,upper,la,,LAC000012,Local & Municipal Affairs,,,
LAL000166,committee member,2012-2015,,upper,la,,LAC000015,Revenue & Fiscal Affairs,,,
LAL000166,committee member,2012-2015,,upper,la,,LAC000057,Hurricane Recovery,,,
LAL000166,committee member,2012-2015,,upper,la,,LAC000009,Judiciary B,,,
LAL000169,member,2016-2019,30,upper,la,Republican,,,,,
LAL000169,member,2012-2015,30,upper,la,Republican,,,,,
LAL000169,committee member,2012-2015,,upper,la,,LAC000058,Coastal Restoration and Flood Control,,,
LAL000169,committee member,2012-2015,,upper,la,,LAC000045,"Agriculture, Forestry, Aquaculture, and Rural Development",,,
LAL000169,committee member,2012-2015,,upper,la,,LAC000012,Local & Municipal Affairs,,,
LAL000169,committee member,2012-2015,,upper,la,,LAC000047,Insurance,,,
LAL000169,committee member,2012-2015,,upper,la,,LAC000015,Revenue & Fiscal Affairs,,,
LAL000170,member,2016-2019,34,upper,la,Democratic,,,,,
LAL000170,member,2012-2015,34,upper,la,Democratic,,,,,
LAL000170,committee member,2012-2015,,upper,la,,LAC000045,"Agriculture, Forestry, Aquaculture, and Rural Development",,,
LAL000170,committee member,2012-2015,,upper,la,,LAC000002,"Commerce, Consumer Protection, and International Affairs",,,
LAL000170,committee member,2012-2015,,upper,la,,LAC000066,Homeland Security,,,
LAL000171,member,2016-2019,33,upper,la,Republican,,,,,
LAL000171,member,2012-2015,33,upper,la,Republican,,,,,
LAL000171,committee member,2012-2015,,upper,la,,LAC000016,Senate & Governmental Affairs,,,
LAL000171,committee member,2012-2015,,upper,la,,LAC000046,Education,,,
LAL000171,committee member,2012-2015,,upper,la,,LAC000004,Environmental Quality,,,
LAL000171,committee member,2012-2015,,upper,la,,LAC000066,Homeland Security,,,
LAL000194,member,2016-2019,23,upper,la,Republican,,,,,
LAL000194,member,2012-2015,23,upper,la,Republican,,,,,
LAL000194,committee member,2012-2015,,upper,la,,LAC000017,"Transportation, Highways & Public Works",,,
LAL000194,committee member,2012-2015,,upper,la,,LAC000048,Retirement,,,
LAL000194,committee member,2012-2015,,upper,la,,LAC000002,"Commerce, Consumer Protection, and International Affairs",,,
LAL000249,member,2016-2019,26,upper,la,Republican,,,,,
LAL000249,member,2012-2015,26,upper,la,Republican,,,,,
LAL000262,member,2016-2019,19,upper,la,Democratic,,,,,
LAL000262,member,2012-2015,19,upper,la,Democratic,,,,,
LAL000262,committee member,2012-2015,,upper,la,,LAC000017,"Transportation, Highways & Public Works",,,
LAL000262,committee member,2012-2015,,upper,la,,LAC000047,Insurance,,,
LAL000262,committee member,2012-2015,,upper,la,,LAC000015,Revenue & Fiscal Affairs,,,
LAL000262,committee member,2012-2015,,upper,la,,LAC000009,Judiciary B,,,
LAL000272,member,2016-2019,6,upper,la,Republican,,,,,
LAL000272,member,2012-2015,6,upper,la,Republican,,,,,
LAL000276,member,2016-2019,11,upper,la,Republican,,,,,
LAL000276,member,2012-2015,11,upper,la,Republican,,,,,
LAL000276,committee member,2012-2015,,upper,la,,LAC000016,Senate & Governmental Affairs,,,
LAL000276,committee member,2012-2015,,upper,la,,LAC000012,Local & Municipal Affairs,,,
LAL000276,committee member,2012-2015,,upper,la,,LAC000069,Vocational & Technical Education,,,
LAL000276,committee member,2012-2015,,upper,la,,LAC000005,Finance,,,
LAL000276,committee member,2012-2015,,upper,la,,LAC000008,Judiciary A,,,
LAL000278,member,2016-2019,32,upper,la,Republican,,,,,
LAL000278,member,2012-2015,32,upper,la,Republican,,,,,
LAL000278,committee member,2012-2015,,upper,la,,LAC000016,Senate & Governmental Affairs,,,
LAL000278,committee member,2012-2015,,upper,la,,LAC000045,"Agriculture, Forestry, Aquaculture, and Rural Development",,,
LAL000278,committee member,2012-2015,,upper,la,,LAC000011,Labor & Industrial Relations,,,
LAL000278,committee member,2012-2015,,upper,la,,LAC000015,Revenue & Fiscal Affairs,,,
LAL000278,committee member,2012-2015,,upper,la,,LAC000061,Veterans Affairs,,,
LAL000278,committee member,2012-2015,,upper,la,,LAC000066,Homeland Security,,,
LAL000282,member,2016-2019,8,upper,la,Republican,,,,,
LAL000282,member,2012-2015,8,upper,la,Republican,,,,,
LAL000282,member,2008-2011,8,upper,la,Republican,,,,,
LAL000282,committee member,2008-2011,,upper,la,,LAC000002,"Commerce, Consumer Protection, and International Affairs",,,
LAL000282,committee member,2008-2011,,upper,la,,LAC000005,Finance,,,
LAL000282,committee member,2008-2011,,upper,la,,LAC000009,Judiciary B,,,
LAL000431,member,2016-2019,21,upper,la,Republican,,,,,
LAL000431,member,2012-2015,21,upper,la,Republican,,,,,
LAL000431,committee member,2012-2015,,upper,la,,LAC000058,Coastal Restoration and Flood Control,,,
LAL000431,committee member,2012-2015,,upper,la,,LAC000045,"Agriculture, Forestry, Aquaculture, and Rural Development",,,
LAL000431,committee member,2012-2015,,upper,la,,LAC000013,Natural Resources,,,
LAL000431,committee member,2012-2015,,upper,la,,LAC000005,Finance,,,
LAL000431,committee member,2012-2015,,upper,la,,LAC000002,"Commerce, Consumer Protection, and International Affairs",,,
LAL000436,member,2016-2019,27,upper,la,Republican,,,,,
LAL000436,member,2012-2015,27,upper,la,Republican,,,,,
LAL000436,committee member,2012-2015,,upper,la,,LAC000005,Finance,,,
LAL000436,committee member,2012-2015,,upper,la,,LAC000047,Insurance,,,
LAL000436,committee member,2012-2015,,upper,la,,LAC000011,Labor & Industrial Relations,,,
LAL000436,committee member,2012-2015,,upper,la,,LAC000057,Hurricane Recovery,,,
LAL000436,committee member,2012-2015,,upper,la,,LAC000009,Judiciary B,,,
LAL000437,member,2016-2019,37,upper,la,Republican,,,,,
LAL000437,member,2012-2015,37,upper,la,Republican,,,,,
LAL000437,committee member,2012-2015,,upper,la,,LAC000048,Retirement,,,
LAL000437,committee member,2012-2015,,upper,la,,LAC000045,"Agriculture, Forestry, Aquaculture, and Rural Development",,,
LAL000437,committee member,2012-2015,,upper,la,,LAC000011,Labor & Industrial Relations,,,
LAL000437,committee member,2012-2015,,joint,la,,LAC000070,Joint Oversight of the Deepwater Horizon Claims,,,
LAL000437,committee member,2012-2015,,upper,la,,LAC000002,"Commerce, Consumer Protection, and International Affairs",,,
LAL000439,member,2016-2019,39,upper,la,Democratic,,,,,
LAL000439,member,2012-2015,39,upper,la,Democratic,,,,,
LAL000439,committee member,2012-2015,,upper,la,,LAC000016,Senate & Governmental Affairs,,,
LAL000439,committee member,2012-2015,,upper,la,,LAC000069,Vocational & Technical Education,,,
LAL000439,committee member,2012-2015,,upper,la,,LAC000013,Natural Resources,,,
LAL000439,committee member,2012-2015,,upper,la,,LAC000005,Finance,,,
LAL000439,committee member,2012-2015,,upper,la,,LAC000061,Veterans Affairs,,,
LAL000439,committee member,2012-2015,,upper,la,,LAC000009,Judiciary B,,,
LAL000440,member,2016-2019,17,upper,la,Republican,,,,,
LAL000440,member,2012-2015,17,upper,la,Republican,,,,,
LAL000440,committee member,2012-2015,,upper,la,,LAC000013,Natural Resources,,,
LAL000440,committee member,2012-2015,,upper,la,,LAC000047,Insurance,,,
LAL000440,committee member,2012-2015,,upper,la,,LAC000008,Judiciary A,,,
LAL000803,member,2016-2019,35,upper,la,Republican,,,,,
LAL000803,member,2012-2015,35,upper,la,Republican,,,,,
LAL000803,committee member,2012-2015,,upper,la,,LAC000017,"Transportation, Highways & Public Works",,,
LAL000803,committee member,2012-2015,,upper,la,,LAC000016,Senate & Governmental Affairs,,,
LAL000803,committee member,2012-2015,,upper,la,,LAC000045,"Agriculture, Forestry, Aquaculture, and Rural Development",,,
LAL000803,committee member,2012-2015,,upper,la,,LAC000005,Finance,,,
LAL000804,member,2016-2019,36,upper,la,Republican,,,,,
LAL000804,member,2012-2015,36,upper,la,Republican,,,,,
LAL000805,member,2016-2019,18,upper,la,Republican,,,,,
LAL000805,member,2012-2015,18,upper,la,Republican,,,,,
LAL000807,member,2016-2019,38,upper,la,Democratic,,,,,
LAL000807,member,2012-2015,38,upper,la,Democratic,,,,,
LAL000815,member,2016-2019,4,upper,la,Democratic,,,,,
LAL000815,member,2012-2015,4,upper,la,Democratic,,,,,
LAL000824,member,2016-2019,14,upper,la,Democratic,,,,,
LAL000824,member,2012-2015,14,upper,la,Democratic,,,,,
LAL000827,member,2016-2019,15,upper,la,Democratic,,,,,
LAL000827,member,2012-2015,15,upper,la,Democratic,,,,,
LAL000830,member,2016-2019,24,upper,la,Democratic,,,,,
LAL000830,member,2012-2015,24,upper,la,Democratic,,,,,
LAL000831,member,2016-2019,29,upper,la,Democratic,,,,,
LAL000831,member,2012-2015,29,upper,la,Democratic,,,,,
LAL000832,member,2016-2019,12,upper,la,Republican,,,,,
LAL000832,member,2012-2015,12,upper,la,Republican,,,,,
LAL000834,member,2016-2019,1,upper,la,Republican,,,,,
LAL000834,member,2012-2015,1,upper,la,Republican,,,,,
LAL000837,member,2016-2019,7,upper,la,Democratic,,,,,
LAL000837,member,2012-2015,7,upper,la,Democratic,,,,,
