id,state,chamber,committee,subcommittee,parent_id
ARC000002,ar,joint,Arkansas Legislative Council,,
ARC000004,ar,joint,Advanced Communications And Information Technology - Joint,,
ARC000010,ar,joint,Energy - Joint,,
ARC000015,ar,joint,Joint Budget Committee,,
ARC000016,ar,joint,Joint Performance Review,,
ARC000017,ar,joint,Legislative Facilities,,
ARC000018,ar,joint,Legislative Joint Auditing,,
ARC000019,ar,joint,Public Retirement & Social Security Programs-Joint,,
ARC000166,ar,joint,Arkansas Legislative Black Caucus,,
ARC000168,ar,joint,Academic Facilities Oversight Committee,,
ARC000169,ar,joint,Arkansas Health Insurance Marketplace Legislative Oversight Committee,,
ARC000170,ar,joint,Rural Fire Departments Study Committee,,
ARC000171,ar,joint,Code Revision Commission,,
ARC000172,ar,joint,Boys State,,
ARC000173,ar,joint,Girls State,,
ARC000174,ar,joint,Governor'S Emergency Fund Review Committee,,
ARC000021,ar,lower,Advanced Communications And Information Technology,,
ARC000025,ar,lower,"Aging, Children And Youth, Legislative & Military Affairs",,
ARC000028,ar,lower,"Agriculture, Forestry & Economic Development",,
ARC000032,ar,lower,"City, County & Local Affairs Committee",,
ARC000036,ar,lower,Education Committee,,
ARC000037,ar,lower,House Management,,
ARC000038,ar,lower,House Rules,,
ARC000042,ar,lower,Insurance & Commerce,,
ARC000046,ar,lower,Judiciary Committee,,
ARC000050,ar,lower,"Public Health, Welfare And Labor Committee",,
ARC000054,ar,lower,Public Transportation,,
ARC000058,ar,lower,Revenue & Taxation,,
ARC000062,ar,lower,State Agencies & Govt'L Affairs,,
ARC000063,ar,upper,"Agriculture, Forestry & Economic Development",,
ARC000064,ar,upper,Children And Youth Committee,,
ARC000065,ar,upper,"City, County & Local Affairs Committee",,
ARC000066,ar,upper,Education Committee,,
ARC000067,ar,upper,Insurance & Commerce,,
ARC000068,ar,upper,Judiciary Committee,,
ARC000069,ar,upper,"Public Health, Welfare And Labor Committee",,
ARC000070,ar,upper,Revenue & Tax,,
ARC000071,ar,upper,Senate Efficiency,,
ARC000072,ar,upper,"Senate Rules, Resolutions & Memorials",,
ARC000073,ar,upper,State Agencies & Govt'L Affairs,,
ARC000074,ar,upper,"Transportation, Technology & Legislative Affairs",,
ARC000160,ar,upper,Joint Performance Review,,
ARC000167,ar,upper,Senate Committee On Public Retirement And Social Security Programs,,
