leg_id,full_name,first_name,middle_name,last_name,suffixes,nickname,active,state,chamber,district,party,photo_url,created_at,updated_at
ARL000001,Fred Allen,Fred,,Allen,,,False,ar,,,,http://www.arkleg.state.ar.us/assembly/2011/Member%20Pictures/Allen.jpg,2011-05-31 16:27:50.077000,2013-01-10 00:09:05.385000
ARL000002,Denny Altes,Denny,,Altes,,,False,ar,,,,http://www.arkleg.state.ar.us/assembly/2013/Member%20Pictures/Altes_d.jpg,2011-05-31 16:27:50.144000,2015-01-12 23:32:53.871000
ARL000003,Duncan Baird,Duncan,,Baird,,,False,ar,,,,http://www.arkleg.state.ar.us/assembly/2013/Member%20Pictures/Baird.jpg,2011-05-31 16:27:50.164000,2015-01-12 23:32:53.889000
ARL000004,Tommy Lee Baker,Tommy Lee,,Baker,,,False,ar,,,,http://www.arkleg.state.ar.us/assembly/2011/Member%20Pictures/Baker_t.jpg,2011-05-31 16:27:50.185000,2013-01-10 00:09:05.402000
ARL000005,Gilbert Baker,Gilbert,,Baker,,,False,ar,,,,http://www.arkleg.state.ar.us/assembly/2011/Member%20Pictures/Baker_g.jpg,2011-05-31 16:27:50.187000,2013-01-10 00:09:05.411000
ARL000006,Jonathan Barnett,Jonathan,,Barnett,,,False,ar,,,,http://www.arkleg.state.ar.us/assembly/2013/Member%20Pictures/Barnett.jpg,2011-05-31 16:27:50.189000,2015-01-12 23:32:53.878000
ARL000007,Nate Bell,Nate,,Bell,,,False,ar,,,,http://www.arkleg.state.ar.us/assembly/2017/Member%20Pictures/bell.jpg,2011-05-31 16:27:50.197000,2017-03-07 04:06:17.023000
ARL000008,Lori Benedict,Lori,,Benedict,,,False,ar,,,,http://www.arkleg.state.ar.us/assembly/2011/Member%20Pictures/Benedict.jpg,2011-05-31 16:27:50.199000,2013-01-10 00:09:05.415000
ARL000009,Mark Biviano,Mark,,Biviano,,,False,ar,,,,http://www.arkleg.state.ar.us/assembly/2013/Member%20Pictures/Biviano.jpg,2011-05-31 16:27:50.223000,2015-01-12 23:32:53.829000
ARL000011,Paul Bookout,Paul,,Bookout,,,False,ar,,,,http://www.arkleg.state.ar.us/assembly/2013/Member%20Pictures/Bookout.jpg,2011-05-31 16:27:50.246000,2014-01-22 22:27:23.871000
ARL000012,Toni Bradford,Toni,,Bradford,,,False,ar,,,,http://www.arkleg.state.ar.us/assembly/2011/Member%20Pictures/Bradford_t.jpg,2011-05-31 16:27:50.248000,2013-01-10 00:09:05.421000
ARL000014,Jerry R. Brown,Jerry R.,,Brown,,,False,ar,,,,http://www.arkleg.state.ar.us/assembly/2011/Member%20Pictures/Brown_j.jpg,2011-05-31 16:27:50.253000,2013-01-10 00:09:05.427000
ARL000015,David Burnett,David,,Burnett,,,False,ar,,,,http://www.arkleg.state.ar.us/assembly/2017/Member%20Pictures/burnett.jpg,2011-05-31 16:27:50.255000,2017-03-07 04:06:02.677000
ARL000016,John Burris,John,,Burris,,,False,ar,,,,http://www.arkleg.state.ar.us/assembly/2013/Member%20Pictures/Burris_j.jpg,2011-05-31 16:27:50.257000,2015-01-12 23:32:53.892000
ARL000017,"Les ""Skip"" Carnine","Les ""Skip""",,Carnine,,,False,ar,,,,http://www.arkleg.state.ar.us/assembly/2013/Member%20Pictures/Carnine.jpg,2011-05-31 16:27:50.279000,2015-01-12 23:32:53.882000
ARL000018,Davy Carter,Davy,,Carter,,,False,ar,,,,http://www.arkleg.state.ar.us/assembly/2013/Member%20Pictures/Carter.jpg,2011-05-31 16:27:50.282000,2015-01-12 23:32:53.824000
ARL000019,John Catlett,John,,Catlett,,,False,ar,,,,http://www.arkleg.state.ar.us/assembly/2013/Member%20Pictures/Catlett.jpg,2011-05-31 16:27:50.284000,2015-01-12 23:32:53.866000
ARL000022,Ann V. Clemmer,Ann V.,,Clemmer,,,False,ar,,,,http://www.arkleg.state.ar.us/assembly/2013/Member%20Pictures/Clemmer.jpg,2011-05-31 16:27:50.294000,2015-01-12 23:32:53.778000
ARL000025,Larry Cowling,Larry,,Cowling,,,False,ar,,,,http://www.arkleg.state.ar.us/assembly/2011/Member%20Pictures/Cowling_l.jpg,2011-05-31 16:27:50.300000,2013-01-10 00:09:05.442000
ARL000027,Jack Crumbly,Jack,,Crumbly,,,False,ar,,,,http://www.arkleg.state.ar.us/assembly/2011/Member%20Pictures/Crumbly.jpg,2011-05-31 16:27:50.314000,2013-01-10 00:09:05.443000
ARL000028,Robert E. Dale,Robert E.,,Dale,,,False,ar,,,,http://www.arkleg.state.ar.us/assembly/2013/Member%20Pictures/Dale.jpg,2011-05-31 16:27:50.316000,2015-01-12 23:32:53.858000
ARL000030,Jody Dickinson,Jody,,Dickinson,,,False,ar,,,,http://www.arkleg.state.ar.us/assembly/2013/Member%20Pictures/Dickinson_j.jpg,2011-05-31 16:27:50.340000,2015-01-12 23:32:53.831000
ARL000032,John Charles Edwards,John Charles,,Edwards,,,False,ar,,,,http://www.arkleg.state.ar.us/assembly/2013/Member%20Pictures/Edwards_j.jpg,2011-05-31 16:27:50.344000,2015-01-12 23:32:53.810000
ARL000034,Efrem Elliott,Efrem,,Elliott,,,False,ar,,,,http://www.arkleg.state.ar.us/assembly/2011/Member%20Pictures/Elliott_e.jpg,2011-05-31 16:27:50.349000,2013-01-10 00:09:05.451000
ARL000039,Mike Fletcher,Mike,,Fletcher,,,False,ar,,,,http://www.arkleg.state.ar.us/assembly/2011/Member%20Pictures/Fletcher.jpg,2011-05-31 16:27:50.393000,2013-01-10 00:09:05.456000
ARL000041,Ed Garner,Ed,,Garner,,,False,ar,,,,http://www.arkleg.state.ar.us/assembly/2011/Member%20Pictures/Garner.jpg,2011-05-31 16:27:50.398000,2013-01-10 00:09:05.459000
ARL000042,Billy W. Gaskill,Billy W.,,Gaskill,,,False,ar,,,,http://www.arkleg.state.ar.us/assembly/2011/Member%20Pictures/Gaskill.jpg,2011-05-31 16:27:50.400000,2013-01-10 00:09:05.460000
ARL000044,Clark Hall,Clark,,Hall,,,False,ar,,,,http://www.arkleg.state.ar.us/assembly/2011/Member%20Pictures/Hall.jpg,2011-05-31 16:27:50.405000,2013-01-10 00:09:05.463000
ARL000046,Steve Harrelson,Steve,,Harrelson,,,False,ar,,,,http://www.arkleg.state.ar.us/assembly/2011/Member%20Pictures/Harrelson_s.jpg,2011-05-31 16:27:50.410000,2013-01-10 00:09:05.465000
ARL000047,Justin T. Harris,Justin T.,,Harris,,,False,ar,,,,http://www.arkleg.state.ar.us/assembly/2017/Member%20Pictures/harris.jpg,2011-05-31 16:27:50.412000,2017-03-07 04:06:52.108000
ARL000049,"Mary P. ""Prissy"" Hickerson","Mary P. ""Prissy""",,Hickerson,,,False,ar,,,,http://www.arkleg.state.ar.us/assembly/2017/Member%20Pictures/hickerson.jpg,2011-05-31 16:27:50.509000,2017-03-07 04:06:55.313000
ARL000050,Debra M. Hobbs,Debra M.,,Hobbs,,,False,ar,,,,http://www.arkleg.state.ar.us/assembly/2013/Member%20Pictures/Hobbs.jpg,2011-05-31 16:27:50.524000,2015-01-12 23:32:53.887000
ARL000051,Bruce Holland,Bruce,,Holland,,,False,ar,,,,http://www.arkleg.state.ar.us/assembly/2013/Member%20Pictures/Holland.jpg,2011-05-31 16:27:50.526000,2015-01-12 23:32:53.990000
ARL000052,Karen S. Hopper,Karen S.,,Hopper,,,False,ar,,,,http://www.arkleg.state.ar.us/assembly/2013/Member%20Pictures/Hopper.jpg,2011-05-31 16:27:50.529000,2015-01-12 23:32:53.756000
ARL000053,Jon Hubbard,Jon,,Hubbard,,,False,ar,,,,http://www.arkleg.state.ar.us/assembly/2011/Member%20Pictures/Hubbard.jpg,2011-05-31 16:27:50.531000,2013-01-10 00:09:05.473000
ARL000054,Donna Hutchinson,Donna,,Hutchinson,,,False,ar,,,,http://www.arkleg.state.ar.us/assembly/2011/Member%20Pictures/Hutchinson_d.jpg,2011-05-31 16:27:50.533000,2013-01-10 00:09:05.474000
ARL000056,Barry Hyde,Barry,,Hyde,,,False,ar,,,,http://www.arkleg.state.ar.us/assembly/2011/Member%20Pictures/Hyde.jpg,2011-05-31 16:27:50.537000,2013-01-10 00:09:05.477000
ARL000060,Jimmy Jeffress,Jimmy,,Jeffress,,,False,ar,,,,http://www.arkleg.state.ar.us/assembly/2011/Member%20Pictures/Jeffress_j.jpg,2011-05-31 16:27:50.566000,2013-01-10 00:09:05.482000
ARL000061,Gene Jeffress,Gene,,Jeffress,,,False,ar,,,,http://www.arkleg.state.ar.us/assembly/2011/Member%20Pictures/Jeffress_g.jpg,2011-05-31 16:27:50.569000,2013-01-10 00:09:05.483000
ARL000062,David Johnson,David,,Johnson,,,False,ar,,,,http://www.arkleg.state.ar.us/assembly/2017/Member%20Pictures/johnson_d.jpg,2011-05-31 16:27:50.571000,2017-03-07 04:06:06.883000
ARL000063,Josh Johnston,Josh,,Johnston,,,False,ar,,,,http://www.arkleg.state.ar.us/assembly/2011/Member%20Pictures/Johnston.jpg,2011-05-31 16:27:50.573000,2013-01-10 00:09:05.484000
ARL000064,Allen Kerr,Allen,,Kerr,,,False,ar,,,,http://www.arkleg.state.ar.us/assembly/2013/Member%20Pictures/Kerr.jpg,2011-05-31 16:27:50.576000,2015-01-12 23:32:53.785000
ARL000065,Johnny Key,Johnny,,Key,,,False,ar,,,,http://www.arkleg.state.ar.us/assembly/2013/Member%20Pictures/Key_j.jpg,2011-05-31 16:27:50.578000,2015-01-12 23:32:53.903000
ARL000067,Michael Lamoureux,Michael,,Lamoureux,,,False,ar,,,,http://www.arkleg.state.ar.us/assembly/2013/Member%20Pictures/Lamoureux_m.jpg,2011-05-31 16:27:50.583000,2015-01-12 23:32:53.898000
ARL000068,Sheilla E. Lampkin,Sheilla E.,,Lampkin,,,False,ar,,,,http://www.arkleg.state.ar.us/assembly/2015/Member%20Pictures/lampkin.jpg,2011-05-31 16:27:50.585000,2016-12-29 17:15:00.117000
ARL000069,Randy Laverty,Randy,,Laverty,,,False,ar,,,,http://www.arkleg.state.ar.us/assembly/2011/Member%20Pictures/Laverty.jpg,2011-05-31 16:27:50.588000,2013-01-10 00:09:05.492000
ARL000070,Andrea Lea,Andrea,,Lea,,,False,ar,,,,http://www.arkleg.state.ar.us/assembly/2013/Member%20Pictures/Lea.jpg,2011-05-31 16:27:50.590000,2015-01-12 23:32:53.862000
ARL000072,Homer Lenderman,Homer,,Lenderman,,,False,ar,,,,http://www.arkleg.state.ar.us/assembly/2013/Member%20Pictures/Lenderman.jpg,2011-05-31 16:27:50.594000,2015-01-12 23:32:53.841000
ARL000073,Kelley Linck,Kelley,,Linck,,,False,ar,,,,http://www.arkleg.state.ar.us/assembly/2015/Member%20Pictures/linck.jpg,2011-05-31 16:27:50.602000,2016-12-29 17:15:00.113000
ARL000076,Buddy Lovell,Buddy,,Lovell,,,False,ar,,,,http://www.arkleg.state.ar.us/assembly/2011/Member%20Pictures/Lovell.jpg,2011-05-31 16:27:50.632000,2013-01-10 00:09:05.576000
ARL000077,Jim Luker,Jim,,Luker,,,False,ar,,,,http://www.arkleg.state.ar.us/assembly/2011/Member%20Pictures/Luker.jpg,2011-05-31 16:27:50.634000,2013-01-10 00:09:05.577000
ARL000078,Sue Madison,Sue,,Madison,,,False,ar,,,,http://www.arkleg.state.ar.us/assembly/2011/Member%20Pictures/Madison.jpg,2011-05-31 16:27:50.637000,2013-01-10 00:09:05.579000
ARL000079,Stephanie Malone,Stephanie,,Malone,,,False,ar,,,,http://www.arkleg.state.ar.us/assembly/2013/Member%20Pictures/Malone_s.jpg,2011-05-31 16:27:50.639000,2015-01-12 23:32:53.875000
ARL000080,Percy Malone,Percy,,Malone,,,False,ar,,,,http://www.arkleg.state.ar.us/assembly/2011/Member%20Pictures/Malone_p.jpg,2011-05-31 16:27:50.641000,2013-01-10 00:09:05.582000
ARL000081,Loy Mauch,Loy,,Mauch,,,False,ar,,,,http://www.arkleg.state.ar.us/assembly/2011/Member%20Pictures/Mauch.jpg,2011-05-31 16:27:50.644000,2013-01-10 00:09:05.583000
ARL000082,Andy Mayberry,Andy,,Mayberry,,,False,ar,,,,http://www.arkleg.state.ar.us/assembly/2013/Member%20Pictures/Mayberry.jpg,2011-05-31 16:27:50.646000,2015-01-12 23:32:53.782000
ARL000083,Walls McCrary,Walls,,McCrary,,,False,ar,,,,http://www.arkleg.state.ar.us/assembly/2013/Member%20Pictures/McCrary.jpg,2011-05-31 16:27:50.648000,2015-01-12 23:32:53.759000
ARL000084,James McLean,James,,McLean,,,False,ar,,,,http://www.arkleg.state.ar.us/assembly/2013/Member%20Pictures/McLean.jpg,2011-05-31 16:27:50.650000,2015-01-12 23:32:53.853000
ARL000087,Robert S. Moore Jr.,Robert S.,,Moore,Jr.,,False,ar,,,,http://www.arkleg.state.ar.us/assembly/2011/Member%20Pictures/Moore.jpg,2011-05-31 16:27:50.676000,2013-01-10 00:09:05.590000
ARL000089,Jim Nickels,Jim,,Nickels,,,False,ar,,,,http://www.arkleg.state.ar.us/assembly/2013/Member%20Pictures/Nickels.jpg,2011-05-31 16:27:50.682000,2015-01-12 23:32:53.820000
ARL000090,Betty Overbey,Betty,,Overbey,,,False,ar,,,,http://www.arkleg.state.ar.us/assembly/2017/Member%20Pictures/overbey_b.jpg,2011-05-31 16:27:50.685000,2017-03-07 04:06:58.642000
ARL000091,Mike Patterson,Mike,,Patterson,,,False,ar,,,,http://www.arkleg.state.ar.us/assembly/2011/Member%20Pictures/Patterson.jpg,2011-05-31 16:27:50.694000,2013-01-10 00:09:05.595000
ARL000092,Tracy Pennartz,Tracy,,Pennartz,,,False,ar,,,,http://www.arkleg.state.ar.us/assembly/2011/Member%20Pictures/Pennartz.jpg,2011-05-31 16:27:50.696000,2013-01-10 00:09:05.596000
ARL000093,Mark Perry,Mark,,Perry,,,False,ar,,,,http://www.arkleg.state.ar.us/assembly/2013/Member%20Pictures/Perry.jpg,2011-05-31 16:27:50.697000,2015-01-12 23:32:53.822000
ARL000094,Bobby J. Pierce,Bobby J.,,Pierce,,,False,ar,,,,http://www.arkleg.state.ar.us/assembly/2017/Member%20Pictures/pierce_b.jpg,2011-05-31 16:27:50.699000,2017-03-07 04:06:10.374000
ARL000095,Leslee Milam Post,Leslee Milam,,Post,,,False,ar,,,,http://www.arkleg.state.ar.us/assembly/2011/Member%20Pictures/Post.jpg,2011-05-31 16:27:50.701000,2013-01-10 00:09:05.600000
ARL000096,"David ""Bubba"" Powers","David ""Bubba""",,Powers,,,False,ar,,,,http://www.arkleg.state.ar.us/assembly/2011/Member%20Pictures/Powers.jpg,2011-05-31 16:27:50.703000,2013-01-10 00:09:05.604000
ARL000097,Bill Pritchard,Bill,,Pritchard,,,False,ar,,,,http://www.arkleg.state.ar.us/assembly/2011/Member%20Pictures/Pritchard_b.jpg,2011-05-31 16:27:50.706000,2013-01-10 00:09:05.606000
ARL000099,James Ratliff,James,,Ratliff,,,False,ar,,,,http://www.arkleg.state.ar.us/assembly/2017/Member%20Pictures/ratliff.jpg,2011-05-31 16:27:50.717000,2017-03-07 04:07:02.086000
ARL000101,Johnnie J. Roebuck,Johnnie J.,,Roebuck,,,False,ar,,,,http://www.arkleg.state.ar.us/assembly/2011/Member%20Pictures/Roebuck_j.jpg,2011-05-31 16:27:50.732000,2013-01-10 00:09:05.612000
ARL000102,Tiffany Rogers,Tiffany,,Rogers,,,False,ar,,,,http://www.arkleg.state.ar.us/assembly/2011/Member%20Pictures/Rogers_t.jpg,2011-05-31 16:27:50.736000,2013-01-10 00:09:05.614000
ARL000103,Mary Anne Salmon,Mary Anne,,Salmon,,,False,ar,,,,http://www.arkleg.state.ar.us/assembly/2011/Member%20Pictures/Salmon.jpg,2011-05-31 16:27:50.738000,2013-01-10 00:09:05.615000
ARL000107,Mary L. Slinkard,Mary L.,,Slinkard,,,False,ar,,,,http://www.arkleg.state.ar.us/assembly/2013/Member%20Pictures/Slinkard.jpg,2011-05-31 16:27:50.746000,2015-01-12 23:32:53.885000
ARL000108,Garry L. Smith,Garry L.,,Smith,,,False,ar,,,,http://www.arkleg.state.ar.us/assembly/2011/Member%20Pictures/Smith_g.jpg,2011-05-31 16:27:50.748000,2013-01-10 00:09:05.623000
ARL000109,Nate Steel,Nate,,Steel,,,False,ar,,,,http://www.arkleg.state.ar.us/assembly/2013/Member%20Pictures/Steel.jpg,2011-05-31 16:27:50.767000,2015-01-12 23:32:53.768000
ARL000110,Tracy Steele,Tracy,,Steele,,,False,ar,,,,http://www.arkleg.state.ar.us/assembly/2011/Member%20Pictures/Steele_t.jpg,2011-05-31 16:27:50.785000,2013-01-10 00:09:05.627000
ARL000111,Randy Stewart,Randy,,Stewart,,,False,ar,,,,http://www.arkleg.state.ar.us/assembly/2011/Member%20Pictures/Stewart.jpg,2011-05-31 16:27:50.787000,2013-01-10 00:09:05.628000
ARL000113,Tim Summers,Tim,,Summers,,,False,ar,,,,http://www.arkleg.state.ar.us/assembly/2011/Member%20Pictures/Summers.jpg,2011-05-31 16:27:50.792000,2013-01-10 00:09:05.644000
ARL000114,Jerry Taylor,Jerry,,Taylor,,,False,ar,,,,http://www.arkleg.state.ar.us/assembly/2011/Member%20Pictures/Taylor_j.jpg,2011-05-31 16:27:50.795000,2013-01-10 00:09:05.646000
ARL000116,Robert Thompson,Robert,,Thompson,,,False,ar,,,,http://www.arkleg.state.ar.us/assembly/2013/Member%20Pictures/Thompson_r.jpg,2011-05-31 16:27:50.799000,2015-01-12 23:32:53.937000
ARL000117,Tommy Thompson,Tommy,,Thompson,,,False,ar,,,,http://www.arkleg.state.ar.us/assembly/2013/Member%20Pictures/Thompson_t.jpg,2011-05-31 16:27:50.802000,2015-01-12 23:32:53.855000
ARL000118,Linda S. Tyler,Linda S.,,Tyler,,,False,ar,,,,http://www.arkleg.state.ar.us/assembly/2011/Member%20Pictures/Tyler.jpg,2011-05-31 16:27:50.805000,2013-01-10 00:09:05.664000
ARL000119,John T. Vines,John T.,,Vines,,,False,ar,,,,http://www.arkleg.state.ar.us/assembly/2017/Member%20Pictures/vines.jpg,2011-05-31 16:27:50.806000,2017-03-07 04:07:05.392000
ARL000120,Charolette Wagner,Charolette,,Wagner,,,False,ar,,,,http://www.arkleg.state.ar.us/assembly/2011/Member%20Pictures/Wagner.jpg,2011-05-31 16:27:50.808000,2013-01-10 00:09:05.665000
ARL000123,Kathy Webb,Kathy,,Webb,,,False,ar,,,,http://www.arkleg.state.ar.us/assembly/2011/Member%20Pictures/Webb.jpg,2011-05-31 16:27:50.815000,2013-01-10 00:09:05.666000
ARL000124,Bruce Westerman,Bruce,,Westerman,,,False,ar,,,,http://www.arkleg.state.ar.us/assembly/2013/Member%20Pictures/Westerman.jpg,2011-05-31 16:27:50.818000,2015-01-12 23:32:53.776000
ARL000125,Ruth Whitaker,Ruth,,Whitaker,,,False,ar,,,,http://www.arkleg.state.ar.us/assembly/2011/Member%20Pictures/Whitaker.jpg,2011-05-31 16:27:50.820000,2013-01-10 00:09:05.669000
ARL000126,Butch Wilkins,Butch,,Wilkins,,,False,ar,,,,http://www.arkleg.state.ar.us/assembly/2013/Member%20Pictures/Wilkins_b.jpg,2011-05-31 16:27:50.822000,2015-01-12 23:32:53.848000
ARL000127,"Henry ""Hank"" Wilkins IV","Henry ""Hank""",,Wilkins,IV,,False,ar,,,,http://www.arkleg.state.ar.us/assembly/2013/Member%20Pictures/Wilkins_h.jpg,2011-05-31 16:27:50.824000,2015-01-12 23:32:53.766000
ARL000128,Darrin Williams,Darrin,,Williams,,,False,ar,,,,http://www.arkleg.state.ar.us/assembly/2013/Member%20Pictures/Williams.jpg,2011-05-31 16:27:50.826000,2015-01-12 23:32:53.813000
ARL000129,Eddie Joe Williams,Eddie Joe,,Williams,,,False,ar,,,,http://www.arkleg.state.ar.us/assembly/2015/Member%20Pictures/williams_e.jpg,2011-05-31 16:27:50.836000,2016-12-29 17:15:00.119000
ARL000130,Jon Woods,Jon,,Woods,,,False,ar,,,,http://www.arkleg.state.ar.us/assembly/2015/Member%20Pictures/woods_j.jpg,2011-05-31 16:27:50.839000,2016-12-29 17:15:00.120000
ARL000131,James L. Word,James L.,,Word,,,False,ar,,,,http://www.arkleg.state.ar.us/assembly/2013/Member%20Pictures/Word.jpg,2011-05-31 16:27:50.841000,2015-01-12 23:32:53.761000
ARL000132,Tommy Wren,Tommy,,Wren,,,False,ar,,,,http://www.arkleg.state.ar.us/assembly/2013/Member%20Pictures/Wren.jpg,2011-05-31 16:27:50.842000,2015-01-12 23:32:53.850000
ARL000133,Marshall Wright,Marshall,,Wright,,,False,ar,,,,http://www.arkleg.state.ar.us/assembly/2015/Member%20Pictures/wright.jpg,2011-05-31 16:27:50.844000,2016-12-29 17:15:00.115000
ARL000134,David Wyatt,David,,Wyatt,,,False,ar,,,,http://www.arkleg.state.ar.us/assembly/2013/Member%20Pictures/Wyatt_d.jpg,2011-05-31 16:27:50.846000,2015-01-12 23:32:53.907000
ARL000135,Hudson Hallum,Hudson,,Hallum,,,False,ar,,,,http://www.arkleg.state.ar.us/assembly/2011/Member%20Pictures/Hallum.jpg,2011-07-20 02:30:07.151000,2013-01-10 00:09:05.680000
ARL000137,Randy Alexander,Randy,,Alexander,,,False,ar,,,,http://www.arkleg.state.ar.us/assembly/2013/Member%20Pictures/Alexander.jpg,2013-01-10 00:09:03.232000,2015-01-12 23:32:53.880000
ARL000139,Charles L. Armstrong,Charles L.,,Armstrong,,,False,ar,,,,http://www.arkleg.state.ar.us/assembly/2017/Member%20Pictures/armstrong_c.jpg,2013-01-10 00:09:03.248000,2017-03-07 04:07:41.465000
ARL000141,John Baine,John,,Baine,,,False,ar,,,,http://www.arkleg.state.ar.us/assembly/2017/Member%20Pictures/baine.jpg,2013-01-10 00:09:03.270000,2017-03-07 04:07:44.617000
ARL000152,Mary Broadaway,Mary,,Broadaway,,,False,ar,,,,http://www.arkleg.state.ar.us/assembly/2017/Member%20Pictures/broadaway.jpg,2013-01-10 00:09:03.421000,2017-03-07 04:07:47.606000
ARL000164,Harold Copenhaver,Harold,,Copenhaver,,,False,ar,,,,http://www.arkleg.state.ar.us/assembly/2013/Member%20Pictures/Copenhaver.jpg,2013-01-10 00:09:03.495000,2015-01-12 23:32:53.845000
ARL000171,Charlotte Vining Douglas,Charlotte Vining,,Douglas,,,False,ar,,,,http://www.arkleg.state.ar.us/assembly/2013/Member%20Pictures/Douglas_c.jpg,2013-01-10 00:09:03.612000,2015-01-12 23:32:53.869000
ARL000183,Bill Gossage,Bill,,Gossage,,,False,ar,,,,http://www.arkleg.state.ar.us/assembly/2015/Member%20Pictures/gossage.jpg,2013-01-10 00:09:03.716000,2016-12-29 17:15:00.109000
ARL000185,Fonda Hawthorne,Fonda,,Hawthorne,,,False,ar,,,,http://www.arkleg.state.ar.us/assembly/2013/Member%20Pictures/Hawthorne.jpg,2013-01-10 00:09:03.737000,2015-01-12 23:32:53.818000
ARL000197,John K. Hutchison,John K.,,Hutchison,,,False,ar,,,,http://www.arkleg.state.ar.us/assembly/2013/Member%20Pictures/Hutchison.jpg,2013-01-10 00:09:04.086000,2015-01-12 23:32:53.838000
ARL000202,Patti Julian,Patti,,Julian,,,False,ar,,,,http://www.arkleg.state.ar.us/assembly/2013/Member%20Pictures/Julian.jpg,2013-01-10 00:09:04.134000,2015-01-12 23:32:53.815000
ARL000205,David Kizzia,David,,Kizzia,,,False,ar,,,,http://www.arkleg.state.ar.us/assembly/2013/Member%20Pictures/Kizzia.jpg,2013-01-10 00:09:04.168000,2015-01-12 23:32:53.780000
ARL000226,Micah S. Neal,Micah S.,,Neal,,,False,ar,,,,http://www.arkleg.state.ar.us/assembly/2017/Member%20Pictures/neal.jpg,2013-01-10 00:09:04.416000,2017-03-07 04:07:50.813000
ARL000238,Sue Scott,Sue,,Scott,,,False,ar,,,,http://www.arkleg.state.ar.us/assembly/2017/Member%20Pictures/scott.jpg,2013-01-10 00:09:04.591000,2017-03-07 04:07:54.013000
ARL000240,Frederick Smith,Frederick,,Smith,,,False,ar,,,,http://www.arkleg.state.ar.us/assembly/2013/Member%20Pictures/Smith_f.jpg,2013-01-10 00:09:04.620000,2015-01-12 23:32:53.836000
ARL000243,Brent Talley,Brent,,Talley,,,False,ar,,,,http://www.arkleg.state.ar.us/assembly/2017/Member%20Pictures/talley.jpg,2013-01-10 00:09:04.644000,2017-03-07 04:07:57.196000
ARL000247,Wes Wagner,Wes,,Wagner,,,False,ar,,,,http://www.arkleg.state.ar.us/assembly/2013/Member%20Pictures/Wagner_w.jpg,2013-01-10 00:09:04.774000,2015-01-12 23:32:53.843000
ARL000249,David Whitaker,David,,Whitaker,,,False,ar,,,,http://www.arkleg.state.ar.us/assembly/2015/Member%20Pictures/whitaker_d.jpg,2013-01-10 00:09:04.807000,2016-12-29 17:15:00.112000
ARL000252,Richard Womack,Richard,,Womack,,,False,ar,,,,http://www.arkleg.state.ar.us/assembly/2015/Member%20Pictures/womack.jpg,2013-01-10 00:09:04.848000,2016-12-29 17:15:00.116000
ARL000269,Kenneth Henderson,Kenneth,,Henderson,,,False,ar,,,,http://www.arkleg.state.ar.us/assembly/2013/Member%20Pictures/Henderson.jpg,2014-11-13 03:18:43.558000,2015-01-12 23:32:53.864000
ARL000272,R. Trevor Drown,R. Trevor,,Drown,,,False,ar,,,,http://www.arkleg.state.ar.us/assembly/2017/Member%20Pictures/drown.jpg,2014-11-13 03:18:43.584000,2017-03-07 04:08:00.616000
ARL000285,Camille Bennett,Camille,,Bennett,,,False,ar,,,,http://www.arkleg.state.ar.us/assembly/2017/Member%20Pictures/bennett.jpg,2014-11-13 03:18:43.900000,2017-03-07 04:08:43.516000
ARL000303,Donnie Copeland,Donnie,,Copeland,,,False,ar,,,,http://www.arkleg.state.ar.us/assembly/2017/Member%20Pictures/copeland.jpg,2014-11-13 03:18:44.179000,2017-03-07 04:08:46.531000
ARL000309,Michael Gray,Michael,,Gray,,,False,ar,,,,http://www.arkleg.state.ar.us/assembly/2013/Member%20Pictures/Gray.jpg,2014-11-13 03:18:44.232000,2015-01-12 23:32:53.834000
ARL000332,Mathew Pitsch,Mathew,,Pitsch,,,False,ar,,,,http://www.arkleg.state.ar.us/assembly/2013/Member%20Pictures/Pitsch.jpg,2014-11-13 03:18:44.568000,2015-01-12 23:32:53.873000
ARL000347,Dave Wallace,Dave,,Wallace,,,False,ar,,,,http://www.arkleg.state.ar.us/assembly/2017/Member%20Pictures/wallace.jpg,2015-01-12 23:32:52.975000,2017-03-07 04:08:49.641000
ARL000350,Julie Mayberry,Julie,,Mayberry,,,False,ar,,,,http://www.arkleg.state.ar.us/assembly/2017/Member%20Pictures/mayberry_j.jpg,2015-01-12 23:32:53.147000,2017-03-07 04:08:53.015000
ARL000374,Jon Woods,Jon,,Woods,,,False,ar,,,,http://www.arkleg.state.ar.us/assembly/2017/Member%20Pictures/woods_j.jpg,2017-01-04 06:10:10.985000,2017-03-07 04:06:13.776000
ARL000013,David L. Branscum,David L.,,Branscum,,,True,ar,lower,83,Republican,http://www.arkleg.state.ar.us/assembly/2017/Member%20Pictures/branscum.jpg,2011-05-31 16:27:50.251000,2017-06-01 06:01:02.162000
ARL000023,Charlie Collins,Charlie,,Collins,,,True,ar,lower,84,Republican,http://www.arkleg.state.ar.us/assembly/2017/Member%20Pictures/collins.jpg,2011-05-31 16:27:50.297000,2017-06-01 06:01:02.147000
ARL000026,Bruce Cozart,Bruce,,Cozart,,,True,ar,lower,24,Republican,http://www.arkleg.state.ar.us/assembly/2017/Member%20Pictures/cozart.jpg,2011-05-31 16:27:50.312000,2017-06-01 06:01:02.138000
ARL000029,Gary Deffenbaugh,Gary,,Deffenbaugh,,,True,ar,lower,79,Republican,http://www.arkleg.state.ar.us/assembly/2017/Member%20Pictures/deffenbaugh.jpg,2011-05-31 16:27:50.338000,2017-06-01 06:01:02.182000
ARL000036,Jon S. Eubanks,Jon S.,,Eubanks,,,True,ar,lower,74,Republican,http://www.arkleg.state.ar.us/assembly/2017/Member%20Pictures/eubanks.jpg,2011-05-31 16:27:50.369000,2017-06-01 06:01:02.220000
ARL000037,David Fielding,David,,Fielding,,,True,ar,lower,5,Democratic,http://www.arkleg.state.ar.us/assembly/2017/Member%20Pictures/fielding.jpg,2011-05-31 16:27:50.388000,2017-06-01 06:01:02.158000
ARL000043,Jeremy Gillam,Jeremy,,Gillam,,,True,ar,lower,45,Republican,http://www.arkleg.state.ar.us/assembly/2017/Member%20Pictures/gillam.jpg,2011-05-31 16:27:50.402000,2017-06-01 06:01:02.203000
ARL000045,Kim Hammer,Kim,,Hammer,,,True,ar,lower,28,Republican,http://www.arkleg.state.ar.us/assembly/2017/Member%20Pictures/hammer.jpg,2011-05-31 16:27:50.407000,2017-06-01 06:01:02.235000
ARL000048,Kim Hendren,Kim,,Hendren,,,True,ar,lower,92,Republican,http://www.arkleg.state.ar.us/assembly/2017/Member%20Pictures/hendren_k.jpg,2011-05-31 16:27:50.507000,2017-06-01 06:01:02.237000
ARL000059,Lane Jean,Lane,,Jean,,,True,ar,lower,2,Republican,http://www.arkleg.state.ar.us/assembly/2017/Member%20Pictures/jean.jpg,2011-05-31 16:27:50.563000,2017-06-01 06:01:02.239000
ARL000071,Greg Leding,Greg,,Leding,,,True,ar,lower,86,Democratic,http://www.arkleg.state.ar.us/assembly/2017/Member%20Pictures/leding.jpg,2011-05-31 16:27:50.592000,2017-06-01 06:01:02.188000
ARL000075,Fredrick J. Love,Fredrick J.,,Love,,,True,ar,lower,29,Democratic,http://www.arkleg.state.ar.us/assembly/2017/Member%20Pictures/love.jpg,2011-05-31 16:27:50.629000,2017-06-01 06:01:02.181000
ARL000085,David Meeks,David,,Meeks,,,True,ar,lower,70,Republican,http://www.arkleg.state.ar.us/assembly/2017/Member%20Pictures/meeks_d.jpg,2011-05-31 16:27:50.652000,2017-06-01 06:01:02.164000
ARL000086,Stephen Meeks,Stephen,,Meeks,,,True,ar,lower,67,Republican,http://www.arkleg.state.ar.us/assembly/2017/Member%20Pictures/meeks_s.jpg,2011-05-31 16:27:50.674000,2017-06-01 06:01:02.316000
ARL000088,Reginald Murdock,Reginald,,Murdock,,,True,ar,lower,48,Democratic,http://www.arkleg.state.ar.us/assembly/2017/Member%20Pictures/murdock.jpg,2011-05-31 16:27:50.678000,2017-06-01 06:01:02.302000
ARL000106,Matthew Shepherd,Matthew J.,,Shepherd,,,True,ar,lower,6,Republican,http://www.arkleg.state.ar.us/assembly/2017/Member%20Pictures/shepherd.jpg,2011-05-31 16:27:50.743000,2017-06-01 06:01:02.257000
ARL000121,John W. Walker,John W.,,Walker,,,True,ar,lower,34,Democratic,http://www.arkleg.state.ar.us/assembly/2017/Member%20Pictures/walker.jpg,2011-05-31 16:27:50.810000,2017-06-01 06:01:02.217000
ARL000122,Jeff Wardlaw,Jeff,,Wardlaw,,,True,ar,lower,8,Republican,http://www.arkleg.state.ar.us/assembly/2017/Member%20Pictures/wardlaw.jpg,2011-05-31 16:27:50.813000,2017-06-01 06:01:02.201000
ARL000140,Eddie L. Armstrong,Eddie L.,,Armstrong,,,True,ar,lower,37,Democratic,http://www.arkleg.state.ar.us/assembly/2017/Member%20Pictures/armstrong_e.jpg,2013-01-10 00:09:03.256000,2017-06-01 06:01:02.174000
ARL000143,Bob Ballinger,Bob,,Ballinger,,,True,ar,lower,97,Republican,http://www.arkleg.state.ar.us/assembly/2017/Member%20Pictures/ballinger.jpg,2013-01-10 00:09:03.284000,2017-06-01 06:01:02.133000
ARL000144,Scott Baltz,Scott,,Baltz,,,True,ar,lower,61,Democratic,http://www.arkleg.state.ar.us/assembly/2017/Member%20Pictures/baltz.jpg,2013-01-10 00:09:03.290000,2017-06-01 06:01:02.309000
ARL000150,Ken Bragg,Ken,,Bragg,,,True,ar,lower,15,Republican,http://www.arkleg.state.ar.us/assembly/2017/Member%20Pictures/bragg.jpg,2013-01-10 00:09:03.400000,2017-06-01 06:01:02.231000
ARL000166,Andy Davis,Andy,,Davis,,,True,ar,lower,31,Republican,http://www.arkleg.state.ar.us/assembly/2017/Member%20Pictures/davis.jpg,2013-01-10 00:09:03.518000,2017-06-01 06:01:02.125000
ARL000170,Jim Dotson,Jim,,Dotson,,,True,ar,lower,93,Republican,http://www.arkleg.state.ar.us/assembly/2017/Member%20Pictures/dotson.jpg,2013-01-10 00:09:03.544000,2017-06-01 06:01:02.206000
ARL000172,Dan M. Douglas,Dan M.,,Douglas,,,True,ar,lower,91,Republican,http://www.arkleg.state.ar.us/assembly/2017/Member%20Pictures/douglas_d.jpg,2013-01-10 00:09:03.619000,2017-06-01 06:01:02.153000
ARL000177,Joe Farrer,Joe,,Farrer,,,True,ar,lower,44,Republican,http://www.arkleg.state.ar.us/assembly/2017/Member%20Pictures/farrer.jpg,2013-01-10 00:09:03.659000,2017-06-01 06:01:02.211000
ARL000178,Deborah Ferguson,Deborah,,Ferguson,,,True,ar,lower,51,Democratic,http://www.arkleg.state.ar.us/assembly/2017/Member%20Pictures/ferguson_d.jpg,2013-01-10 00:09:03.666000,2017-06-01 06:01:02.169000
ARL000180,Charlene Fite,Charlene,,Fite,,,True,ar,lower,80,Republican,http://www.arkleg.state.ar.us/assembly/2017/Member%20Pictures/fite_c.jpg,2013-01-10 00:09:03.687000,2017-06-01 06:01:02.145000
ARL000189,David Hillman,David,,Hillman,,,True,ar,lower,13,Republican,http://www.arkleg.state.ar.us/assembly/2017/Member%20Pictures/hillman.jpg,2013-01-10 00:09:03.775000,2017-06-01 06:01:02.160000
ARL000191,Monte Hodges,Monte,,Hodges,,,True,ar,lower,55,Democratic,http://www.arkleg.state.ar.us/assembly/2017/Member%20Pictures/hodges_m.jpg,2013-01-10 00:09:04.040000,2017-06-01 06:01:02.299000
ARL000192,Mike Holcomb,Mike,,Holcomb,,,True,ar,lower,10,Republican,http://www.arkleg.state.ar.us/assembly/2017/Member%20Pictures/holcomb.jpg,2013-01-10 00:09:04.052000,2017-06-01 06:01:02.295000
ARL000195,Douglas House,Douglas,,House,,,True,ar,lower,40,Republican,http://www.arkleg.state.ar.us/assembly/2017/Member%20Pictures/house.jpg,2013-01-10 00:09:04.073000,2017-06-01 06:01:02.170000
ARL000201,Joe Jett,Joe,,Jett,,,True,ar,lower,56,Republican,http://www.arkleg.state.ar.us/assembly/2017/Member%20Pictures/jett.jpg,2013-01-10 00:09:04.117000,2017-06-01 06:01:02.212000
ARL000214,Mark Lowery,Mark,,Lowery,,,True,ar,lower,39,Republican,http://www.arkleg.state.ar.us/assembly/2017/Member%20Pictures/lowery.jpg,2013-01-10 00:09:04.301000,2017-06-01 06:01:02.253000
ARL000215,Stephen Magie,Stephen,,Magie,,,True,ar,lower,72,Democratic,http://www.arkleg.state.ar.us/assembly/2017/Member%20Pictures/magie.jpg,2013-01-10 00:09:04.312000,2017-06-01 06:01:02.315000
ARL000219,Mark D. McElroy,Mark D.,,McElroy,,,True,ar,lower,11,Democratic,http://www.arkleg.state.ar.us/assembly/2017/Member%20Pictures/mcelroy.jpg,2013-01-10 00:09:04.353000,2017-06-01 06:01:02.252000
ARL000220,George B. McGill,George B.,,McGill,,,True,ar,lower,78,Democratic,http://www.arkleg.state.ar.us/assembly/2017/Member%20Pictures/mcgill_g.jpg,2013-01-10 00:09:04.369000,2017-06-01 06:01:02.185000
ARL000224,Josh Miller,Josh,,Miller,,,True,ar,lower,66,Republican,http://www.arkleg.state.ar.us/assembly/2017/Member%20Pictures/miller.jpg,2013-01-10 00:09:04.401000,2017-06-01 06:01:02.223000
ARL000228,John Payton,John,,Payton,,,True,ar,lower,64,Republican,http://www.arkleg.state.ar.us/assembly/2017/Member%20Pictures/payton.jpg,2013-01-10 00:09:04.441000,2017-06-01 06:01:02.216000
ARL000234,Chris Richey,Chris,,Richey,,,True,ar,lower,12,Democratic,http://www.arkleg.state.ar.us/assembly/2017/Member%20Pictures/richey.jpg,2013-01-10 00:09:04.555000,2017-06-01 06:01:02.150000
ARL000235,Warwick Sabin,Warwick,,Sabin,,,True,ar,lower,33,Democratic,http://www.arkleg.state.ar.us/assembly/2017/Member%20Pictures/sabin.jpg,2013-01-10 00:09:04.562000,2017-06-01 06:01:02.326000
ARL000264,Lanny Fite,Lanny,,Fite,,,True,ar,lower,23,Republican,http://www.arkleg.state.ar.us/assembly/2017/Member%20Pictures/fite_l.jpg,2014-11-13 03:18:43.511000,2017-06-01 06:01:02.241000
ARL000265,Mary Bentley,Mary,,Bentley,,,True,ar,lower,73,Republican,http://www.arkleg.state.ar.us/assembly/2017/Member%20Pictures/bentley.jpg,2014-11-13 03:18:43.525000,2017-06-01 06:01:02.255000
ARL000266,Ron McNair,Ron,,McNair,,,True,ar,lower,98,Republican,http://www.arkleg.state.ar.us/assembly/2017/Member%20Pictures/mcnair.jpg,2014-11-13 03:18:43.532000,2017-06-01 06:01:02.307000
ARL000267,"Milton Nicks, Jr.",Milton,,Nicks,Jr.,,True,ar,lower,50,Democratic,http://www.arkleg.state.ar.us/assembly/2017/Member%20Pictures/nicks.jpg,2014-11-13 03:18:43.539000,2017-06-01 06:01:02.296000
ARL000268,Laurie Rushing,Laurie,,Rushing,,,True,ar,lower,26,Republican,http://www.arkleg.state.ar.us/assembly/2017/Member%20Pictures/rushing.jpg,2014-11-13 03:18:43.552000,2017-06-01 06:01:02.330000
ARL000271,Les Eaves,Les,,Eaves,,,True,ar,lower,46,Republican,http://www.arkleg.state.ar.us/assembly/2017/Member%20Pictures/eaves.jpg,2014-11-13 03:18:43.577000,2017-06-01 06:01:02.246000
ARL000273,Karilyn Brown,Karilyn,,Brown,,,True,ar,lower,41,Republican,http://www.arkleg.state.ar.us/assembly/2017/Member%20Pictures/brown.jpg,2014-11-13 03:18:43.624000,2017-06-01 06:01:02.228000
ARL000276,Grant Hodges,Grant,,Hodges,,,True,ar,lower,96,Republican,http://www.arkleg.state.ar.us/assembly/2017/Member%20Pictures/hodges_g.jpg,2014-11-13 03:18:43.659000,2017-06-01 06:01:02.187000
ARL000278,Tim Lemons,Tim,,Lemons,,,True,ar,lower,43,Republican,http://www.arkleg.state.ar.us/assembly/2017/Member%20Pictures/lemons.jpg,2014-11-13 03:18:43.699000,2017-06-01 06:01:02.320000
ARL000279,Brandt Smith,Brandt,,Smith,,,True,ar,lower,58,Republican,http://www.arkleg.state.ar.us/assembly/2017/Member%20Pictures/smith_b.jpg,2014-11-13 03:18:43.706000,2017-06-01 06:01:02.136000
ARL000281,Marcus E. Richmond,Marcus E.,,Richmond,,,True,ar,lower,21,Republican,http://www.arkleg.state.ar.us/assembly/2017/Member%20Pictures/richmond.jpg,2014-11-13 03:18:43.830000,2017-06-01 06:01:02.251000
ARL000282,Jana Della Rosa,Jana,,Della Rosa,,,True,ar,lower,90,Republican,http://www.arkleg.state.ar.us/assembly/2017/Member%20Pictures/della%20rosa.jpg,2014-11-13 03:18:43.845000,2017-06-01 06:01:02.196000
ARL000283,James J. Sorvillo,James J.,,Sorvillo,,,True,ar,lower,32,Republican,http://www.arkleg.state.ar.us/assembly/2017/Member%20Pictures/sorvillo.jpg,2014-11-13 03:18:43.851000,2017-06-01 06:01:02.194000
ARL000287,Jack Ladyman,Jack,,Ladyman,,,True,ar,lower,59,Republican,http://www.arkleg.state.ar.us/assembly/2017/Member%20Pictures/ladyman.jpg,2014-11-13 03:18:43.937000,2017-06-01 06:01:02.191000
ARL000288,Justin Boyd,Justin,,Boyd,,,True,ar,lower,77,Republican,http://www.arkleg.state.ar.us/assembly/2017/Member%20Pictures/boyd.jpg,2014-11-13 03:18:43.964000,2017-06-01 06:01:02.226000
ARL000289,Rick Beck,Rick,,Beck,,,True,ar,lower,65,Republican,http://www.arkleg.state.ar.us/assembly/2017/Member%20Pictures/beck.jpg,2014-11-13 03:18:43.979000,2017-06-01 06:01:02.305000
ARL000291,Robin Lundstrum,Robin,,Lundstrum,,,True,ar,lower,87,Republican,http://www.arkleg.state.ar.us/assembly/2017/Member%20Pictures/lundstrum.jpg,2014-11-13 03:18:44.003000,2017-06-01 06:01:02.306000
ARL000292,Nelda Speaks,Nelda,,Speaks,,,True,ar,lower,100,Republican,http://www.arkleg.state.ar.us/assembly/2017/Member%20Pictures/speaks.jpg,2014-11-13 03:18:44.010000,2017-06-01 06:01:02.300000
ARL000293,Charles Blake,Charles,,Blake,,,True,ar,lower,36,Democratic,http://www.arkleg.state.ar.us/assembly/2017/Member%20Pictures/blake.jpg,2014-11-13 03:18:44.017000,2017-06-01 06:01:02.146000
ARL000296,Justin Gonzales,Justin,,Gonzales,,,True,ar,lower,19,Republican,http://www.arkleg.state.ar.us/assembly/2017/Member%20Pictures/gonzales.jpg,2014-11-13 03:18:44.096000,2017-06-01 06:01:02.227000
ARL000298,Bob Johnson,Bob,,Johnson,,,True,ar,lower,42,Democratic,http://www.arkleg.state.ar.us/assembly/2017/Member%20Pictures/johnson.jpg,2014-11-13 03:18:44.128000,2017-06-01 06:01:02.135000
ARL000306,Kenneth B. Ferguson,Kenneth B.,,Ferguson,,,True,ar,lower,16,Democratic,http://www.arkleg.state.ar.us/assembly/2017/Member%20Pictures/ferguson_k.jpg,2014-11-13 03:18:44.200000,2017-06-01 06:01:02.234000
ARL000308,Mickey Gates,Mickey,,Gates,,,True,ar,lower,22,Republican,http://www.arkleg.state.ar.us/assembly/2017/Member%20Pictures/gates.jpg,2014-11-13 03:18:44.214000,2017-06-01 06:01:02.294000
ARL000313,James Sturch,James,,Sturch,,,True,ar,lower,63,Republican,http://www.arkleg.state.ar.us/assembly/2017/Member%20Pictures/sturch.jpg,2014-11-13 03:18:44.292000,2017-06-01 06:01:02.195000
ARL000317,Rebecca Petty,Rebecca,,Petty,,,True,ar,lower,94,Republican,http://www.arkleg.state.ar.us/assembly/2017/Member%20Pictures/petty.jpg,2014-11-13 03:18:44.374000,2017-06-01 06:01:02.301000
ARL000318,Michelle Gray,Michelle,,Gray,,,True,ar,lower,62,Republican,http://www.arkleg.state.ar.us/assembly/2017/Member%20Pictures/gray_m.jpg,2014-11-13 03:18:44.392000,2017-06-01 06:01:02.293000
ARL000322,Vivian Flowers,Vivian,,Flowers,,,True,ar,lower,17,Democratic,http://www.arkleg.state.ar.us/assembly/2017/Member%20Pictures/flowers_v.jpg,2014-11-13 03:18:44.438000,2017-06-01 06:01:02.325000
ARL000334,Dan Sullivan,Dan,,Sullivan,,,True,ar,lower,53,Republican,http://www.arkleg.state.ar.us/assembly/2017/Member%20Pictures/sullivan.jpg,2014-11-14 03:16:47.104000,2017-06-01 06:01:02.156000
ARL000336,Dwight Tosh,Dwight,,Tosh,,,True,ar,lower,52,Republican,http://www.arkleg.state.ar.us/assembly/2017/Member%20Pictures/tosh.jpg,2015-01-12 23:32:51.831000,2017-06-01 06:01:02.171000
ARL000337,Michael John Gray,Michael John,,Gray,,,True,ar,lower,47,Democratic,http://www.arkleg.state.ar.us/assembly/2017/Member%20Pictures/gray_m_j.jpg,2015-01-12 23:32:51.899000,2017-06-01 06:01:02.332000
ARL000339,Charlotte V. Douglas,Charlotte V.,,Douglas,,,True,ar,lower,75,Republican,http://www.arkleg.state.ar.us/assembly/2017/Member%20Pictures/douglas_c.jpg,2015-01-12 23:32:51.972000,2017-06-01 06:01:02.149000
ARL000340,Clarke Tucker,Clarke,,Tucker,,,True,ar,lower,35,Democratic,http://www.arkleg.state.ar.us/assembly/2017/Member%20Pictures/tucker.jpg,2015-01-12 23:32:52.099000,2017-06-01 06:01:02.151000
ARL000342,Mathew W. Pitsch,Mathew W.,,Pitsch,,,True,ar,lower,76,Republican,http://www.arkleg.state.ar.us/assembly/2017/Member%20Pictures/pitsch.jpg,2015-01-12 23:32:52.495000,2017-06-01 06:01:02.256000
ARL000344,Ken Henderson,Ken,,Henderson,,,True,ar,lower,71,Republican,http://www.arkleg.state.ar.us/assembly/2017/Member%20Pictures/henderson.jpg,2015-01-12 23:32:52.782000,2017-06-01 06:01:02.232000
ARL000345,DeAnn Vaught,DeAnn,,Vaught,,,True,ar,lower,4,Republican,http://www.arkleg.state.ar.us/assembly/2017/Member%20Pictures/vaught.jpg,2015-01-12 23:32:52.846000,2017-06-01 06:01:02.168000
ARL000357,LeAnne Burch,LeAnne,,Burch,,,True,ar,lower,9,Democratic,http://www.arkleg.state.ar.us/assembly/2017/Member%20Pictures/burch.jpg,2016-12-29 17:14:59.098000,2017-06-01 06:01:02.243000
ARL000358,Bruce Coleman,Bruce,,Coleman,,,True,ar,lower,81,Republican,http://www.arkleg.state.ar.us/assembly/2017/Member%20Pictures/coleman.jpg,2016-12-29 17:14:59.174000,2017-06-01 06:01:02.137000
ARL000360,Fred Allen,Fred,,Allen,,,True,ar,lower,30,Democratic,http://www.arkleg.state.ar.us/assembly/2017/Member%20Pictures/allen_f.jpg,2016-12-29 17:14:59.262000,2017-06-01 06:01:02.180000
ARL000361,Frances Cavenaugh,Frances,,Cavenaugh,,,True,ar,lower,60,Republican,http://www.arkleg.state.ar.us/assembly/2017/Member%20Pictures/cavenaugh.jpg,2016-12-29 17:14:59.400000,2017-06-01 06:01:02.179000
ARL000362,Sonia Eubanks Barker,Sonia Eubanks,,Barker,,,True,ar,lower,7,Republican,http://www.arkleg.state.ar.us/assembly/2017/Member%20Pictures/barker.jpg,2016-12-29 17:14:59.411000,2017-06-01 06:01:02.312000
ARL000363,Carol Dalby,Carol,,Dalby,,,True,ar,lower,1,Republican,http://www.arkleg.state.ar.us/assembly/2017/Member%20Pictures/dalby.jpg,2016-12-29 17:14:59.487000,2017-06-01 06:01:02.142000
ARL000365,Steve Hollowell,Steve,,Hollowell,,,True,ar,lower,49,Republican,http://www.arkleg.state.ar.us/assembly/2017/Member%20Pictures/hollowell.jpg,2016-12-29 17:14:59.556000,2017-06-01 06:01:02.318000
ARL000366,Sarah Capp,Sarah,,Capp,,,True,ar,lower,82,Republican,http://www.arkleg.state.ar.us/assembly/2017/Member%20Pictures/capp.jpg,2016-12-29 17:14:59.621000,2017-06-01 06:01:02.334000
ARL000369,Jack Fortner,Jack,,Fortner,,,True,ar,lower,99,Republican,http://www.arkleg.state.ar.us/assembly/2017/Member%20Pictures/fortner.jpg,2016-12-29 17:14:59.809000,2017-06-01 06:01:02.190000
ARL000370,Jimmy Gazaway,Jimmy,,Gazaway,,,True,ar,lower,57,Republican,http://www.arkleg.state.ar.us/assembly/2017/Member%20Pictures/gazaway.jpg,2016-12-29 17:14:59.838000,2017-06-01 06:01:02.329000
ARL000371,John Maddox,John,,Maddox,,,True,ar,lower,20,Republican,http://www.arkleg.state.ar.us/assembly/2017/Member%20Pictures/maddox.jpg,2017-01-04 06:10:10.844000,2017-06-01 06:01:02.215000
ARL000373,Clint Penzo,Clint,,Penzo,,,True,ar,lower,88,Republican,http://www.arkleg.state.ar.us/assembly/2017/Member%20Pictures/penzo.jpg,2017-01-04 06:10:10.890000,2017-06-01 06:01:02.152000
ARL000375,Andy Mayberry,Andy,,Mayberry,,,True,ar,lower,27,Republican,http://www.arkleg.state.ar.us/assembly/2017/Member%20Pictures/mayberry_a.jpg,2017-01-04 06:10:10.996000,2017-06-01 06:01:02.127000
ARL000376,Carlton Wing,Carlton,,Wing,,,True,ar,lower,38,Republican,http://www.arkleg.state.ar.us/assembly/2017/Member%20Pictures/wing.jpg,2017-01-04 06:10:11.054000,2017-06-01 06:01:02.328000
ARL000377,Danny Watson,Danny,,Watson,,,True,ar,lower,3,Republican,http://www.arkleg.state.ar.us/assembly/2017/Member%20Pictures/watson.jpg,2017-01-04 06:10:11.069000,2017-06-01 06:01:02.157000
ARL000378,David Whitaker,David,,Whitaker,,,True,ar,lower,85,Democratic,http://www.arkleg.state.ar.us/assembly/2017/Member%20Pictures/whitaker_d.jpg,2017-01-04 06:10:11.081000,2017-06-01 06:01:02.166000
ARL000379,Les Warren,Les,,Warren,,,True,ar,lower,25,Republican,http://www.arkleg.state.ar.us/assembly/2017/Member%20Pictures/warren.jpg,2017-01-04 06:10:11.113000,2017-06-01 06:01:02.247000
ARL000380,Jeff Williams,Jeff,,Williams,,,True,ar,lower,89,Republican,http://www.arkleg.state.ar.us/assembly/2017/Member%20Pictures/williams_j.jpg,2017-01-04 06:10:11.153000,2017-06-01 06:01:02.202000
ARL000381,Austin McCollum,Austin,,McCollum,,,True,ar,lower,95,Republican,http://www.arkleg.state.ar.us/assembly/2017/Member%20Pictures/mccollum.jpg,2017-01-04 06:10:11.174000,2017-06-01 06:01:02.128000
ARL000382,Richard Womack,Richard,,Womack,,,True,ar,lower,18,Republican,http://www.arkleg.state.ar.us/assembly/2017/Member%20Pictures/womack.jpg,2017-01-04 06:10:11.185000,2017-06-01 06:01:02.303000
ARL000383,Aaron Pilkington,Aaron,,Pilkington,,,True,ar,lower,69,Republican,http://www.arkleg.state.ar.us/assembly/2017/Member%20Pictures/pilkington.jpg,2017-01-04 06:10:11.191000,2017-06-01 06:01:02.122000
ARL000384,Roger D. Lynch,Roger D.,,Lynch,,,True,ar,lower,14,Republican,http://www.arkleg.state.ar.us/assembly/2017/Member%20Pictures/lynch.jpg,2017-01-04 06:10:11.227000,2017-06-01 06:01:02.333000
ARL000385,Johnny Rye,Johnny,,Rye,,,True,ar,lower,54,Republican,http://www.arkleg.state.ar.us/assembly/2017/Member%20Pictures/rye.jpg,2017-01-04 06:10:11.244000,2017-06-01 06:01:02.219000
ARL000387,Trevor Drown,Trevor,,Drown,,,True,ar,lower,68,Republican,http://www.arkleg.state.ar.us/assembly/2017/Member%20Pictures/drown.jpg,2017-01-26 06:47:11.227000,2017-06-01 06:01:02.323000
ARL000389,Les A. Warren,Les A.,,Warren,,,True,ar,lower,25,Republican,http://www.arkleg.state.ar.us/assembly/2017/Member%20Pictures/warren.jpg,2017-04-12 07:37:34.781000,2017-06-01 06:01:02.245000
ARL000010,Cecile Bledsoe,Cecile,,Bledsoe,,,True,ar,upper,3,Republican,http://www.arkleg.state.ar.us/assembly/2017/Member%20Pictures/bledsoe.jpg,2011-05-31 16:27:50.237000,2017-06-01 06:01:02.143000
ARL000020,Eddie L. Cheatham,Eddie,,Cheatham,,,True,ar,upper,26,Democratic,http://www.arkleg.state.ar.us/assembly/2017/Member%20Pictures/cheatham_e.jpg,2011-05-31 16:27:50.290000,2017-06-01 06:01:02.175000
ARL000021,Linda Chesterfield,Linda,,Chesterfield,,,True,ar,upper,30,Democratic,http://www.arkleg.state.ar.us/assembly/2017/Member%20Pictures/chesterfield_l.jpg,2011-05-31 16:27:50.292000,2017-06-01 06:01:02.248000
ARL000024,Linda Collins-Smith,Linda,,Collins-Smith,,,True,ar,upper,19,Republican,http://www.arkleg.state.ar.us/assembly/2017/Member%20Pictures/collins-smith.jpg,2011-05-31 16:27:50.299000,2017-06-01 06:01:02.250000
ARL000031,Jonathan Dismang,Jonathan,,Dismang,,,True,ar,upper,28,Republican,http://www.arkleg.state.ar.us/assembly/2017/Member%20Pictures/dismang_j.jpg,2011-05-31 16:27:50.342000,2017-06-01 06:01:02.222000
ARL000033,Joyce Elliott,Joyce,,Elliott,,,True,ar,upper,31,Democratic,http://www.arkleg.state.ar.us/assembly/2017/Member%20Pictures/elliott.jpg,2011-05-31 16:27:50.347000,2017-06-01 06:01:02.224000
ARL000035,Jane English,Jane,,English,,,True,ar,upper,34,Republican,http://www.arkleg.state.ar.us/assembly/2017/Member%20Pictures/english_j.jpg,2011-05-31 16:27:50.367000,2017-06-01 06:01:02.197000
ARL000038,Jake Files,Jake,,Files,,,True,ar,upper,8,Republican,http://www.arkleg.state.ar.us/assembly/2017/Member%20Pictures/files.jpg,2011-05-31 16:27:50.391000,2017-06-01 06:01:02.192000
ARL000040,Stephanie Flowers,Stephanie,,Flowers,,,True,ar,upper,25,Democratic,http://www.arkleg.state.ar.us/assembly/2017/Member%20Pictures/flowers_s.jpg,2011-05-31 16:27:50.396000,2017-06-01 06:01:02.313000
ARL000055,Jeremy Hutchinson,Jeremy,,Hutchinson,,,True,ar,upper,33,Republican,http://www.arkleg.state.ar.us/assembly/2017/Member%20Pictures/hutchinson_j.jpg,2011-05-31 16:27:50.535000,2017-06-01 06:01:02.205000
ARL000057,Keith M. Ingram,Keith,,Ingram,,,True,ar,upper,24,Democratic,http://www.arkleg.state.ar.us/assembly/2017/Member%20Pictures/ingram_k.jpg,2011-05-31 16:27:50.545000,2017-06-01 06:01:02.229000
ARL000058,Missy Irvin,Missy,,Irvin,,,True,ar,upper,18,Republican,http://www.arkleg.state.ar.us/assembly/2017/Member%20Pictures/irvin.jpg,2011-05-31 16:27:50.561000,2017-06-01 06:01:02.297000
ARL000066,Bryan B. King,Bryan,,King,,,True,ar,upper,5,Republican,http://www.arkleg.state.ar.us/assembly/2017/Member%20Pictures/king_b.jpg,2011-05-31 16:27:50.581000,2017-06-01 06:01:02.141000
ARL000074,Uvalde Lindsey,Uvalde,,Lindsey,,,True,ar,upper,4,Democratic,http://www.arkleg.state.ar.us/assembly/2017/Member%20Pictures/lindsey_u.jpg,2011-05-31 16:27:50.606000,2017-06-01 06:01:02.324000
ARL000098,Jason Rapert,Jason,,Rapert,,,True,ar,upper,35,Republican,http://www.arkleg.state.ar.us/assembly/2017/Member%20Pictures/rapert.jpg,2011-05-31 16:27:50.715000,2017-06-01 06:01:02.199000
ARL000100,Terry Rice,Terry,,Rice,,,True,ar,upper,9,Republican,http://www.arkleg.state.ar.us/assembly/2017/Member%20Pictures/rice.jpg,2011-05-31 16:27:50.729000,2017-06-01 06:01:02.319000
ARL000104,Bill Sample,Bill,,Sample,,,True,ar,upper,14,Republican,http://www.arkleg.state.ar.us/assembly/2017/Member%20Pictures/sample_b.jpg,2011-05-31 16:27:50.739000,2017-06-01 06:01:02.131000
ARL000105,David J. Sanders,David J.,,Sanders,,,True,ar,upper,15,Republican,http://www.arkleg.state.ar.us/assembly/2017/Member%20Pictures/sanders_d.jpg,2011-05-31 16:27:50.741000,2017-06-01 06:01:02.161000
ARL000112,Gary Stubblefield,Gary,,Stubblefield,,,True,ar,upper,6,Republican,http://www.arkleg.state.ar.us/assembly/2017/Member%20Pictures/stubblefield_g.jpg,2011-05-31 16:27:50.790000,2017-06-01 06:01:02.184000
ARL000115,Larry Teague,Larry,,Teague,,,True,ar,upper,10,Democratic,http://www.arkleg.state.ar.us/assembly/2017/Member%20Pictures/teague.jpg,2011-05-31 16:27:50.796000,2017-06-01 06:01:02.242000
ARL000155,Ronald Caldwell,Ronald,,Caldwell,,,True,ar,upper,23,Republican,http://www.arkleg.state.ar.us/assembly/2017/Member%20Pictures/caldwell.jpg,2013-01-10 00:09:03.440000,2017-06-01 06:01:02.308000
ARL000161,Alan Clark,Alan,,Clark,,,True,ar,upper,13,Republican,http://www.arkleg.state.ar.us/assembly/2017/Member%20Pictures/clark_a.jpg,2013-01-10 00:09:03.476000,2017-06-01 06:01:02.124000
ARL000186,Jim Hendren,Jim,,Hendren,,,True,ar,upper,2,Republican,http://www.arkleg.state.ar.us/assembly/2017/Member%20Pictures/hendren_j.jpg,2013-01-10 00:09:03.744000,2017-06-01 06:01:02.208000
ARL000187,Bart Hester,Bart,,Hester,,,True,ar,upper,1,Republican,http://www.arkleg.state.ar.us/assembly/2017/Member%20Pictures/hester.jpg,2013-01-10 00:09:03.752000,2017-06-01 06:01:02.129000
ARL000188,"Jimmy Hickey, Jr",Jimmy,,Hickey,Jr,,True,ar,upper,11,Republican,http://www.arkleg.state.ar.us/assembly/2017/Member%20Pictures/hickey.jpg,2013-01-10 00:09:03.767000,2017-06-01 06:01:02.209000
ARL000216,Bruce Maloch,Bruce,,Maloch,,,True,ar,upper,12,Democratic,http://www.arkleg.state.ar.us/assembly/2017/Member%20Pictures/maloch.jpg,2013-01-10 00:09:04.319000,2017-06-01 06:01:02.139000
ARL000263,John Cooper,John,,Cooper,,,True,ar,upper,21,Republican,http://www.arkleg.state.ar.us/assembly/2017/Member%20Pictures/Cooper_j.jpg,2014-01-22 19:31:18.619000,2017-06-01 06:01:02.213000
ARL000275,Lance Eads,Lance,,Eads,,,True,ar,upper,7,Republican,http://www.arkleg.state.ar.us/assembly/2017/Member%20Pictures/eads_l.jpg,2014-11-13 03:18:43.652000,2017-06-01 06:01:02.238000
ARL000353,Blake Johnson,Blake,,Johnson,,,True,ar,upper,20,Republican,http://www.arkleg.state.ar.us/assembly/2017/Member%20Pictures/johnson_b.jpg,2015-02-17 20:40:04.560000,2017-06-01 06:01:02.132000
ARL000354,Scott Flippo,Scott,,Flippo,,,True,ar,upper,17,Republican,http://www.arkleg.state.ar.us/assembly/2017/Member%20Pictures/flippo.jpg,2015-02-17 20:40:04.715000,2017-06-01 06:01:02.311000
ARL000356,Greg Standridge,Greg,,Standridge,,,True,ar,upper,16,Republican,http://www.arkleg.state.ar.us/assembly/2017/Member%20Pictures/standridge.jpg,2015-04-23 01:52:05.780000,2017-06-01 06:01:02.189000
ARL000359,Trent Garner,Trent,,Garner,,,True,ar,upper,27,Republican,http://www.arkleg.state.ar.us/assembly/2017/Member%20Pictures/garner_t.jpg,2016-12-29 17:14:59.209000,2017-06-01 06:01:02.322000
ARL000367,Will Bond,Will,,Bond,,,True,ar,upper,32,Democratic,http://www.arkleg.state.ar.us/assembly/2017/Member%20Pictures/bond.jpg,2016-12-29 17:14:59.683000,2017-06-01 06:01:02.327000
ARL000368,David Wallace,David,,Wallace,,,True,ar,upper,22,Republican,http://www.arkleg.state.ar.us/assembly/2017/Member%20Pictures/wallace_d.jpg,2016-12-29 17:14:59.745000,2017-06-01 06:01:02.165000
ARL000372,Eddie Joe Williams,Eddie Joe,,Williams,,,True,ar,upper,29,Republican,http://www.arkleg.state.ar.us/assembly/2017/Member%20Pictures/williams_e.jpg,2017-01-04 06:10:10.866000,2017-06-01 06:01:02.173000
