id,state,chamber,committee,subcommittee,parent_id
NHC000048,nh,lower,Legislative Administration,,
NHC000050,nh,lower,Transportation,,
NHC000054,nh,lower,Finance,,
NHC000061,nh,lower,Election Law,,
NHC000062,nh,lower,Education,,
NHC000065,nh,lower,Rules,,
NHC000069,nh,lower,Judiciary,,
NHC000104,nh,lower,Public Works and Highways,,
NHC000105,nh,lower,"Labor, Industrial and Rehabilitative Services",,
NHC000108,nh,lower,Fish and Game and Marine Resources,,
NHC000109,nh,lower,State-Federal Relations and Veterans Affairs,,
NHC000112,nh,lower,Children and Family Law,,
NHC000113,nh,lower,"Resources, Recreation and Development",,
NHC000114,nh,lower,Commerce and Consumer Affairs,,
NHC000116,nh,lower,Executive Departments and Administration,,
NHC000118,nh,lower,"Health, Human Services and Elderly Affairs",,
NHC000119,nh,lower,Special Committee on Public Employee Pension Plans,,
NHC000120,nh,lower,Criminal Justice and Public Safety,,
NHC000121,nh,lower,Municipal and County Government,,
NHC000122,nh,lower,Environment and Agriculture,,
NHC000123,nh,lower,Ways and Means,,
NHC000124,nh,lower,"Science, Technology and Energy",,
NHC000125,nh,lower,Committee of Conference,,
NHC000126,nh,lower,No Committee Assignment,,
NHC000073,nh,upper,Commerce,,
NHC000076,nh,upper,Transportation,,
NHC000078,nh,upper,Finance,,
NHC000080,nh,upper,Capital Budget,,
NHC000082,nh,upper,Judiciary,,
NHC000099,nh,upper,Education,,
NHC000106,nh,upper,Ways and Means,,
NHC000107,nh,upper,Public and Municipal Affairs,,
NHC000110,nh,upper,Health and Human Services,,
NHC000111,nh,upper,Executive Departments and Administration,,
NHC000115,nh,upper,"Rules, Enrolled Bills and Internal Affairs",,
NHC000117,nh,upper,Energy and Natural Resources,,
NHC000127,nh,upper,Election Law and Internal Affairs,,
NHC000128,nh,upper,Special Committee,,
NHC000129,nh,upper,Committee Of Conference,,
NHC000130,nh,upper,Rules and Enrolled Bills,,
