id,state,chamber,committee,subcommittee,parent_id
HIC000001,hi,lower,Agriculture,,
HIC000002,hi,lower,Consumer Protection & Commerce,,
HIC000004,hi,lower,Education,,
HIC000005,hi,lower,Energy & Environmental Protection,,
HIC000007,hi,lower,Finance,,
HIC000009,hi,lower,Higher Education,,
HIC000010,hi,lower,Health,,
HIC000011,hi,lower,Housing,,
HIC000012,hi,lower,Human Services,,
HIC000014,hi,lower,Judiciary,,
HIC000015,hi,lower,Labor & Public Employment,,
HIC000016,hi,lower,Legislative Management,,
HIC000018,hi,lower,Tourism,,
HIC000019,hi,lower,Transportation,,
HIC000037,hi,lower,Economic Development & Business,,
HIC000038,hi,lower,"Veterans, Military, & International Affairs, & Culture and the Arts",,
HIC000039,hi,lower,"Ocean, Marine Resources, & Hawaiian Affairs",,
HIC000040,hi,lower,Water & Land,,
HIC000041,hi,lower,Public Safety,,
HIC000090,hi,lower,Intrastate Commerce,,
HIC000029,hi,upper,Education,,
HIC000030,hi,upper,Ways and Means,,
HIC000032,hi,upper,Judiciary and Labor,,
HIC000075,hi,upper,Hawaiian Affairs,,
HIC000080,hi,upper,Higher Education and the Arts,,
HIC000081,hi,upper,Tourism and International Affairs,,
HIC000082,hi,upper,Government Operations,,
HIC000083,hi,upper,Housing,,
HIC000084,hi,upper,Human Services,,
HIC000085,hi,upper,"Commerce, Consumer Protection, and Health",,
HIC000086,hi,upper,"Economic Development, Environment, and Technology",,
HIC000087,hi,upper,"Water, Land, and Agriculture",,
HIC000088,hi,upper,"Public Safety, Intergovernmental, and Military Affairs",,
HIC000089,hi,upper,Transportation and Energy,,
HIC000091,hi,upper,International Affairs and the Arts,,
HIC000092,hi,upper,"Economic Development, Tourism, and Technology",,
HIC000093,hi,upper,Higher Education,,
HIC000094,hi,upper,Agriculture and Environment,,
HIC000095,hi,upper,Water and Land,,
