id,state,chamber,committee,subcommittee,parent_id
COC000121,co,joint,Mental Illness in the Criminal Justice System,,
COC000122,co,joint,Legislative Council,,
COC000129,co,joint,Public Health Care & Human Services,,
COC000140,co,joint,Capitol Building Advisory,,
COC000143,co,joint,"Legislative Emergency Preparedness, Response, and Recovery Committee",,
COC000144,co,joint,Joint Technology Committee,,
COC000147,co,joint,Executive Committee of the Legislative Council,,
COC000150,co,joint,Colorado Health Insurance Exchange Oversight Committee,,
COC000151,co,joint,Capitol Building Advisory Committee,,
COC000152,co,joint,Exchange Review Committee,,
COC000153,co,joint,Capital Development Committee,,
COC000154,co,joint,Committee on Legal Services,,
COC000156,co,joint,Colorado Commission on Uniform State Laws,,
COC000157,co,joint,Transportation Legislation Review Committee,,
COC000158,co,joint,Statutory Revision Committee,,
COC000159,co,joint,Wildfire Matters Review Committee,,
COC000160,co,joint,Joint Budget Committee,,
COC000161,co,joint,Select Committee on Energy and the Environment,,
COC000162,co,joint,Police Officers' and Firefighters' Pension Reform Commission,,
COC000165,co,joint,Treatment of Persons with Mental Illness in the Criminal Justice System,,
COC000167,co,joint,Legislative Audit Committee,,
COC000169,co,joint,School Safety and Youth in Crisis Committee,,
COC000170,co,joint,"Task Force on 911 Oversight, Outage Reporting, and Reliability",,
COC000171,co,joint,Water Resources Review Committee,,
COC000174,co,joint,"Legislative Emergency Preparedness, Response, and Recovery",,
COC000177,co,joint, Interim Study Committee on Sentencing in the Criminal Justice System,,
COC000178,co,joint, Interim Study Committee on Young and Beginning Farmers,,
COC000179,co,joint, Interim Study Committee on Opioid and Other Substance Use Disorders,,
COC000180,co,joint, Interim Study Committee on County Courthouse and County Jail Funding and Overcrowding Solutions,,
COC000181,co,joint,Interim Study Committe on Opioid and Other Substance Use Disorders,,
COC000182,co,joint,Interim Study Committe  on Sentencing in the Criminal Justice System,,
COC000183,co,joint,Interim Study Committee on County Courthouse and County Jail Funding and Overcrowding Solutions,,
COC000184,co,joint,Interim Study Committe on Young and Beginning Farmers,,
COC000185,co,joint,County Courthouse and County Jail Funding and Overcrowding Solutions Interim Study Committee,,
COC000186,co,joint,Young and Beginning Farmers Interim Study Committe,,
COC000187,co,joint,Sentencing in the Criminal Justice System Interim Study Committe,,
COC000188,co,joint,Opioid and Other Substance Use Disorders Interim Study Committe,,
COC000123,co,lower,Transportation & Energy,,
COC000126,co,lower,Business Affairs and Labor,,
COC000127,co,lower,Education,,
COC000131,co,lower,"Agriculture, Livestock, & Natural Resources",,
COC000134,co,lower,Finance,,
COC000137,co,lower,Appropriations,,
COC000139,co,lower,"State, Veterans, & Military Affairs",,
COC000145,co,lower,Judiciary,,
COC000146,co,lower,Local Government,,
COC000148,co,lower,"Health, Insurance & Environment",,
COC000155,co,lower,"Health, Insurance, & Environment",,
COC000166,co,lower,"State, Veterans, and Military Affairs",,
COC000173,co,lower,Public Health Care & Human Services,,
COC000175,co,lower,Business Affairs  and Labor,,
COC000176,co,lower,Business Affairs & Labor,,
COC000125,co,upper,Health and Human Services,,
COC000128,co,upper,Local Government,,
COC000130,co,upper,Appropriations,,
COC000132,co,upper,"Business, Labor and Technology",,
COC000133,co,upper,Judiciary,,
COC000135,co,upper,Finance,,
COC000136,co,upper,Transportation,,
COC000138,co,upper,Education,,
COC000141,co,upper,"Agriculture, Natural Resources, and Energy",,
COC000142,co,upper,"State, Veterans, and Military Affairs",,
COC000163,co,upper,Health & Human Services,,
COC000164,co,upper,"State, Veterans, & Military Affairs",,
COC000168,co,upper,"Agriculture, Natural Resources, & Energy",,
COC000172,co,upper,"Business, Labor, & Technology",,
