leg_id,full_name,first_name,middle_name,last_name,suffixes,nickname,active,state,chamber,district,party,photo_url,created_at,updated_at
COL000001,Lois Tochtrop,Lois,,Tochtrop,,,False,co,,,,http://www.leg.state.co.us//clics/clics2013A/directory.nsf/0/31CA2CAE90D72BD28725794300729C26/$FILE/S-Tochtrop.jpg,2012-01-19 01:01:48.533000,2015-01-06 19:05:34.663000
COL000002,Mary Hodge,Mary,,Hodge,,,False,co,,,,"http://www.leg.state.co.us//clics/clics2016A/directory.nsf/0/2CE070D8DC83F48387257C55006BFF07/$FILE/S-Hodge, Mary.jpg",2012-01-19 01:01:48.559000,2017-01-13 07:06:34.025000
COL000003,Linda Newell,Linda,,Newell,,,False,co,,,,"http://www.leg.state.co.us//clics/clics2016A/directory.nsf/0/39C620606666300387257C55006BFF02/$FILE/S-Newell, Linda.jpg",2012-01-19 01:01:48.569000,2017-01-13 07:06:34.022000
COL000004,Nancy Spence,Nancy,,Spence,,,False,co,,,,http://www.state.co.us/gov_dir/leg_dir/senate/members/sen27.jpg,2012-01-19 01:01:48.580000,2014-12-09 14:31:06.105000
COL000006,Betty Boyd,Betty,,Boyd,,,False,co,,,,http://www.state.co.us/gov_dir/leg_dir/senate/members/sen21.jpg,2012-01-19 01:01:48.603000,2014-12-09 14:31:06.107000
COL000007,Tim Neville,Tim,,Neville,,,False,co,,,,http://www.state.co.us/gov_dir/leg_dir/senate/members/sen22.jpg,2012-01-19 01:01:48.613000,2013-01-07 15:39:04.750000
COL000008,Shawn Mitchell,Shawn,,Mitchell,,,False,co,,,,http://www.state.co.us/gov_dir/leg_dir/senate/members/sen23.jpg,2012-01-19 01:01:48.623000,2013-01-07 15:39:04.739000
COL000009,Suzanne Williams,Suzanne,,Williams,,,False,co,,,,http://www.state.co.us/gov_dir/leg_dir/senate/members/sen28.jpg,2012-01-19 01:01:48.632000,2013-01-07 15:39:04.740000
COL000010,Morgan Carroll,Morgan,,Carroll,,,False,co,,,,"http://www.leg.state.co.us//clics/clics2016A/directory.nsf/0/C10EFEA569038E1A87257C55006B8C08/$FILE/S-Carroll, Morgan.jpg",2012-01-19 01:01:48.645000,2017-01-13 07:06:34.027000
COL000011,Greg Brophy,Greg,,Brophy,,,False,co,,,,http://www.leg.state.co.us//clics/clics2013A/directory.nsf/0/3382096A5CAF6D118725794300729C32/$FILE/S-Brophy.jpg,2012-01-19 01:01:48.655000,2015-01-06 19:05:34.656000
COL000012,Angela Giron,Angela,,Giron,,,False,co,,,,http://www.leg.state.co.us//clics/clics2013A/directory.nsf/MemberDetailPage?OpenForm&district=3&chamber=senjpg,2012-01-19 01:01:48.665000,2014-12-09 14:31:06.106000
COL000013,Kevin Grantham,Kevin,,Grantham,,,False,co,,,,"http://www.leg.state.co.us//clics/clics2016A/directory.nsf/0/37F31C39DDB9274D87257C55006B8C10/$FILE/S-Grantham, Kevin.jpg",2012-01-19 01:01:48.677000,2017-01-13 07:06:34.020000
COL000014,Gail Schwartz,Gail,,Schwartz,,,False,co,,,,http://www.leg.state.co.us//clics/clics2013A/directory.nsf/0/3A3BEBA374ABA5388725794300729C4F/$FILE/S-Schwartz.jpg,2012-01-19 01:01:48.687000,2015-01-06 19:05:34.668000
COL000015,Mark Scheffel,Mark,,Scheffel,,,False,co,,,,"http://www.leg.state.co.us//clics/clics2016A/directory.nsf/0/5E3C972F3C7211A987257C55006BFF06/$FILE/S-Scheffel, Mark.jpg",2012-01-19 01:01:48.697000,2017-01-13 07:06:34.023000
COL000016,Steve King,Steve,,King,,,False,co,,,,http://www.leg.state.co.us//clics/clics2013A/directory.nsf/0/25CE4378556355E98725794300729C4B/$FILE/S-King.jpg,2012-01-19 01:01:48.708000,2015-01-06 19:05:34.669000
COL000017,Ellen S. Roberts,Ellen S.,,Roberts,,,False,co,,,,http://www.leg.state.co.us//clics/clics2016A/directory.nsf/0/869A29A616C96F7587257C55006BFF14/$FILE/S-Roberts.jpg,2012-01-19 01:01:48.718000,2017-06-01 08:33:53.913000
COL000019,Jean White,Jean,,White,,,False,co,,,,http://www.state.co.us/gov_dir/leg_dir/senate/members/sen08.jpg,2012-01-19 01:01:48.745000,2013-01-07 15:39:04.741000
COL000020,John P. Morse,John P.,,Morse,,,False,co,,,,http://www.leg.state.co.us//clics/clics2013A/directory.nsf/MemberDetailPage?OpenForm&district=11&chamber=senjpg,2012-01-19 01:01:48.756000,2013-10-17 15:39:05.610000
COL000021,Bill Cadman,Bill L,,Cadman,,,False,co,,,,http://www.leg.state.co.us//clics/clics2016A/directory.nsf/0/73C559391529F40987257C55006B8C0E/$FILE/S-President Cadman.jpg,2012-01-19 01:01:48.769000,2017-01-13 07:06:34.016000
COL000022,Scott W. Renfroe,Scott W.,,Renfroe,,,False,co,,,,http://www.leg.state.co.us//clics/clics2013A/directory.nsf/0/A114CBB3984664A08725794300729C06/$FILE/S-Renfroe.jpg,2012-01-19 01:01:48.779000,2016-05-12 12:06:15.409000
COL000023,Keith King,Keith,,King,,,False,co,,,,http://www.state.co.us/gov_dir/leg_dir/senate/members/sen12.jpg,2012-01-19 01:01:48.789000,2014-12-09 14:31:06.108000
COL000025,Bob Bacon,Bob,,Bacon,,,False,co,,,,http://www.state.co.us/gov_dir/leg_dir/senate/members/sen14.jpg,2012-01-19 01:01:48.810000,2014-12-09 14:31:06.108000
COL000026,Brandon C. Shaffer,Brandon C.,,Shaffer,,,False,co,,,,http://www.state.co.us/gov_dir/leg_dir/senate/members/sen17.jpg,2012-01-19 01:01:48.820000,2013-01-07 15:39:04.745000
COL000027,Jeanne Nicholson,Jeanne,,Nicholson,,,False,co,,,,http://www.leg.state.co.us//clics/clics2013A/directory.nsf/0/4ECAF0D74D38A1A48725794300729C49/$FILE/S-Nicholson.jpg,2012-01-19 01:01:48.834000,2015-01-06 19:05:34.660000
COL000028,Evie Hudak,Evie,,Hudak,,,False,co,,,,http://www.leg.state.co.us//clics/clics2013A/directory.nsf/MemberDetailPage?OpenForm&district=19&chamber=senjpg,2012-01-19 01:01:48.844000,2014-12-09 14:31:06.109000
COL000029,Rollie Heath,Rollie,,Heath,,,False,co,,,,"http://www.leg.state.co.us//clics/clics2016A/directory.nsf/0/A21825751DB714D187257C55006B8C0B/$FILE/S-Heath, Rollie.jpg",2012-01-19 01:01:48.854000,2017-01-13 07:06:34.030000
COL000030,Pat Steadman,Pat,,Steadman,,,False,co,,,,"http://www.leg.state.co.us//clics/clics2016A/directory.nsf/0/52CDECD6D41B13D087257C55006BFF10/$FILE/S-Steadman, Pat.jpg",2012-01-19 01:01:48.864000,2017-01-13 07:06:34.029000
COL000031,Ted Harvey,Ted,,Harvey,,,False,co,,,,http://www.leg.state.co.us//clics/clics2013A/directory.nsf/0/832B4E1F5D36C5D98725794300729BFB/$FILE/S-Harvey.jpg,2012-01-19 01:01:48.875000,2015-01-06 19:05:34.666000
COL000032,Joyce Foster,Joyce,,Foster,,,False,co,,,,http://www.state.co.us/gov_dir/leg_dir/senate/members/sen35.jpg,2012-01-19 01:01:48.885000,2013-01-07 15:39:04.746000
COL000034,Michael Johnston,Michael,,Johnston,,,False,co,,,,"http://www.leg.state.co.us//clics/clics2016A/directory.nsf/0/324EC16AA44723E887257C55006BFF0A/$FILE/S-Johnston, Michael.jpg",2012-01-19 01:01:48.905000,2017-01-13 07:06:34.026000
COL000036,Kevin Priola,Kevin,,Priola,,,False,co,,,,http://www.leg.state.co.us//clics/clics2016A/directory.nsf/0/009E8DD3AE955E1787257C55006F340A/$FILE/H-Priola.jpg,2012-01-19 01:01:48.926000,2017-01-13 07:06:34.005000
COL000038,"James E ""Jim"" Kerr","James E ""Jim""",,Kerr,,,False,co,,,,http://www.state.co.us/gov_dir/leg_dir/house/members/hou28.jpg,2012-01-19 01:01:48.947000,2013-01-07 15:39:04.696000
COL000039,Robert Ramirez,Robert,,Ramirez,,,False,co,,,,http://www.state.co.us/gov_dir/leg_dir/house/members/hou29.jpg,2012-01-19 01:01:48.957000,2013-01-07 15:39:04.698000
COL000040,Tom Massey,Tom,,Massey,,,False,co,,,,http://www.state.co.us/gov_dir/leg_dir/house/members/hou60.jpg,2012-01-19 01:01:48.968000,2014-12-09 14:31:06.110000
COL000041,Roger Ben Wilson,Roger Ben,,Wilson,,,False,co,,,,http://www.state.co.us/gov_dir/leg_dir/house/members/hou61.jpg,2012-01-19 01:01:48.978000,2013-01-07 15:39:04.701000
COL000042,Edward Vigil,Edward,,Vigil,,,False,co,,,,"http://www.leg.state.co.us//clics/clics2016A/directory.nsf/0/26C80CBF6AD5963C87257C55006F33BF/$FILE/H-Vigil, Edward.jpg",2012-01-19 01:01:48.988000,2017-06-01 08:33:53.907000
COL000044,Wes McKinley,Wes,,McKinley,,,False,co,,,,http://www.state.co.us/gov_dir/leg_dir/house/members/hou64.jpg,2012-01-19 01:01:49.015000,2013-01-07 15:39:04.704000
COL000046,Edward Casso,Edward,,Casso,,,False,co,,,,http://www.state.co.us/gov_dir/leg_dir/house/members/hou32.jpg,2012-01-19 01:01:49.046000,2013-01-07 15:39:04.705000
COL000047,Sue Schafer,Sue,,Schafer,,,False,co,,,,http://www.leg.state.co.us//clics/clics2013A/directory.nsf/0/27EC2722B0EE802F8725794300729C3D/$FILE/H-Schafer.jpg,2012-01-19 01:01:49.057000,2015-01-06 19:05:34.635000
COL000048,Cheri Gerou,Cheri,,Gerou,,,False,co,,,,http://www.leg.state.co.us//clics/clics2013A/directory.nsf/0/5763BD219E7856798725794300729C19/$FILE/H-Gerou.jpg,2012-01-19 01:01:49.068000,2015-01-06 19:05:34.636000
COL000050,Libby Szabo,Libby,,Szabo,,,False,co,,,,http://www.leg.state.co.us//clics/clics2015A/directory.nsf/0/365E195C005A719887257C55006F33EB/$FILE/H-Szabo.jpg,2012-01-19 01:01:49.089000,2015-03-02 16:14:26.650000
COL000051,Amy Stephens,Amy,,Stephens,,,False,co,,,,http://www.leg.state.co.us//clics/clics2013A/directory.nsf/0/1AEC04A80B9508AA8725794300729BF8/$FILE/H-Stephens.jpg,2012-01-19 01:01:49.100000,2015-01-06 19:05:34.630000
COL000052,Bob Gardner,Bob,,Gardner,,,False,co,,,,http://www.leg.state.co.us//clics/clics2013A/directory.nsf/0/3E4AA1669FB61FEB8725794300729C10/$FILE/H-Gardner.jpg,2012-01-19 01:01:49.110000,2015-01-06 19:05:34.633000
COL000053,Ken Summers,Ken,,Summers,,,False,co,,,,http://www.state.co.us/gov_dir/leg_dir/house/members/hou22.jpg,2012-01-19 01:01:49.121000,2013-01-07 15:39:04.715000
COL000054,Max Tyler,Max,,Tyler,,,False,co,,,,"http://www.leg.state.co.us//clics/clics2016A/directory.nsf/0/196B91E1E99D07AF87257C55006F33ED/$FILE/H-Tyler, Max.jpg",2012-01-19 01:01:49.131000,2017-01-13 07:06:34.009000
COL000055,Sal Pace,Sal,,Pace,,,False,co,,,,http://www.state.co.us/gov_dir/leg_dir/house/members/hou46.jpg,2012-01-19 01:01:49.147000,2013-01-07 15:39:04.749000
COL000056,Keith Swerdfeger,Keith,,Swerdfeger,,,False,co,,,,http://www.state.co.us/gov_dir/leg_dir/house/members/hou47.jpg,2012-01-19 01:01:49.158000,2013-01-07 15:39:04.717000
COL000058,Carole Murray,Carole,,Murray,,,False,co,,,,http://www.leg.state.co.us//clics/clics2013A/directory.nsf/0/9B741CEAE1C8F0E88725794300729C37/$FILE/H-Murray.jpg,2012-01-19 01:01:49.178000,2015-01-06 19:05:34.645000
COL000059,Rhonda Fields,Rhonda,,Fields,,,False,co,,,,"http://www.leg.state.co.us//clics/clics2016A/directory.nsf/0/435550B8E751614987257C55006F33E2/$FILE/H-Fields, Rhonda.jpg",2012-01-19 01:01:49.189000,2017-06-01 08:33:53.914000
COL000060,Frank McNulty,Frank,,McNulty,,,False,co,,,,http://www.leg.state.co.us//clics/clics2013A/directory.nsf/0/7C9E7880495E84CB8725794300729C0F/$FILE/H-McNulty.jpg,2012-01-19 01:01:49.200000,2015-01-06 19:05:34.642000
COL000061,Cindy Acree,Cindy,,Acree,,,False,co,,,,http://www.state.co.us/gov_dir/leg_dir/house/members/hou40.jpg,2012-01-19 01:01:49.211000,2013-01-07 15:39:04.718000
COL000063,Jeanne Labuda,Jeanne,,Labuda,,,False,co,,,,http://www.leg.state.co.us//clics/clics2013A/directory.nsf/0/60D51906BCC2FFE48725794300729C09/$FILE/H-Labuda.jpg,2012-01-19 01:01:49.232000,2015-01-06 19:05:34.622000
COL000064,Cherylin Peniston,Cherylin,,Peniston,,,False,co,,,,http://www.leg.state.co.us//clics/clics2013A/directory.nsf/0/2CDC8F415D4FA3F68725794300729C40/$FILE/H-Peniston.jpg,2012-01-19 01:01:49.247000,2015-01-06 19:05:34.639000
COL000065,Daniel Kagan,Daniel,,Kagan,,,False,co,,,,"http://www.leg.state.co.us//clics/clics2016A/directory.nsf/0/C4E48BDD976A15A987257C55006F33E7/$FILE/H-Kagan, Daniel.jpg",2012-01-19 01:01:49.258000,2017-01-13 07:06:33.986000
COL000066,Mark Ferrandino,Mark,,Ferrandino,,,False,co,,,,http://www.leg.state.co.us//clics/clics2013A/directory.nsf/0/1C9DF7F511A9A06B8725794300729C41/$FILE/H-Speaker Ferrandino.jpg,2012-01-19 01:01:49.271000,2015-01-06 19:05:34.632000
COL000070,Lois Court,Lois,,Court,,,False,co,,,,"http://www.leg.state.co.us//clics/clics2016A/directory.nsf/0/EBED3F733A55A86487257C55006F3411/$FILE/H-Court, Lois.jpg",2012-01-19 01:01:49.339000,2017-01-13 07:06:34.007000
COL000071,Joe Miklosi,Joe,,Miklosi,,,False,co,,,,http://www.state.co.us/gov_dir/leg_dir/house/members/hou09.jpg,2012-01-19 01:01:49.349000,2013-01-07 15:39:04.720000
COL000072,"Elizabeth ""Beth"" McCann","Elizabeth ""Beth""",,McCann,,,False,co,,,,"http://www.leg.state.co.us//clics/clics2016A/directory.nsf/0/DA959534749B850887257C55006F33EC/$FILE/H-McCann, Beth.jpg",2012-01-19 01:01:49.360000,2017-06-01 08:33:53.909000
COL000073,B.J. Nikkel,B.J.,,Nikkel,,,False,co,,,,http://www.state.co.us/gov_dir/leg_dir/house/members/hou49.jpg,2012-01-19 01:01:49.372000,2013-01-07 15:39:04.721000
COL000074,"Balmer, David",David,,Balmer,,,False,co,,,,"http://www.leg.state.co.us//clics/clics2015A/directory.nsf/0/59B06EF479251E7287257C55006BCE36/$FILE/S-Balmer, David.jpg",2012-01-19 01:01:49.383000,2016-02-07 08:09:07.668000
COL000075,John F Soper,John F,,Soper,,,False,co,,,,http://www.state.co.us/gov_dir/leg_dir/house/members/hou34.jpg,2012-01-19 01:01:49.394000,2013-01-07 15:39:04.723000
COL000076,Kathleen Conti,Kathleen,,Conti,,,False,co,,,,http://www.leg.state.co.us//clics/clics2016A/directory.nsf/0/8107A6075C1356EA87257C55006F340E/$FILE/H-Conti.jpg,2012-01-19 01:01:49.405000,2017-01-13 07:06:34.003000
COL000077,J. Paul Brown,J. Paul,,Brown,,,False,co,,,,"http://www.leg.state.co.us//clics/clics2016A/directory.nsf/0/C2142498048F041B87257C55006F3407/$FILE/H-Brown, J Paul.jpg",2012-01-19 01:01:49.416000,2017-01-13 07:06:33.998000
COL000078,Don Coram,Don,,Coram,,,False,co,,,,"http://www.leg.state.co.us//clics/clics2016A/directory.nsf/0/90E5B1D49155190787257C55006F3413/$FILE/H-Coram, Don.jpg",2012-01-19 01:01:49.428000,2017-01-13 07:06:33.994000
COL000079,Deb Gardner,Deb,,Gardner,,,False,co,,,,http://www.state.co.us/gov_dir/leg_dir/house/members/hou11.jpg,2012-01-19 01:01:49.439000,2013-01-07 15:39:04.725000
COL000080,Dickey Lee Hullinghorst,Dickey Lee,,Hullinghorst,,,False,co,,,,http://www.leg.state.co.us//clics/clics2016A/directory.nsf/0/0CF8A1227B265D9087257C55006F33F6/$FILE/H-Speaker Dickey Lee Hullinghorst.jpg,2012-01-19 01:01:49.449000,2017-01-13 07:06:33.991000
COL000081,Claire Levy,Claire,,Levy,,,False,co,,,,http://www.leg.state.co.us//clics/clics2013A/directory.nsf/MemberDetailPage?OpenForm&district=13&chamber=hojpg,2012-01-19 01:01:49.460000,2014-12-09 14:31:06.104000
COL000083,Mark Waller,Mark,,Waller,,,False,co,,,,http://www.leg.state.co.us//clics/clics2013A/directory.nsf/0/B22A313BB84F3FA98725794300729C45/$FILE/H-Waller.jpg,2012-01-19 01:01:49.489000,2015-01-06 19:05:34.626000
COL000084,Janak Joshi,Janak,,Joshi,,,False,co,,,,"http://www.leg.state.co.us//clics/clics2016A/directory.nsf/0/4A0D391F4740B08A87257C55006F3408/$FILE/H-Joshi, Janak.jpg",2012-01-19 01:01:49.500000,2017-01-13 07:06:34.001000
COL000085,Mark H. Barker,Mark H.,,Barker,,,False,co,,,,http://www.state.co.us/gov_dir/leg_dir/house/members/hou17.jpg,2012-01-19 01:01:49.514000,2013-01-07 15:39:04.727000
COL000086,Larry G Liston,Larry G,,Liston,,,False,co,,,,http://www.state.co.us/gov_dir/leg_dir/house/members/hou16.jpg,2012-01-19 01:01:49.526000,2013-01-07 15:39:04.728000
COL000087,Marsha Looper,Marsha,,Looper,,,False,co,,,,http://www.state.co.us/gov_dir/leg_dir/house/members/hou19.jpg,2012-01-19 01:01:49.538000,2013-01-07 15:39:04.729000
COL000089,Judy Solano,Judy,,Solano,,,False,co,,,,http://www.state.co.us/gov_dir/leg_dir/house/members/hou31.jpg,2012-01-19 01:01:49.565000,2013-01-07 15:39:04.730000
COL000091,Brian DelGrosso,Brian,,DelGrosso,,,False,co,,,,"http://www.leg.state.co.us//clics/clics2016A/directory.nsf/0/FE9EDD26A048F9D787257C55006F33FB/$FILE/H-DelGrosso, Brian.jpg",2012-01-19 01:01:49.595000,2017-01-13 07:06:33.983000
COL000092,Su Ryden,Su,,Ryden,,,False,co,,,,"http://www.leg.state.co.us//clics/clics2016A/directory.nsf/0/0FD3FC3443E1C86C87257C55006F3404/$FILE/H-Ryden, Su.jpg",2012-01-19 01:01:49.606000,2017-01-13 07:06:34.012000
COL000093,Randolph Fischer,Randolph,,Fischer,,Randy,False,co,,,,http://www.leg.state.co.us//clics/clics2013A/directory.nsf/0/B1C7301F092EC6998725794300729C33/$FILE/H-Fischer.jpg,2012-01-19 01:01:49.623000,2016-05-12 12:06:15.407000
COL000095,Don Beezley,Don,,Beezley,,,False,co,,,,http://www.state.co.us/gov_dir/leg_dir/house/members/hou33.jpg,2012-01-19 01:01:49.658000,2013-01-07 15:39:04.733000
COL000096,Laura Bradford,Laura,,Bradford,,,False,co,,,,http://www.state.co.us/gov_dir/leg_dir/house/members/hou55.jpg,2012-01-19 01:01:49.670000,2013-01-07 15:39:04.735000
COL000097,Spencer Swalm,Spencer,,Swalm,,,False,co,,,,http://www.leg.state.co.us//clics/clics2013A/directory.nsf/0/0A0D4C69FAC707C28725794300729C13/$FILE/H-Swalm.jpg,2012-01-19 01:01:49.681000,2015-01-06 19:05:34.641000
COL000098,Glenn Vaad,Glenn,,Vaad,,,False,co,,,,http://www.state.co.us/gov_dir/leg_dir/house/members/hou48.jpg,2012-01-19 01:01:49.702000,2013-01-07 15:39:04.736000
COL000102,Jessie Ulibarri,Jessie,,Ulibarri,,,False,co,,,,http://www.leg.state.co.us//clics/clics2013A/directory.nsf/0/29B34B5131E2B4D98725794300729BEE/$FILE/S-Ulibarri.jpg,2013-01-07 15:39:03.654000,2017-01-13 07:06:34.019000
COL000112,Jenise May,Jenise,,May,,,False,co,,,,http://www.leg.state.co.us//clics/clics2013A/directory.nsf/0/B145914E62FF067887257AB00052F8B6/$FILE/H-May.jpg,2013-01-07 15:39:03.851000,2015-01-06 19:05:34.638000
COL000113,Jared Wright,Jared,,Wright,,,False,co,,,,http://www.leg.state.co.us//clics/clics2013A/directory.nsf/0/99AA36BDEF7481368725794300729C22/$FILE/H-Wright.jpg,2013-01-07 15:39:03.857000,2015-01-06 19:05:34.650000
COL000116,"James ""Jim"" D. Wilson","James ""Jim""",D.,Wilson,,,False,co,,,,http://www.leg.state.co.us//clics/clics2013A/directory.nsf/0/F9E80D501C9556928725794300729BFD/$FILE/H-Wilson.jpg,2013-01-07 15:39:03.875000,2017-06-01 08:33:53.910000
COL000119,Timothy Dore,Timothy,,Dore,,,False,co,,,,http://www.leg.state.co.us//clics/clics2013A/directory.nsf/0/7185A3AE365803FB8725794300729C31/$FILE/H-Dore.jpg,2013-01-07 15:39:03.901000,2017-06-01 08:33:53.912000
COL000120,Dominick Moreno,Dominick,,Moreno,,,False,co,,,,http://www.leg.state.co.us//clics/clics2013A/directory.nsf/0/700BE6A85418A5B38725794300729C1C/$FILE/H-Moreno.jpg,2013-01-07 15:39:03.914000,2017-01-13 07:06:33.992000
COL000126,Leroy M. Garcia,Leroy,M.,Garcia,,,False,co,,,,http://www.leg.state.co.us//clics/clics2013A/directory.nsf/0/457BA4EEB994416A8725794300729C42/$FILE/H-Garcia.jpg,2013-01-07 15:39:03.968000,2015-01-06 19:05:34.647000
COL000128,John W. Buckner,John,W.,Buckner,,,False,co,,,,http://www.leg.state.co.us//clics/clics2013A/directory.nsf/0/7E11C2C8E9060F7387257AB1005A9DD5/$FILE/H-Buckner.jpg,2013-01-07 15:39:04.008000,2016-05-12 12:06:15.405000
COL000134,Mike McLachlan,Mike,,McLachlan,,,False,co,,,,http://www.leg.state.co.us//clics/clics2013A/directory.nsf/0/C827E02ACCB5DE588725794300729C2A/$FILE/H-McLachlan.jpg,2013-01-07 15:39:04.107000,2015-01-06 19:05:34.653000
COL000138,"Thomas ""Tony"" Exum","Thomas ""Tony""",,Exum,,,False,co,,,,http://www.leg.state.co.us//clics/clics2013A/directory.nsf/0/0985630D6981B6E48725794300729C28/$FILE/H-Exum-Official.jpg,2013-01-07 15:39:04.158000,2016-05-12 12:06:15.406000
COL000141,Joseph A. Salazar,Joseph,A.,Salazar,,,False,co,,,,http://www.leg.state.co.us//clics/clics2013A/directory.nsf/0/79A160D5C487D7998725794300729BFC/$FILE/H-Salazar.jpg,2013-01-07 15:39:04.182000,2017-06-01 08:33:53.911000
COL000144,Dianne Primavera,Dianne,,Primavera,,,False,co,,,,http://www.leg.state.co.us//clics/clics2013A/directory.nsf/0/15856697808CD8748725794300729C2E/$FILE/H-Primavera.jpg,2013-01-07 15:39:04.524000,2017-01-13 07:06:33.990000
COL000159,George A. Rivera,George A.,,Rivera,,,False,co,,,,http://www.leg.state.co.us//clics/clics2013A/directory.nsf/0/AB587DFC7EAEF2728725794300729BF5/$FILE/S-Rivera.jpg,2013-10-17 01:22:11.851000,2016-05-12 12:06:15.408000
COL000160,Bernie Herpin,Bernie,,Herpin,,,False,co,,,,http://www.leg.state.co.us//clics/clics2013A/directory.nsf/0/2768FBE421D6BB3B8725794300729C3A/$FILE/S-Herpin.jpg,2013-10-17 01:22:12.223000,2015-01-06 19:05:34.657000
COL000162,Rachel Zenzinger,Rachel,,Zenzinger,,,False,co,,,,http://www.leg.state.co.us//clics/clics2013A/directory.nsf/0/8735A344A612F47E8725794300729C36/$FILE/S-Zenzinger.jpg,2013-12-14 14:53:33.191000,2015-01-06 19:05:34.662000
COL000166,"Keyser, Jon",Jon,,Keyser,,,False,co,,,,"http://www.leg.state.co.us//clics/clics2015A/directory.nsf/0/B7AFADFD89A7E42287257C55006F33FC/$FILE/H-Keyser, Jon.jpg",2015-01-06 19:05:33.722000,2016-03-09 23:00:21.212000
COL000170,"Roupe, Catherine ""Kit""","Catherine ""Kit""",,Roupe,,,False,co,,,,"http://www.leg.state.co.us//clics/clics2016A/directory.nsf/0/0133F5CC3425CBC887257C55006F3405/$FILE/H-Roupe, Kit.jpg",2015-01-06 19:05:33.812000,2017-01-13 07:06:34.011000
COL000180,"Klingenschmitt, Gordon Ph.D.",Gordon,,Klingenschmitt,Ph.D.,,False,co,,,,"http://www.leg.state.co.us//clics/clics2016A/directory.nsf/0/9B862BA5AEE6FB1787257C55006F3418/$FILE/H-Klingenschmitt, Gordon.jpg",2015-01-06 19:05:33.985000,2017-01-13 07:06:34.006000
COL000190,"Woods, Laura J.",Laura J.,,Woods,,,False,co,,,,"http://www.leg.state.co.us//clics/clics2016A/directory.nsf/0/58E14B4CA583F78787257C55006BFF0B/$FILE/S-Woods, Laura.jpg",2015-01-06 19:05:34.311000,2017-01-13 07:06:34.031000
COL000193,"Windholz, JoAnn",JoAnn,,Windholz,,,False,co,,,,"http://www.leg.state.co.us//clics/clics2016A/directory.nsf/0/F5B7BFCA3A87449487257C55006F341C/$FILE/H-Windholz, JoAnn.jpg",2015-01-06 19:05:34.349000,2017-01-13 07:06:34.015000
COL000201,"Buckner, Janet P",Janet P,,Buckner,,,False,co,,,,http://www.leg.state.co.us//clics/clics2016A/directory.nsf/0/43886AD6FF41298987257E89005D7451/$FILE/JanetBucker.jpeg,2015-07-28 00:50:13.948000,2017-01-13 07:06:33.985000
COL000043,Jon Becker,Jon,,Becker,,,True,co,lower,65,Republican,http://leg.colorado.gov/sites/default/files/styles/width_300/public/2017A_rsz_beckerjon-co-17.jpg?itok=e9ffHGSp,2012-01-19 01:01:48.999000,2017-06-01 08:34:14.031000
COL000067,Crisanta Duran,Crisanta,,Duran,,,True,co,lower,5,Democratic,http://leg.colorado.gov/sites/default/files/styles/width_300/public/2017A_H-Duran%2C%20Crisanta.jpg?itok=A8MrO5dr,2012-01-19 01:01:49.284000,2017-06-01 08:34:13.841000
COL000068,Daniel Pabon,Daniel,,Pabon,,Dan,True,co,lower,4,Democratic,http://leg.colorado.gov/sites/default/files/styles/width_300/public/2017A_rsz_pabon-co-17.jpg?itok=Qgnqrkht,2012-01-19 01:01:49.295000,2017-06-01 08:34:13.753000
COL000088,"Sanford E ""Pete"" Lee",Pete,,Lee,,,True,co,lower,18,Democratic,http://leg.colorado.gov/sites/default/files/styles/width_300/public/2017A_rsz_lee-co-17.jpg?itok=eHPPedWv,2012-01-19 01:01:49.549000,2017-06-01 08:34:14.054000
COL000090,Millie Hamner,Millie,,Hamner,,,True,co,lower,61,Democratic,http://leg.colorado.gov/sites/default/files/styles/width_300/public/2017A_rsz_hamner-co-17.jpg?itok=YMFmC1Ij,2012-01-19 01:01:49.576000,2017-06-01 08:34:13.530000
COL000100,Dave Young,Dave,,Young,,,True,co,lower,50,Democratic,http://leg.colorado.gov/sites/default/files/styles/width_300/public/2017A_rsz_young-co-17.jpg?itok=52fZF2_8,2012-01-19 01:01:49.785000,2017-06-01 08:34:13.512000
COL000114,Brittany Pettersen,Brittany,,Pettersen,,,True,co,lower,28,Democratic,http://leg.colorado.gov/sites/default/files/styles/width_300/public/2017A_rsz_pettersen-co-17.jpg?itok=xPVPJHC6,2013-01-07 15:39:03.863000,2017-06-01 08:34:14.038000
COL000115,Tracy Kraft-Tharp,Tracy,,Kraft-Tharp,,,True,co,lower,29,Democratic,http://leg.colorado.gov/sites/default/files/styles/width_300/public/2017A_rsz_kraft-tharp-c-17.jpg?itok=juYtmHRx,2013-01-07 15:39:03.869000,2017-06-01 08:34:13.922000
COL000118,Lori Saine,Lori,,Saine,,,True,co,lower,63,Republican,http://leg.colorado.gov/sites/default/files/styles/width_300/public/2017A_rsz_saine-co-15.jpg?itok=yS89V55V,2013-01-07 15:39:03.895000,2017-06-01 08:34:14.014000
COL000122,Diane Mitsch Bush,Diane,,Mitsch Bush,,,True,co,lower,26,Democratic,http://leg.colorado.gov/sites/default/files/styles/width_300/public/2017A_rsz_mitsch_bush-co-17.jpg?itok=Q6jNnjFg,2013-01-07 15:39:03.932000,2017-06-01 08:34:14.027000
COL000124,Lois Landgraf,Lois,,Landgraf,,,True,co,lower,21,Republican,http://leg.colorado.gov/sites/default/files/styles/width_300/public/2017A_rsz_landgraf-c-17.jpg?itok=UtbPBgla,2013-01-07 15:39:03.950000,2017-06-01 08:34:13.544000
COL000125,Justin Everett,Justin,,Everett,,,True,co,lower,22,Republican,http://leg.colorado.gov/sites/default/files/styles/width_300/public/2017A_rsz_everett-co-15.jpg?itok=40OJAfda,2013-01-07 15:39:03.956000,2017-06-01 08:34:14.044000
COL000127,Clarice Navarro,Clarice,,Navarro,,,True,co,lower,47,Republican,http://leg.colorado.gov/sites/default/files/styles/width_300/public/2017A_rsz_navarro-co-17.jpg?itok=iUEkdYWE,2013-01-07 15:39:03.974000,2017-06-01 08:34:14.056000
COL000129,Jovan Melton,Jovan,,Melton,,,True,co,lower,41,Democratic,http://leg.colorado.gov/sites/default/files/styles/width_300/public/2017A_rsz_melton-co-17.jpg?itok=ui2cT8hE,2013-01-07 15:39:04.015000,2017-06-01 08:34:13.964000
COL000130,Paul Rosenthal,Paul,,Rosenthal,,,True,co,lower,9,Democratic,http://leg.colorado.gov/sites/default/files/styles/width_300/public/2017A_rsz_rosenthal-co-17.jpg?itok=3RIICOeS,2013-01-07 15:39:04.072000,2017-06-01 08:34:13.645000
COL000131,Perry Buck,Perry,,Buck,,,True,co,lower,49,Republican,http://leg.colorado.gov/sites/default/files/styles/width_300/public/2017A_rsz_buck-co-17.jpg?itok=UZoRXU9p,2013-01-07 15:39:04.084000,2017-06-01 08:34:14.029000
COL000132,Polly Lawrence,Polly,,Lawrence,,,True,co,lower,39,Republican,http://leg.colorado.gov/sites/default/files/styles/width_300/public/2017A_rsz_lawrence-co-17.jpg?itok=1D6mk7mj,2013-01-07 15:39:04.089000,2017-06-01 08:34:13.891000
COL000133,Steve Lebsock,Steve,,Lebsock,,,True,co,lower,34,Democratic,http://leg.colorado.gov/sites/default/files/styles/width_300/public/2017A_rsz_lebsock-co-17.jpg?itok=pCiv7hUW,2013-01-07 15:39:04.095000,2017-06-01 08:34:14.006000
COL000135,Jonathan Singer,Jonathan,,Singer,,,True,co,lower,11,Democratic,http://leg.colorado.gov/sites/default/files/styles/width_300/public/2017A_rsz_singer-co-17.jpg?itok=sN-g2JZ1,2013-01-07 15:39:04.119000,2017-06-01 08:34:13.497000
COL000136,Mike Foote,Mike,,Foote,,,True,co,lower,12,Democratic,http://leg.colorado.gov/sites/default/files/styles/width_300/public/2017A_rsz_foote-co-17.jpg?itok=rzPoKNvc,2013-01-07 15:39:04.137000,2017-06-01 08:34:13.995000
COL000137,Dan Nordberg,Dan,,Nordberg,,,True,co,lower,14,Republican,http://leg.colorado.gov/sites/default/files/styles/width_300/public/2017A_rsz_nordberg-co-17.jpg?itok=OKyN4gj7,2013-01-07 15:39:04.153000,2017-06-01 08:34:13.924000
COL000143,Joann Ginal,Joann,,Ginal,,,True,co,lower,52,Democratic,http://leg.colorado.gov/sites/default/files/styles/width_300/public/2017A_rsz_ginal-co-17.jpg?itok=xWeQfcTW,2013-01-07 15:39:04.518000,2017-06-01 08:34:13.896000
COL000146,Stephen Humphrey,Stephen,,Humphrey,,,True,co,lower,48,Republican,http://leg.colorado.gov/sites/default/files/styles/width_300/public/2017A_rsz_humphrey-co-17.jpg?itok=BJOroyOi,2013-01-07 15:39:04.542000,2017-06-01 08:34:13.733000
COL000147,Bob Rankin,Bob,,Rankin,,,True,co,lower,57,Republican,http://leg.colorado.gov/sites/default/files/styles/width_300/public/2017A_rsz_rankin-c-17.jpg?itok=S1goa87t,2013-01-07 15:39:04.548000,2017-06-01 08:34:13.525000
COL000161,KC Becker,KC,,Becker,,,True,co,lower,13,Democratic,http://leg.colorado.gov/sites/default/files/styles/width_300/public/2017A_rsz_beckerkc-co-17.jpg?itok=JoKFGEMJ,2013-11-16 01:17:05.056000,2017-06-01 08:34:13.850000
COL000163,"Lontine, Susan",Susan,,Lontine,,,True,co,lower,1,Democratic,http://leg.colorado.gov/sites/default/files/styles/width_300/public/2017A_rsz_lontine-co-17.jpg?itok=p1C_zvdG,2015-01-06 19:05:33.647000,2017-06-01 08:34:13.792000
COL000164,"Garnett, Alec",Alec,,Garnett,,,True,co,lower,2,Democratic,http://leg.colorado.gov/sites/default/files/styles/width_300/public/2017A_rsz_garnett-co-17.jpg?itok=3Cca_7YO,2015-01-06 19:05:33.667000,2017-06-01 08:34:14.051000
COL000168,"Arndt, Jeni James",Jeni James,,Arndt,,,True,co,lower,53,Democratic,http://leg.colorado.gov/sites/default/files/styles/width_300/public/2017A_rsz_arndt-co-17.jpg?itok=NLUeVmOp,2015-01-06 19:05:33.791000,2017-06-01 08:34:14.016000
COL000169,"Winter, Faith",Faith,,Winter,,,True,co,lower,35,Democratic,http://leg.colorado.gov/sites/default/files/styles/width_300/public/2017A_rsz_winter-co-17.jpg?itok=SIfWhcLi,2015-01-06 19:05:33.805000,2017-06-01 08:34:13.933000
COL000175,"Neville, Patrick",Patrick,,Neville,,,True,co,lower,45,Republican,http://leg.colorado.gov/sites/default/files/styles/width_300/public/2017A_rsz_nevillep-co-17.jpg?itok=bvvWPUL7,2015-01-06 19:05:33.891000,2017-06-01 08:34:13.846000
COL000178,"Van Winkle, Kevin",Kevin,,Van Winkle,,,True,co,lower,43,Republican,http://leg.colorado.gov/sites/default/files/styles/width_300/public/2017A_rsz_vanwinkle-co-17.jpg?itok=ucG9Liba,2015-01-06 19:05:33.951000,2017-06-01 08:34:13.798000
COL000179,"Willett, Yeulin",Yeulin,,Willett,,,True,co,lower,54,Republican,http://leg.colorado.gov/sites/default/files/styles/width_300/public/2017A_rsz_willett-co-15.jpg?itok=9d2tAX65,2015-01-06 19:05:33.963000,2017-06-01 08:34:14.018000
COL000183,"Danielson, Jessie",Jessie,,Danielson,,,True,co,lower,24,Democratic,http://leg.colorado.gov/sites/default/files/styles/width_300/public/2017A_rsz_danielson-co-17.jpg?itok=2dQXE-Mp,2015-01-06 19:05:34.101000,2017-06-01 08:34:14.020000
COL000184,"Carver, Terri",Terri,,Carver,,,True,co,lower,20,Republican,http://leg.colorado.gov/sites/default/files/styles/width_300/public/2017A_rsz_carver-co-17.jpg?itok=TnfHLztC,2015-01-06 19:05:34.115000,2017-06-01 08:34:13.974000
COL000187,"Thurlow, Dan",Dan,,Thurlow,,,True,co,lower,55,Republican,http://leg.colorado.gov/sites/default/files/styles/width_300/public/2017A_rsz_thurlow-co-17.jpg?itok=MFFVRZwO,2015-01-06 19:05:34.160000,2017-06-01 08:34:13.827000
COL000188,"Ransom, Kim",Kim,,Ransom,,,True,co,lower,44,Republican,http://leg.colorado.gov/sites/default/files/styles/width_300/public/2017A_rsz_ransom-co-17.jpg?itok=77xM366z,2015-01-06 19:05:34.175000,2017-06-01 08:34:13.471000
COL000189,"Lundeen, Paul",Paul,,Lundeen,,,True,co,lower,19,Republican,http://leg.colorado.gov/sites/default/files/styles/width_300/public/2017A_rsz_lundeen-co-17.jpg?itok=At23uvOs,2015-01-06 19:05:34.262000,2017-06-01 08:34:14.040000
COL000191,"Esgar, Daneya",Daneya,,Esgar,,,True,co,lower,46,Democratic,http://leg.colorado.gov/sites/default/files/styles/width_300/public/2017A_rsz_esgar-co-17.jpg?itok=Dt_fTRcz,2015-01-06 19:05:34.327000,2017-06-01 08:34:14.023000
COL000198,"Sias, Lang",Lang,,Sias,,,True,co,lower,27,Republican,http://leg.colorado.gov/sites/default/files/styles/width_300/public/2017A_rsz_sias-co-17.jpg?itok=SJE1-akc,2015-02-04 01:30:44.415000,2017-06-01 08:34:14.058000
COL000202,"Wist, Cole",Cole,,Wist,,,True,co,lower,37,Republican,http://leg.colorado.gov/sites/default/files/styles/width_300/public/2017A_rsz_h-wist_cole_add_2016.jpg?itok=3lSuSB5W,2016-03-09 09:50:34.281000,2017-06-01 08:34:13.984000
COL000205,"Leonard, Timothy",Timothy,,Leonard,,,True,co,lower,25,Republican,http://leg.colorado.gov/sites/default/files/styles/width_300/public/2017A_rsz_leonard-co-17.jpg?itok=04qLNoWB,2016-03-09 09:50:34.444000,2017-06-01 08:34:14.042000
COL000214,"Hooton, Edie",Edie,,Hooton,,,True,co,lower,10,Democratic,http://leg.colorado.gov/sites/default/files/styles/width_300/public/2017A_rsz_hooton-co-17.jpg?itok=tNeo6o8V,2017-01-13 07:06:33.311000,2017-06-01 08:34:13.825000
COL000215,"Kennedy, Chris",Chris,,Kennedy,,,True,co,lower,23,Democratic,http://leg.colorado.gov/sites/default/files/styles/width_300/public/2017A_rsz_kennedy-co-17.jpg?itok=u5aDpEya,2017-01-13 07:06:33.345000,2017-06-01 08:34:13.757000
COL000216,"Catlin, Marc",Marc,,Catlin,,,True,co,lower,58,Republican,http://leg.colorado.gov/sites/default/files/styles/width_300/public/2017A_rsz_catlin-co-17.jpg?itok=0XqRfJus,2017-01-13 07:06:33.350000,2017-06-01 08:34:13.771000
COL000217,"Gray, Matt",Matt,,Gray,,,True,co,lower,33,Democratic,http://leg.colorado.gov/sites/default/files/styles/width_300/public/2017A_rsz_gray-co-17.jpg?itok=k1eZPDkD,2017-01-13 07:06:33.378000,2017-06-01 08:34:13.751000
COL000218,"Hansen, Chris",Chris,,Hansen,,,True,co,lower,6,Democratic,http://leg.colorado.gov/sites/default/files/styles/width_300/public/2017A_rsz_hansen-co-17.jpg?itok=iYHh4Cc0,2017-01-13 07:06:33.383000,2017-06-01 08:34:14.010000
COL000219,"McKean, Hugh",Hugh,,McKean,,,True,co,lower,51,Republican,http://leg.colorado.gov/sites/default/files/styles/width_300/public/2017A_rsz_mckean-co-17.jpg?itok=6_m5gqYM,2017-01-13 07:06:33.399000,2017-06-01 08:34:14.012000
COL000220,"Beckman, Susan",Susan,,Beckman,,,True,co,lower,38,Republican,http://leg.colorado.gov/sites/default/files/styles/width_300/public/2017A_rsz_beckman-co-17.jpg?itok=iaoPg7OO,2017-01-13 07:06:33.404000,2017-06-01 08:34:13.761000
COL000221,"Benavidez, Adrienne",Adrienne,,Benavidez,,,True,co,lower,32,Democratic,http://leg.colorado.gov/sites/default/files/styles/width_300/public/2017A_rsz_benavidez-co-17.jpg?itok=2gq_Li7d,2017-01-13 07:06:33.410000,2017-06-01 08:34:13.955000
COL000223,"Salazar, Joseph",Joseph,,Salazar,,,True,co,lower,31,Democratic,http://leg.colorado.gov/sites/default/files/styles/width_300/public/2017A_rsz_salazar-co-17.jpg?itok=kBAi7O-R,2017-01-13 07:06:33.436000,2017-06-01 08:33:53.971000
COL000225,"Weissman, Mike",Mike,,Weissman,,,True,co,lower,36,Democratic,http://leg.colorado.gov/sites/default/files/styles/width_300/public/2017A_rsz_weissman-co-17.jpg?itok=0k8tbq5N,2017-01-13 07:06:33.453000,2017-06-01 08:34:13.972000
COL000226,"Coleman, James",James,,Coleman,,,True,co,lower,7,Democratic,http://leg.colorado.gov/sites/default/files/styles/width_300/public/2017A_rsz_coleman-co-17.jpg?itok=-y11Ljng,2017-01-13 07:06:33.458000,2017-06-01 08:34:13.639000
COL000227,"Lewis, Kimmi",Kimmi,,Lewis,,,True,co,lower,64,Republican,http://leg.colorado.gov/sites/default/files/styles/width_300/public/2017A_rsz_lewis-co-17.jpg?itok=sXp4WEcO,2017-01-13 07:06:33.475000,2017-06-01 08:34:14.025000
COL000231,"Liston, Larry",Larry,,Liston,,,True,co,lower,16,Republican,http://leg.colorado.gov/sites/default/files/styles/width_300/public/2017A_rsz_liston-co-17.jpg?itok=bHYOYQod,2017-01-13 07:06:33.554000,2017-06-01 08:34:13.426000
COL000233,"McLachlan, Barbara",Barbara,,McLachlan,,,True,co,lower,59,Democratic,http://leg.colorado.gov/sites/default/files/styles/width_300/public/2017A_rsz_mclachlan-co-17.jpg?itok=Gq2SmWoI,2017-01-13 07:06:33.595000,2017-06-01 08:34:14.049000
COL000235,"Valdez, Donald",Donald,,Valdez,,,True,co,lower,62,Democratic,http://leg.colorado.gov/sites/default/files/styles/width_300/public/2017A_rsz_valdez-co-17.jpg?itok=DGsqzC4Y,2017-01-13 07:06:33.646000,2017-06-01 08:34:14.008000
COL000236,"Wilson, James",James,,Wilson,,,True,co,lower,60,Republican,http://leg.colorado.gov/sites/default/files/styles/width_300/public/2017A_rsz_wilson-co-17.jpg?itok=NpfVZmvf,2017-01-13 07:06:33.652000,2017-06-01 08:33:53.985000
COL000238,"Jackson, Dominique",Dominique,,Jackson,,,True,co,lower,42,Democratic,http://leg.colorado.gov/sites/default/files/styles/width_300/public/2017A_rsz_jackson-co-17.jpg?itok=TN8Umo-F,2017-01-13 07:06:33.668000,2017-06-01 08:34:13.879000
COL000239,"Bridges, Jeff",Jeff,,Bridges,,,True,co,lower,3,Democratic,http://leg.colorado.gov/sites/default/files/styles/width_300/public/2017A_rsz_bridges-co-17.jpg?itok=HVZu2yFd,2017-01-13 07:06:33.679000,2017-06-01 08:34:14.046000
COL000240,"Michaelson Jenet, Dafna",Dafna,,Michaelson Jenet,,,True,co,lower,30,Democratic,http://leg.colorado.gov/sites/default/files/styles/width_300/public/2017A_rsz_michaelson_jenet-co-17.jpg?itok=6kVyIQoH,2017-01-13 07:06:33.685000,2017-06-01 08:34:13.769000
COL000242,"Buckner, Janet",Janet,,Buckner,,,True,co,lower,40,Democratic,http://leg.colorado.gov/sites/default/files/styles/width_300/public/2017A_rsz_buckner-co-17.jpg?itok=_ASqCgt_,2017-01-13 07:06:33.702000,2017-06-01 08:33:53.922000
COL000243,"Exum, Tony",Tony,,Exum,,,True,co,lower,17,Democratic,http://leg.colorado.gov/sites/default/files/styles/width_300/public/2017A_rsz_exum-co-17.jpg?itok=ybTAuKVD,2017-01-13 07:06:33.713000,2017-06-01 08:33:53.938000
COL000245,"Herod, Leslie",Leslie,,Herod,,,True,co,lower,8,Democratic,http://leg.colorado.gov/sites/default/files/styles/width_300/public/2017A_rsz_herod-co-17.jpg?itok=EHIaodcP,2017-01-13 07:06:33.741000,2017-06-01 08:34:13.980000
COL000246,"Covarrubias, Phil",Phil,,Covarrubias,,,True,co,lower,56,Republican,http://leg.colorado.gov/sites/default/files/styles/width_300/public/2017A_rsz_1covarrubias-co-17_1.jpg?itok=ck-Aip7c,2017-01-13 07:06:33.787000,2017-06-01 08:34:13.755000
COL000249,"Williams, Dave",Dave,,Williams,,,True,co,lower,15,Republican,http://leg.colorado.gov/sites/default/files/styles/width_300/public/2017A_rsz_williams-co-17.jpg?itok=myy3I0uQ,2017-01-13 07:06:33.842000,2017-06-01 08:34:13.731000
COL000005,Cheri Jahn,Cheri,,Jahn,,,True,co,upper,20,Democratic,http://leg.colorado.gov/sites/default/files/styles/width_300/public/2017A_rsz_jahn-co-17.jpg?itok=aaESfdE5,2012-01-19 01:01:48.590000,2017-06-01 08:34:13.945000
COL000018,Kent D. Lambert,Kent,,Lambert,,,True,co,upper,9,Republican,http://leg.colorado.gov/sites/default/files/styles/width_300/public/2017A_rsz_lambert-co-17.jpg?itok=mltsf2QF,2012-01-19 01:01:48.735000,2017-06-01 08:33:54.006000
COL000024,Kevin Lundberg,Kevin,,Lundberg,,,True,co,upper,15,Republican,http://leg.colorado.gov/sites/default/files/styles/width_300/public/2017A_rsz_lundberg-co-17.jpg?itok=gL129prD,2012-01-19 01:01:48.800000,2017-06-01 08:34:13.542000
COL000033,Lucia Guzman,Lucia,,Guzman,,,True,co,upper,34,Democratic,http://leg.colorado.gov/sites/default/files/styles/width_300/public/2017A_rsz_guzman-co-17.jpg?itok=ecdnleh2,2012-01-19 01:01:48.895000,2017-06-01 08:34:14
COL000035,Irene Aguilar,Irene,,Aguilar,,,True,co,upper,32,Democratic,http://leg.colorado.gov/sites/default/files/styles/width_300/public/2017A_S-Aguilar%2C%20Irene.jpg?itok=TbnYwoKn,2012-01-19 01:01:48.916000,2017-06-01 08:34:13.578000
COL000037,Ray Scott,Ray,,Scott,,,True,co,upper,7,Republican,http://leg.colorado.gov/sites/default/files/styles/width_300/public/2017A_rsz_scott-co-17.jpg?itok=TriuQ82c,2012-01-19 01:01:48.937000,2017-06-01 08:34:13.900000
COL000045,Jerry Sonnenberg,Jerry,,Sonnenberg,,,True,co,upper,1,Republican,http://leg.colorado.gov/sites/default/files/styles/width_300/public/2017A_rsz_sonnenberg-co-17.jpg?itok=DgJeWXJT,2012-01-19 01:01:49.029000,2017-06-01 08:34:13.857000
COL000057,Chris Holbert,Chris,,Holbert,,,True,co,upper,30,Republican,http://leg.colorado.gov/sites/default/files/styles/width_300/public/2017A_rsz_holbert-co-17.jpg?itok=LhRinNL4,2012-01-19 01:01:49.168000,2017-06-01 08:34:13.993000
COL000062,Nancy Todd,Nancy,,Todd,,,True,co,upper,28,Democratic,http://leg.colorado.gov/sites/default/files/styles/width_300/public/2017A_rsz_todd-co-17.jpg?itok=8bP_YElU,2012-01-19 01:01:49.221000,2017-06-01 08:34:13.911000
COL000069,Angela Williams,Angela,,Williams,,,True,co,upper,33,Democratic,"http://www.leg.state.co.us//clics/clics2017A/directory.nsf/0/979CA7E851AB85AF8725806700652841/$FILE/H-Williams, Angela.jpg",2012-01-19 01:01:49.315000,2017-06-01 08:33:53.990000
COL000082,Matt Jones,Matt,,Jones,,,True,co,upper,17,Democratic,http://leg.colorado.gov/sites/default/files/styles/width_300/public/2017A_rsz_jones-co-17.jpg?itok=UjP0GlXG,2012-01-19 01:01:49.476000,2017-06-01 08:34:13.867000
COL000094,John Kefalas,John,,Kefalas,,,True,co,upper,14,Democratic,http://leg.colorado.gov/sites/default/files/styles/width_300/public/2017A_S-Kefalas%2C%20John.jpg?itok=Z_2mdw0X,2012-01-19 01:01:49.641000,2017-06-01 08:34:13.938000
COL000099,Randy Baumgardner,Randy,,Baumgardner,,,True,co,upper,8,Republican,http://leg.colorado.gov/sites/default/files/styles/width_300/public/2017A_S-Baumgardner%2C%20Randy.jpg?itok=j2rVHk36,2012-01-19 01:01:49.773000,2017-06-01 08:33:54.037000
COL000104,Vicki Marble,Vicki,,Marble,,,True,co,upper,23,Republican,http://leg.colorado.gov/sites/default/files/styles/width_300/public/2017A_S-Marble%2C%20Vicki.jpg?itok=mPIBvf4o,2013-01-07 15:39:03.670000,2017-06-01 08:34:13.869000
COL000107,Owen Hill,Owen,,Hill,,,True,co,upper,10,Republican,http://leg.colorado.gov/sites/default/files/styles/width_300/public/2017A_rsz_hill-co-17.jpg?itok=nslh09a7,2013-01-07 15:39:03.756000,2017-06-01 08:34:13.812000
COL000111,Larry Crowder,Larry,,Crowder,,,True,co,upper,35,Republican,http://leg.colorado.gov/sites/default/files/styles/width_300/public/2017A_rsz_crowder-co-17.jpg?itok=mSX9VE6i,2013-01-07 15:39:03.826000,2017-06-01 08:33:54.009000
COL000148,Andy Kerr,Andy,,Kerr,,,True,co,upper,22,Democratic,http://leg.colorado.gov/sites/default/files/styles/width_300/public/2017A_rsz_kerr-co-17.jpg?itok=7PbbsZLx,2013-01-15 00:11:16.217000,2017-06-01 08:34:13.830000
COL000165,"Tate, Jack",Jack,,Tate,,,True,co,upper,27,Republican,http://leg.colorado.gov/sites/default/files/styles/width_300/public/2017A_rsz_tate-co-17.jpg?itok=Jm4n129c,2015-01-06 19:05:33.714000,2017-06-01 08:34:13.949000
COL000174,"Martinez Humenik, Beth",Beth,,Martinez Humenik,,,True,co,upper,24,Republican,http://leg.colorado.gov/sites/default/files/styles/width_300/public/2017A_rsz_martinez_humenik-co-17.jpg?itok=0Q3uN6--,2015-01-06 19:05:33.876000,2017-06-01 08:34:13.823000
COL000182,"Garcia, Leroy",Leroy,,Garcia,,,True,co,upper,3,Democratic,http://leg.colorado.gov/sites/default/files/styles/width_300/public/2017A_S-Garcia%2C%20Leroy.jpg?itok=TZEVKNZx,2015-01-06 19:05:34.088000,2017-06-01 08:33:53.999000
COL000185,"Cooke, John",John,,Cooke,,,True,co,upper,13,Republican,http://leg.colorado.gov/sites/default/files/styles/width_300/public/2017A_rsz_cooke-co-17.jpg?itok=skgG5KPQ,2015-01-06 19:05:34.138000,2017-06-01 08:34:13.982000
COL000186,"Donovan, Kerry",Kerry,,Donovan,,,True,co,upper,5,Democratic,http://leg.colorado.gov/sites/default/files/styles/width_300/public/2017A_rsz_donovan-co-17.jpg?itok=ALMNR5hU,2015-01-06 19:05:34.152000,2017-06-01 08:34:13.929000
COL000192,"Merrifield, Michael",Michael,,Merrifield,,,True,co,upper,11,Democratic,http://leg.colorado.gov/sites/default/files/styles/width_300/public/2017A_S-Merrifield%2C%20Michael.jpg?itok=nYG4FdaH,2015-01-06 19:05:34.342000,2017-06-01 08:34:13.275000
COL000194,"Neville, Tim",Tim,,Neville,,,True,co,upper,16,Republican,http://leg.colorado.gov/sites/default/files/styles/width_300/public/2017A_rsz_nevilletim-co-17.jpg?itok=yvv8pJ6w,2015-01-06 19:05:34.378000,2017-06-01 08:34:13.942000
COL000222,"Fenberg, Stephen",Stephen,,Fenberg,,,True,co,upper,18,Democratic,http://leg.colorado.gov/sites/default/files/styles/width_300/public/2017A_rsz_fenberg-co-17.jpg?itok=n2zt0m22,2017-01-13 07:06:33.431000,2017-06-01 08:34:13.874000
COL000228,"Court, Lois",Lois,,Court,,,True,co,upper,31,Democratic,http://leg.colorado.gov/sites/default/files/styles/width_300/public/2017A_rsz_court-co-17.jpg?itok=vTC0hxyt,2017-01-13 07:06:33.491000,2017-06-01 08:34:13.814000
COL000229,"Zenzinger, Rachel",Rachel,,Zenzinger,,,True,co,upper,19,Democratic,http://leg.colorado.gov/sites/default/files/styles/width_300/public/2017A_rsz_zenzinger-co-17.jpg?itok=nYE9BHNu,2017-01-13 07:06:33.502000,2017-06-01 08:34:13.898000
COL000230,"Priola, Kevin",Kevin,,Priola,,,True,co,upper,25,Republican,http://leg.colorado.gov/sites/default/files/styles/width_300/public/2017A_rsz_priola-co-17.jpg?itok=aNQWzYkG,2017-01-13 07:06:33.507000,2017-06-01 08:34:13.940000
COL000232,"Moreno, Dominick",Dominick,,Moreno,,,True,co,upper,21,Democratic,http://leg.colorado.gov/sites/default/files/styles/width_300/public/2017A_rsz_moreno-co-17.jpg?itok=fN5eX3g0,2017-01-13 07:06:33.590000,2017-06-01 08:34:13.821000
COL000234,"Kagan, Daniel",Daniel,,Kagan,,,True,co,upper,26,Democratic,http://leg.colorado.gov/sites/default/files/styles/width_300/public/2017A_rsz_kagan-co-17.jpg?itok=a4fqDkX9,2017-01-13 07:06:33.601000,2017-06-01 08:34:13.988000
COL000237,"Smallwood, Jim",Jim,,Smallwood,,,True,co,upper,4,Republican,http://leg.colorado.gov/sites/default/files/styles/width_300/public/2017A_rsz_smallwood-co-17.jpg?itok=5C5pBrTL,2017-01-13 07:06:33.663000,2017-06-01 08:34:13.947000
COL000241,"Grantham, Kevin",Kevin,,Grantham,,,True,co,upper,2,Republican,http://leg.colorado.gov/sites/default/files/styles/width_300/public/2017A_rsz_grantham.jpg?itok=hlBBptB0,2017-01-13 07:06:33.691000,2017-06-01 08:33:54.001000
COL000244,"Gardner, Bob",Bob,,Gardner,,,True,co,upper,12,Republican,http://leg.colorado.gov/sites/default/files/styles/width_300/public/2017A_rsz_gardner-co-17.jpg?itok=zm6srKVE,2017-01-13 07:06:33.719000,2017-06-01 08:34:13.991000
COL000247,"Coram, Don",Don,,Coram,,,True,co,upper,6,Republican,http://leg.colorado.gov/sites/default/files/styles/width_300/public/2017A_rsz_coram-co-17.jpg?itok=ijXAVBsm,2017-01-13 07:06:33.826000,2017-06-01 08:34:13.862000
COL000248,"Fields, Rhonda",Rhonda,,Fields,,,True,co,upper,29,Democratic,http://leg.colorado.gov/sites/default/files/styles/width_300/public/2017A_rsz_fields-co-17.jpg?itok=whtQkOWr,2017-01-13 07:06:33.831000,2017-06-01 08:34:13.213000
COL000263,"Williams, Angela",Angela,,Williams,,,True,co,upper,33,Democratic,http://leg.colorado.gov/sites/default/files/styles/width_300/public/2017A_rsz_williamsangela-co-17.jpg?itok=ME6YHUyU,2017-04-14 08:06:18.877000,2017-06-01 08:33:54.043000
