id,state,chamber,committee,subcommittee,parent_id
WAC000016,wa,lower,Agriculture & Natural Resources,,
WAC000017,wa,lower,Business & Financial Services,,
WAC000018,wa,lower,Capital Budget,,
WAC000020,wa,lower,Early Learning & Human Services,,
WAC000021,wa,lower,Education,,
WAC000023,wa,lower,Environment,,
WAC000026,wa,lower,Health Care & Wellness,,
WAC000027,wa,lower,Higher Education,,
WAC000028,wa,lower,Judiciary,,
WAC000030,wa,lower,Local Government,,
WAC000032,wa,lower,Rules,,
WAC000035,wa,lower,Transportation,,
WAC000050,wa,lower,Appropriations,,
WAC000054,wa,lower,"Community Development, Housing & Tribal Affairs",,
WAC000055,wa,lower,Finance,,
WAC000058,wa,lower,Public Safety,,
WAC000059,wa,lower,Technology & Economic Development,,
WAC000071,wa,lower,State Government,,
WAC000074,wa,lower,Commerce & Gaming,,
WAC000077,wa,lower,Labor & Workplace Standards,,
WAC000082,wa,lower,"State Government, Elections & Information Technology",,
WAC000002,wa,upper,Early Learning & K-12 Education,,
WAC000014,wa,upper,Transportation,,
WAC000015,wa,upper,Ways & Means,,
WAC000042,wa,upper,"Energy, Environment & Telecommunications",,
WAC000045,wa,upper,Health Care,,
WAC000062,wa,upper,Higher Education,,
WAC000063,wa,upper,Law & Justice,,
WAC000064,wa,upper,Natural Resources & Parks,,
WAC000066,wa,upper,Rules,,
WAC000070,wa,upper,"Human Services, Mental Health & Housing",,
WAC000072,wa,upper,Financial Institutions & Insurance,,
WAC000078,wa,upper,"Agriculture, Water, Trade & Economic Development",,
WAC000079,wa,upper,"Commerce, Labor & Sports",,
WAC000080,wa,upper,Local Government,,
WAC000081,wa,upper,State Government,,
