leg_id,full_name,first_name,middle_name,last_name,suffixes,nickname,active,state,chamber,district,party,photo_url,created_at,updated_at
WAL000002,Jeff Baxter,Jeff,,Baxter,,,False,wa,,,,http://www.leg.wa.gov/senate/senators/publishingimages/baxter.jpg,2011-02-25 17:48:47.981000,2012-07-12 17:23:48.642000
WAL000004,Don Benton,Don,,Benton,,,False,wa,,,,http://www.leg.wa.gov/Senate/Senators/PublishingImages/benton.jpg,2011-02-25 17:48:47.984000,2017-02-03 03:26:21.131000
WAL000005,Lisa Brown,Lisa,,Brown,,,False,wa,,,,http://www.leg.wa.gov/senate/senators/publishingimages/brown.jpg,2011-02-25 17:48:47.997000,2013-01-10 00:22:37.036000
WAL000006,Mike Carrell,Mike,,Carrell,,,False,wa,,,,http://www.leg.wa.gov/senate/senators/publishingimages/carrell.jpg,2011-02-25 17:48:47.999000,2014-10-29 05:08:41.320000
WAL000009,Jerome Delvin,Jerome,,Delvin,,,False,wa,,,,http://www.leg.wa.gov/senate/senators/publishingimages/delvin.jpg,2011-02-25 17:48:48.005000,2013-02-06 15:13:17.282000
WAL000010,Tracey Eide,Tracey,,Eide,,,False,wa,,,,http://www.leg.wa.gov/senate/senators/publishingimages/eide.jpg,2011-02-25 17:48:48.006000,2015-01-12 18:52:29.086000
WAL000013,Karen Fraser,Karen,,Fraser,,,False,wa,,,,http://www.leg.wa.gov/Senate/Senators/PublishingImages/fraser.jpg,2011-02-25 17:48:48.012000,2017-02-03 03:27:10.087000
WAL000014,James Hargrove,Jim,,Hargrove,,,False,wa,,,,http://www.leg.wa.gov/Senate/Senators/PublishingImages/hargrove.jpg,2011-02-25 17:48:48.013000,2017-02-03 03:27:14.210000
WAL000015,Nick Harper,Nick,,Harper,,,False,wa,,,,,2011-02-25 17:48:48.015000,2013-12-10 21:32:34.580000
WAL000016,Brian Hatfield,Brian,,Hatfield,,,False,wa,,,,http://www.leg.wa.gov/Senate/Senators/PublishingImages/hatfield.jpg,2011-02-25 17:48:48.017000,2015-12-11 21:57:42.438000
WAL000017,Mary Margaret Haugen,Mary,Margaret,Haugen,,,False,wa,,,,http://www.leg.wa.gov/senate/senators/publishingimages/haugen.jpg,2011-02-25 17:48:48.019000,2013-01-10 00:22:37.039000
WAL000018,Mike Hewitt,Mike,,Hewitt,,,False,wa,,,,http://www.leg.wa.gov/Senate/Senators/PublishingImages/hewitt.jpg,2011-02-25 17:48:48.020000,2017-02-03 03:26:17.466000
WAL000019,Andy Hill,Andy,,Hill,,,False,wa,,,,http://www.leg.wa.gov/Senate/Senators/PublishingImages/hill.jpg,2011-02-25 17:48:48.022000,2016-12-28 00:01:18.874000
WAL000021,Janéa Holmquist Newbry,Janéa,,Holmquist Newbry,,,False,wa,,,,http://www.leg.wa.gov/senate/senators/publishingimages/holmquistnewbry.jpg,2011-02-25 17:48:48.026000,2015-01-12 18:52:29.084000
WAL000023,Jim Kastama,Jim,,Kastama,,,False,wa,,,,http://www.leg.wa.gov/senate/senators/publishingimages/kastama.jpg,2011-02-25 17:48:48.039000,2013-01-10 00:22:37.031000
WAL000025,Derek Kilmer,Derek,,Kilmer,,,False,wa,,,,http://www.leg.wa.gov/senate/senators/publishingimages/kilmer.jpg,2011-02-25 17:48:48.043000,2013-01-10 00:22:37.033000
WAL000027,Adam Kline,Adam,,Kline,,,False,wa,,,,http://www.leg.wa.gov/senate/senators/publishingimages/kline.jpg,2011-02-25 17:48:48.046000,2015-01-12 18:52:29.088000
WAL000028,Jeanne Kohl-Welles,Jeanne,,Kohl-Welles,,,False,wa,,,,http://www.leg.wa.gov/Senate/Senators/PublishingImages/kohl-welles.jpg,2011-02-25 17:48:48.048000,2016-02-05 02:11:02.021000
WAL000029,Steve Litzow,Steve,,Litzow,,,False,wa,,,,http://www.leg.wa.gov/Senate/Senators/PublishingImages/litzow.jpg,2011-02-25 17:48:48.050000,2017-02-03 03:27:28.679000
WAL000030,Rosemary McAuliffe,Rosemary,,McAuliffe,,,False,wa,,,,http://www.leg.wa.gov/Senate/Senators/PublishingImages/mcauliffe.jpg,2011-02-25 17:48:48.052000,2017-02-03 03:26:06.134000
WAL000031,Bob Morton,Bob,,Morton,,,False,wa,,,,http://www.leg.wa.gov/senate/senators/publishingimages/morton.jpg,2011-02-25 17:48:48.053000,2013-01-10 00:22:37.034000
WAL000032,Ed Murray,Ed,,Murray,,,False,wa,,,,http://www.leg.wa.gov/senate/senators/publishingimages/murray.jpg,2011-02-25 17:48:48.055000,2014-01-07 21:44:40.172000
WAL000034,Linda Evans Parlette,Linda,Evans,Parlette,,,False,wa,,,,http://www.leg.wa.gov/Senate/Senators/PublishingImages/parlette.jpg,2011-02-25 17:48:48.059000,2017-02-03 03:26:14.064000
WAL000035,Cheryl Pflug,Cheryl,,Pflug,,,False,wa,,,,http://www.leg.wa.gov/senate/senators/publishingimages/pflug.jpg,2011-02-25 17:48:48.163000,2012-07-12 17:27:39.083000
WAL000036,Margarita Prentice,Margarita,,Prentice,,,False,wa,,,,http://www.leg.wa.gov/senate/senators/publishingimages/prentice.jpg,2011-02-25 17:48:48.164000,2013-01-10 00:22:37.032000
WAL000037,Craig Pridemore,Craig,,Pridemore,,,False,wa,,,,http://www.leg.wa.gov/senate/senators/publishingimages/pridemore.jpg,2011-02-25 17:48:48.166000,2013-01-10 00:22:37.029000
WAL000039,Debbie Regala,Debbie,,Regala,,,False,wa,,,,http://www.leg.wa.gov/senate/senators/publishingimages/regala.jpg,2011-02-25 17:48:48.170000,2013-01-10 00:22:37.038000
WAL000040,Pam Roach,Pam,,Roach,,,False,wa,,,,http://www.leg.wa.gov/Senate/Senators/PublishingImages/roach.jpg,2011-02-25 17:48:48.182000,2017-02-03 03:27:25.419000
WAL000041,Phil Rockefeller,Phil,,Rockefeller,,,False,wa,,,,http://www.leg.wa.gov/senate/senators/publishingimages/roach.jpg,2011-02-25 17:48:48.183000,2012-06-06 15:34:02.602000
WAL000044,Paull Shin,Paull,,Shin,,,False,wa,,,,http://www.leg.wa.gov/senate/senators/publishingimages/shin.jpg,2011-02-25 17:48:48.189000,2014-01-28 14:53:41.896000
WAL000045,Val Stevens,Val,,Stevens,,,False,wa,,,,http://www.leg.wa.gov/senate/senators/publishingimages/stevens.jpg,2011-02-25 17:48:48.190000,2013-01-10 00:22:37.037000
WAL000046,Dan Swecker,Dan,,Swecker,,,False,wa,,,,http://www.leg.wa.gov/senate/senators/publishingimages/swecker.jpg,2011-02-25 17:48:48.192000,2013-01-10 00:22:37.035000
WAL000047,Rodney Tom,Rodney,,Tom,,,False,wa,,,,http://www.leg.wa.gov/senate/senators/publishingimages/tom.jpg,2011-02-25 17:48:48.194000,2015-01-12 18:52:29.090000
WAL000048,Scott White,Scott,,White,,,False,wa,,,,http://www.leg.wa.gov/senate/senators/publishingimages/white.jpg,2011-02-25 17:48:48.196000,2012-06-06 15:35:48.731000
WAL000049,Joseph Zarelli,Joseph,,Zarelli,,,False,wa,,,,http://www.leg.wa.gov/senate/senators/publishingimages/zarelli.jpg,2011-02-25 17:48:48.197000,2012-06-06 15:32:49.633000
WAL000050,John Ahern,John,,Ahern,,,False,wa,,,,http://www.leg.wa.gov/house/representatives/publishingimages/ahern.jpg,2011-02-25 17:48:48.199000,2013-01-10 00:22:37.005000
WAL000051,Gary Alexander,Gary,,Alexander,,,False,wa,,,,http://www.leg.wa.gov/house/representatives/publishingimages/alexander.jpg,2011-02-25 17:48:48.201000,2014-01-21 16:15:09.924000
WAL000052,Glenn Anderson,Glenn,,Anderson,,,False,wa,,,,http://www.leg.wa.gov/house/representatives/publishingimages/anderson.jpg,2011-02-25 17:48:48.203000,2013-01-10 00:22:37.013000
WAL000055,Mike Armstrong,Mike,,Armstrong,,,False,wa,,,,http://www.leg.wa.gov/house/representatives/publishingimages/armstrong.jpg,2011-02-25 17:48:48.208000,2013-01-10 00:22:37.017000
WAL000056,Katrina Asay,Katrina,,Asay,,,False,wa,,,,http://www.leg.wa.gov/house/representatives/publishingimages/asay.jpg,2011-02-25 17:48:48.210000,2013-01-10 00:22:37.018000
WAL000067,Larry Crouse,Larry,,Crouse,,,False,wa,,,,http://www.leg.wa.gov/house/representatives/publishingimages/crouse.jpg,2011-02-25 17:48:48.239000,2014-01-15 14:44:32.760000
WAL000068,Cathy Dahlquist,Cathy,,Dahlquist,,,False,wa,,,,http://www.leg.wa.gov/house/representatives/publishingimages/dahlquist.jpg,2011-02-25 17:48:48.241000,2015-01-12 18:52:29.072000
WAL000069,Bruce Dammeier,Bruce,,Dammeier,,,False,wa,,,,http://www.leg.wa.gov/Senate/Senators/PublishingImages/dammeier.jpg,2011-02-25 17:48:48.243000,2017-02-03 03:27:19.407000
WAL000072,Mary Lou Dickerson,Mary Lou,,Dickerson,,,False,wa,,,,http://www.leg.wa.gov/house/representatives/publishingimages/dickerson.jpg,2011-02-25 17:48:48.248000,2013-01-10 00:22:37.007000
WAL000073,Hans Dunshee,Hans,,Dunshee,,,False,wa,,,,http://www.leg.wa.gov/House/Representatives/PublishingImages/dunshee.jpg,2011-02-25 17:48:48.250000,2016-04-19 17:31:51.470000
WAL000074,Deb Eddy,Deb,,Eddy,,,False,wa,,,,http://www.leg.wa.gov/house/representatives/publishingimages/eddy.jpg,2011-02-25 17:48:48.262000,2013-01-10 00:22:37.019000
WAL000075,Susan Fagan,Susan,,Fagan,,,False,wa,,,,,2011-02-25 17:48:48.264000,2015-07-08 20:00:48.941000
WAL000076,Fred Finn,Fred,,Finn,,,False,wa,,,,http://www.leg.wa.gov/house/representatives/publishingimages/finn.jpg,2011-02-25 17:48:48.271000,2013-01-10 00:22:37.020000
WAL000080,Tami Green,Tami,,Green,,,False,wa,,,,http://www.leg.wa.gov/house/representatives/publishingimages/green.jpg,2011-02-25 17:48:48.278000,2015-01-12 18:52:29.068000
WAL000081,Kathy Haigh,Kathy,,Haigh,,,False,wa,,,,http://www.leg.wa.gov/house/representatives/publishingimages/haigh.jpg,2011-02-25 17:48:48.280000,2015-01-12 18:52:29.074000
WAL000086,Bill Hinkle,Bill,,Hinkle,,,False,wa,,,,http://www.leg.wa.gov/house/representatives/publishingimages/hinkle.jpg,2011-02-25 17:48:48.301000,2013-01-10 00:22:37.028000
WAL000087,Mike Hope,Mike,,Hope,,,False,wa,,,,,2011-02-25 17:48:48.303000,2014-09-30 16:20:58.649000
WAL000089,Sam Hunt,Sam,,Hunt,,,False,wa,,,,http://www.leg.wa.gov/House/Representatives/PublishingImages/hunts.jpg,2011-02-25 17:48:48.306000,2017-02-03 03:31:27.121000
WAL000090,Ross Hunter,Ross,,Hunter,,,False,wa,,,,http://www.leg.wa.gov/House/Representatives/PublishingImages/hunter.jpg,2011-02-25 17:48:48.308000,2015-10-01 12:56:34.915000
WAL000091,Christopher Hurst,Christopher,,Hurst,,,False,wa,,,,http://www.leg.wa.gov/House/Representatives/PublishingImages/hurst.jpg,2011-02-25 17:48:48.310000,2017-02-03 03:33:21.992000
WAL000092,Jim Jacks,Jim,,Jacks,,,False,wa,,,,,2011-02-25 17:48:48.311000,2012-06-06 15:40:26.782000
WAL000096,Troy Kelley,Troy,,Kelley,,,False,wa,,,,http://www.leg.wa.gov/house/representatives/publishingimages/kelley.jpg,2011-02-25 17:48:48.318000,2013-01-10 00:22:37.011000
WAL000097,Phyllis Gutierrez Kenney,Phyllis,Gutierrez,Kenney,,,False,wa,,,,http://www.leg.wa.gov/house/representatives/publishingimages/kenney.jpg,2011-02-25 17:48:48.320000,2013-01-10 00:22:37.009000
WAL000102,Connie Ladenburg,Connie,,Ladenburg,,,False,wa,,,,http://www.leg.wa.gov/house/representatives/publishingimages/ladenburg.jpg,2011-02-25 17:48:48.329000,2013-01-10 00:22:37.010000
WAL000105,Marcie Maxwell,Marcie,,Maxwell,,,False,wa,,,,http://www.leg.wa.gov/house/representatives/publishingimages/maxwell.jpg,2011-02-25 17:48:48.334000,2013-09-12 14:27:13.839000
WAL000107,Jim McCune,Jim,,McCune,,,False,wa,,,,http://www.leg.wa.gov/house/representatives/publishingimages/mccune.jpg,2011-02-25 17:48:48.338000,2013-01-10 00:22:37.016000
WAL000109,Jim Moeller,Jim,,Moeller,,,False,wa,,,,http://www.leg.wa.gov/House/Representatives/PublishingImages/moeller.jpg,2011-02-25 17:48:48.342000,2017-02-03 03:33:35.827000
WAL000111,Luis Moscoso,Luis,,Moscoso,,,False,wa,,,,http://www.leg.wa.gov/House/Representatives/PublishingImages/moscoso.jpg,2011-02-25 17:48:48.345000,2017-02-03 03:28:58.055000
WAL000116,Jason Overstreet,Jason,,Overstreet,,,False,wa,,,,http://www.leg.wa.gov/house/representatives/publishingimages/overstreet.jpg,2011-02-25 17:48:48.355000,2015-01-12 18:52:29.078000
WAL000117,Kevin Parker,Kevin,,Parker,,,False,wa,,,,http://www.leg.wa.gov/House/Representatives/PublishingImages/parker.jpg,2011-02-25 17:48:48.357000,2017-02-03 03:29:05.229000
WAL000121,Tim Probst,Tim,,Probst,,,False,wa,,,,http://www.leg.wa.gov/house/representatives/publishingimages/probst.jpg,2011-02-25 17:48:48.378000,2013-01-10 00:22:37.008000
WAL000122,Chris Reykdal,Chris,,Reykdal,,,False,wa,,,,http://www.leg.wa.gov/House/Representatives/PublishingImages/reykdal.jpg,2011-02-25 17:48:48.379000,2017-02-03 03:31:30.610000
WAL000124,Mary Helen Roberts,Mary Helen,,Roberts,,,False,wa,,,,http://www.leg.wa.gov/house/representatives/publishingimages/roberts.jpg,2011-02-25 17:48:48.396000,2015-01-12 18:52:29.061000
WAL000127,Charles Ross,Charles,,Ross,,,False,wa,,,,http://www.leg.wa.gov/house/representatives/publishingimages/ross.jpg,2011-02-25 17:48:48.401000,2015-01-12 18:52:29.057000
WAL000131,Larry Seaquist,Larry,,Seaquist,,,False,wa,,,,http://www.leg.wa.gov/house/representatives/publishingimages/seaquist.jpg,2011-02-25 17:48:48.408000,2015-01-12 18:52:29.066000
WAL000134,Shelly Short,Shelly,,Short,,,False,wa,,,,http://www.leg.wa.gov/House/Representatives/PublishingImages/short.jpg,2011-02-25 17:48:48.431000,2017-02-04 03:07:20.707000
WAL000142,Dave Upthegrove,Dave,,Upthegrove,,,False,wa,,,,http://www.leg.wa.gov/house/representatives/publishingimages/upthegrove.jpg,2011-02-25 17:48:48.447000,2013-12-18 14:46:26.152000
WAL000143,Kevin Van De Wege,Kevin,,Van De Wege,,,False,wa,,,,http://www.leg.wa.gov/House/Representatives/PublishingImages/vandewege.jpg,2011-02-25 17:48:48.448000,2017-02-03 03:31:33.810000
WAL000144,Maureen Walsh,Maureen,,Walsh,,,False,wa,,,,http://www.leg.wa.gov/House/Representatives/PublishingImages/walshm.jpg,2011-02-25 17:48:48.450000,2017-02-03 03:31:20.202000
WAL000147,Hans Zeiger,Hans,,Zeiger,,,False,wa,,,,http://www.leg.wa.gov/House/Representatives/PublishingImages/zeiger.jpg,2011-02-25 17:48:48.466000,2017-02-03 03:31:37.584000
WAL000156,Dino Rossi,Dino,,Rossi,,,False,wa,,,,http://www.leg.wa.gov/senate/senators/publishingimages/rossi.jpg,2012-07-11 07:54:29.551000,2013-01-10 00:22:37.040000
WAL000171,John Smith,John,,Smith,,,False,wa,,,,http://www.leg.wa.gov/senate/senators/publishingimages/smith.jpg,2013-01-15 00:36:09.755000,2013-12-17 20:53:36.100000
WAL000175,Roger Freeman,Roger,,Freeman,,,False,wa,,,,http://www.leg.wa.gov/house/representatives/publishingimages/freeman.jpg,2013-01-15 00:36:10.021000,2015-01-12 18:52:29.070000
WAL000176,Cyrus Habib,Cyrus,,Habib,,,False,wa,,,,http://www.leg.wa.gov/Senate/Senators/PublishingImages/habib.jpg,2013-01-15 00:36:10.032000,2017-06-01 11:03:04.017000
WAL000177,Brad Hawkins,Brad,,Hawkins,,,False,wa,,,,http://www.leg.wa.gov/House/Representatives/PublishingImages/hawkins.jpg,2013-01-15 00:36:10.048000,2017-02-03 03:29:09.310000
WAL000180,Linda Kochmar,Linda,,Kochmar,,,False,wa,,,,http://www.leg.wa.gov/House/Representatives/PublishingImages/kochmar.jpg,2013-01-15 00:36:10.086000,2017-02-03 03:31:41.440000
WAL000182,Chad Magendanz,Chad,,Magendanz,,,False,wa,,,,http://www.leg.wa.gov/House/Representatives/PublishingImages/magendanz.jpg,2013-01-15 00:36:10.109000,2017-02-03 03:29:01.772000
WAL000183,Dawn Morrell,Dawn,,Morrell,,,False,wa,,,,http://www.leg.wa.gov/house/representatives/publishingimages/morrell.jpg,2013-01-15 00:36:10.126000,2015-01-12 18:52:29.064000
WAL000188,Elizabeth Scott,Elizabeth,,Scott,,,False,wa,,,,http://www.leg.wa.gov/House/Representatives/PublishingImages/scott.jpg,2013-01-15 00:36:10.193000,2017-02-03 03:33:25.782000
WAL000189,Monica Stonier,Monica,,Stonier,,,False,wa,,,,http://www.leg.wa.gov/house/representatives/publishingimages/stonier.jpg,2013-01-15 00:36:10.215000,2015-01-12 18:52:29.059000
WAL000191,Nathan Schlicher,Nathan,,Schlicher,,,False,wa,,,,http://www.leg.wa.gov/senate/senators/publishingimages/schlicher.jpg,2013-01-22 01:25:51.105000,2014-01-07 21:42:13.672000
WAL000198,Brian Dansel,Brian,,Dansel,,,False,wa,,,,http://www.leg.wa.gov/Senate/Senators/PublishingImages/dansel.jpg,2013-12-07 08:30:15.935000,2017-02-03 03:26:10.670000
WAL000203,Brady Walkinshaw,Brady,,Walkinshaw,,,False,wa,,,,http://www.leg.wa.gov/House/Representatives/PublishingImages/walkinshaw.jpg,2013-12-21 03:19:05.689000,2017-02-03 03:33:29.035000
WAL000205,Leonard Christian,Leonard,,Christian,,,False,wa,,,,http://www.leg.wa.gov/house/representatives/publishingimages/christian.jpg,2014-01-15 00:06:26.981000,2015-01-12 18:52:29.076000
WAL000206,Graham Hunt,Graham,,Hunt,,,False,wa,,,,http://www.leg.wa.gov/pages/AjaxHandler.ashx?action=GETRESIZEDIMAGE&height=162&u=http://www.leg.wa.gov/house/representatives/publishingimages/huntg.jpg,2014-01-19 04:03:13.781000,2016-03-18 15:01:50.614000
WAL000210,Douglas Roulstone,Douglas,,Roulstone,,,False,wa,,,,http://www.leg.wa.gov/house/representatives/publishingimages/roulstone.jpg,2014-09-30 05:08:44.470000,2015-01-12 18:52:29.080000
WAL000214,Lynda Wilson,Lynda,,Wilson,,,False,wa,,,,http://www.leg.wa.gov/House/Representatives/PublishingImages/wilson.jpg,2015-01-12 18:52:27.384000,2017-02-03 03:31:23.902000
WAL000219,Carol Gregory,Carol,,Gregory,,,False,wa,,,,http://www.leg.wa.gov/House/Representatives/PublishingImages/gregory.jpg,2015-01-12 18:52:27.646000,2015-12-11 22:03:32.484000
WAL000224,Pramila Jayapal,Pramila,,Jayapal,,,False,wa,,,,http://www.leg.wa.gov/Senate/Senators/PublishingImages/jayapal.jpg,2015-01-12 18:52:28.379000,2016-12-28 00:01:18.876000
WAL000231,Patty Kuderer,Patty,,Kuderer,,,False,wa,,,,http://www.leg.wa.gov/House/Representatives/PublishingImages/kuderer.jpg,2015-10-01 02:15:32.078000,2017-02-03 03:33:32.269000
WAL000233,JD Rossetti,JD,,Rossetti,,,False,wa,,,,http://www.leg.wa.gov/House/Representatives/PublishingImages/rossetti.jpg,2015-11-06 00:02:43.947000,2016-12-28 00:01:18.865000
WAL000235,Teri Hickel,Teri,,Hickel,,,False,wa,,,,http://www.leg.wa.gov/House/Representatives/PublishingImages/hickel.jpg,2015-11-26 11:24:39.395000,2017-02-03 03:31:44.771000
WAL000238,Andrew Barkis,Andrew,,Barkis,,,False,wa,,,,http://www.leg.wa.gov/House/Representatives/PublishingImages/barkis.jpg,2016-02-17 13:11:13.367000,2016-05-12 12:00:13.243000
WAL000054,Sherry Appleton,Sherry,,Appleton,,,True,wa,lower,23,Democratic,http://www.leg.wa.gov/House/Representatives/PublishingImages/appleton.jpg,2011-02-25 17:48:48.206000,2017-06-01 11:03:48.319000
WAL000059,Brian Blake,Brian,,Blake,,,True,wa,lower,19,Democratic,http://www.leg.wa.gov/House/Representatives/PublishingImages/blake.jpg,2011-02-25 17:48:48.225000,2017-06-01 11:03:48.084000
WAL000060,Vincent Buys,Vincent,,Buys,,,True,wa,lower,42,Republican,http://www.leg.wa.gov/House/Representatives/PublishingImages/buys.jpg,2011-02-25 17:48:48.227000,2017-06-01 11:03:48.272000
WAL000062,Bruce Chandler,Bruce,,Chandler,,,True,wa,lower,15,Republican,http://www.leg.wa.gov/House/Representatives/PublishingImages/chandler.jpg,2011-02-25 17:48:48.231000,2017-06-01 11:03:48.002000
WAL000063,Frank Chopp,Frank,,Chopp,,,True,wa,lower,43,Democratic,http://www.leg.wa.gov/House/Representatives/PublishingImages/chopp.jpg,2011-02-25 17:48:48.232000,2017-06-01 11:03:47.762000
WAL000064,Judy Clibborn,Judy,,Clibborn,,,True,wa,lower,41,Democratic,http://www.leg.wa.gov/House/Representatives/PublishingImages/clibborn.jpg,2011-02-25 17:48:48.234000,2017-06-01 11:03:48.492000
WAL000065,Eileen Cody,Eileen,,Cody,,,True,wa,lower,34,Democratic,http://www.leg.wa.gov/House/Representatives/PublishingImages/cody.jpg,2011-02-25 17:48:48.236000,2017-06-01 11:03:48.480000
WAL000066,Cary Condotta,Cary,,Condotta,,,True,wa,lower,12,Republican,http://www.leg.wa.gov/House/Representatives/PublishingImages/condotta.jpg,2011-02-25 17:48:48.238000,2017-06-01 11:03:48.371000
WAL000071,Richard DeBolt,Richard,,DeBolt,,,True,wa,lower,20,Republican,http://www.leg.wa.gov/House/Representatives/PublishingImages/debolt.jpg,2011-02-25 17:48:48.246000,2017-06-01 11:03:48.471000
WAL000077,Joe Fitzgibbon,Joe,,Fitzgibbon,,,True,wa,lower,34,Democratic,http://www.leg.wa.gov/House/Representatives/PublishingImages/fitzgibbon.jpg,2011-02-25 17:48:48.273000,2017-06-01 11:03:48.274000
WAL000079,Roger Goodman,Roger,,Goodman,,,True,wa,lower,45,Democratic,http://www.leg.wa.gov/House/Representatives/PublishingImages/goodman.jpg,2011-02-25 17:48:48.277000,2017-06-01 11:03:48.559000
WAL000082,Larry Haler,Larry,,Haler,,,True,wa,lower,8,Republican,http://www.leg.wa.gov/House/Representatives/PublishingImages/haler.jpg,2011-02-25 17:48:48.294000,2017-06-01 11:03:48.578000
WAL000083,Mark Hargrove,Mark,,Hargrove,,,True,wa,lower,47,Republican,http://www.leg.wa.gov/House/Representatives/PublishingImages/hargrove.jpg,2011-02-25 17:48:48.296000,2017-06-01 11:03:48.600000
WAL000084,Paul Harris,Paul,,Harris,,,True,wa,lower,17,Republican,http://www.leg.wa.gov/House/Representatives/PublishingImages/harris.jpg,2011-02-25 17:48:48.297000,2017-06-01 11:03:48.621000
WAL000088,Zack Hudgins,Zack,,Hudgins,,,True,wa,lower,11,Democratic,http://www.leg.wa.gov/House/Representatives/PublishingImages/hudgins.jpg,2011-02-25 17:48:48.304000,2017-06-01 11:03:48.309000
WAL000093,Laurie Jinkins,Laurie,,Jinkins,,,True,wa,lower,27,Democratic,http://www.leg.wa.gov/House/Representatives/PublishingImages/jinkins.jpg,2011-02-25 17:48:48.313000,2017-06-01 11:03:48.574000
WAL000094,Norm Johnson,Norm,,Johnson,,,True,wa,lower,14,Republican,http://www.leg.wa.gov/House/Representatives/PublishingImages/johnson.jpg,2011-02-25 17:48:48.315000,2017-06-01 11:03:48.586000
WAL000095,Ruth Kagi,Ruth,,Kagi,,,True,wa,lower,32,Democratic,http://www.leg.wa.gov/House/Representatives/PublishingImages/kagi.jpg,2011-02-25 17:48:48.317000,2017-06-01 11:03:48.267000
WAL000098,Steve Kirby,Steve,,Kirby,,,True,wa,lower,29,Democratic,http://www.leg.wa.gov/House/Representatives/PublishingImages/kirby.jpg,2011-02-25 17:48:48.322000,2017-06-01 11:03:48.557000
WAL000099,Brad Klippert,Brad,,Klippert,,,True,wa,lower,8,Republican,http://www.leg.wa.gov/House/Representatives/PublishingImages/klippert.jpg,2011-02-25 17:48:48.324000,2017-06-01 11:03:48.576000
WAL000100,Joel Kretz,Joel,,Kretz,,,True,wa,lower,7,Republican,http://www.leg.wa.gov/House/Representatives/PublishingImages/kretz.jpg,2011-02-25 17:48:48.326000,2017-06-01 11:03:47.798000
WAL000101,Dan Kristiansen,Dan,,Kristiansen,,,True,wa,lower,39,Republican,http://www.leg.wa.gov/House/Representatives/PublishingImages/kristiansen.jpg,2011-02-25 17:48:48.327000,2017-06-01 11:03:47.757000
WAL000104,Kristine Lytton,Kristine,,Lytton,,,True,wa,lower,40,Democratic,http://www.leg.wa.gov/House/Representatives/PublishingImages/lytton.jpg,2011-02-25 17:48:48.333000,2017-06-01 11:03:48.374000
WAL000110,Jeff Morris,Jeff,,Morris,,,True,wa,lower,40,Democratic,http://www.leg.wa.gov/House/Representatives/PublishingImages/morris.jpg,2011-02-25 17:48:48.343000,2017-06-01 11:03:47.880000
WAL000112,Terry Nealey,Terry,,Nealey,,,True,wa,lower,16,Republican,http://www.leg.wa.gov/House/Representatives/PublishingImages/nealey.jpg,2011-02-25 17:48:48.347000,2017-06-01 11:03:48.366000
WAL000113,Ed Orcutt,Ed,,Orcutt,,,True,wa,lower,20,Republican,http://www.leg.wa.gov/House/Representatives/PublishingImages/orcutt.jpg,2011-02-25 17:48:48.350000,2017-06-01 11:03:48.381000
WAL000114,Timm Ormsby,Timm,,Ormsby,,,True,wa,lower,3,Democratic,http://www.leg.wa.gov/House/Representatives/PublishingImages/ormsby.jpg,2011-02-25 17:48:48.352000,2017-06-01 11:03:48.025000
WAL000115,Tina Orwall,Tina,,Orwall,,,True,wa,lower,33,Democratic,http://www.leg.wa.gov/House/Representatives/PublishingImages/orwall.jpg,2011-02-25 17:48:48.353000,2017-06-01 11:03:48.564000
WAL000120,Eric Pettigrew,Eric,,Pettigrew,,,True,wa,lower,37,Democratic,http://www.leg.wa.gov/House/Representatives/PublishingImages/pettigrew.jpg,2011-02-25 17:48:48.376000,2017-06-01 11:03:48.012000
WAL000125,Jay Rodne,Jay,,Rodne,,,True,wa,lower,5,Republican,http://www.leg.wa.gov/House/Representatives/PublishingImages/rodne.jpg,2011-02-25 17:48:48.397000,2017-06-01 11:03:48.552000
WAL000128,Cindy Ryu,Cindy,,Ryu,,,True,wa,lower,32,Democratic,http://www.leg.wa.gov/House/Representatives/PublishingImages/ryu.jpg,2011-02-25 17:48:48.403000,2017-06-01 11:03:47.904000
WAL000129,Sharon Tomiko Santos,Sharon,Tomiko,Santos,,,True,wa,lower,37,Democratic,http://www.leg.wa.gov/House/Representatives/PublishingImages/santos.jpg,2011-02-25 17:48:48.404000,2017-06-01 11:03:48.623000
WAL000130,Joe Schmick,Joe,,Schmick,,,True,wa,lower,9,Republican,http://www.leg.wa.gov/House/Representatives/PublishingImages/schmick.jpg,2011-02-25 17:48:48.406000,2017-06-01 11:03:48.475000
WAL000132,Mike Sells,Mike,,Sells,,,True,wa,lower,38,Democratic,http://www.leg.wa.gov/House/Representatives/PublishingImages/sells.jpg,2011-02-25 17:48:48.428000,2017-06-01 11:03:48.296000
WAL000133,Matt Shea,Matt,,Shea,,,True,wa,lower,4,Republican,http://www.leg.wa.gov/House/Representatives/PublishingImages/shea.jpg,2011-02-25 17:48:48.429000,2017-06-01 11:03:48.569000
WAL000135,Norma Smith,Norma,,Smith,,,True,wa,lower,10,Republican,http://www.leg.wa.gov/House/Representatives/PublishingImages/smith.jpg,2011-02-25 17:48:48.433000,2017-06-01 11:03:47.852000
WAL000136,Larry Springer,Larry,,Springer,,,True,wa,lower,45,Democratic,http://www.leg.wa.gov/House/Representatives/PublishingImages/springer.jpg,2011-02-25 17:48:48.435000,2017-06-01 11:03:48.626000
WAL000137,Derek Stanford,Derek,,Stanford,,,True,wa,lower,1,Democratic,http://www.leg.wa.gov/House/Representatives/PublishingImages/stanford.jpg,2011-02-25 17:48:48.436000,2017-06-01 11:03:48.092000
WAL000138,Pat Sullivan,Pat,,Sullivan,,,True,wa,lower,47,Democratic,http://www.leg.wa.gov/House/Representatives/PublishingImages/sullivan.jpg,2011-02-25 17:48:48.438000,2017-06-01 11:03:48.005000
WAL000140,David Taylor,David,,Taylor,,,True,wa,lower,15,Republican,http://www.leg.wa.gov/House/Representatives/PublishingImages/taylor.jpg,2011-02-25 17:48:48.443000,2017-06-01 11:03:48.259000
WAL000141,Steve Tharinger,Steve,,Tharinger,,,True,wa,lower,24,Democratic,http://www.leg.wa.gov/House/Representatives/PublishingImages/tharinger.jpg,2011-02-25 17:48:48.445000,2017-06-01 11:03:48.468000
WAL000146,J.T. Wilcox,J.T.,,Wilcox,,,True,wa,lower,2,Republican,http://www.leg.wa.gov/House/Representatives/PublishingImages/wilcox.jpg,2011-02-25 17:48:48.464000,2017-06-01 11:03:48.361000
WAL000148,Sharon Wylie,Sharon,,Wylie,,,True,wa,lower,49,Democratic,http://www.leg.wa.gov/House/Representatives/PublishingImages/wylie.jpg,2011-04-15 04:17:36.215000,2017-06-01 11:03:48.369000
WAL000150,Drew Hansen,Drew,,Hansen,,,True,wa,lower,23,Democratic,http://www.leg.wa.gov/House/Representatives/PublishingImages/hansen.jpg,2011-09-21 04:55:20.643000,2017-06-01 11:03:48.567000
WAL000154,Gerry Pollet,Gerry,,Pollet,,,True,wa,lower,46,Democratic,http://www.leg.wa.gov/House/Representatives/PublishingImages/pollet.jpg,2011-12-08 05:25:59.172000,2017-06-01 11:03:48.364000
WAL000157,Liz Pike,Liz,,Pike,,,True,wa,lower,18,Republican,http://www.leg.wa.gov/House/Representatives/PublishingImages/pike.jpg,2012-08-29 08:03:56.816000,2017-06-01 11:03:48.069000
WAL000160,Matt Manweller,Matt,,Manweller,,,True,wa,lower,13,Republican,http://www.leg.wa.gov/House/Representatives/PublishingImages/manweller.jpg,2013-01-10 00:22:36.576000,2017-06-01 11:03:48.059000
WAL000162,Brandon Vick,Brandon,,Vick,,,True,wa,lower,18,Republican,http://www.leg.wa.gov/House/Representatives/PublishingImages/vick.jpg,2013-01-10 00:22:36.821000,2017-06-01 11:03:48.078000
WAL000172,Steve Bergquist,Steve,,Bergquist,,,True,wa,lower,11,Democratic,http://www.leg.wa.gov/House/Representatives/PublishingImages/bergquist.jpg,2013-01-15 00:36:09.769000,2017-06-01 11:03:48.598000
WAL000173,Jessyn Farrell,Jessyn,,Farrell,,,True,wa,lower,46,Democratic,http://www.leg.wa.gov/House/Representatives/PublishingImages/farrell.jpg,2013-01-15 00:36:09.800000,2017-06-01 11:03:47.891000
WAL000174,Jake Fey,Jake,,Fey,,,True,wa,lower,27,Democratic,http://www.leg.wa.gov/House/Representatives/PublishingImages/fey.jpg,2013-01-15 00:36:09.806000,2017-06-01 11:03:48.265000
WAL000178,Dave Hayes,Dave,,Hayes,,,True,wa,lower,10,Republican,http://www.leg.wa.gov/House/Representatives/PublishingImages/hayes.jpg,2013-01-15 00:36:10.054000,2017-06-01 11:03:47.924000
WAL000179,Jeff Holy,Jeff,,Holy,,,True,wa,lower,6,Republican,http://www.leg.wa.gov/House/Representatives/PublishingImages/holy.jpg,2013-01-15 00:36:10.061000,2017-06-01 11:03:48.281000
WAL000181,Drew MacEwen,Drew,,MacEwen,,,True,wa,lower,35,Republican,http://www.leg.wa.gov/House/Representatives/PublishingImages/macewen.jpg,2013-01-15 00:36:10.101000,2017-06-01 11:03:48.488000
WAL000186,Marcus Riccelli,Marcus,,Riccelli,,,True,wa,lower,3,Democratic,http://www.leg.wa.gov/House/Representatives/PublishingImages/riccelli.jpg,2013-01-15 00:36:10.172000,2017-06-01 11:03:48.495000
WAL000187,David Sawyer,David,,Sawyer,,,True,wa,lower,29,Democratic,http://www.leg.wa.gov/House/Representatives/PublishingImages/sawyer.jpg,2013-01-15 00:36:10.185000,2017-06-01 11:03:48.021000
WAL000190,Gael Tarleton,Gael,,Tarleton,,,True,wa,lower,36,Democratic,http://www.leg.wa.gov/House/Representatives/PublishingImages/tarleton.jpg,2013-01-15 00:36:10.224000,2017-06-01 11:03:48.298000
WAL000195,Dick Muri,Dick,,Muri,,,True,wa,lower,28,Republican,http://www.leg.wa.gov/House/Representatives/PublishingImages/muri.jpg,2013-07-04 05:57:34.074000,2017-06-01 11:03:48.619000
WAL000196,Tana Senn,Tana,,Senn,,,True,wa,lower,41,Democratic,http://www.leg.wa.gov/House/Representatives/PublishingImages/senn.jpg,2013-09-12 06:14:03.918000,2017-06-01 11:03:48.610000
WAL000199,June Robinson,June,,Robinson,,,True,wa,lower,38,Democratic,http://www.leg.wa.gov/House/Representatives/PublishingImages/robinson.jpg,2013-12-17 20:53:34.721000,2017-06-01 11:03:48.484000
WAL000200,Mia Gregerson,Mia,,Gregerson,,,True,wa,lower,33,Democratic,http://www.leg.wa.gov/House/Representatives/PublishingImages/gregerson.jpg,2013-12-17 20:53:35.813000,2017-06-01 11:03:48.315000
WAL000207,Jesse Young,Jesse,,Young,,,True,wa,lower,26,Republican,http://www.leg.wa.gov/House/Representatives/PublishingImages/young.jpg,2014-01-19 04:03:13.858000,2017-06-01 11:03:47.907000
WAL000208,Lillian Ortiz-Self,Lillian,,Ortiz-Self,,,True,wa,lower,21,Democratic,http://www.leg.wa.gov/House/Representatives/PublishingImages/ortiz-self.jpg,2014-01-23 00:04:25.925000,2017-06-01 11:03:48.614000
WAL000212,Dan Griffey,Dan,,Griffey,,,True,wa,lower,35,Republican,http://www.leg.wa.gov/House/Representatives/PublishingImages/griffey.jpg,2015-01-12 18:52:27.273000,2017-06-01 11:03:48.252000
WAL000213,Gina McCabe,Gina,,McCabe,,,True,wa,lower,14,Republican,http://www.leg.wa.gov/House/Representatives/PublishingImages/mccabe.jpg,2015-01-12 18:52:27.343000,2017-06-01 11:03:48.082000
WAL000215,Michelle Caldier,Michelle,,Caldier,,,True,wa,lower,26,Republican,http://www.leg.wa.gov/House/Representatives/PublishingImages/caldier.jpg,2015-01-12 18:52:27.414000,2017-06-01 11:03:48.616000
WAL000217,Strom Peterson,Strom,,Peterson,,,True,wa,lower,21,Democratic,http://www.leg.wa.gov/House/Representatives/PublishingImages/peterson.jpg,2015-01-12 18:52:27.507000,2017-06-01 11:03:48.263000
WAL000218,Bob McCaslin,Bob,,McCaslin,,,True,wa,lower,4,Republican,http://www.leg.wa.gov/House/Representatives/PublishingImages/mccaslin.jpg,2015-01-12 18:52:27.595000,2017-06-01 11:03:48.592000
WAL000221,Christine Kilduff,Christine,,Kilduff,,,True,wa,lower,28,Democratic,http://www.leg.wa.gov/House/Representatives/PublishingImages/kilduff.jpg,2015-01-12 18:52:28.045000,2017-06-01 11:03:48.607000
WAL000222,Mark Harmsworth,Mark,,Harmsworth,,,True,wa,lower,44,Republican,http://www.leg.wa.gov/House/Representatives/PublishingImages/harmsworth.jpg,2015-01-12 18:52:28.299000,2017-06-01 11:03:47.856000
WAL000223,Drew Stokesbary,Drew,,Stokesbary,,,True,wa,lower,31,Republican,http://www.leg.wa.gov/House/Representatives/PublishingImages/stokesbary.jpg,2015-01-12 18:52:28.339000,2017-06-01 11:03:48.590000
WAL000225,Melanie Stambaugh,Melanie,,Stambaugh,,,True,wa,lower,25,Republican,http://www.leg.wa.gov/House/Representatives/PublishingImages/stambaugh.jpg,2015-01-12 18:52:28.409000,2017-06-01 11:03:48.287000
WAL000226,Luanne Van Werven,Luanne,,Van Werven,,,True,wa,lower,42,Republican,http://www.leg.wa.gov/House/Representatives/PublishingImages/vanwerven.jpg,2015-01-12 18:52:28.510000,2017-06-01 11:03:48.292000
WAL000227,Tom Dent,Tom,,Dent,,,True,wa,lower,13,Republican,http://www.leg.wa.gov/House/Representatives/PublishingImages/dent.jpg,2015-01-12 18:52:28.652000,2017-06-01 11:03:48.231000
WAL000228,Joan McBride,Joan,,McBride,,,True,wa,lower,48,Democratic,http://www.leg.wa.gov/House/Representatives/PublishingImages/mcbride.jpg,2015-01-12 18:52:28.695000,2017-06-01 11:03:48.276000
WAL000230,Mary Dye,Mary,,Dye,,,True,wa,lower,9,Republican,http://www.leg.wa.gov/House/Representatives/PublishingImages/dye.jpg,2015-05-12 02:35:10.478000,2017-06-01 11:03:48.261000
WAL000236,Noel Frame,Noel,,Frame,,,True,wa,lower,36,Democratic,http://www.leg.wa.gov/House/Representatives/PublishingImages/frame.jpg,2016-01-10 11:37:14.805000,2017-06-01 11:03:48.581000
WAL000240,John Lovick,John,,Lovick,,,True,wa,lower,44,Democratic,http://www.leg.wa.gov/House/Representatives/PublishingImages/lovick.jpg,2016-12-28 00:01:18.382000,2017-06-01 11:03:48.602000
WAL000241,Jim Walsh,Jim,,Walsh,,,True,wa,lower,19,Republican,http://www.leg.wa.gov/House/Representatives/PublishingImages/walshj.jpg,2016-12-28 00:01:18.575000,2017-06-01 11:03:48.086000
WAL000243,Andrew Barkis,Andrew,,Barkis,,,True,wa,lower,2,Republican,http://www.leg.wa.gov/House/Representatives/PublishingImages/barkis.jpg,2016-12-28 00:01:18.647000,2017-06-01 11:03:48.088000
WAL000244,Mike Chapman,Mike,,Chapman,,,True,wa,lower,24,Democratic,http://www.leg.wa.gov/House/Representatives/PublishingImages/chapman.jpg,2017-01-10 08:19:16.533000,2017-06-01 11:03:47.936000
WAL000245,Monica Jurado Stonier,Monica Jurado,,Stonier,,,True,wa,lower,49,Democratic,http://www.leg.wa.gov/House/Representatives/PublishingImages/stonier.jpg,2017-01-10 08:19:16.550000,2017-06-01 11:03:48.596000
WAL000246,Vicki Kraft,Vicki,,Kraft,,,True,wa,lower,17,Republican,http://www.leg.wa.gov/House/Representatives/PublishingImages/kraft.jpg,2017-01-10 08:19:16.572000,2017-06-01 11:03:48.305000
WAL000248,Vandana Slatter,Vandana,,Slatter,,,True,wa,lower,48,Democratic,http://www.leg.wa.gov/House/Representatives/PublishingImages/slatter.jpg,2017-01-10 08:19:16.614000,2017-06-01 11:03:48.594000
WAL000249,Shelley Kloba,Shelley,,Kloba,,,True,wa,lower,1,Democratic,http://www.leg.wa.gov/House/Representatives/PublishingImages/kloba.jpg,2017-01-10 08:19:16.623000,2017-06-01 11:03:47.900000
WAL000250,Laurie Dolan,Laurie,,Dolan,,,True,wa,lower,22,Democratic,http://www.leg.wa.gov/House/Representatives/PublishingImages/dolan.jpg,2017-01-10 08:19:16.653000,2017-06-01 11:03:48.612000
WAL000251,John Koster,John,,Koster,,,True,wa,lower,39,Republican,http://www.leg.wa.gov/House/Representatives/PublishingImages/koster.jpg,2017-01-10 08:19:16.674000,2017-06-01 11:03:48.317000
WAL000252,Beth Doglio,Beth,,Doglio,,,True,wa,lower,22,Democratic,http://www.leg.wa.gov/House/Representatives/PublishingImages/doglio.jpg,2017-01-10 08:19:16.685000,2017-06-01 11:03:48.056000
WAL000254,Nicole Macri,Nicole,,Macri,,,True,wa,lower,43,Democratic,http://www.leg.wa.gov/House/Representatives/PublishingImages/macri.jpg,2017-01-10 08:19:16.731000,2017-06-01 11:03:48.473000
WAL000255,Joyce McDonald,Joyce,,McDonald,,,True,wa,lower,25,Republican,http://www.leg.wa.gov/House/Representatives/PublishingImages/mcdonald.jpg,2017-01-10 08:19:16.741000,2017-06-01 11:03:48.250000
WAL000260,Bill Jenkin,Bill,,Jenkin,,,True,wa,lower,16,Republican,http://www.leg.wa.gov/House/Representatives/PublishingImages/jenkin.jpg,2017-01-10 08:19:16.796000,2017-06-01 11:03:48.096000
WAL000263,Mike Volz,Mike,,Volz,,,True,wa,lower,6,Republican,http://www.leg.wa.gov/House/Representatives/PublishingImages/volz.jpg,2017-01-10 08:19:16.857000,2017-06-01 11:03:48.588000
WAL000264,Kristine Reeves,Kristine,,Reeves,,,True,wa,lower,30,Democratic,http://www.leg.wa.gov/House/Representatives/PublishingImages/reeves.jpg,2017-01-10 08:19:16.862000,2017-06-01 11:03:48.090000
WAL000265,Mike Steele,Mike,,Steele,,,True,wa,lower,12,Republican,http://www.leg.wa.gov/House/Representatives/PublishingImages/steele.jpg,2017-01-10 08:19:16.884000,2017-06-01 11:03:48.628000
WAL000266,Paul Graves,Paul,,Graves,,,True,wa,lower,5,Republican,http://www.leg.wa.gov/House/Representatives/PublishingImages/graves.jpg,2017-01-10 08:19:16.911000,2017-06-01 11:03:48.562000
WAL000268,Mike Pellicciotti,Mike,,Pellicciotti,,,True,wa,lower,30,Democratic,http://www.leg.wa.gov/House/Representatives/PublishingImages/pellicciotti.jpg,2017-01-10 08:19:16.954000,2017-06-01 11:03:48.307000
WAL000269,Morgan Irwin,Morgan,,Irwin,,,True,wa,lower,31,Republican,http://www.leg.wa.gov/House/Representatives/PublishingImages/irwin.jpg,2017-01-10 08:19:16.962000,2017-06-01 11:03:48.311000
WAL000273,Jacquelin Maycumber,Jacquelin,,Maycumber,,,True,wa,lower,7,Republican,http://www.leg.wa.gov/House/Representatives/PublishingImages/maycumber.jpg,2017-02-03 10:18:44.363000,2017-06-01 11:03:48.501000
WAL000001,Michael Baumgartner,Michael,,Baumgartner,,,True,wa,upper,6,Republican,http://www.leg.wa.gov/Senate/Senators/PublishingImages/baumgartner.jpg,2011-02-25 17:48:47.979000,2017-06-01 11:03:48.635000
WAL000003,Randi Becker,Randi,,Becker,,,True,wa,upper,2,Republican,http://www.leg.wa.gov/Senate/Senators/PublishingImages/becker.jpg,2011-02-25 17:48:47.982000,2017-06-01 11:03:48.411000
WAL000007,Maralyn Chase,Maralyn,,Chase,,,True,wa,upper,32,Democratic,http://www.leg.wa.gov/Senate/Senators/PublishingImages/chase.jpg,2011-02-25 17:48:48.001000,2017-06-01 11:03:48.453000
WAL000008,Steve Conway,Steve,,Conway,,,True,wa,upper,29,Democratic,http://www.leg.wa.gov/Senate/Senators/PublishingImages/conway.jpg,2011-02-25 17:48:48.003000,2017-06-01 11:03:48.645000
WAL000011,Doug Ericksen,Doug,,Ericksen,,,True,wa,upper,42,Republican,http://www.leg.wa.gov/Senate/Senators/PublishingImages/ericksen.jpg,2011-02-25 17:48:48.008000,2017-06-01 11:03:48.507000
WAL000012,Joe Fain,Joe,,Fain,,,True,wa,upper,47,Republican,http://www.leg.wa.gov/Senate/Senators/PublishingImages/fain.jpg,2011-02-25 17:48:48.010000,2017-06-01 11:03:48.434000
WAL000020,Steve Hobbs,Steve,,Hobbs,,,True,wa,upper,44,Democratic,http://www.leg.wa.gov/Senate/Senators/PublishingImages/hobbs.jpg,2011-02-25 17:48:48.024000,2017-06-01 11:03:48.517000
WAL000022,Jim Honeyford,Jim,,Honeyford,,,True,wa,upper,15,Republican,http://www.leg.wa.gov/Senate/Senators/PublishingImages/honeyford.jpg,2011-02-25 17:48:48.037000,2017-06-01 11:03:48.519000
WAL000024,Karen Keiser,Karen,,Keiser,,,True,wa,upper,33,Democratic,http://www.leg.wa.gov/Senate/Senators/PublishingImages/keiser.jpg,2011-02-25 17:48:48.041000,2017-06-01 11:03:48.633000
WAL000026,Curtis King,Curtis,,King,,,True,wa,upper,14,Republican,http://www.leg.wa.gov/Senate/Senators/PublishingImages/king.jpg,2011-02-25 17:48:48.045000,2017-06-01 11:03:48.643000
WAL000033,Sharon Nelson,Sharon,,Nelson,,,True,wa,upper,34,Democratic,http://www.leg.wa.gov/Senate/Senators/PublishingImages/nelson.jpg,2011-02-25 17:48:48.057000,2017-06-01 11:03:48.430000
WAL000038,Kevin Ranker,Kevin,,Ranker,,,True,wa,upper,40,Democratic,http://www.leg.wa.gov/Senate/Senators/PublishingImages/ranker.jpg,2011-02-25 17:48:48.168000,2017-06-01 11:03:48.514000
WAL000042,Mark Schoesler,Mark,,Schoesler,,,True,wa,upper,9,Republican,http://www.leg.wa.gov/Senate/Senators/PublishingImages/schoesler.jpg,2011-02-25 17:48:48.185000,2017-06-01 11:03:48.450000
WAL000043,Tim Sheldon,Tim,,Sheldon,,,True,wa,upper,35,Democratic,http://www.leg.wa.gov/Senate/Senators/PublishingImages/sheldon.jpg,2011-02-25 17:48:48.187000,2017-06-01 11:03:48.521000
WAL000053,Jan Angel,Jan,,Angel,,,True,wa,upper,26,Republican,http://www.leg.wa.gov/Senate/Senators/PublishingImages/angel.jpg,2011-02-25 17:48:48.204000,2017-06-01 11:03:48.393000
WAL000057,Barbara Bailey,Barbara,,Bailey,,,True,wa,upper,10,Republican,http://www.leg.wa.gov/Senate/Senators/PublishingImages/bailey.jpg,2011-02-25 17:48:48.222000,2017-06-01 11:03:48.437000
WAL000058,Andy Billig,Andy,,Billig,,,True,wa,upper,3,Democratic,http://www.leg.wa.gov/Senate/Senators/PublishingImages/billig.jpg,2011-02-25 17:48:48.224000,2017-06-01 11:03:48.423000
WAL000061,Reuven Carlyle,Reuven,,Carlyle,,,True,wa,upper,36,Democratic,http://www.leg.wa.gov/Senate/Senators/PublishingImages/carlyle.jpg,2011-02-25 17:48:48.229000,2017-06-01 11:03:48.542000
WAL000070,Jeannie Darneille,Jeannie,,Darneille,,,True,wa,upper,27,Democratic,http://www.leg.wa.gov/Senate/Senators/PublishingImages/darneille.jpg,2011-02-25 17:48:48.245000,2017-06-01 11:03:48.535000
WAL000078,David Frockt,David,,Frockt,,,True,wa,upper,46,Democratic,http://www.leg.wa.gov/Senate/Senators/PublishingImages/frockt.jpg,2011-02-25 17:48:48.275000,2017-06-01 11:03:48.390000
WAL000085,Bob Hasegawa,Bob,,Hasegawa,,,True,wa,upper,11,Democratic,http://www.leg.wa.gov/Senate/Senators/PublishingImages/hasegawa.jpg,2011-02-25 17:48:48.299000,2017-06-01 11:03:48.641000
WAL000103,Marko Liias,Marko,,Liias,,,True,wa,upper,21,Democratic,http://www.leg.wa.gov/Senate/Senators/PublishingImages/liias.jpg,2011-02-25 17:48:48.331000,2017-06-01 11:03:48.455000
WAL000106,John McCoy,John,,McCoy,,,True,wa,upper,38,Democratic,http://www.leg.wa.gov/Senate/Senators/PublishingImages/mccoy.jpg,2011-02-25 17:48:48.336000,2017-06-01 11:03:48.444000
WAL000108,Mark Miloscia,Mark,,Miloscia,,,True,wa,upper,30,Republican,http://www.leg.wa.gov/Senate/Senators/PublishingImages/miloscia.jpg,2011-02-25 17:48:48.340000,2017-06-01 11:03:48.540000
WAL000118,Kirk Pearson,Kirk,,Pearson,,,True,wa,upper,39,Republican,http://www.leg.wa.gov/Senate/Senators/PublishingImages/pearson.jpg,2011-02-25 17:48:48.359000,2017-06-01 11:03:48.409000
WAL000119,Jamie Pedersen,Jamie,,Pedersen,,,True,wa,upper,43,Democratic,http://www.leg.wa.gov/Senate/Senators/PublishingImages/pedersen.jpg,2011-02-25 17:48:48.374000,2017-06-01 11:03:48.399000
WAL000123,Ann Rivers,Ann,,Rivers,,,True,wa,upper,18,Republican,http://www.leg.wa.gov/Senate/Senators/PublishingImages/rivers.jpg,2011-02-25 17:48:48.381000,2017-06-01 11:03:48.419000
WAL000126,Christine Rolfes,Christine,,Rolfes,,,True,wa,upper,23,Democratic,http://www.leg.wa.gov/Senate/Senators/PublishingImages/rolfes.jpg,2011-02-25 17:48:48.399000,2017-06-01 11:03:48.167000
WAL000139,Dean Takko,Dean,,Takko,,,True,wa,upper,19,Democratic,http://www.leg.wa.gov/Senate/Senators/PublishingImages/takko.jpg,2011-02-25 17:48:48.440000,2017-06-01 11:03:48.214000
WAL000145,Judy Warnick,Judy,,Warnick,,,True,wa,upper,13,Republican,http://www.leg.wa.gov/Senate/Senators/PublishingImages/warnick.jpg,2011-02-25 17:48:48.462000,2017-06-01 11:03:48.148000
WAL000152,Mike Padden,Mike,,Padden,,,True,wa,upper,4,Republican,http://www.leg.wa.gov/Senate/Senators/PublishingImages/padden.jpg,2011-11-30 05:05:53.764000,2017-06-01 11:03:48.537000
WAL000158,Mark Mullet,Mark,,Mullet,,,True,wa,upper,5,Democratic,http://www.leg.wa.gov/Senate/Senators/PublishingImages/mullet.jpg,2013-01-10 00:22:36.160000,2017-06-01 11:03:48.339000
WAL000165,John Braun,John,,Braun,,,True,wa,upper,20,Republican,http://www.leg.wa.gov/Senate/Senators/PublishingImages/braun.jpg,2013-01-15 00:36:09.659000,2017-06-01 11:03:48.652000
WAL000166,Annette Cleveland,Annette,,Cleveland,,,True,wa,upper,49,Democratic,http://www.leg.wa.gov/Senate/Senators/PublishingImages/cleveland.jpg,2013-01-15 00:36:09.668000,2017-06-01 11:03:48.441000
WAL000184,Steve O'Ban,Steve,,O'Ban,,,True,wa,upper,28,Republican,http://www.leg.wa.gov/Senate/Senators/PublishingImages/oban.jpg,2013-01-15 00:36:10.140000,2017-06-01 11:03:48.533000
WAL000192,Sharon Brown,Sharon,,Brown,,,True,wa,upper,8,Republican,http://www.leg.wa.gov/Senate/Senators/PublishingImages/brown.jpg,2013-02-06 03:28:46.258000,2017-06-01 11:03:48.523000
WAL000239,Dino Rossi,Dino,,Rossi,,,True,wa,upper,45,Republican,http://www.leg.wa.gov/Senate/Senators/PublishingImages/rossi.jpg,2016-12-28 00:01:18.105000,2017-06-01 11:03:48.639000
WAL000242,Rebecca Saldaña,Rebecca,,Saldaña,,,True,wa,upper,37,Democratic,http://www.leg.wa.gov/Senate/Senators/PublishingImages/saldaña.jpg,2016-12-28 00:01:18.614000,2017-06-01 11:03:48.647000
WAL000247,Lisa Wellman,Lisa,,Wellman,,,True,wa,upper,41,Democratic,http://www.leg.wa.gov/Senate/Senators/PublishingImages/wellman.jpg,2017-01-10 08:19:16.602000,2017-06-01 11:03:48.512000
WAL000253,Sam Hunt,Sam,,Hunt,,,True,wa,upper,22,Democratic,http://www.leg.wa.gov/Senate/Senators/PublishingImages/hunt.jpg,2017-01-10 08:19:16.697000,2017-06-01 11:03:48.544000
WAL000256,Patty Kuderer,Patty,,Kuderer,,,True,wa,upper,48,Democratic,http://www.leg.wa.gov/Senate/Senators/PublishingImages/kuderer.jpg,2017-01-10 08:19:16.746000,2017-06-01 11:03:48.325000
WAL000257,Guy Palumbo,Guy,,Palumbo,,,True,wa,upper,1,Democratic,http://www.leg.wa.gov/Senate/Senators/PublishingImages/palumbo.jpg,2017-01-10 08:19:16.752000,2017-06-01 11:03:48.109000
WAL000258,Kevin Van De Wege,Kevin,,Van De Wege,,,True,wa,upper,24,Democratic,http://www.leg.wa.gov/Senate/Senators/PublishingImages/vandewege.jpg,2017-01-10 08:19:16.766000,2017-06-01 11:03:48.190000
WAL000259,Phil Fortunato,Phil,,Fortunato,,,True,wa,upper,31,Republican,http://www.leg.wa.gov/Senate/Senators/PublishingImages/fortunato.jpg,2017-01-10 08:19:16.787000,2017-06-01 11:03:48.192000
WAL000261,Hans Zeiger,Hans,,Zeiger,,,True,wa,upper,25,Republican,http://www.leg.wa.gov/Senate/Senators/PublishingImages/zeiger.jpg,2017-01-10 08:19:16.817000,2017-06-01 11:03:48.150000
WAL000262,Lynda Wilson,Lynda,,Wilson,,,True,wa,upper,17,Republican,http://www.leg.wa.gov/Senate/Senators/PublishingImages/wilson.jpg,2017-01-10 08:19:16.828000,2017-06-01 11:03:48.637000
WAL000267,Brad Hawkins,Brad,,Hawkins,,,True,wa,upper,12,Republican,http://www.leg.wa.gov/Senate/Senators/PublishingImages/hawkins.jpg,2017-01-10 08:19:16.945000,2017-06-01 11:03:48.199000
WAL000270,Maureen Walsh,Maureen,,Walsh,,,True,wa,upper,16,Republican,http://www.leg.wa.gov/Senate/Senators/PublishingImages/walsh.jpg,2017-01-10 08:19:16.987000,2017-06-01 11:03:48.547000
WAL000272,Shelly Short,Shelly,,Short,,,True,wa,upper,7,Republican,http://www.leg.wa.gov/Senate/Senators/PublishingImages/short.jpg,2017-02-01 10:04:55.691000,2017-06-01 11:03:48.525000
