id,state,chamber,committee,subcommittee,parent_id
ALC000001,al,lower,Ways and Means General Fund,,
ALC000002,al,lower,Mobile County Legislation,,
ALC000003,al,lower,Technology and Research,,
ALC000005,al,lower,Judiciary,,
ALC000007,al,lower,Jefferson County Legislation,,
ALC000008,al,lower,Local Legislation,,
ALC000009,al,lower,Insurance,,
ALC000010,al,lower,Economic Development and Tourism,,
ALC000011,al,lower,Internal Affairs,,
ALC000012,al,lower,Ethics and Campaign Finance,,
ALC000013,al,lower,Madison County Legislation,,
ALC000014,al,lower,Rules,,
ALC000016,al,lower,Ways and Means Education,,
ALC000017,al,lower,State Government,,
ALC000018,al,lower,Agriculture and Forestry,,
ALC000019,al,lower,Education Policy,,
ALC000021,al,lower,Children and Senior Advocacy,,
ALC000022,al,lower,Commerce and Small Business,,
ALC000023,al,lower,Tuscaloosa County Legislation,,
ALC000024,al,lower,Public Safety and Homeland Security,,
ALC000025,al,lower,Health,,
ALC000027,al,lower,Financial Services,,
ALC000028,al,lower,Lee County Legislation,,
ALC000029,al,lower,Shelby County Legislation,,
ALC000037,al,lower,Baldwin County Legislation,,
ALC000038,al,lower,Montgomery County Legislation,,
ALC000067,al,lower,County and Municipal Government,,
ALC000073,al,lower,Transportation Utilities and Infrastructure,,
ALC000074,al,lower,Constitution Campaigns and Elections,,
ALC000075,al,lower,Boards Agencies and Commissions,,
ALC000076,al,lower,Military and Veterans Affairs,,
ALC000090,al,lower,Limestone County Legislation,,
ALC000042,al,upper,Judiciary,,
ALC000045,al,upper,Governmental Affairs,,
ALC000046,al,upper,Rules,,
ALC000047,al,upper,Veterans and Military Affairs,,
ALC000049,al,upper,Banking and Insurance,,
ALC000052,al,upper,Finance and Taxation General Fund,,
ALC000054,al,upper,Confirmations,,
ALC000058,al,upper,Finance and Taxation Education,,
ALC000077,al,upper,Agriculture Conservation and Forestry,,
ALC000078,al,upper,Local Legislation Mobile County,,
ALC000079,al,upper,County and Municipal Government,,
ALC000080,al,upper,Health and Human Services,,
ALC000081,al,upper,Education & Youth Affairs,,
ALC000082,al,upper,Transportation & Energy,,
ALC000083,al,upper,Constitution Ethics and Elections,,
ALC000084,al,upper,Fiscal Responsibility and Economic Development,,
ALC000085,al,upper,Local Legislation Jefferson County,,
ALC000086,al,upper,Local Legislation Madison County,,
ALC000087,al,upper,Tourism & Marketing,,
ALC000088,al,upper,Local Legislation Shelby County,,
ALC000089,al,upper,Local Legislation,,
