leg_id,full_name,first_name,middle_name,last_name,suffixes,nickname,active,state,chamber,district,party,photo_url,created_at,updated_at
ALL000003,Scott Beason,Scott,,Beason,,,False,al,,,,http://www.legislature.state.al.us/graphics/senatepics/beason_s.jpeg,2011-12-07 21:20:44.091000,2014-11-10 15:09:42.175000
ALL000004,Roger Bedford,Roger,,Bedford,,,False,al,,,,http://www.legislature.state.al.us/graphics/senatepics/bedford_r.jpeg,2011-12-07 21:20:44.102000,2015-02-17 19:42:25.158000
ALL000007,Ben Brooks,Ben,,Brooks,,,False,al,,,,http://www.legislature.state.al.us/graphics/senatepics/brooks_b.jpeg,2011-12-07 21:20:44.133000,2013-03-27 15:27:27.437000
ALL000012,Jerry Fielding,Jerry,,Fielding,,,False,al,,,,http://www.legislature.state.al.us/graphics/senatepics/fielding_j.jpg,2011-12-07 21:20:44.184000,2014-11-10 15:09:17.626000
ALL000017,Tammy Irons,Tammy,,Irons,,,False,al,,,,http://www.legislature.state.al.us/graphics/senatepics/irons_t.jpeg,2011-12-07 21:20:44.239000,2014-11-10 15:08:00.048000
ALL000018,Marc Keahey,Marc,,Keahey,,,False,al,,,,http://www.legislature.state.al.us/graphics/housepics/keahey_m.jpeg,2011-12-07 21:20:44.249000,2014-11-10 15:09:59.238000
ALL000020,Shadrack McGill,Shadrack,,McGill,,,False,al,,,,http://www.legislature.state.al.us/graphics/senatepics/mcgill_s.jpg,2011-12-07 21:20:44.269000,2014-11-10 15:08:25.147000
ALL000031,Bryan Taylor,Bryan,,Taylor,,,False,al,,,,http://www.legislature.state.al.us/graphics/senatepics/taylor_b.jpg,2011-12-07 21:20:44.386000,2014-11-10 15:10:16.080000
ALL000039,Jim Barton,Jim,,Barton,,,False,al,,,,http://www.legislature.state.al.us/graphics/housepics/barton_j.jpeg,2011-12-07 21:20:44.469000,2014-02-06 14:57:27.501000
ALL000040,Richard Baughn,Richard,,Baughn,,,False,al,,,,http://www.legislature.state.al.us/graphics/housepics/baugh_r.jpg,2011-12-07 21:20:44.479000,2014-11-10 15:12:00.193000
ALL000044,Daniel Boman,Daniel,,Boman,,,False,al,,,,http://www.legislature.state.al.us/graphics/housepics/bowman_d.jpg,2011-12-07 21:20:44.522000,2014-11-10 15:12:15.269000
ALL000048,Duwayne Bridges,Duwayne,,Bridges,,,False,al,,,,http://www.legislature.state.al.us/graphics/housepics/bridges_d.jpeg,2011-12-07 21:20:44.562000,2014-11-11 15:08:05.807000
ALL000050,Greg Burdine,Greg,,Burdine,,,False,al,,,,http://www.legislature.state.al.us/graphics/housepics/burdine_g.jpg,2011-12-07 21:20:44.582000,2014-11-10 15:11:14.120000
ALL000052,Mac Buttram,Mac,,Buttram,,,False,al,,,,http://www.legislature.state.al.us/graphics/housepics/buttram_m.jpg,2011-12-07 21:20:44.602000,2014-11-10 15:11:28.487000
ALL000058,David Colston,David,,Colston,,,False,al,,,,http://www.legislature.state.al.us/graphics/housepics/colston_d.jpg,2011-12-07 21:20:44.666000,2014-11-10 15:19:48.479000
ALL000060,Paul DeMarco,Paul,,DeMarco,,,False,al,,,,http://www.legislature.state.al.us/graphics/housepics/demarco_p.jpeg,2011-12-07 21:20:44.686000,2014-11-10 15:16:18.828000
ALL000065,Chad Fincher,Chad,,Fincher,,,False,al,,,,http://www.legislature.state.al.us/graphics/housepics/fincher_c.jpeg,2011-12-07 21:20:44.795000,2014-11-10 15:21:04.865000
ALL000068,Blaine Galliher,Blaine,,Galliher,,,False,al,,,,http://www.legislature.state.al.us/graphics/housepics/galliher_b.jpeg,2011-12-07 21:20:44.826000,2013-01-04 14:59:52.565000
ALL000072,Todd Greeson,Todd,,Greeson,,,False,al,,,,http://www.legislature.state.al.us/graphics/housepics/greeson_t.jpeg,2011-12-07 21:20:44.866000,2014-11-10 15:13:42.094000
ALL000078,Mike Hill,Mike,,Hill,,,False,al,,,,http://www.legislature.state.al.us/ALISWWW/House/Representative%20Pictures/Hill_41.jpeg,2011-12-07 21:20:44.926000,2017-01-23 02:22:27.128000
ALL000081,Joe Hubbard,Joe,,Hubbard,,,False,al,,,,http://www.legislature.state.al.us/graphics/housepics/hubbard_j.jpg,2011-12-07 21:20:44.958000,2014-11-10 15:20:02.894000
ALL000082,Mike Hubbard,Mike,,Hubbard,,,False,al,,,,http://www.legislature.state.al.us/ALISWWW/House/Representative%20Pictures/Hubbard_79.jpeg,2011-12-07 21:20:44.968000,2017-01-23 02:27:36.688000
ALL000084,Jamie Ison,Jamie,,Ison,,,False,al,,,,http://www.legislature.state.al.us/graphics/housepics/ison_j.jpeg,2011-12-07 21:20:44.988000,2014-11-10 15:20:27.113000
ALL000088,Wayne Johnson,Wayne,,Johnson,,,False,al,,,,http://www.legislature.state.al.us/graphics/housepics/johnson_w.jpg,2011-12-07 21:20:45.029000,2014-11-10 15:13:03.077000
ALL000090,Yvonne Kennedy,Yvonne,,Kennedy,,,False,al,,,,http://www.legislature.state.al.us/graphics/housepics/kennedy_y.jpeg,2011-12-07 21:20:45.052000,2013-05-29 16:09:07.289000
ALL000092,Richard J. Laird,Richard,J.,Laird,,,False,al,,,,http://www.legislature.state.al.us/graphics/housepics/laird_r.jpeg,2011-12-07 21:20:45.073000,2014-11-10 15:14:15.978000
ALL000095,Wes Long,Wes,,Long,,,False,al,,,,http://www.legislature.state.al.us/graphics/housepics/long_w.jpg,2011-12-07 21:20:45.104000,2014-11-10 15:13:56.319000
ALL000096,Jay Love,Jay,,Love,,,False,al,,,,http://www.legislature.state.al.us/graphics/housepics/love_j.jpeg,2011-12-07 21:20:45.114000,2013-12-10 21:03:50.428000
ALL000097,Barry Mask,Barry,,Mask,,,False,al,,,,http://www.legislature.state.al.us/graphics/housepics/mask_b.jpeg,2011-12-07 21:20:45.124000,2014-02-06 14:59:15.827000
ALL000098,Lawrence McAdory,Lawrence,,McAdory,,,False,al,,,,http://www.legislature.state.al.us/graphics/housepics/mcadory.jpeg,2011-12-07 21:20:45.134000,2014-11-10 15:19:19.543000
ALL000102,Mary Sue McClurkin,Mary Sue,,McClurkin,,,False,al,,,,http://www.legislature.state.al.us/graphics/housepics/mcclurkin_ms.jpeg,2011-12-07 21:20:45.179000,2014-11-10 15:15:14.772000
ALL000105,Darrio Melton,Darrio,,Melton,,,False,al,,,,http://www.legislature.state.al.us/ALISWWW/House/Representative%20Pictures/Melton_67.jpeg,2011-12-07 21:20:45.210000,2017-04-10 02:28:33.432000
ALL000106,John Merrill,John,,Merrill,,,False,al,,,,http://www.legislature.state.al.us/graphics/housepics/merrill_j.jpg,2011-12-07 21:20:45.220000,2014-11-10 15:19:35.351000
ALL000108,Joseph C. Mitchell,Joseph,C.,Mitchell,,,False,al,,,,http://www.legislature.state.al.us/graphics/housepics/mitchell_j.jpeg,2011-12-07 21:20:45.241000,2014-11-10 15:21:20.193000
ALL000112,Charles O. Newton,Charles,O.,Newton,,,False,al,,,,http://www.legislature.state.al.us/graphics/housepics/newton_c.jpeg,2011-12-07 21:20:45.283000,2014-11-10 15:20:15.754000
ALL000113,Demetrius C. Newton,Demetrius,C.,Newton,,,False,al,,,,http://www.legislature.state.al.us/graphics/housepics/newton_d.jpeg,2011-12-07 21:20:45.293000,2014-04-03 14:43:13.939000
ALL000115,Jeremy H. Oden,Jeremy,H.,Oden,,,False,al,,,,http://www.legislature.state.al.us/graphics/housepics/oden_j.jpeg,2011-12-07 21:20:45.314000,2013-04-12 13:11:05.876000
ALL000117,Arthur Payne,Arthur,,Payne,,,False,al,,,,http://www.legislature.state.al.us/graphics/housepics/payne_a.jpeg,2011-12-07 21:20:45.334000,2014-11-10 15:15:32.427000
ALL000120,Bill Roberts,Bill,,Roberts,,,False,al,,,,http://www.legislature.state.al.us/graphics/housepics/roberts_b.jpg,2011-12-07 21:20:45.431000,2014-11-10 15:11:46.093000
ALL000121,John Robinson,John,,Robinson,,,False,al,,,,http://www.legislature.state.al.us/graphics/housepics/robinson_j.jpeg,2011-12-07 21:20:45.441000,2014-11-10 15:13:25.560000
ALL000122,Oliver Robinson,Oliver,,Robinson,,,False,al,,,,http://www.legislature.state.al.us/ALISWWW/House/Representative%20Pictures/Robinson_58.jpeg,2011-12-07 21:20:45.452000,2017-03-11 22:24:05.332000
ALL000128,Elwyn Thomas,Elwyn,,Thomas,,,False,al,,,,http://www.legislature.state.al.us/graphics/housepics/thomas_e.jpeg,2011-12-07 21:20:45.512000,2013-01-04 15:01:02.757000
ALL000132,Lesley Vance,Lesley,,Vance,,,False,al,,,,http://www.legislature.state.al.us/ALISWWW/House/Representative%20Pictures/Vance_80.jpeg,2011-12-07 21:20:45.552000,2016-02-05 03:48:20.472000
ALL000133,Kurt Wallace,Kurt,,Wallace,,,False,al,,,,http://www.legislature.state.al.us/graphics/housepics/wallace_k.jpg,2011-12-07 21:20:45.563000,2014-11-10 15:14:58.361000
ALL000136,Dan Williams,Dan,,Williams,,,False,al,,,,,2011-12-07 21:20:45.597000,2016-03-17 21:07:11.579000
ALL000140,Greg Wren,Greg,,Wren,,,False,al,,,,http://www.legislature.state.al.us/graphics/housepics/wren_g.jpeg,2011-12-07 21:20:45.639000,2014-09-09 21:50:45.438000
ALL000151,Anthony Johnson,Anthony,,Johnson,,,False,al,,,,http://www.legislature.state.al.us/graphics/housepics/Johnson_A.jpg,2014-04-03 00:24:51.645000,2014-11-10 15:19:09.192000
ALL000168,Issac Whorton,Issac,,Whorton,,,False,al,,,,,2014-11-08 01:33:58.465000,2015-02-17 19:42:25.058000
ALL000180,Richie Whorton,Richie,,Whorton,,,False,al,,,,,2014-11-08 01:33:58.578000,2015-02-17 19:42:25.043000
ALL000036,Alan Baker,Alan,,Baker,,,True,al,lower,66,Republican,http://www.legislature.state.al.us/ALISWWW/House/Representative%20Pictures/Baker_66.jpeg,2011-12-07 21:20:44.439000,2017-06-01 05:52:56.015000
ALL000037,Mike Ball,Mike,,Ball,,,True,al,lower,10,Republican,http://www.legislature.state.al.us/ALISWWW/House/Representative%20Pictures/Ball_10.jpeg,2011-12-07 21:20:44.449000,2017-06-01 05:52:55.844000
ALL000038,George C. Bandy,George,C.,Bandy,,,True,al,lower,83,Democratic,http://www.legislature.state.al.us/ALISWWW/House/Representative%20Pictures/Bandy_83.jpeg,2011-12-07 21:20:44.459000,2017-06-01 05:52:55.489000
ALL000041,Paul Beckman,Paul,,Beckman,,,True,al,lower,88,Republican,http://www.legislature.state.al.us/ALISWWW/House/Representative%20Pictures/Beckman_88.jpeg,2011-12-07 21:20:44.489000,2017-06-01 05:52:55.724000
ALL000042,Elaine Beech,Elaine,,Beech,,,True,al,lower,65,Democratic,http://www.legislature.state.al.us/ALISWWW/House/Representative%20Pictures/Beech_65.jpeg,2011-12-07 21:20:44.499000,2017-06-01 05:52:55.264000
ALL000043,Marcel Black,Marcel,,Black,,,True,al,lower,3,Democratic,http://www.legislature.state.al.us/ALISWWW/House/Representative%20Pictures/Black_3.jpeg,2011-12-07 21:20:44.509000,2017-06-01 05:52:55.847000
ALL000045,Alan C. Boothe,Alan,C.,Boothe,,,True,al,lower,89,Republican,http://www.legislature.state.al.us/ALISWWW/House/Representative%20Pictures/Boothe_89.jpeg,2011-12-07 21:20:44.532000,2017-06-01 05:52:23.976000
ALL000046,Barbara B. Boyd,Barbara,B.,Boyd,,,True,al,lower,32,Democratic,http://www.legislature.state.al.us/ALISWWW/House/Representative%20Pictures/Boyd_32.jpeg,2011-12-07 21:20:44.542000,2017-06-01 05:52:55.654000
ALL000047,Napoleon Bracy Jr.,Napoleon,,Bracy,,,True,al,lower,98,Democratic,http://www.legislature.state.al.us/ALISWWW/House/Representative%20Pictures/Bracy_98.jpeg,2011-12-07 21:20:44.552000,2017-06-01 05:52:55.364000
ALL000049,K.L. Brown,K. L.,,Brown,,,True,al,lower,40,Republican,http://www.legislature.state.al.us/ALISWWW/House/Representative%20Pictures/Brown_40.jpeg,2011-12-07 21:20:44.572000,2017-06-01 05:52:55.656000
ALL000051,James E. Buskey,James,E.,Buskey,,,True,al,lower,99,Democratic,http://www.legislature.state.al.us/ALISWWW/House/Representative%20Pictures/Buskey_99.jpeg,2011-12-07 21:20:44.592000,2017-06-01 05:52:56.007000
ALL000053,Jim Carns,Jim,,Carns,,,True,al,lower,48,Republican,http://www.legislature.state.al.us/ALISWWW/House/Representative%20Pictures/Carns_48.jpeg,2011-12-07 21:20:44.612000,2017-06-01 05:52:55.941000
ALL000054,Donnie Chesteen,Donnie,,Chesteen,,,True,al,lower,87,Republican,http://www.legislature.state.al.us/ALISWWW/House/Representative%20Pictures/Chesteen_87.jpeg,2011-12-07 21:20:44.626000,2017-06-01 05:52:55.981000
ALL000055,Steve Clouse,Steve,,Clouse,,,True,al,lower,93,Republican,http://www.legislature.state.al.us/ALISWWW/House/Representative%20Pictures/Clouse_93.jpeg,2011-12-07 21:20:44.636000,2017-06-01 05:52:55.269000
ALL000056,Merika Coleman-Evans,Merika,,Coleman-Evans,,,True,al,lower,57,Democratic,http://www.legislature.state.al.us/ALISWWW/House/Representative%20Pictures/Coleman_57.jpeg,2011-12-07 21:20:44.646000,2017-06-01 05:52:55.923000
ALL000057,Terri Collins,Terri,,Collins,,,True,al,lower,8,Republican,http://www.legislature.state.al.us/ALISWWW/House/Representative%20Pictures/Collins_8.jpeg,2011-12-07 21:20:44.656000,2017-06-01 05:52:56.001000
ALL000059,Randy Davis,Randy,,Davis,,,True,al,lower,96,Republican,http://www.legislature.state.al.us/ALISWWW/House/Representative%20Pictures/Davis_96.jpeg,2011-12-07 21:20:44.676000,2017-06-01 05:52:56.022000
ALL000061,Dickie Drake,Dickie,,Drake,,,True,al,lower,45,Republican,http://www.legislature.state.al.us/ALISWWW/House/Representative%20Pictures/Drake_45.jpeg,2011-12-07 21:20:44.696000,2017-06-01 05:52:55.936000
ALL000062,Chris England,Chris,,England,,,True,al,lower,70,Democratic,http://www.legislature.state.al.us/ALISWWW/House/Representative%20Pictures/England_70.jpeg,2011-12-07 21:20:44.706000,2017-06-01 05:52:55.768000
ALL000063,Allen Farley,Allen,,Farley,,,True,al,lower,15,Republican,http://www.legislature.state.al.us/ALISWWW/House/Representative%20Pictures/Farley_15.jpeg,2011-12-07 21:20:44.716000,2017-06-01 05:52:55.944000
ALL000064,Joe Faust,Joe,,Faust,,,True,al,lower,94,Republican,http://www.legislature.state.al.us/ALISWWW/House/Representative%20Pictures/Faust_94.jpeg,2011-12-07 21:20:44.726000,2017-06-01 05:52:56.017000
ALL000066,Craig Ford,Craig,,Ford,,,True,al,lower,28,Democratic,http://www.legislature.state.al.us/ALISWWW/House/Representative%20Pictures/Ford_28.jpeg,2011-12-07 21:20:44.805000,2017-06-01 05:52:55.998000
ALL000067,Berry Forte,Berry,,Forte,,,True,al,lower,84,Democratic,http://www.legislature.state.al.us/ALISWWW/House/Representative%20Pictures/Forte_84.jpeg,2011-12-07 21:20:44.816000,2017-06-01 05:52:55.849000
ALL000069,Victor Gaston,Victor,,Gaston,,,True,al,lower,100,Republican,http://www.legislature.state.al.us/ALISWWW/House/Representative%20Pictures/Gaston_100.jpeg,2011-12-07 21:20:44.836000,2017-06-01 05:52:55.354000
ALL000070,Juandalynn Givan,Juandalynn,,Givan,,,True,al,lower,60,Democratic,http://www.legislature.state.al.us/ALISWWW/House/Representative%20Pictures/Givan_60.jpeg,2011-12-07 21:20:44.846000,2017-06-01 05:52:55.934000
ALL000071,Lynn Greer,Lynn,,Greer,,,True,al,lower,2,Republican,http://www.legislature.state.al.us/ALISWWW/House/Representative%20Pictures/Greer_2.jpeg,2011-12-07 21:20:44.856000,2017-06-01 05:52:55.452000
ALL000073,Dexter Grimsley,Dexter,,Grimsley,,,True,al,lower,85,Democratic,http://www.legislature.state.al.us/ALISWWW/House/Representative%20Pictures/Grimsley_85.jpeg,2011-12-07 21:20:44.876000,2017-06-01 05:52:55.653000
ALL000074,Laura Hall,Laura,,Hall,,,True,al,lower,19,Democratic,http://www.legislature.state.al.us/ALISWWW/House/Representative%20Pictures/Hall_19.jpeg,2011-12-07 21:20:44.886000,2017-06-01 05:52:55.642000
ALL000075,Micky Hammon,Micky,,Hammon,,,True,al,lower,4,Republican,http://www.legislature.state.al.us/ALISWWW/House/Representative%20Pictures/Hammon_4.jpeg,2011-12-07 21:20:44.896000,2017-06-01 05:52:55.596000
ALL000076,Alan Harper,Alan,,Harper,,,True,al,lower,61,Republican,http://www.legislature.state.al.us/ALISWWW/House/Representative%20Pictures/Harper_61.jpeg,2011-12-07 21:20:44.906000,2017-06-01 05:52:55.722000
ALL000077,Ed Henry,Ed,,Henry,,,True,al,lower,9,Republican,http://www.legislature.state.al.us/ALISWWW/House/Representative%20Pictures/Henry_9.jpeg,2011-12-07 21:20:44.916000,2017-06-01 05:52:55.838000
ALL000079,Alvin Holmes,Alvin,,Holmes,,,True,al,lower,78,Democratic,http://www.legislature.state.al.us/ALISWWW/House/Representative%20Pictures/Holmes_78.jpeg,2011-12-07 21:20:44.938000,2017-06-01 05:52:55.112000
ALL000080,Ralph Howard,Ralph,,Howard,,,True,al,lower,72,Democratic,http://www.legislature.state.al.us/ALISWWW/House/Representative%20Pictures/Howard_72.jpeg,2011-12-07 21:20:44.948000,2017-06-01 05:52:55.497000
ALL000083,Steve Hurst,Steve,,Hurst,,,True,al,lower,35,Republican,http://www.legislature.state.al.us/ALISWWW/House/Representative%20Pictures/Hurst_35.jpeg,2011-12-07 21:20:44.978000,2017-06-01 05:52:55.225000
ALL000085,Thomas E. Jackson,Thomas,E.,Jackson,,,True,al,lower,68,Democratic,http://www.legislature.state.al.us/ALISWWW/House/Representative%20Pictures/Jackson_68.jpeg,2011-12-07 21:20:44.998000,2017-06-01 05:52:56.020000
ALL000086,Ken Johnson,Ken,,Johnson,,,True,al,lower,7,Republican,http://www.legislature.state.al.us/ALISWWW/House/Representative%20Pictures/Johnson_7.jpeg,2011-12-07 21:20:45.009000,2017-06-01 05:52:55.395000
ALL000087,Ronald G. Johnson,Ronald,G.,Johnson,,,True,al,lower,33,Republican,http://www.legislature.state.al.us/ALISWWW/House/Representative%20Pictures/Johnson_33.jpeg,2011-12-07 21:20:45.019000,2017-06-01 05:52:55.325000
ALL000089,Mike Jones,Mike,,Jones,,,True,al,lower,92,Republican,http://www.legislature.state.al.us/ALISWWW/House/Representative%20Pictures/Jones_92.jpeg,2011-12-07 21:20:45.042000,2017-06-01 05:52:24.057000
ALL000091,John F. Knight,John,F.,Knight,,,True,al,lower,77,Democratic,http://www.legislature.state.al.us/ALISWWW/House/Representative%20Pictures/Knight_77.jpeg,2011-12-07 21:20:45.062000,2017-06-01 05:52:55.577000
ALL000093,Paul Lee,Paul W.,,Lee,,,True,al,lower,86,Republican,http://www.legislature.state.al.us/ALISWWW/House/Representative%20Pictures/Lee_86.jpeg,2011-12-07 21:20:45.083000,2017-06-01 05:52:55.271000
ALL000094,Richard J. Lindsey,Richard,J.,Lindsey,,,True,al,lower,39,Democratic,http://www.legislature.state.al.us/ALISWWW/House/Representative%20Pictures/Lindsey_39.jpeg,2011-12-07 21:20:45.093000,2017-06-01 05:52:55.718000
ALL000099,Artis Mccampbell,Artis,,Mccampbell,,,True,al,lower,71,Democratic,http://www.legislature.state.al.us/ALISWWW/House/Representative%20Pictures/McCampbell_71.jpeg,2011-12-07 21:20:45.149000,2017-06-01 05:52:54.885000
ALL000100,Thad McClammy,Thad,,McClammy,,,True,al,lower,76,Democratic,http://www.legislature.state.al.us/ALISWWW/House/Representative%20Pictures/McClammy_76.jpeg,2011-12-07 21:20:45.159000,2017-06-01 05:52:55.145000
ALL000103,Mac McCutcheon,Mac,,McCutcheon,,,True,al,lower,25,Republican,http://www.legislature.state.al.us/ALISWWW/House/Representative%20Pictures/McCutcheon_25.jpeg,2011-12-07 21:20:45.190000,2017-06-01 05:52:55.633000
ALL000104,Steve McMillan,Steve,,McMillan,,,True,al,lower,95,Republican,http://www.legislature.state.al.us/ALISWWW/House/Representative%20Pictures/McMillan_95.jpeg,2011-12-07 21:20:45.200000,2017-06-01 05:52:56.012000
ALL000107,Mike Millican,Mike,,Millican,,,True,al,lower,17,Republican,http://www.legislature.state.al.us/ALISWWW/House/Representative%20Pictures/Millican_17.jpeg,2011-12-07 21:20:45.230000,2017-06-01 05:52:55.258000
ALL000109,Barry Moore,Barry,,Moore,,,True,al,lower,91,Republican,http://www.legislature.state.al.us/ALISWWW/House/Representative%20Pictures/Moore_91.jpeg,2011-12-07 21:20:45.253000,2017-06-01 05:52:54.961000
ALL000110,Mary Moore,Mary,,Moore,,,True,al,lower,59,Democratic,http://www.legislature.state.al.us/ALISWWW/House/Representative%20Pictures/Moore_59.jpeg,2011-12-07 21:20:45.263000,2017-06-01 05:52:55.918000
ALL000111,Johnny M. Morrow,Johnny,M.,Morrow,,,True,al,lower,18,Democratic,http://www.legislature.state.al.us/ALISWWW/House/Representative%20Pictures/Morrow_18.jpeg,2011-12-07 21:20:45.273000,2017-06-01 05:52:55.229000
ALL000114,Becky Nordgren,Becky,,Nordgren,,,True,al,lower,29,Republican,http://www.legislature.state.al.us/ALISWWW/House/Representative%20Pictures/Nordgren_29.jpeg,2011-12-07 21:20:45.304000,2017-06-01 05:52:55.494000
ALL000116,Jim Patterson,Jim,,Patterson,,,True,al,lower,21,Republican,http://www.legislature.state.al.us/ALISWWW/House/Representative%20Pictures/Patterson_21.jpeg,2011-12-07 21:20:45.324000,2017-06-01 05:52:55.977000
ALL000118,Bill Poole,Bill,,Poole,,,True,al,lower,63,Republican,http://www.legislature.state.al.us/ALISWWW/House/Representative%20Pictures/Poole_63.jpeg,2011-12-07 21:20:45.343000,2017-06-01 05:52:55.983000
ALL000119,Kerry Rich,Kerry,,Rich,,,True,al,lower,26,Republican,http://www.legislature.state.al.us/ALISWWW/House/Representative%20Pictures/Rich_26.jpeg,2011-12-07 21:20:45.363000,2017-06-01 05:52:55.855000
ALL000123,John W. Rogers Jr.,John,W.,Rogers,,,True,al,lower,52,Democratic,http://www.legislature.state.al.us/ALISWWW/House/Representative%20Pictures/Rogers_52.jpeg,2011-12-07 21:20:45.462000,2017-06-01 05:52:56.003000
ALL000124,Howard Sanderford,Howard,,Sanderford,,,True,al,lower,20,Republican,http://www.legislature.state.al.us/ALISWWW/House/Representative%20Pictures/Sanderford_20.jpeg,2011-12-07 21:20:45.472000,2017-06-01 05:52:55.705000
ALL000125,Rod Scott,Rod,,Scott,,,True,al,lower,55,Democratic,http://www.legislature.state.al.us/ALISWWW/House/Representative%20Pictures/Scott_55.jpeg,2011-12-07 21:20:45.482000,2017-06-01 05:52:55.990000
ALL000126,David Sessions,David,,Sessions,,,True,al,lower,105,Republican,http://www.legislature.state.al.us/ALISWWW/House/Representative%20Pictures/Sessions_105.jpeg,2011-12-07 21:20:45.492000,2017-06-01 05:52:55.857000
ALL000127,Harry Shiver,Harry,,Shiver,,,True,al,lower,64,Republican,http://www.legislature.state.al.us/ALISWWW/House/Representative%20Pictures/Shiver_64.jpeg,2011-12-07 21:20:45.502000,2017-06-01 05:52:56.019000
ALL000129,Patricia Todd,Patricia,,Todd,,,True,al,lower,54,Democratic,http://www.legislature.state.al.us/ALISWWW/House/Representative%20Pictures/Todd_54.jpeg,2011-12-07 21:20:45.522000,2017-06-01 05:52:55.986000
ALL000130,Allen Treadaway,Allen,,Treadaway,,,True,al,lower,51,Republican,http://www.legislature.state.al.us/ALISWWW/House/Representative%20Pictures/Treadaway_51.jpeg,2011-12-07 21:20:45.532000,2017-06-01 05:52:55.911000
ALL000131,Mark Tuggle,Mark,,Tuggle,,,True,al,lower,81,Republican,http://www.legislature.state.al.us/ALISWWW/House/Representative%20Pictures/Tuggle_81.jpeg,2011-12-07 21:20:45.543000,2017-06-01 05:52:55.992000
ALL000134,Pebblin Warren,Pebblin W.,,Warren,,,True,al,lower,82,Democratic,http://www.legislature.state.al.us/ALISWWW/House/Representative%20Pictures/Warren_82.jpeg,2011-12-07 21:20:45.573000,2017-06-01 05:52:55.345000
ALL000135,April Weaver,April,,Weaver,,,True,al,lower,49,Republican,http://www.legislature.state.al.us/ALISWWW/House/Representative%20Pictures/Weaver_49.jpeg,2011-12-07 21:20:45.587000,2017-06-01 05:52:55.581000
ALL000137,Jack Williams,Jack,,Williams,,,True,al,lower,47,Republican,http://www.legislature.state.al.us/ALISWWW/House/Representative%20Pictures/Williams_47.jpeg,2011-12-07 21:20:45.607000,2017-06-01 05:52:55.930000
ALL000139,Randy Wood,Randy,,Wood,,,True,al,lower,36,Republican,http://www.legislature.state.al.us/ALISWWW/House/Representative%20Pictures/Wood_36.jpeg,2011-12-07 21:20:45.628000,2017-06-01 05:52:55.579000
ALL000141,Mack Butler,Mack,,Butler,,,True,al,lower,30,Republican,http://www.legislature.state.al.us/ALISWWW/House/Representative%20Pictures/Butler_30.jpeg,2012-12-20 00:05:36.025000,2017-06-01 05:52:55.491000
ALL000142,David Standridge,David,,Standridge,,,True,al,lower,34,Republican,http://www.legislature.state.al.us/ALISWWW/House/Representative%20Pictures/Standridge_34.jpeg,2012-12-20 00:05:36.268000,2017-06-01 05:52:55.227000
ALL000145,Randall Shedd,Randall,,Shedd,,,True,al,lower,11,Republican,http://www.legislature.state.al.us/ALISWWW/House/Representative%20Pictures/Shedd_11.jpeg,2013-04-12 01:00:16.018000,2017-06-01 05:52:55.661000
ALL000146,Adline Clarke,Adline,,Clarke,,,True,al,lower,97,Democratic,http://www.legislature.state.al.us/ALISWWW/House/Representative%20Pictures/Clarke_97.jpeg,2013-08-09 00:04:11.019000,2017-06-01 05:52:55.720000
ALL000147,Dimitri Polizos,Dimitri,,Polizos,,,True,al,lower,74,Republican,http://www.legislature.state.al.us/ALISWWW/House/Representative%20Pictures/Polizos_74.jpeg,2013-12-06 14:52:37.160000,2017-06-01 05:52:55.836000
ALL000148,Mike Holmes,Mike,,Holmes,,,True,al,lower,31,Republican,http://www.legislature.state.al.us/ALISWWW/House/Representative%20Pictures/Holmes_31.jpeg,2014-02-06 00:43:33.678000,2017-06-01 05:52:55.235000
ALL000149,Margie Wilcox,Margie,,Wilcox,,,True,al,lower,104,Republican,http://www.legislature.state.al.us/ALISWWW/House/Representative%20Pictures/Wilcox_104.jpeg,2014-02-06 00:43:33.784000,2017-06-01 05:52:55.649000
ALL000152,Tim Wadsworth,Tim,,Wadsworth,,,True,al,lower,14,Republican,http://www.legislature.state.al.us/ALISWWW/House/Representative%20Pictures/Wadsworth_14.jpeg,2014-11-08 01:33:58.097000,2017-06-01 05:52:55.914000
ALL000153,Will Ainsworth,Will,,Ainsworth,,,True,al,lower,27,Republican,http://www.legislature.state.al.us/ALISWWW/House/Representative%20Pictures/Ainsworth_27.jpeg,2014-11-08 01:33:58.125000,2017-06-01 05:52:55.851000
ALL000154,Connie Rowe,Connie C.,,Rowe,,,True,al,lower,13,Republican,http://www.legislature.state.al.us/ALISWWW/House/Representative%20Pictures/Rowe_13.jpeg,2014-11-08 01:33:58.143000,2017-06-01 05:52:55.776000
ALL000155,Arnold Mooney,Arnold,,Mooney,,,True,al,lower,43,Republican,http://www.legislature.state.al.us/ALISWWW/House/Representative%20Pictures/Mooney_43.jpeg,2014-11-08 01:33:58.178000,2017-06-01 05:52:55.926000
ALL000156,Anthony Daniels,Anthony,,Daniels,,,True,al,lower,53,Democratic,http://www.legislature.state.al.us/ALISWWW/House/Representative%20Pictures/Daniels_53.jpeg,2014-11-08 01:33:58.184000,2017-06-01 05:52:55.630000
ALL000157,David Faulkner,David,,Faulkner,,,True,al,lower,46,Republican,http://www.legislature.state.al.us/ALISWWW/House/Representative%20Pictures/Faulkner_46.jpeg,2014-11-08 01:33:58.194000,2017-06-01 05:52:55.916000
ALL000158,Kyle South,Kyle,,South,,,True,al,lower,16,Republican,http://www.legislature.state.al.us/ALISWWW/House/Representative%20Pictures/South_16.jpeg,2014-11-08 01:33:58.225000,2017-06-01 05:52:55.938000
ALL000159,Matt Fridy,Matt,,Fridy,,,True,al,lower,73,Republican,http://www.legislature.state.al.us/ALISWWW/House/Representative%20Pictures/Fridy_73.jpeg,2014-11-08 01:33:58.232000,2017-06-01 05:52:55.461000
ALL000160,Danny Garrett,Danny,,Garrett,,,True,al,lower,44,Republican,http://www.legislature.state.al.us/ALISWWW/House/Representative%20Pictures/Garrett_44.jpeg,2014-11-08 01:33:58.274000,2017-06-01 05:52:56.005000
ALL000161,Kelvin Lawrence,Kelvin,,Lawrence,,,True,al,lower,69,Democratic,http://www.legislature.state.al.us/ALISWWW/House/Representative%20Pictures/Lawrence_69.jpeg,2014-11-08 01:33:58.364000,2017-06-01 05:52:55.313000
ALL000162,Chris Sells,Chris,,Sells,,,True,al,lower,90,Republican,http://www.legislature.state.al.us/ALISWWW/House/Representative%20Pictures/Sells_90.jpeg,2014-11-08 01:33:58.376000,2017-06-01 05:52:55.260000
ALL000163,Jimmy Martin,Jimmy,,Martin,,,True,al,lower,42,Republican,http://www.legislature.state.al.us/ALISWWW/House/Representative%20Pictures/Martin_42.jpeg,2014-11-08 01:33:58.385000,2017-06-01 05:52:55.397000
ALL000164,Jim Hill,Jim,,Hill,,,True,al,lower,50,Republican,http://www.legislature.state.al.us/ALISWWW/House/Representative%20Pictures/Hill_50.jpeg,2014-11-08 01:33:58.395000,2017-06-01 05:52:55.840000
ALL000167,Louise Alexander,Louise,,Alexander,,,True,al,lower,56,Democratic,http://www.legislature.state.al.us/ALISWWW/House/Representative%20Pictures/Alexander_56.jpeg,2014-11-08 01:33:58.458000,2017-06-01 05:52:55.932000
ALL000170,Corey Harbison,Corey,,Harbison,,,True,al,lower,12,Republican,http://www.legislature.state.al.us/ALISWWW/House/Representative%20Pictures/Harbison_12.jpeg,2014-11-08 01:33:58.488000,2017-06-01 05:52:55.707000
ALL000171,Chris Pringle,Chris,,Pringle,,,True,al,lower,101,Republican,http://www.legislature.state.al.us/ALISWWW/House/Representative%20Pictures/Pringle_101.jpeg,2014-11-08 01:33:58.500000,2017-06-01 05:52:55.709000
ALL000172,Reed Ingram,Reed,,Ingram,,,True,al,lower,75,Republican,http://www.legislature.state.al.us/ALISWWW/House/Representative%20Pictures/Ingram_75.jpeg,2014-11-08 01:33:58.507000,2017-06-01 05:52:55.143000
ALL000175,Nathaniel Ledbetter,Nathaniel,,Ledbetter,,,True,al,lower,24,Republican,http://www.legislature.state.al.us/ALISWWW/House/Representative%20Pictures/Ledbetter_24.jpeg,2014-11-08 01:33:58.526000,2017-06-01 05:52:54.818000
ALL000176,Barbara Drummond,Barbara,,Drummond,,,True,al,lower,103,Democratic,http://www.legislature.state.al.us/ALISWWW/House/Representative%20Pictures/Drummond_103.jpeg,2014-11-08 01:33:58.542000,2017-06-01 05:52:55.663000
ALL000177,Tommy Hanes,Tommy,,Hanes,,,True,al,lower,23,Republican,http://www.legislature.state.al.us/ALISWWW/House/Representative%20Pictures/Hanes_23.jpeg,2014-11-08 01:33:58.552000,2017-06-01 05:52:55.783000
ALL000178,Phillip Pettus,Phillip,,Pettus,,,True,al,lower,1,Republican,http://www.legislature.state.al.us/ALISWWW/House/Representative%20Pictures/Pettus_1.jpeg,2014-11-08 01:33:58.561000,2017-06-01 05:52:54.860000
ALL000181,Bob Fincher,Bob,,Fincher,,,True,al,lower,37,Republican,http://www.legislature.state.al.us/ALISWWW/House/Representative%20Pictures/Fincher_37.jpeg,2014-11-08 01:33:58.622000,2017-06-01 05:52:55.716000
ALL000182,Rich Wingo,Rich,,Wingo,,,True,al,lower,62,Republican,http://www.legislature.state.al.us/ALISWWW/House/Representative%20Pictures/Wingo_62.jpeg,2014-11-08 01:33:58.632000,2017-06-01 05:52:55.387000
ALL000184,Isaac Whorton,Isaac,,Whorton,,,True,al,lower,38,Republican,http://www.legislature.state.al.us/ALISWWW/House/Representative%20Pictures/Whorton_38.jpeg,2014-11-27 01:32:55.465000,2017-06-01 05:52:55.785000
ALL000185,Ritchie Whorton,Ritchie,,Whorton,,,True,al,lower,22,Republican,http://www.legislature.state.al.us/ALISWWW/House/Representative%20Pictures/Whorton_22.jpeg,2014-11-27 01:32:55.669000,2017-06-01 05:52:55.842000
ALL000250,Jack W. Williams,Jack W.,,Williams,,,True,al,lower,102,Republican,http://www.legislature.state.al.us/ALISWWW/House/Representative%20Pictures/Williams_102.jpeg,2015-02-19 16:12:15.656000,2017-06-01 05:52:55.350000
ALL000251,Phil Williams,Phil,,Williams,,,True,al,lower,6,Republican,http://www.legislature.state.al.us/ALISWWW/House/Representative%20Pictures/Williams_6.jpeg,2015-02-19 16:12:15.700000,2017-06-01 05:52:55.996000
ALL000550,Chris Blackshear,Chris,,Blackshear,,,True,al,lower,80,Republican,http://www.legislature.state.al.us/ALISWWW/House/Representative%20Pictures/Blackshear_80.jpeg,2016-02-04 06:04:12.581000,2017-06-01 05:52:55.586000
ALL000551,Danny Crawford,Danny,,Crawford,,,True,al,lower,5,Republican,http://www.legislature.state.al.us/ALISWWW/House/Representative%20Pictures/Crawford_5.jpeg,2016-02-18 06:24:35.851000,2017-06-01 05:52:55.448000
ALL000552,Corley Ellis,Corley,,Ellis,,,True,al,lower,41,Republican,http://www.legislature.state.al.us/ALISWWW/House/Representative%20Pictures/Ellis_41.jpeg,2017-01-02 06:37:52.917000,2017-06-01 05:52:55.467000
ALL000554,Joe Lovvorn,Joe,,Lovvorn,,,True,al,lower,79,Republican,http://www.legislature.state.al.us/ALISWWW/House/Representative%20Pictures/Lovvorn_79.jpeg,2017-01-02 06:37:53.178000,2017-06-01 05:52:55.979000
ALL000555,Rolanda Hollis,Rolanda,,Hollis,,,True,al,lower,58,Democratic,http://www.legislature.state.al.us/ALISWWW/House/Representative%20Pictures/Hollis_58.jpeg,2017-03-10 05:22:03.492000,2017-06-01 05:52:24.078000
ALL000556,Prince Chestnut,Prince,,Chestnut,,,True,al,lower,67,Democratic,http://www.legislature.state.al.us/ALISWWW/House/Representative%20Pictures/Chestnut_67.jpeg,2017-04-20 05:35:57.588000,2017-06-01 05:52:24.067000
ALL000001,Gerald Allen,Gerald H.,,Allen,,,True,al,upper,21,Republican,http://www.legislature.state.al.us/ALISWWW/Senate/Senator%20Pictures/Allen_21.jpeg,2011-12-07 21:20:44.070000,2017-06-01 05:52:55.830000
ALL000002,Billy Beasley,William M.,,Beasley,,,True,al,upper,28,Democratic,http://www.legislature.state.al.us/ALISWWW/Senate/Senator%20Pictures/Beasley_28.jpeg,2011-12-07 21:20:44.081000,2017-06-01 05:52:55.731000
ALL000005,Slade Blackwell,Mark Slade,,Blackwell,,,True,al,upper,15,Republican,http://www.legislature.state.al.us/ALISWWW/Senate/Senator%20Pictures/Blackwell_15.jpeg,2011-12-07 21:20:44.112000,2017-06-01 05:52:55.809000
ALL000006,Dick Brewbaker,Dick,,Brewbaker,,,True,al,upper,25,Republican,http://www.legislature.state.al.us/ALISWWW/Senate/Senator%20Pictures/Brewbaker_25.jpeg,2011-12-07 21:20:44.122000,2017-06-01 05:52:56.037000
ALL000008,Paul Bussman,Paul,,Bussman,,,True,al,upper,4,Republican,http://www.legislature.state.al.us/ALISWWW/Senate/Senator%20Pictures/Bussman_4.jpeg,2011-12-07 21:20:44.143000,2017-06-01 05:52:55.969000
ALL000009,Linda Coleman,Linda,,Coleman,,,True,al,upper,20,Democratic,http://www.legislature.state.al.us/ALISWWW/Senate/Senator%20Pictures/Coleman-Madison_20.jpeg,2011-12-07 21:20:44.153000,2017-06-01 05:52:56.030000
ALL000010,Gerald Dial,Gerald O.,,Dial,,,True,al,upper,13,Republican,http://www.legislature.state.al.us/ALISWWW/Senate/Senator%20Pictures/Dial_13.jpeg,2011-12-07 21:20:44.163000,2017-06-01 05:52:55.816000
ALL000011,Priscilla Dunn,Priscilla,,Dunn,,,True,al,upper,19,Democratic,http://www.legislature.state.al.us/ALISWWW/Senate/Senator%20Pictures/Dunn_19.jpeg,2011-12-07 21:20:44.173000,2017-06-01 05:52:55.743000
ALL000013,Vivian Davis Figures,Vivian Davis,,Figures,,,True,al,upper,33,Democratic,http://www.legislature.state.al.us/ALISWWW/Senate/Senator%20Pictures/Figures_33.jpeg,2011-12-07 21:20:44.194000,2017-06-01 05:52:55.952000
ALL000014,Rusty Glover,Rusty,,Glover,,,True,al,upper,34,Republican,http://www.legislature.state.al.us/ALISWWW/Senate/Senator%20Pictures/Glover_34.jpeg,2011-12-07 21:20:44.208000,2017-06-01 05:52:55.899000
ALL000015,Jimmy Holley,Jimmy,,Holley,,,True,al,upper,31,Republican,http://www.legislature.state.al.us/ALISWWW/Senate/Senator%20Pictures/Holley_31.jpeg,2011-12-07 21:20:44.218000,2017-06-01 05:52:55.828000
ALL000016,Bill Holtzclaw,William L.,,Holtzclaw,,,True,al,upper,2,Republican,http://www.legislature.state.al.us/ALISWWW/Senate/Senator%20Pictures/Holtzclaw_2.jpeg,2011-12-07 21:20:44.229000,2017-06-01 05:52:55.749000
ALL000019,Del Marsh,Del,,Marsh,,,True,al,upper,12,Republican,http://www.legislature.state.al.us/ALISWWW/Senate/Senator%20Pictures/Marsh_12.jpeg,2011-12-07 21:20:44.259000,2017-06-01 05:52:55.966000
ALL000021,Arthur Orr,Arthur,,Orr,,,True,al,upper,3,Republican,http://www.legislature.state.al.us/ALISWWW/Senate/Senator%20Pictures/Orr_3.jpeg,2011-12-07 21:20:44.280000,2017-06-01 05:52:55.889000
ALL000022,Trip Pittman,Lee,,Pittman,,,True,al,upper,32,Republican,http://www.legislature.state.al.us/ALISWWW/Senate/Senator%20Pictures/Pittman_32.jpeg,2011-12-07 21:20:44.290000,2017-06-01 05:52:56.033000
ALL000023,Greg J. Reed,Greg J.,,Reed,,,True,al,upper,5,Republican,http://www.legislature.state.al.us/ALISWWW/Senate/Senator%20Pictures/Reed_5.jpeg,2011-12-07 21:20:44.301000,2017-06-01 05:52:55.865000
ALL000024,Quinton T. Ross Jr.,Quinton,T.,Ross,,,True,al,upper,26,Democratic,http://www.legislature.state.al.us/ALISWWW/Senate/Senator%20Pictures/Ross_26.jpeg,2011-12-07 21:20:44.314000,2017-06-01 05:52:55.971000
ALL000025,Hank Sanders,Hank,,Sanders,,,True,al,upper,23,Democratic,http://www.legislature.state.al.us/ALISWWW/Senate/Senator%20Pictures/Sanders_23.jpeg,2011-12-07 21:20:44.324000,2017-06-01 05:52:55.957000
ALL000026,Paul Sanford,Paul,,Sanford,,,True,al,upper,7,Republican,http://www.legislature.state.al.us/ALISWWW/Senate/Senator%20Pictures/Sanford_7.jpeg,2011-12-07 21:20:44.334000,2017-06-01 05:52:55.757000
ALL000027,Clay Scofield,Clay,,Scofield,,,True,al,upper,9,Republican,http://www.legislature.state.al.us/ALISWWW/Senate/Senator%20Pictures/Scofield_9.jpeg,2011-12-07 21:20:44.345000,2017-06-01 05:52:55.891000
ALL000028,Bobby Singleton,Bobby D.,,Singleton,,,True,al,upper,24,Democratic,http://www.legislature.state.al.us/ALISWWW/Senate/Senator%20Pictures/Singleton_24.jpeg,2011-12-07 21:20:44.355000,2017-06-01 05:52:55.877000
ALL000029,Harri Anne Smith,Harri Anne,,Smith,,,True,al,upper,29,Independent,http://www.legislature.state.al.us/ALISWWW/Senate/Senator%20Pictures/Smith_29.jpeg,2011-12-07 21:20:44.365000,2017-06-01 05:52:55.823000
ALL000030,Rodger Smitherman,Rodger M.,,Smitherman,,,True,al,upper,18,Democratic,http://www.legislature.state.al.us/ALISWWW/Senate/Senator%20Pictures/Smitherman_18.jpeg,2011-12-07 21:20:44.375000,2017-06-01 05:52:56.044000
ALL000032,J. T. Waggoner,J. T.,,Waggoner,,Jabo,True,al,upper,16,Republican,http://www.legislature.state.al.us/ALISWWW/Senate/Senator%20Pictures/Waggoner_16.jpeg,2011-12-07 21:20:44.396000,2017-06-01 05:52:55.807000
ALL000033,Cam Ward,Cam,,Ward,,,True,al,upper,14,Republican,http://www.legislature.state.al.us/ALISWWW/Senate/Senator%20Pictures/Ward_14.jpeg,2011-12-07 21:20:44.407000,2017-06-01 05:52:56.039000
ALL000034,Tom Whatley,Tom,,Whatley,,,True,al,upper,27,Republican,http://www.legislature.state.al.us/ALISWWW/Senate/Senator%20Pictures/Whatley_27.jpeg,2011-12-07 21:20:44.418000,2017-06-01 05:52:55.870000
ALL000035,Phil Williams,Phillip W.,,Williams,,,True,al,upper,10,Republican,http://www.legislature.state.al.us/ALISWWW/Senate/Senator%20Pictures/Williams_10.jpeg,2011-12-07 21:20:44.428000,2017-06-01 05:52:56.046000
ALL000101,Jim McClendon,Jim,,McClendon,,,True,al,upper,11,Republican,http://www.legislature.state.al.us/ALISWWW/Senate/Senator%20Pictures/McClendon_11.jpeg,2011-12-07 21:20:45.169000,2017-06-01 05:52:55.962000
ALL000144,Bill Hightower,Bill,,Hightower,,,True,al,upper,35,Republican,http://www.legislature.state.al.us/ALISWWW/Senate/Senator%20Pictures/Hightower_35.jpeg,2013-03-27 00:45:37.164000,2017-06-01 05:52:56.035000
ALL000165,Greg Albritton,Greg,,Albritton,,,True,al,upper,22,Republican,http://www.legislature.state.al.us/ALISWWW/Senate/Senator%20Pictures/Albritton_22.jpeg,2014-11-08 01:33:58.405000,2017-06-01 05:52:56.042000
ALL000169,Clyde Chambliss,Clyde,,Chambliss,,,True,al,upper,30,Republican,http://www.legislature.state.al.us/ALISWWW/Senate/Senator%20Pictures/Chambliss_30.jpeg,2014-11-08 01:33:58.475000,2017-06-01 05:52:55.754000
ALL000174,Shay Shelnutt,Shay,,Shelnutt,,,True,al,upper,17,Republican,http://www.legislature.state.al.us/ALISWWW/Senate/Senator%20Pictures/Shelnutt_17.jpeg,2014-11-08 01:33:58.520000,2017-06-01 05:52:55.959000
ALL000179,Steve Livingston,Steve,,Livingston,,,True,al,upper,8,Republican,http://www.legislature.state.al.us/ALISWWW/Senate/Senator%20Pictures/Livingston_8.jpeg,2014-11-08 01:33:58.571000,2017-06-01 05:52:55.738000
ALL000183,Tim Melson,Tim,,Melson,,,True,al,upper,1,Republican,http://www.legislature.state.al.us/ALISWWW/Senate/Senator%20Pictures/Melson_1.jpeg,2014-11-08 01:33:58.641000,2017-06-01 05:52:56.027000
ALL000186,Larry Stutts,Larry,,Stutts,,,True,al,upper,6,Republican,http://www.legislature.state.al.us/ALISWWW/Senate/Senator%20Pictures/Stutts_6.jpeg,2014-12-04 01:38:42.363000,2017-06-01 05:52:55.881000
