id,state,chamber,committee,subcommittee,parent_id
AZC000016,az,lower,Appropriations,,
AZC000018,az,lower,Commerce,,
AZC000019,az,lower,Education,,
AZC000023,az,lower,Judiciary,,
AZC000027,az,lower,Rules,,
AZC000030,az,lower,Ways and Means,,
AZC000060,az,lower,"Energy, Environment and Natural Resources",,
AZC000063,az,lower,Health,,
AZC000069,az,lower,Government and Higher Education,,
AZC000071,az,lower,Federalism and States' Rights,,
AZC000073,az,lower,Children and Family Affairs,,
AZC000074,az,lower,Banking and Financial Services,,
AZC000075,az,lower,Rural and Economic Development,,
AZC000076,az,lower,Insurance,,
AZC000078,az,lower,County and Municipal Affairs,,
AZC000079,az,lower,Transportation and Infrastructure,,
AZC000082,az,lower,Elections,,
AZC000084,az,lower,"Agriculture, Water and Lands",,
AZC000086,az,lower,Military Affairs and Public Safety,,
AZC000089,az,lower,Judiciary and Public Safety,,
AZC000090,az,lower,Government,,
AZC000091,az,lower,"Land, Agriculture and Rural Affairs",,
AZC000092,az,lower,"Appropriations Subcommittee on Public Safety, Infrastructure and Resources",,
AZC000093,az,lower,Banking and Insurance,,
AZC000095,az,lower,Local and International Affairs,,
AZC000096,az,lower,"Federalism, Property Rights and Public Policy",,
AZC000098,az,lower,Appropriations Subcommittee on Education,,
AZC000099,az,lower,"Military, Veterans and Regulatory Affairs",,
AZC000100,az,lower,Appropriations Subcommittee on Health and Welfare,,
AZC000001,az,upper,Appropriations,,
AZC000004,az,upper,Finance,,
AZC000007,az,upper,Judiciary,,
AZC000011,az,upper,Rules,,
AZC000035,az,upper,Education,,
AZC000056,az,upper,Health and Human Services,,
AZC000059,az,upper,Transportation,,
AZC000070,az,upper,"Federalism, Mandates and Fiscal Responsibility",,
AZC000072,az,upper,State Debt and Budget Reform,,
AZC000077,az,upper,Government,,
AZC000080,az,upper,Natural Resources,,
AZC000081,az,upper,Commerce and Workforce Development,,
AZC000085,az,upper,Water and Energy,,
AZC000087,az,upper,Financial Institutions,,
AZC000088,az,upper,"Public Safety, Military and Technology",,
AZC000094,az,upper,"Natural Resources, Energy and Water",,
AZC000097,az,upper,Transportation and Technology,,
AZC000101,az,upper,Commerce and Public Safety,,
