leg_id,full_name,first_name,middle_name,last_name,suffixes,nickname,active,state,chamber,district,party,photo_url,created_at,updated_at
NYL000001,Eric Adams,Eric,,Adams,,,False,ny,,,,http://www.nysenate.gov/files/profile-pictures/%2802-04-09%29%20Adams-HS-059NEW%20HEADSHOT_1.JPG,2011-05-05 01:29:13.486000,2014-01-09 15:43:44.906000
NYL000003,James S Alesi,James,S,Alesi,,,False,ny,,,,http://www.nysenate.gov/files/imagecache/senator_teaser/profile-pictures/%2803-25-11%29%20Alesi-HS-032.jpg,2011-05-05 01:29:13.490000,2014-12-09 17:55:58.342000
NYL000005,Greg Ball,Greg,,Ball,,,False,ny,,,,http://www.nysenate.gov/files/profile-pictures/ball_HS2.jpg,2011-05-05 01:29:13.494000,2015-01-06 23:58:21.094000
NYL000012,Thomas Duane,Thomas,,Duane,,,False,ny,,,,http://www.nysenate.gov/files/imagecache/senator_teaser/profile-pictures/DuaneHeadshot07ColorBIO.jpg,2011-05-05 01:29:13.629000,2014-12-09 17:55:58.343000
NYL000013,Adriano Espaillat,Adriano,,Espaillat,,,False,ny,,,,https://www.nysenate.gov/sites/default/files/styles/160x160/public/%2801-25-11%29%20Espaillat-HS-007.jpg?itok=hQ-sGW7c,2011-05-05 01:29:13.644000,2017-06-01 05:09:02.080000
NYL000014,Hugh T Farley,Hugh,T,Farley,,,False,ny,,,,https://www.nysenate.gov/sites/default/files/styles/160x160/public/photo_-_headshot_-low-res.jpg?itok=tWDuLNzI,2011-05-05 01:29:13.646000,2017-06-01 05:09:02.083000
NYL000016,Charles J Fuschillo Jr.,Charles,J,Fuschillo,Jr.,,False,ny,,,,http://www.nysenate.gov/files/profile-pictures/Senator_Fuschillo%27s_Headshot-2011_retouch%5B1%5D.jpg,2011-05-05 01:29:13.650000,2014-01-09 15:42:51.882000
NYL000021,Mark Grisanti,Mark,,Grisanti,,,False,ny,,,,http://www.nysenate.gov/files/profile-pictures/Grisanti.jpg,2011-05-05 01:29:13.659000,2015-01-06 23:58:21.105000
NYL000023,Ruth Hassell-Thompson,Ruth,,Hassell-Thompson,,,False,ny,,,,https://www.nysenate.gov/sites/default/files/styles/160x160/public/%2803-18-09%29%20Hassell-Thompson%20HS-020.jpg?itok=U8tjKMcq,2011-05-05 01:29:13.662000,2017-01-02 09:51:44.568000
NYL000024,Shirley L Huntley,Shirley,L,Huntley,,,False,ny,,,,http://www.nysenate.gov/files/imagecache/senator_teaser/profile-pictures/%2803-03-09%29%20Huntley-HS-015_2.jpg,2011-05-05 01:29:13.664000,2014-12-09 17:55:58.344000
NYL000025,Owen H Johnson,Owen,H,Johnson,,,False,ny,,,,http://www.nysenate.gov/files/imagecache/senator_teaser/profile-pictures/SD4_Johnson.jpg,2011-05-05 01:29:13.666000,2014-12-09 17:55:58.345000
NYL000029,Carl Kruger,Carl,,Kruger,,,False,ny,,,,http://www.nysenate.gov/files/imagecache/senator_teaser/profile-pictures/HEADSHOT-CK%202009_0.JPG,2011-05-05 01:29:13.683000,2012-07-11 15:18:05.185000
NYL000033,Tom Libous,Tom,,Libous,,,False,ny,,,,http://www.nysenate.gov/files/profile-pictures/headshot%5B1%5D%5B1%5D.JPG,2011-05-05 01:29:13.690000,2015-09-28 12:33:02.546000
NYL000036,Jack M Martins,Jack,M,Martins,,,False,ny,,,,https://www.nysenate.gov/sites/default/files/styles/160x160/public/jackmm2_0.jpg?itok=3c4aN7xL,2011-05-05 01:29:13.696000,2017-06-01 05:09:02.085000
NYL000037,George D Maziarz,George,D,Maziarz,,,False,ny,,,,http://www.nysenate.gov/files/profile-pictures/headshot3.jpg,2011-05-05 01:29:13.698000,2015-01-06 23:58:21.107000
NYL000038,Roy J McDonald,Roy,J,McDonald,,,False,ny,,,,http://www.nysenate.gov/files/imagecache/senator_teaser/profile-pictures/SD43_McDonald.jpg,2011-05-05 01:29:13.699000,2014-12-09 17:55:58.346000
NYL000040,Michael F Nozzolio,Michael,F,Nozzolio,,,False,ny,,,,https://www.nysenate.gov/sites/default/files/styles/160x160/public/Senator%20Nozzolio%20Tight%20Color%20Headshot.jpg?itok=JtCr6Qw5,2011-05-05 01:29:13.732000,2017-06-01 05:09:02.087000
NYL000042,Suzi Oppenheimer,Suzi,,Oppenheimer,,,False,ny,,,,http://www.nysenate.gov/files/imagecache/senator_teaser/profile-pictures/BIOShotOppenheimer2007newheadshotcolor.jpg,2011-05-05 01:29:13.736000,2014-12-09 17:55:58.348000
NYL000045,Bill Perkins,Bill,,Perkins,,,False,ny,,,,https://www.nysenate.gov/sites/default/files/styles/160x160/public/%2802-05-09%29%20Perkins-HS-004.jpg?itok=mee9lUwO,2011-05-05 01:29:13.741000,2017-04-10 02:46:28.638000
NYL000050,Stephen M Saland,Stephen,M,Saland,,,False,ny,,,,http://www.nysenate.gov/files/imagecache/senator_teaser/profile-pictures/SD41_Saland.jpg,2011-05-05 01:29:13.751000,2014-12-09 17:55:58.349000
NYL000051,John L Sampson,John,L,Sampson,,,False,ny,,,,http://www.nysenate.gov/files/profile-pictures/webphoto1.jpg,2011-05-05 01:29:13.752000,2015-09-28 14:26:53.817000
NYL000055,Dean G Skelos,Dean,G,Skelos,,,False,ny,,,,http://www.nysenate.gov/sites/default/files/styles/160x160/public/%2811-17-08%29%20Skelos-HS-018-ret.jpg?itok=x3yWiMJh,2011-05-05 01:29:13.760000,2016-01-16 00:35:11.832000
NYL000056,Malcolm A Smith,Malcolm,A,Smith,,,False,ny,,,,http://www.nysenate.gov/files/profile-pictures/Smith-HS-024.jpg,2011-05-05 01:29:13.762000,2015-01-06 23:58:21.091000
NYL000062,Lee M Zeldin,Lee,M,Zeldin,,,False,ny,,,,http://www.nysenate.gov/files/profile-pictures/%2801-10-11%29%20Zeldin-HS-042.jpg,2011-05-05 01:29:13.773000,2015-01-06 23:58:21.093000
NYL000069,Inez Barron,Inez,,Barron,,,False,ny,,,,http://votesmart.org/canphoto/110264.jpg,2011-05-05 01:29:13.784000,2015-01-06 23:58:21.082000
NYL000071,Jonathan L T Bing,Jonathan,L T,Bing,,,False,ny,,,,http://assembly.state.ny.us/mem/pic/073.jpg,2011-05-05 01:29:13.788000,2012-06-05 19:41:21.647000
NYL000073,William Boyland Jr.,William,,Boyland,Jr.,,False,ny,,,,http://votesmart.org/canphoto/45068.jpg,2011-05-05 01:29:13.791000,2016-09-24 07:34:51.748000
NYL000076,James Brennan,James,,Brennan,,,False,ny,,,,http://votesmart.org/canphoto/4283.jpg,2011-05-05 01:29:13.796000,2017-01-02 09:51:44.551000
NYL000078,Alec Brook-Krasny,Alec,,Brook-Krasny,,,False,ny,,,Democratic,https://votesmart.org/canphoto/55215.jpg,2011-05-05 01:29:13.800000,2015-07-15 15:57:24.511000
NYL000079,Daniel Burling,Daniel,,Burling,,,False,ny,,,,http://assembly.state.ny.us/mem/pic/147.jpg,2011-05-05 01:29:13.801000,2013-01-04 10:24:17.478000
NYL000082,Nancy Calhoun,Nancy,,Calhoun,,,False,ny,,,,http://assembly.state.ny.us/mem/pic/096.jpg,2011-05-05 01:29:13.806000,2013-01-04 10:24:17.511000
NYL000083,Karim Camara,Karim,,Camara,,,False,ny,,,,http://votesmart.org/canphoto/58520.jpg,2011-05-05 01:29:13.808000,2015-06-25 19:24:46.263000
NYL000084,Ron Canestrari,Ron,,Canestrari,,,False,ny,,,,http://assembly.state.ny.us/mem/hdgimages/106_hdrhs.png,2011-05-05 01:29:13.810000,2013-01-04 10:24:17.442000
NYL000085,Robert Castelli,Robert,,Castelli,,,False,ny,,,,http://assembly.state.ny.us/mem/pic/089.jpg,2011-05-05 01:29:13.831000,2013-01-04 10:24:17.504000
NYL000086,Nelson Castro,Nelson,,Castro,,,False,ny,,,,http://ballotpedia.org/wiki/images/Nelson_Castro.jpg,2011-05-05 01:29:13.833000,2014-01-09 14:58:01.958000
NYL000087,John Ceretto,John,,Ceretto,,,False,ny,,,,http://votesmart.org/canphoto/91738.jpg,2011-05-05 01:29:13.834000,2017-01-02 09:51:44.556000
NYL000088,Barbara Clark,Barbara,,Clark,,,False,ny,,,,http://votesmart.org/canphoto/4290.jpg,2011-05-05 01:29:13.836000,2017-01-02 09:51:44.545000
NYL000090,James Conte,James,,Conte,,,False,ny,,,,http://assembly.state.ny.us/mem/pic/010.jpg,2011-05-05 01:29:13.839000,2013-01-04 10:24:17.435000
NYL000092,Jane Corwin,Jane,,Corwin,,,False,ny,,,,https://votesmart.org/canphoto/110467.jpg,2011-05-05 01:29:13.843000,2017-01-02 09:51:44.553000
NYL000099,RoAnn Destito,RoAnn,,Destito,,,False,ny,,,,,2011-05-05 01:29:13.880000,2012-02-22 22:19:52.679000
NYL000101,Janet Duprey,Janet,,Duprey,,,False,ny,,,,http://votesmart.org/canphoto/69215.jpg,2011-05-05 01:29:13.884000,2017-01-02 09:51:44.554000
NYL000107,Dennis Gabryszak,Dennis,,Gabryszak,,,False,ny,,,,http://votesmart.org/canphoto/69230.jpg,2011-05-05 01:29:13.929000,2015-01-06 23:58:21.073000
NYL000110,Vanessa Gibson,Vanessa,,Gibson,,,False,ny,,,,https://votesmart.org/canphoto/111431.jpg,2011-05-05 01:29:13.934000,2015-01-06 23:58:21.086000
NYL000117,Sean Hanna,Sean,,Hanna,,,False,ny,,,,http://assembly.state.ny.us/mem/pic/130.jpg,2011-05-05 01:29:13.964000,2013-01-04 10:24:17.467000
NYL000119,Jim Hayes,Jim,,Hayes,,,False,ny,,,,http://assembly.state.ny.us/mem/pic/148.jpg,2011-05-05 01:29:13.968000,2012-07-11 15:29:13.211000
NYL000124,Sam Hoyt,Sam,,Hoyt,,,False,ny,,,,http://assembly.state.ny.us/mem/pic/144.jpg,2011-05-05 01:29:13.985000,2012-07-11 15:27:13.022000
NYL000125,Rhoda Jacobs,Rhoda,,Jacobs,,,False,ny,,,,https://votesmart.org/canphoto/4336.jpg,2011-05-05 01:29:13.987000,2015-01-06 23:58:21.078000
NYL000127,Hakeem Jeffries,Hakeem,,Jeffries,,,False,ny,,,,http://assembly.state.ny.us/mem/pic/057.jpg,2011-05-05 01:29:13.990000,2014-12-09 17:55:58.350000
NYL000129,Tony Jordan,Tony,,Jordan,,,False,ny,,,,http://votesmart.org/canphoto/110377.jpg,2011-05-05 01:29:13.993000,2014-02-11 19:50:25.701000
NYL000130,Steve Katz,Steve,,Katz,,,False,ny,,,,http://votesmart.org/canphoto/127087.jpg,2011-05-05 01:29:13.995000,2017-01-02 09:51:44.566000
NYL000132,Micah Kellner,Micah,,Kellner,,,False,ny,,,,http://votesmart.org/canphoto/72703.jpg,2011-05-05 01:29:13.998000,2015-01-06 23:58:21.085000
NYL000133,Tom Kirwan,Tom,,Kirwan,,,False,ny,,,,,2011-05-05 01:29:14,2012-02-22 22:15:34.970000
NYL000135,Rory Lancman,Rory,,Lancman,,,False,ny,,,,http://assembly.state.ny.us/mem/pic/025.jpg,2011-05-05 01:29:14.003000,2014-12-09 17:55:58.249000
NYL000140,Guillermo Linares,Guillermo,,Linares,,,False,ny,,,,http://assembly.state.ny.us/mem/pic/072.jpg,2011-05-05 01:29:14.012000,2017-06-01 05:09:02.076000
NYL000142,Vito Lopez,Vito,,Lopez,,,False,ny,,,,http://ballotpedia.org/wiki/images/VitoLopez.jpg,2011-05-05 01:29:14.015000,2014-01-09 14:56:41.179000
NYL000143,Dan Losquadro,Dan,,Losquadro,,,False,ny,,,,http://votesmart.org/canphoto/91460.jpg,2011-05-05 01:29:14.017000,2014-01-09 14:54:36.793000
NYL000147,Alan Maisel,Alan,,Maisel,,,False,ny,,,,http://ballotpedia.org/wiki/images/AlanMaisel.jpg,2011-05-05 01:29:14.023000,2014-02-11 20:00:07.548000
NYL000149,Margaret Markey,Margaret,,Markey,,,False,ny,,,,https://votesmart.org/canphoto/23024.jpg,2011-05-05 01:29:14.027000,2017-06-01 05:09:02.079000
NYL000152,John McEneny,John,,McEneny,,,False,ny,,,,http://assembly.state.ny.us/mem/pic/104.jpg,2011-05-05 01:29:14.032000,2014-12-09 17:55:58.274000
NYL000154,Grace Meng,Grace,,Meng,,,False,ny,,,,http://assembly.state.ny.us/mem/pic/022.jpg,2011-05-05 01:29:14.035000,2014-12-09 17:55:58.352000
NYL000155,Donald Miller,Donald,,Miller,,,False,ny,,,,http://assembly.state.ny.us/mem/pic/121.jpg,2011-05-05 01:29:14.056000,2013-01-04 10:24:17.458000
NYL000156,Joel Miller,Joel,,Miller,,,False,ny,,,,http://assembly.state.ny.us/mem/pic/102.jpg,2011-05-05 01:29:14.057000,2013-01-04 10:24:17.438000
NYL000158,Joan Millman,Joan,,Millman,,,False,ny,,,,http://votesmart.org/canphoto/15188.jpg,2011-05-05 01:29:14.061000,2015-01-06 23:58:21.079000
NYL000159,Marcus Molinaro,Marcus,,Molinaro,,,False,ny,,,,http://assembly.state.ny.us/mem/pic/103.jpg,2011-05-05 01:29:14.062000,2012-02-22 22:17:09.069000
NYL000172,Audrey Pheffer,Audrey,,Pheffer,,,False,ny,,,,,2011-05-05 01:29:14.112000,2012-02-22 22:18:27.467000
NYL000175,Annie Rabbitt,Annie,,Rabbitt,,,False,ny,,,,http://votesmart.org/canphoto/44529.jpg,2011-05-05 01:29:14.117000,2015-01-06 23:58:21.090000
NYL000178,Bill Reilich,Bill,,Reilich,,,False,ny,,,,http://ballotpedia.org/wiki/images/Bill_Reilich.jpg,2011-05-05 01:29:14.122000,2014-02-11 20:22:21.830000
NYL000179,Bob Reilly,Bob,,Reilly,,,False,ny,,,,http://assembly.state.ny.us/mem/pic/109.jpg,2011-05-05 01:29:14.144000,2013-01-04 10:24:17.445000
NYL000181,Naomi Rivera,Naomi,,Rivera,,,False,ny,,,,http://assembly.state.ny.us/mem/pic/080.jpg,2011-05-05 01:29:14.147000,2014-12-09 17:55:58.352000
NYL000182,Peter Rivera,Peter,,Rivera,,,False,ny,,,,http://assembly.state.ny.us/mem/pic/076.jpg,2011-05-05 01:29:14.149000,2014-12-09 17:55:58.307000
NYL000183,Samuel Roberts,Samuel,,Roberts,,,False,ny,,,,https://votesmart.org/canphoto/127991.jpg,2011-05-05 01:29:14.151000,2015-11-12 00:26:59.265000
NYL000184,Annette Robinson,Annette,,Robinson,,,False,ny,,,,http://votesmart.org/canphoto/44351.jpg,2011-05-05 01:29:14.152000,2017-01-02 09:51:44.544000
NYL000187,Addie Russell,Addie,,Russell,,,False,ny,,,,http://votesmart.org/canphoto/110387.jpg,2011-05-05 01:29:14.161000,2017-01-02 09:51:44.542000
NYL000188,Joseph Saladino,Joseph,,Saladino,,,False,ny,,,,http://votesmart.org/canphoto/44187.jpg,2011-05-05 01:29:14.163000,2017-04-10 02:46:32.145000
NYL000189,Teresa Sayward,Teresa,,Sayward,,,False,ny,,,,http://assembly.state.ny.us/mem/pic/113.jpg,2011-05-05 01:29:14.165000,2013-01-04 10:24:17.449000
NYL000190,William Scarborough,William,,Scarborough,,,False,ny,,,,http://votesmart.org/canphoto/4389.jpg,2011-05-05 01:29:14.167000,2015-11-12 00:24:22.436000
NYL000191,Michelle Schimel,Michelle,,Schimel,,,False,ny,,,,http://votesmart.org/canphoto/72726.jpg,2011-05-05 01:29:14.179000,2017-01-02 09:51:44.562000
NYL000193,Mark J F Schroeder,Mark,J F,Schroeder,,,False,ny,,,,http://assembly.state.ny.us/mem/pic/145.jpg,2011-05-05 01:29:14.182000,2012-02-22 22:17:42.046000
NYL000194,Sheldon Silver,Sheldon,,Silver,,,False,ny,,,,http://votesmart.org/canphoto/4272.jpg,2011-05-05 01:29:14.184000,2016-01-16 00:36:18.261000
NYL000196,Kevin Smardz,Kevin,,Smardz,,,False,ny,,,,http://assembly.state.ny.us/mem/pic/146.jpg,2011-05-05 01:29:14.188000,2013-01-04 10:24:17.477000
NYL000198,Eric Stevenson,Eric,,Stevenson,,,False,ny,,,,https://votesmart.org/canphoto/44575.jpg,2011-05-05 01:29:14.191000,2015-01-06 23:58:21.088000
NYL000199,Robert Sweeney,Robert,,Sweeney,,,False,ny,,,,http://votesmart.org/canphoto/4400.jpg,2011-05-05 01:29:14.193000,2015-01-06 23:58:21.072000
NYL000200,James Tedisco,James,,Tedisco,,,False,ny,,,,https://votesmart.org/canphoto/4401.jpg,2011-05-05 01:29:14.195000,2017-01-02 09:51:44.552000
NYL000201,Claudia Tenney,Claudia,,Tenney,,,False,ny,,,,https://votesmart.org/canphoto/127668.jpg,2011-05-05 01:29:14.197000,2017-01-02 09:51:44.548000
NYL000205,Lou Tobacco,Lou,,Tobacco,,,False,ny,,,,http://assembly.state.ny.us/mem/pic/062.jpg,2011-05-05 01:29:14.204000,2013-01-04 10:24:17.496000
NYL000207,Harvey Weisenberg,Harvey,,Weisenberg,,,False,ny,,,,http://votesmart.org/canphoto/4410.jpg,2011-05-05 01:29:14.207000,2015-01-06 23:58:21.075000
NYL000209,Keith Wright,Keith,,Wright,,,False,ny,,,,http://votesmart.org/canphoto/4415.jpg,2011-05-05 01:29:14.224000,2017-06-01 05:09:02.077000
NYL000213,"Rafael Espinal, Jr.",Rafael,,Espinal,Jr.,,False,ny,,,,http://votesmart.org/canphoto/135256.jpg,2011-10-01 06:57:01.194000,2014-02-11 20:44:24.710000
NYL000214,Phillip Goldfeder,Phillip,,Goldfeder,,,False,ny,,,,http://2.bp.blogspot.com/-p9Cpuhq-3EA/TeZDKgJvy5I/AAAAAAAAXpU/b4bDy_TrilY/s320/10_med.jpg,2011-10-04 06:57:15.312000,2017-01-02 09:51:44.564000
NYL000224,David Storobin,David,,Storobin,,,False,ny,,,,http://www.nysenate.gov/files/imagecache/senator_teaser/profile-pictures/Storobin_official-HS-2012.jpg,2012-06-06 01:16:45.455000,2013-01-04 10:24:17.515000
NYL000230,Terry Gipson,Terry,,Gipson,,,False,ny,,,,http://www.nysenate.gov/files/profile-pictures/%2812-10-12%29%20Gipson-HS-010.jpg,2013-01-04 10:24:15.316000,2015-01-06 23:58:21.096000
NYL000237,Ted O'Brien,Ted,,O'Brien,,,False,ny,,,,http://www.nysenate.gov/files/profile-pictures/%2812-10-12%29%20O%27Brien-HS-008.jpg,2013-01-04 10:24:15.517000,2015-01-06 23:58:21.103000
NYL000247,Joseph Borelli,Joseph,,Borelli,,,False,ny,,,,http://media.silive.com/latest_news/photo/11140095-large.jpg,2013-01-04 10:24:15.753000,2016-05-11 20:25:42.821000
NYL000269,Edward Hennessey,Edward,,Hennessey,,,False,ny,,,,http://suffolkcountydems.com/sites/default/files/styles/scale_240/public/images/photos_candidates/Photo.jpg,2013-01-04 10:24:16.403000,2015-01-06 23:58:21.076000
NYL000291,"Nojay, Bill",Bill,,Nojay,,,False,ny,,,,https://sphotos-a.xx.fbcdn.net/hphotos-ash4/252664_120496788088176_947803188_n.jpg,2013-01-04 10:24:16.700000,2017-01-02 09:51:44.563000
NYL000300,Gabriela Rosa,Gabriela,,Rosa,,,False,ny,,,,http://www.cityandstateny.com/wp-content/uploads/2012/09/Gabriela-Rosa.jpg,2013-01-04 10:24:16.871000,2016-09-24 07:34:51.747000
NYL000321,"Tkaczyk, Cecilia",Cecilia,,Tkaczyk,,,False,ny,,,,http://www.nysenate.gov/files/profile-pictures/%2812-10-12%29%20Tkaczyk-HS-009.jpg,2013-01-28 11:58:55.536000,2015-01-06 23:58:21.097000
NYL000323,Senate District 8,Senate District,,8,,,False,ny,,,,http://www.nysenate.gov/files/profile-pictures/district_8.png,2014-01-08 21:07:09.918000,2014-01-15 15:15:17.975000
NYL000325,Senate District 20,Senate District,,20,,,False,ny,,,,http://www.nysenate.gov/files/profile-pictures/district_20.png,2014-01-08 21:07:10.572000,2014-01-15 15:15:41.637000
NYL000334,"Kaminsky, Todd",Todd,,Kaminsky,,,False,ny,,,,http://assembly.state.ny.us/mem/pic/020.jpg,2015-01-06 23:58:19.170000,2017-01-02 09:51:44.557000
NYL000335,"Wozniak , Angela",Angela,,Wozniak,,,False,ny,,,,http://assembly.state.ny.us/mem/pic/143.jpg,2015-01-06 23:58:19.213000,2017-01-02 09:51:44.567000
NYL000337,Marc Panepinto,Marc,,Panepinto,,,False,ny,,,,https://www.nysenate.gov/sites/default/files/styles/160x160/public/NJParisi_Panepinto_3539.jpg?itok=OGF31sp3,2015-01-06 23:58:19.487000,2017-01-09 04:11:19.926000
NYL000346,Michael Venditto,Michael,,Venditto,,,False,ny,,,,https://www.nysenate.gov/sites/default/files/styles/160x160/public/mv-headshot.jpg?itok=GFRZu8py,2015-01-06 23:58:19.944000,2017-06-01 05:09:02.088000
NYL000425,"Cancel, Alice",Alice,,Cancel,,,False,ny,,,,http://assembly.state.ny.us/mem/pic/065.jpg,2016-05-11 07:12:20.662000,2017-01-02 09:51:44.546000
NYL000197,Mike Spano,Mike,,Spano,,,False,ny,lower,,,http://assembly.state.ny.us/mem/pic/093.jpg,2011-05-05 01:29:14.189000,2013-01-16 11:01:26.947000
NYL000063,Peter Abbate Jr.,Peter,,Abbate,Jr.,,True,ny,lower,49,Democratic,http://assembly.state.ny.us/mem/pic/049.jpg,2011-05-05 01:29:13.774000,2017-06-01 05:09:02.254000
NYL000064,Thomas Abinanti,Thomas,,Abinanti,,,True,ny,lower,92,Democratic,http://assembly.state.ny.us/mem/pic/092.jpg,2011-05-05 01:29:13.776000,2017-06-01 05:09:02.280000
NYL000066,Carmen Arroyo,Carmen,,Arroyo,,,True,ny,lower,84,Democratic,http://assembly.state.ny.us/mem/pic/084.jpg,2011-05-05 01:29:13.779000,2017-06-01 05:09:02.117000
NYL000067,Jeffrion Aubry,Jeffrion,,Aubry,,,True,ny,lower,35,Democratic,http://assembly.state.ny.us/mem/pic/035.jpg,2011-05-05 01:29:13.781000,2017-06-01 05:09:02.172000
NYL000068,William Barclay,William,,Barclay,,,True,ny,lower,120,Republican,http://assembly.state.ny.us/mem/pic/120.jpg,2011-05-05 01:29:13.783000,2017-06-01 05:09:02.291000
NYL000070,Michael Benedetto,Michael,,Benedetto,,,True,ny,lower,82,Democratic,http://assembly.state.ny.us/mem/pic/082.jpg,2011-05-05 01:29:13.786000,2017-06-01 05:09:02.198000
NYL000072,Ken Blankenbush,Ken,,Blankenbush,,,True,ny,lower,117,Republican,http://assembly.state.ny.us/mem/pic/117.jpg,2011-05-05 01:29:13.789000,2017-06-01 05:09:02.183000
NYL000075,Edward Braunstein,Edward,,Braunstein,,,True,ny,lower,26,Democratic,http://assembly.state.ny.us/mem/pic/026.jpg,2011-05-05 01:29:13.795000,2017-06-01 05:09:02.149000
NYL000077,Harry Bronson,Harry,,Bronson,,,True,ny,lower,138,Democratic,http://assembly.state.ny.us/mem/pic/138.jpg,2011-05-05 01:29:13.798000,2017-06-01 05:09:02.161000
NYL000080,Marc Butler,Marc,,Butler,,,True,ny,lower,118,Republican,http://assembly.state.ny.us/mem/pic/118.jpg,2011-05-05 01:29:13.803000,2017-06-01 05:09:02.191000
NYL000081,Kevin Cahill,Kevin,,Cahill,,,True,ny,lower,103,Democratic,http://assembly.state.ny.us/mem/pic/103.jpg,2011-05-05 01:29:13.805000,2017-06-01 05:09:02.186000
NYL000089,William Colton,William,,Colton,,,True,ny,lower,47,Democratic,http://assembly.state.ny.us/mem/pic/047.jpg,2011-05-05 01:29:13.838000,2017-06-01 05:09:02.292000
NYL000091,Vivian Cook,Vivian,,Cook,,,True,ny,lower,32,Democratic,http://assembly.state.ny.us/mem/pic/032.jpg,2011-05-05 01:29:13.841000,2017-06-01 05:09:02.285000
NYL000093,Marcos Crespo,Marcos,,Crespo,,,True,ny,lower,85,Democratic,http://assembly.state.ny.us/mem/pic/085.jpg,2011-05-05 01:29:13.845000,2017-06-01 05:09:02.192000
NYL000094,Clifford Crouch,Clifford,,Crouch,,,True,ny,lower,122,Republican,http://assembly.state.ny.us/mem/pic/122.jpg,2011-05-05 01:29:13.872000,2017-06-01 05:09:02.124000
NYL000095,Brian Curran,Brian,,Curran,,,True,ny,lower,21,Republican,http://assembly.state.ny.us/mem/pic/021.jpg,2011-05-05 01:29:13.874000,2017-06-01 05:09:02.111000
NYL000096,Michael Cusick,Michael,,Cusick,,,True,ny,lower,63,Democratic,http://assembly.state.ny.us/mem/pic/063.jpg,2011-05-05 01:29:13.875000,2017-06-01 05:09:02.233000
NYL000097,Steven Cymbrowitz,Steven,,Cymbrowitz,,,True,ny,lower,45,Democratic,http://assembly.state.ny.us/mem/pic/045.jpg,2011-05-05 01:29:13.877000,2017-06-01 05:09:02.277000
NYL000098,Michael DenDekker,Michael,,DenDekker,,,True,ny,lower,34,Democratic,http://assembly.state.ny.us/mem/pic/034.jpg,2011-05-05 01:29:13.879000,2017-06-01 05:09:02.235000
NYL000100,Jeffrey Dinowitz,Jeffrey,,Dinowitz,,,True,ny,lower,81,Democratic,http://assembly.state.ny.us/mem/pic/081.jpg,2011-05-05 01:29:13.882000,2017-06-01 05:09:02.171000
NYL000102,Steve Englebright,Steve,,Englebright,,,True,ny,lower,4,Democratic,http://assembly.state.ny.us/mem/pic/004.jpg,2011-05-05 01:29:13.885000,2017-06-01 05:09:02.276000
NYL000103,Herman Farrell Jr.,Herman,,Farrell,Jr.,,True,ny,lower,71,Democratic,http://assembly.state.ny.us/mem/pic/071.jpg,2011-05-05 01:29:13.887000,2017-06-01 05:09:02.163000
NYL000104,Gary Finch,Gary,,Finch,,,True,ny,lower,126,Republican,http://assembly.state.ny.us/mem/pic/126.jpg,2011-05-05 01:29:13.889000,2017-06-01 05:09:02.159000
NYL000105,Michael Fitzpatrick,Michael,,Fitzpatrick,,,True,ny,lower,8,Republican,http://assembly.state.ny.us/mem/pic/008.jpg,2011-05-05 01:29:13.890000,2017-06-01 05:09:02.236000
NYL000106,Christopher Friend,Christopher,,Friend,,,True,ny,lower,124,Republican,http://assembly.state.ny.us/mem/pic/124.jpg,2011-05-05 01:29:13.892000,2017-06-01 05:09:02.123000
NYL000108,Sandy Galef,Sandy,,Galef,,,True,ny,lower,95,Democratic,http://assembly.state.ny.us/mem/pic/095.jpg,2011-05-05 01:29:13.931000,2017-06-01 05:09:02.269000
NYL000109,David Gantt,David,,Gantt,,,True,ny,lower,137,Democratic,http://assembly.state.ny.us/mem/pic/137.jpg,2011-05-05 01:29:13.932000,2017-06-01 05:09:02.134000
NYL000112,Deborah Glick,Deborah,,Glick,,,True,ny,lower,66,Democratic,http://assembly.state.ny.us/mem/pic/066.jpg,2011-05-05 01:29:13.937000,2017-06-01 05:09:02.141000
NYL000113,Andy Goodell,Andy,,Goodell,,,True,ny,lower,150,Republican,http://assembly.state.ny.us/mem/pic/150.jpg,2011-05-05 01:29:13.939000,2017-06-01 05:09:02.098000
NYL000114,Richard Gottfried,Richard,N.,Gottfried,,Dick,True,ny,lower,75,Democratic,http://assembly.state.ny.us/mem/pic/075.jpg,2011-05-05 01:29:13.959000,2017-06-01 05:09:02.262000
NYL000115,Al Graf,Al,,Graf,,,True,ny,lower,5,Republican,http://assembly.state.ny.us/mem/pic/005.jpg,2011-05-05 01:29:13.961000,2017-06-01 05:09:02.091000
NYL000116,Aileen Gunther,Aileen,,Gunther,,,True,ny,lower,100,Democratic,http://assembly.state.ny.us/mem/pic/100.jpg,2011-05-05 01:29:13.963000,2017-06-01 05:09:02.090000
NYL000118,Stephen Hawley,Stephen,,Hawley,,,True,ny,lower,139,Republican,http://assembly.state.ny.us/mem/pic/139.jpg,2011-05-05 01:29:13.966000,2017-06-01 05:09:02.275000
NYL000120,Carl Heastie,Carl,,Heastie,,,True,ny,lower,83,Democratic,http://assembly.state.ny.us/mem/pic/083.jpg,2011-05-05 01:29:13.969000,2017-06-01 05:09:02.116000
NYL000121,Andrew Hevesi,Andrew,,Hevesi,,,True,ny,lower,28,Democratic,http://assembly.state.ny.us/mem/pic/028.jpg,2011-05-05 01:29:13.971000,2017-06-01 05:09:02.095000
NYL000122,Dov Hikind,Dov,,Hikind,,,True,ny,lower,48,Democratic,http://assembly.state.ny.us/mem/pic/048.jpg,2011-05-05 01:29:13.973000,2017-06-01 05:09:02.147000
NYL000123,Earlene Hooper,Earlene,,Hooper,,,True,ny,lower,18,Democratic,http://assembly.state.ny.us/mem/pic/018.jpg,2011-05-05 01:29:13.975000,2017-06-01 05:09:02.148000
NYL000126,Ellen Jaffee,Ellen,,Jaffee,,,True,ny,lower,97,Democratic,http://assembly.state.ny.us/mem/pic/097.jpg,2011-05-05 01:29:13.988000,2017-06-01 05:09:02.152000
NYL000128,Mark Johns,Mark,,Johns,,,True,ny,lower,135,Republican,http://assembly.state.ny.us/mem/pic/135.jpg,2011-05-05 01:29:13.991000,2017-06-01 05:09:02.196000
NYL000131,Brian Kavanagh,Brian,,Kavanagh,,,True,ny,lower,74,Democratic,http://assembly.state.ny.us/mem/pic/074.jpg,2011-05-05 01:29:13.997000,2017-06-01 05:09:02.113000
NYL000134,Brian M Kolb,Brian,M,Kolb,,,True,ny,lower,131,Republican,http://assembly.state.ny.us/mem/pic/131.jpg,2011-05-05 01:29:14.002000,2017-06-01 05:09:02.114000
NYL000137,Charles Lavine,Charles,,Lavine,,,True,ny,lower,13,Democratic,http://assembly.state.ny.us/mem/pic/013.jpg,2011-05-05 01:29:14.007000,2017-06-01 05:09:02.122000
NYL000138,Joseph Lentol,Joseph,,Lentol,,,True,ny,lower,50,Democratic,http://assembly.state.ny.us/mem/pic/050.jpg,2011-05-05 01:29:14.008000,2017-06-01 05:09:02.178000
NYL000139,Barbara Lifton,Barbara,,Lifton,,,True,ny,lower,125,Democratic,http://assembly.state.ny.us/mem/pic/125.jpg,2011-05-05 01:29:14.010000,2017-06-01 05:09:02.104000
NYL000141,Peter Lopez,Peter,,Lopez,,,True,ny,lower,102,Republican,http://assembly.state.ny.us/mem/pic/102.jpg,2011-05-05 01:29:14.013000,2017-06-01 05:09:02.255000
NYL000144,Donna Lupardo,Donna,,Lupardo,,,True,ny,lower,123,Democratic,http://assembly.state.ny.us/mem/pic/123.jpg,2011-05-05 01:29:14.018000,2017-06-01 05:09:02.146000
NYL000145,William Magee,William,,Magee,,Bill,True,ny,lower,121,Democratic,http://assembly.state.ny.us/mem/pic/121.jpg,2011-05-05 01:29:14.020000,2017-06-01 05:09:02.293000
NYL000146,William Magnarelli,William,,Magnarelli,,,True,ny,lower,129,Democratic,http://assembly.state.ny.us/mem/pic/129.jpg,2011-05-05 01:29:14.021000,2017-06-01 05:09:02.294000
NYL000148,Nicole Malliotakis,Nicole,,Malliotakis,,,True,ny,lower,64,Republican,http://assembly.state.ny.us/mem/pic/064.jpg,2011-05-05 01:29:14.025000,2017-06-01 05:09:02.248000
NYL000150,Tom McKevitt,Tom,,McKevitt,,,True,ny,lower,17,Republican,http://assembly.state.ny.us/mem/pic/017.jpg,2011-05-05 01:29:14.028000,2017-06-01 05:09:02.282000
NYL000151,David McDonough,David,,McDonough,,,True,ny,lower,14,Republican,http://assembly.state.ny.us/mem/pic/014.jpg,2011-05-05 01:29:14.030000,2017-06-01 05:09:02.135000
NYL000153,Steven McLaughlin,Steven,,McLaughlin,,,True,ny,lower,107,Republican,http://assembly.state.ny.us/mem/pic/107.jpg,2011-05-05 01:29:14.033000,2017-06-01 05:09:02.278000
NYL000157,Michael Miller,Michael,,Miller,,,True,ny,lower,38,Democratic,http://assembly.state.ny.us/mem/pic/038.jpg,2011-05-05 01:29:14.059000,2017-06-01 05:09:02.238000
NYL000160,Michael Montesano,Michael,,Montesano,,,True,ny,lower,15,Republican,http://assembly.state.ny.us/mem/pic/015.jpg,2011-05-05 01:29:14.064000,2017-06-01 05:09:02.239000
NYL000161,Joseph Morelle,Joseph,,Morelle,,,True,ny,lower,136,Democratic,http://assembly.state.ny.us/mem/pic/136.jpg,2011-05-05 01:29:14.066000,2017-06-01 05:09:02.179000
NYL000162,Francisco Moya,Francisco,,Moya,,,True,ny,lower,39,Democratic,http://assembly.state.ny.us/mem/pic/039.jpg,2011-05-05 01:29:14.067000,2017-06-01 05:09:02.154000
NYL000163,Dean Murray,Dean,,Murray,,,True,ny,lower,3,Republican,http://assembly.state.ny.us/mem/pic/003.jpg,2011-05-05 01:29:14.069000,2017-06-01 05:09:02.139000
NYL000164,Catherine Nolan,Catherine,,Nolan,,,True,ny,lower,37,Democratic,http://assembly.state.ny.us/mem/pic/037.jpg,2011-05-05 01:29:14.071000,2017-06-01 05:09:02.119000
NYL000165,Daniel O'Donnell,Daniel,,O'Donnell,,,True,ny,lower,69,Democratic,http://assembly.state.ny.us/mem/pic/069.jpg,2011-05-05 01:29:14.073000,2017-06-01 05:09:02.130000
NYL000166,Bob Oaks,Bob,,Oaks,,,True,ny,lower,130,Republican,http://assembly.state.ny.us/mem/pic/130.jpg,2011-05-05 01:29:14.074000,2017-06-01 05:09:02.109000
NYL000167,Félix Ortiz,Félix,,Ortiz,,,True,ny,lower,51,Democratic,http://assembly.state.ny.us/mem/pic/051.jpg,2011-05-05 01:29:14.076000,2017-06-01 05:09:02.158000
NYL000168,Philip Palmesano,Philip,,Palmesano,,,True,ny,lower,132,Republican,http://assembly.state.ny.us/mem/pic/132.jpg,2011-05-05 01:29:14.078000,2017-06-01 05:09:02.260000
NYL000169,Amy Paulin,Amy,,Paulin,,,True,ny,lower,88,Democratic,http://assembly.state.ny.us/mem/pic/088.jpg,2011-05-05 01:29:14.107000,2017-06-01 05:09:02.093000
NYL000170,Crystal Peoples-Stokes,Crystal,,Peoples-Stokes,,,True,ny,lower,141,Democratic,http://assembly.state.ny.us/mem/pic/141.jpg,2011-05-05 01:29:14.109000,2017-06-01 05:09:02.125000
NYL000171,N. Nick Perry,N. Nick,,Perry,,,True,ny,lower,58,Democratic,http://assembly.state.ny.us/mem/pic/058.jpg,2011-05-05 01:29:14.111000,2017-06-01 05:09:02.247000
NYL000173,J. Gary Pretlow,J. Gary,,Pretlow,,,True,ny,lower,89,Democratic,http://assembly.state.ny.us/mem/pic/089.jpg,2011-05-05 01:29:14.114000,2017-06-01 05:09:02.167000
NYL000174,Edward Ra,Edward,,Ra,,,True,ny,lower,19,Republican,http://assembly.state.ny.us/mem/pic/019.jpg,2011-05-05 01:29:14.116000,2017-06-01 05:09:02.151000
NYL000176,Andrew Raia,Andrew,,Raia,,,True,ny,lower,12,Republican,http://assembly.state.ny.us/mem/pic/012.jpg,2011-05-05 01:29:14.119000,2017-06-01 05:09:02.096000
NYL000177,Phil Ramos,Phil,,Ramos,,,True,ny,lower,6,Democratic,http://assembly.state.ny.us/mem/pic/006.jpg,2011-05-05 01:29:14.121000,2017-06-01 05:09:02.257000
NYL000180,José Rivera,José,,Rivera,,,True,ny,lower,78,Democratic,http://assembly.state.ny.us/mem/pic/078.jpg,2011-05-05 01:29:14.146000,2017-06-01 05:09:02.181000
NYL000185,Robert Rodriguez,Robert,,Rodriguez,,,True,ny,lower,68,Democratic,http://assembly.state.ny.us/mem/pic/068.jpg,2011-05-05 01:29:14.154000,2017-06-01 05:09:02.264000
NYL000186,Linda Rosenthal,Linda,,Rosenthal,,,True,ny,lower,67,Democratic,http://assembly.state.ny.us/mem/pic/067.jpg,2011-05-05 01:29:14.160000,2017-06-01 05:09:02.189000
NYL000192,Robin Schimminger,Robin,,Schimminger,,,True,ny,lower,140,Democratic,http://assembly.state.ny.us/mem/pic/140.jpg,2011-05-05 01:29:14.180000,2017-06-01 05:09:02.266000
NYL000195,Aravella Simotas,Aravella,,Simotas,,,True,ny,lower,36,Democratic,http://assembly.state.ny.us/mem/pic/036.jpg,2011-05-05 01:29:14.186000,2017-06-01 05:09:02.102000
NYL000202,Fred Thiele Jr.,Fred,,Thiele,Jr.,,True,ny,lower,1,Democratic,http://assembly.state.ny.us/mem/pic/001.jpg,2011-05-05 01:29:14.198000,2017-06-01 05:09:02.156000
NYL000203,Matthew Titone,Matthew,,Titone,,,True,ny,lower,61,Democratic,http://assembly.state.ny.us/mem/pic/061.jpg,2011-05-05 01:29:14.200000,2017-06-01 05:09:02.197000
NYL000204,Michele Titus,Michele,,Titus,,,True,ny,lower,31,Democratic,http://assembly.state.ny.us/mem/pic/031.jpg,2011-05-05 01:29:14.202000,2017-06-01 05:09:02.243000
NYL000206,Helene Weinstein,Helene,,Weinstein,,,True,ny,lower,41,Democratic,http://assembly.state.ny.us/mem/pic/041.jpg,2011-05-05 01:29:14.206000,2017-06-01 05:09:02.162000
NYL000208,David Weprin,David,,Weprin,,,True,ny,lower,24,Democratic,http://assembly.state.ny.us/mem/pic/024.jpg,2011-05-05 01:29:14.222000,2017-06-01 05:09:02.137000
NYL000210,Kenneth Zebrowski,Kenneth,,Zebrowski,,,True,ny,lower,96,Democratic,http://assembly.state.ny.us/mem/pic/096.jpg,2011-05-05 01:29:14.226000,2017-06-01 05:09:02.184000
NYL000212,Anthony Brindisi,Anthony,,Brindisi,,,True,ny,lower,119,Democratic,http://assembly.state.ny.us/mem/pic/119.jpg,2011-09-29 06:42:21.047000,2017-06-01 05:09:02.100000
NYL000215,Michael Simanowitz,Michael,,Simanowitz,,,True,ny,lower,27,Democratic,http://assembly.state.ny.us/mem/pic/027.jpg,2011-10-04 06:57:16.075000,2017-06-01 05:09:02.240000
NYL000216,Dan Quart,Dan,,Quart,,,True,ny,lower,73,Democratic,http://assembly.state.ny.us/mem/pic/073.jpg,2011-10-29 07:01:53.896000,2017-06-01 05:09:02.127000
NYL000217,Raymond Walter,Raymond,,Walter,,,True,ny,lower,146,Republican,http://assembly.state.ny.us/mem/pic/146.jpg,2011-11-25 06:47:09.544000,2017-06-01 05:09:02.261000
NYL000218,Sean Ryan,Sean,,Ryan,,,True,ny,lower,149,Democratic,http://assembly.state.ny.us/mem/pic/149.jpg,2011-11-29 07:03:28.775000,2017-06-01 05:09:02.270000
NYL000219,Joseph Giglio,Joseph,,Giglio,,,True,ny,lower,148,Republican,http://assembly.state.ny.us/mem/pic/148.jpg,2012-01-26 06:19:42.752000,2017-06-01 05:09:02.177000
NYL000220,Shelley Mayer,Shelley,,Mayer,,,True,ny,lower,90,Democratic,http://assembly.state.ny.us/mem/pic/090.jpg,2012-03-28 00:53:16.026000,2017-06-01 05:09:02.273000
NYL000221,Frank Skartados,Frank,,Skartados,,,True,ny,lower,104,Democratic,http://assembly.state.ny.us/mem/pic/104.jpg,2012-03-29 00:59:30.546000,2017-06-01 05:09:02.155000
NYL000222,Michael Kearns,Michael,,Kearns,,,True,ny,lower,142,Democratic,http://assembly.state.ny.us/mem/pic/142.jpg,2012-03-30 01:00:37.409000,2017-06-01 05:09:02.237000
NYL000223,Didi Barrett,Didi,,Barrett,,,True,ny,lower,106,Democratic,http://assembly.state.ny.us/mem/pic/106.jpg,2012-04-19 01:02:16.004000,2017-06-01 05:09:02.143000
NYL000250,David Buchwald,David,,Buchwald,,,True,ny,lower,93,Democratic,http://assembly.state.ny.us/mem/pic/093.jpg,2013-01-04 10:24:15.809000,2017-06-01 05:09:02.131000
NYL000257,David DiPietro,David,,DiPietro,,,True,ny,lower,147,Republican,http://assembly.state.ny.us/mem/pic/147.jpg,2013-01-04 10:24:15.934000,2017-06-01 05:09:02.133000
NYL000259,Patricia Fahy,Patricia,,Fahy,,,True,ny,lower,109,Democratic,http://assembly.state.ny.us/mem/pic/109.jpg,2013-01-04 10:24:15.962000,2017-06-01 05:09:02.253000
NYL000265,Andrew Garbarino,Andrew,,Garbarino,,,True,ny,lower,7,Republican,http://assembly.state.ny.us/mem/pic/007.jpg,2013-01-04 10:24:16.021000,2017-06-01 05:09:02.094000
NYL000267,Mark Gjonaj,Mark,,Gjonaj,,,True,ny,lower,80,Democratic,http://assembly.state.ny.us/mem/pic/080.jpg,2013-01-04 10:24:16.338000,2017-06-01 05:09:02.195000
NYL000275,Ron Kim,Ron,,Kim,,,True,ny,lower,40,Democratic,http://assembly.state.ny.us/mem/pic/040.jpg,2013-01-04 10:24:16.494000,2017-06-01 05:09:02.268000
NYL000277,Kieran Michael Lalor,Kieran,Michael,Lalor,,,True,ny,lower,105,Republican,http://assembly.state.ny.us/mem/pic/105.jpg,2013-01-04 10:24:16.509000,2017-06-01 05:09:02.187000
NYL000281,Chad Lupinacci,Chad,,Lupinacci,,,True,ny,lower,10,Republican,http://assembly.state.ny.us/mem/pic/010.jpg,2013-01-04 10:24:16.569000,2017-06-01 05:09:02.121000
NYL000286,"John McDonald, III",John,,McDonald,III,,True,ny,lower,108,Democratic,http://assembly.state.ny.us/mem/pic/108.jpg,2013-01-04 10:24:16.624000,2017-06-01 05:09:02.175000
NYL000290,Walter Mosley,Walter,,Mosley,,,True,ny,lower,57,Democratic,http://assembly.state.ny.us/mem/pic/057.jpg,2013-01-04 10:24:16.684000,2017-06-01 05:09:02.290000
NYL000293,Steven Otis,Steven,,Otis,,,True,ny,lower,91,Democratic,http://assembly.state.ny.us/mem/pic/091.jpg,2013-01-04 10:24:16.738000,2017-06-01 05:09:02.279000
NYL000301,Nily Rozic,Nily,,Rozic,,,True,ny,lower,25,Democratic,http://assembly.state.ny.us/mem/pic/025.jpg,2013-01-04 10:24:16.886000,2017-06-01 05:09:02.249000
NYL000305,Angelo Santabarbara,Angelo,,Santabarbara,,,True,ny,lower,111,Democratic,http://assembly.state.ny.us/mem/pic/111.jpg,2013-01-04 10:24:16.918000,2017-06-01 05:09:02.099000
NYL000306,Luis Sepulveda,Luis,,Sepúlveda,,,True,ny,lower,87,Democratic,http://assembly.state.ny.us/mem/pic/087.jpg,2013-01-04 10:24:16.949000,2017-06-01 05:09:02.190000
NYL000309,James Skoufis,James,,Skoufis,,,True,ny,lower,99,Democratic,http://assembly.state.ny.us/mem/pic/099.jpg,2013-01-04 10:24:16.988000,2017-06-01 05:09:02.169000
NYL000310,Michaelle Solages,Michaelle,,Solages,,,True,ny,lower,22,Democratic,http://assembly.state.ny.us/mem/pic/022.jpg,2013-01-04 10:24:16.996000,2017-06-01 05:09:02.242000
NYL000311,Dan Stec,Dan,,Stec,,,True,ny,lower,114,Republican,http://assembly.state.ny.us/mem/pic/114.jpg,2013-01-04 10:24:17.004000,2017-06-01 05:09:02.129000
NYL000312,Phil Steck,Phil,,Steck,,,True,ny,lower,110,Democratic,http://assembly.state.ny.us/mem/pic/110.jpg,2013-01-04 10:24:17.012000,2017-06-01 05:09:02.259000
NYL000313,Al Stirpe,Al,,Stirpe,,,True,ny,lower,127,Democratic,http://assembly.state.ny.us/mem/pic/127.jpg,2013-01-04 10:24:17.028000,2017-06-01 05:09:02.092000
NYL000324,Victor Pichardo,Victor,,Pichardo,,,True,ny,lower,86,Democratic,http://assembly.state.ny.us/mem/pic/086.jpg,2014-01-08 21:07:10.479000,2017-06-01 05:09:02.284000
NYL000326,Anthony H. Palumbo,Anthony H.,,Palumbo,,,True,ny,lower,2,Republican,http://assembly.state.ny.us/mem/pic/002.jpg,2014-01-08 21:07:10.598000,2017-06-01 05:09:02.101000
NYL000327,Maritza Davila,Maritza,,Davila,,,True,ny,lower,53,Democratic,http://assembly.state.ny.us/mem/pic/053.jpg,2014-01-08 21:07:10.778000,2017-06-01 05:09:02.194000
NYL000331,"Brabenec, Karl",Karl,,Brabenec,,,True,ny,lower,98,Republican,http://assembly.state.ny.us/mem/pic/098.jpg,2015-01-06 23:58:18.995000,2017-06-01 05:09:02.110000
NYL000332,"Dilan, Erik",Erik,,Dilan,,,True,ny,lower,54,Democratic,http://assembly.state.ny.us/mem/pic/054.jpg,2015-01-06 23:58:19.009000,2017-06-01 05:09:02.145000
NYL000338,"Joyner, Latoya",Latoya,,Joyner,,,True,ny,lower,77,Democratic,http://assembly.state.ny.us/mem/pic/077.jpg,2015-01-06 23:58:19.528000,2017-06-01 05:09:02.182000
NYL000339,"Bichotte, Rodneyse",Rodneyse,,Bichotte,,,True,ny,lower,42,Democratic,http://assembly.state.ny.us/mem/pic/042.jpg,2015-01-06 23:58:19.737000,2017-06-01 05:09:02.107000
NYL000341,"Walker, Latrice",Latrice,,Walker,,,True,ny,lower,55,Democratic,http://assembly.state.ny.us/mem/pic/055.jpg,2015-01-06 23:58:19.795000,2017-06-01 05:09:02.286000
NYL000342,"Barron, Charles",Charles,,Barron,,,True,ny,lower,60,Democratic,http://assembly.state.ny.us/mem/pic/060.jpg,2015-01-06 23:58:19.869000,2017-06-01 05:09:02.106000
NYL000344,"Jean-Pierre, Kimberly",Kimberly,,Jean-Pierre,,,True,ny,lower,11,Democratic,http://assembly.state.ny.us/mem/pic/011.jpg,2015-01-06 23:58:19.897000,2017-06-01 05:09:02.170000
NYL000345,"Simon, Jo Anne",Jo Anne,,Simon,,,True,ny,lower,52,Democratic,http://assembly.state.ny.us/mem/pic/052.jpg,2015-01-06 23:58:19.929000,2017-06-01 05:09:02.274000
NYL000347,"Woerner, Carrie",Carrie,,Woerner,,,True,ny,lower,113,Democratic,http://assembly.state.ny.us/mem/pic/113.jpg,2015-01-06 23:58:19.983000,2017-06-01 05:09:02.297000
NYL000348,"Seawright, Rebecca",Rebecca,,Seawright,,,True,ny,lower,76,Democratic,http://assembly.state.ny.us/mem/pic/076.jpg,2015-01-06 23:58:20.167000,2017-06-01 05:09:02.272000
NYL000354,"Lawrence, Peter",Peter,,Lawrence,,,True,ny,lower,134,Republican,http://assembly.state.ny.us/mem/pic/134.jpg,2015-01-06 23:58:20.518000,2017-06-01 05:09:02.188000
NYL000355,"Blake, Michael",Michael,,Blake,,,True,ny,lower,79,Democratic,http://assembly.state.ny.us/mem/pic/079.jpg,2015-01-06 23:58:20.624000,2017-06-01 05:09:02.108000
NYL000357,"Richardson, Diana",Diana,,Richardson,,,True,ny,lower,43,Democratic,http://assembly.state.ny.us/mem/pic/043.jpg,2015-05-14 03:28:58.434000,2017-06-01 05:09:02.263000
NYL000421,"Harris, Pamela",Pamela,,Harris,,,True,ny,lower,46,Democratic,http://assembly.state.ny.us/mem/pic/046.jpg,2016-01-06 15:37:39.219000,2017-06-01 05:09:02.160000
NYL000422,"Hunter, Pamela",Pamela,,Hunter,,,True,ny,lower,128,Democratic,http://assembly.state.ny.us/mem/pic/128.jpg,2016-01-06 15:37:39.284000,2017-06-01 05:09:02.165000
NYL000423,"Hyndman, Alicia",Alicia,,Hyndman,,,True,ny,lower,29,Democratic,http://assembly.state.ny.us/mem/pic/029.jpg,2016-01-06 15:37:39.660000,2017-06-01 05:09:02.166000
NYL000426,"Williams, Jaime",Jaime,,Williams,,,True,ny,lower,59,Democratic,http://assembly.state.ny.us/mem/pic/059.jpg,2016-05-11 07:12:20.694000,2017-06-01 05:09:02.296000
NYL000428,"Ron Castorina, Jr.",Ron,,Castorina,Jr.,,True,ny,lower,62,Republican,http://assembly.state.ny.us/mem/pic/062.jpg,2016-05-11 07:12:21.802000,2017-06-01 05:09:02.267000
NYL000430,"D'Urso, Anthony",Anthony,,D'Urso,,,True,ny,lower,16,Democratic,http://assembly.state.ny.us/mem/pic/016.jpg,2017-01-02 09:51:42.927000,2017-06-01 05:09:02.127000
NYL000431,"Errigo, Joseph",Joseph,,Errigo,,,True,ny,lower,133,Republican,http://assembly.state.ny.us/mem/pic/133.jpg,2017-01-02 09:51:42.982000,2017-06-01 05:09:02.153000
NYL000432,"Wallace, Monica",Monica,,Wallace,,,True,ny,lower,143,Democratic,http://assembly.state.ny.us/mem/pic/143.jpg,2017-01-02 09:51:42.988000,2017-06-01 05:09:02.287000
NYL000433,"Vanel, Clyde",Clyde,,Vanel,,,True,ny,lower,33,Democratic,http://assembly.state.ny.us/mem/pic/033.jpg,2017-01-02 09:51:42.993000,2017-06-01 05:09:02.283000
NYL000434,"Pheffer Amato, Stacey",Stacey,,Pheffer Amato,,,True,ny,lower,23,Democratic,http://assembly.state.ny.us/mem/pic/023.jpg,2017-01-02 09:51:43.075000,2017-06-01 05:09:02.256000
NYL000435,"Niou, Yuh-Line",Yuh-Line,,Niou,,,True,ny,lower,65,Democratic,http://assembly.state.ny.us/mem/pic/065.jpg,2017-01-02 09:51:43.109000,2017-06-01 05:09:02.251000
NYL000436,"Jones, Billy",Billy,,Jones,,,True,ny,lower,115,Democratic,http://assembly.state.ny.us/mem/pic/115.jpg,2017-01-02 09:51:43.267000,2017-06-01 05:09:02.176000
NYL000437,"Dickens, Inez",Inez,,Dickens,,,True,ny,lower,70,Democratic,http://assembly.state.ny.us/mem/pic/070.jpg,2017-01-02 09:51:43.336000,2017-06-01 05:09:02.142000
NYL000438,"Barnwell, Brian",Brian,,Barnwell,,,True,ny,lower,30,Democratic,http://assembly.state.ny.us/mem/pic/030.jpg,2017-01-02 09:51:43.353000,2017-06-01 05:09:02.105000
NYL000439,"Byrne, Kevin",Kevin,,Byrne,,,True,ny,lower,94,Republican,http://assembly.state.ny.us/mem/pic/094.jpg,2017-01-02 09:51:43.497000,2017-06-01 05:09:02.115000
NYL000440,"Miller, Brian",Brian,,Miller,,,True,ny,lower,101,Republican,http://assembly.state.ny.us/mem/pic/101.jpg,2017-01-02 09:51:43.503000,2017-06-01 05:09:02.244000
NYL000441,"Morinello, Angelo",Angelo,,Morinello,,,True,ny,lower,145,Republican,http://assembly.state.ny.us/mem/pic/145.jpg,2017-01-02 09:51:43.749000,2017-06-01 05:09:02.246000
NYL000442,"De La Rosa, Carmen",Carmen,,De La Rosa,,,True,ny,lower,72,Democratic,http://assembly.state.ny.us/mem/pic/072.jpg,2017-01-02 09:51:43.755000,2017-06-01 05:09:02.138000
NYL000443,"Miller, Melissa",Melissa,,Miller,,,True,ny,lower,20,Republican,http://assembly.state.ny.us/mem/pic/020.jpg,2017-01-02 09:51:43.893000,2017-06-01 05:09:02.245000
NYL000444,"Carroll, Robert",Robert,,Carroll,,,True,ny,lower,44,Democratic,http://assembly.state.ny.us/mem/pic/044.jpg,2017-01-02 09:51:43.912000,2017-06-01 05:09:02.118000
NYL000445,"Wright, Tremaine",Tremaine,,Wright,,,True,ny,lower,56,Democratic,http://assembly.state.ny.us/mem/pic/056.jpg,2017-01-02 09:51:44.142000,2017-06-01 05:09:02.298000
NYL000446,"Norris, Michael",Michael,,Norris,,,True,ny,lower,144,Republican,http://assembly.state.ny.us/mem/pic/144.jpg,2017-01-02 09:51:44.155000,2017-06-01 05:09:02.252000
NYL000447,"Walsh, Mary Beth",Mary Beth,,Walsh,,,True,ny,lower,112,Republican,http://assembly.state.ny.us/mem/pic/112.jpg,2017-01-02 09:51:44.216000,2017-06-01 05:09:02.289000
NYL000448,"Jenne, Addie",Addie,,Jenne,,,True,ny,lower,116,Democratic,http://assembly.state.ny.us/mem/pic/116.jpg,2017-01-02 09:51:44.222000,2017-06-01 05:09:02.174000
NYL000002,Joseph P Addabbo Jr.,Joseph,P,Addabbo,Jr.,,True,ny,upper,15,Democratic,https://www.nysenate.gov/sites/default/files/styles/160x160/public/%2802-11-13%29%20Addabbo-HS-051_0.jpg?itok=1LPpTXH6,2011-05-05 01:29:13.488000,2017-06-01 05:13:15.473000
NYL000004,Tony Avella,Tony,,Avella,,,True,ny,upper,11,Democratic,https://www.nysenate.gov/sites/default/files/styles/160x160/public/tonyavellahs_0.jpg?itok=ED7EqBi0,2011-05-05 01:29:13.492000,2017-06-01 05:13:15.267000
NYL000006,John J Bonacic,John,J,Bonacic,,,True,ny,upper,42,Republican,https://www.nysenate.gov/sites/default/files/styles/160x160/public/760x377-Bonacic_0.jpg?itok=UIZpLp2J,2011-05-05 01:29:13.496000,2017-06-01 05:13:15.415000
NYL000007,Neil D Breslin,Neil,D,Breslin,,,True,ny,upper,44,Democratic,https://www.nysenate.gov/sites/default/files/styles/160x160/public/07-20-11_breslin_-hs-032.jpg?itok=pQAaE17o,2011-05-05 01:29:13.498000,2017-06-01 05:13:15.321000
NYL000008,David Carlucci,David,,Carlucci,,,True,ny,upper,38,Democratic,https://www.nysenate.gov/sites/default/files/styles/160x160/public/%2812-07-10%29%20Carlucci-HS-028.jpg?itok=r6MWzwrR,2011-05-05 01:29:13.499000,2017-06-01 05:13:15.458000
NYL000009,John A DeFrancisco,John,A,DeFrancisco,,,True,ny,upper,50,Republican,https://www.nysenate.gov/sites/default/files/styles/160x160/public/02-06-17_defrancisco-hs-013.jpg?itok=6Pbzgg_d,2011-05-05 01:29:13.624000,2017-06-01 05:13:14.864000
NYL000010,Ruben Diaz,Ruben,,Diaz,,,True,ny,upper,32,Democratic,https://www.nysenate.gov/sites/default/files/styles/160x160/public/diazheadshotnolayerscroplores.jpg?itok=wBqJh-ei,2011-05-05 01:29:13.626000,2017-06-01 05:13:15.111000
NYL000011,Martin Malavé Dilan,Martin Malavé,,Dilan,,,True,ny,upper,18,Democratic,https://www.nysenate.gov/sites/default/files/styles/160x160/public/%2805-16-12%29%20Dilan-HS-010.jpg?itok=CtAxmUJ7,2011-05-05 01:29:13.628000,2017-06-01 05:13:15.355000
NYL000015,John J Flanagan,John,J,Flanagan,,,True,ny,upper,2,Republican,https://www.nysenate.gov/sites/default/files/styles/160x160/public/square.2015.senator%20flanagan%20headshot.jpg?itok=GU6jEu3I,2011-05-05 01:29:13.648000,2017-06-01 05:13:15.194000
NYL000017,Patrick M. Gallivan,Patrick M.,,Gallivan,,,True,ny,upper,59,Republican,https://www.nysenate.gov/sites/default/files/styles/160x160/public/09-15-16_gallivan-hs-012a.jpg?itok=wI-u7V-i,2011-05-05 01:29:13.651000,2017-06-01 05:13:15.383000
NYL000018,Michael Gianaris,Michael,,Gianaris,,,True,ny,upper,12,Democratic,https://www.nysenate.gov/sites/default/files/styles/160x160/public/2017-_headshot.jpg?itok=QFOtQUCS,2011-05-05 01:29:13.653000,2017-06-01 05:13:15.005000
NYL000019,Martin J Golden,Martin,J,Golden,,,True,ny,upper,22,Republican,https://www.nysenate.gov/sites/default/files/styles/160x160/public/%2802-05-07%29%20Golden-HS-008.jpg?itok=ogFQvvld,2011-05-05 01:29:13.655000,2017-06-01 05:13:15.467000
NYL000020,Joseph A Griffo,Joseph,A,Griffo,,,True,ny,upper,47,Republican,https://www.nysenate.gov/sites/default/files/styles/160x160/public/%2811-18-08%29%20Griffo-HS-020.jpg?itok=uAjbUe2F,2011-05-05 01:29:13.657000,2017-06-01 05:13:15.438000
NYL000022,Kemp Hannon,Kemp,,Hannon,,,True,ny,upper,6,Republican,https://www.nysenate.gov/sites/default/files/styles/160x160/public/061912_albany_session568-1.jpg?itok=QExmsg1x,2011-05-05 01:29:13.660000,2017-06-01 05:13:15.200000
NYL000026,Timothy Kennedy,Timothy M.,,Kennedy,,,True,ny,upper,63,Democratic,https://www.nysenate.gov/sites/default/files/styles/160x160/public/tk-sd63hs.jpg?itok=ezpY7Cdh,2011-05-05 01:29:13.668000,2017-06-01 05:13:15.367000
NYL000027,Jeffrey D Klein,Jeffrey,D,Klein,,,True,ny,upper,34,Democratic,https://www.nysenate.gov/sites/default/files/styles/160x160/public/%2802-04-13%29%20Klein-HS-001.jpg?itok=E7pDCrng,2011-05-05 01:29:13.669000,2017-06-01 05:09:02.323000
NYL000028,Liz Krueger,Liz,,Krueger,,,True,ny,upper,28,Democratic,https://www.nysenate.gov/sites/default/files/styles/160x160/public/%2803-05-09%29%20Liz%20Krueger8x10HS-002.jpg?itok=3Jk1A2QS,2011-05-05 01:29:13.671000,2017-06-01 05:13:15.262000
NYL000030,Andrew J Lanza,Andrew,J,Lanza,,,True,ny,upper,24,Republican,https://www.nysenate.gov/sites/default/files/styles/160x160/public/%2801-23-07%29%20Lanza-HS-029-8x10.jpg?itok=cXRljsMa,2011-05-05 01:29:13.685000,2017-06-01 05:09:02.082000
NYL000031,William J Larkin Jr.,William,J,Larkin,Jr.,,True,ny,upper,39,Republican,https://www.nysenate.gov/sites/default/files/styles/160x160/public/03-03-15_39-06_0009_0.jpg?itok=YAcEcLYt,2011-05-05 01:29:13.687000,2017-06-01 05:13:15.444000
NYL000032,Kenneth P LaValle,Kenneth,P.,LaValle,,,True,ny,upper,1,Republican,https://www.nysenate.gov/sites/default/files/styles/160x160/public/lavalle.jpg?itok=lqlJF1U-,2011-05-05 01:29:13.688000,2017-06-01 05:13:15.343000
NYL000034,Elizabeth Little,Betty,,Little,,,True,ny,upper,45,Republican,https://www.nysenate.gov/sites/default/files/styles/160x160/public/24Little.jpg?itok=kdKQZsPC,2011-05-05 01:29:13.692000,2017-06-01 05:13:15.386000
NYL000035,Carl L Marcellino,Carl,L,Marcellino,,,True,ny,upper,5,Republican,https://www.nysenate.gov/sites/default/files/styles/160x160/public/%2801-30-07%29%20Marcellion-HS-29-Ret.jpg?itok=IUcSLb_j,2011-05-05 01:29:13.694000,2017-06-01 05:13:15.207000
NYL000039,Velmanette Montgomery,Velmanette,,Montgomery,,,True,ny,upper,25,Democratic,https://www.nysenate.gov/sites/default/files/styles/160x160/public/facebook_headshot_2_copy.png?itok=rUcqWlAX,2011-05-05 01:29:13.731000,2017-06-01 05:13:15.393000
NYL000041,Thomas F O'Mara,Thomas,F,O'Mara,,,True,ny,upper,58,Republican,https://www.nysenate.gov/sites/default/files/styles/160x160/public/02-10-15_official_hs_omara-hs-040.jpg?itok=U2FyZimr,2011-05-05 01:29:13.734000,2017-06-01 05:13:15.341000
NYL000043,Kevin S Parker,Kevin,S,Parker,,,True,ny,upper,21,Democratic,https://www.nysenate.gov/sites/default/files/styles/160x160/public/03-12-15_500-32-0013.jpg?itok=jeBg0LG2,2011-05-05 01:29:13.738000,2017-06-01 05:13:15.333000
NYL000044,José Peralta,Jose,,Peralta,,,True,ny,upper,13,Democratic,https://www.nysenate.gov/sites/default/files/styles/160x160/public/760x377-Peralta_1.jpg?itok=piruqTRQ,2011-05-05 01:29:13.740000,2017-06-01 05:13:15.067000
NYL000046,Michael H Ranzenhofer,Michael,H,Ranzenhofer,,,True,ny,upper,61,Republican,https://www.nysenate.gov/sites/default/files/styles/160x160/public/%2801-26-09%29%20Ranzenhofer-HS-019.jpg?itok=zfur-3oO,2011-05-05 01:29:13.743000,2017-06-01 05:13:15.425000
NYL000047,Patty Ritchie,Patty,,Ritchie,,,True,ny,upper,48,Republican,https://www.nysenate.gov/sites/default/files/styles/160x160/public/%2801-25-11%29%20Richie-HS-055.jpg?itok=qdCfWGcD,2011-05-05 01:29:13.745000,2017-06-01 05:13:15.378000
NYL000048,Gustavo Rivera,Gustavo,,Rivera,,,True,ny,upper,33,Democratic,https://www.nysenate.gov/sites/default/files/styles/160x160/public/%2801-29-14%29%20Rivera-HS-%20009.jpg?itok=C9Q_AhW1,2011-05-05 01:29:13.747000,2017-06-01 05:13:15.396000
NYL000049,Joseph E Robach,Joseph,E,Robach,,,True,ny,upper,56,Republican,https://www.nysenate.gov/sites/default/files/styles/160x160/public/senate_headshot.jpg?itok=0vxABuuV,2011-05-05 01:29:13.749000,2017-06-01 05:13:15.352000
NYL000052,Diane J Savino,Diane,J,Savino,,,True,ny,upper,23,Democratic,https://www.nysenate.gov/sites/default/files/styles/160x160/public/hs.jpg?itok=1a3w_6Y_,2011-05-05 01:29:13.754000,2017-06-01 05:13:15.325000
NYL000053,Jose M Serrano,Jose,M,Serrano,,,True,ny,upper,29,Democratic,https://www.nysenate.gov/sites/default/files/styles/160x160/public/%2802-11-13%29%20Serrano-HS-028RET.jpg?itok=uqH5hbSa,2011-05-05 01:29:13.756000,2017-06-01 05:13:14.935000
NYL000054,James L Seward,James,L,Seward,,,True,ny,upper,51,Republican,https://www.nysenate.gov/sites/default/files/styles/160x160/public/%2811-18-08%29%20Seward-HS-050.jpg?itok=lmurNftH,2011-05-05 01:29:13.758000,2017-06-01 05:13:15.338000
NYL000057,Daniel L Squadron,Daniel,L,Squadron,,,True,ny,upper,26,Democratic,https://www.nysenate.gov/sites/default/files/styles/160x160/public/website_photo2.jpg?itok=ILt4tKbS,2011-05-05 01:29:13.764000,2017-06-01 05:13:15.295000
NYL000058,Toby Ann Stavisky,Toby Ann,,Stavisky,,,True,ny,upper,16,Democratic,https://www.nysenate.gov/sites/default/files/styles/160x160/public/%2802-09-09%29%20Stavisky-HS-034-ret.jpg?itok=qAQeW4pv,2011-05-05 01:29:13.765000,2017-06-01 05:13:15.059000
NYL000059,Andrea Stewart-Cousins,Andrea,,Stewart-Cousins,,,True,ny,upper,35,Democratic,https://www.nysenate.gov/sites/default/files/styles/160x160/public/asc_headshot.jpg?itok=6c215OQi,2011-05-05 01:29:13.767000,2017-06-01 05:13:14.885000
NYL000060,David J Valesky,David,J,Valesky,,,True,ny,upper,53,Democratic,https://www.nysenate.gov/sites/default/files/styles/160x160/public/official_head_shot_with_flag.jpg?itok=Pu_fpStk,2011-05-05 01:29:13.769000,2017-06-01 05:13:15.436000
NYL000061,Catharine Young,Catharine,,Young,,,True,ny,upper,57,Republican,https://www.nysenate.gov/sites/default/files/styles/160x160/public/young%20headshot-ret.jpg?itok=MT3q_K-R,2011-05-05 01:29:13.771000,2017-06-01 05:13:15.202000
NYL000065,George Amedore,George A.,,Amedore,Jr.,,True,ny,upper,46,Republican,https://www.nysenate.gov/sites/default/files/styles/160x160/public/%2811-17-14%29%20Amedore-045.jpg?itok=o18bikEC,2011-05-05 01:29:13.778000,2017-06-01 05:13:15.452000
NYL000074,Philip Boyle,Phil,,Boyle,,,True,ny,upper,4,Republican,https://www.nysenate.gov/sites/default/files/styles/160x160/public/1366x1020-Boyle_0.jpg?itok=KDrU2fzr,2011-05-05 01:29:13.793000,2017-06-01 05:13:15.433000
NYL000136,George Latimer,George,,Latimer,,,True,ny,upper,37,Democratic,https://www.nysenate.gov/sites/default/files/styles/160x160/public/gl_2.jpg?itok=-uO0ETEl,2011-05-05 01:29:14.005000,2017-06-01 05:13:15.422000
NYL000229,Simcha Felder,Simcha,,Felder,,,True,ny,upper,17,Democratic,https://www.nysenate.gov/sites/default/files/styles/160x160/public/%2812-11-12%29%20Felder-HS-012.jpg?itok=7Ko2HjHh,2013-01-04 10:24:15.279000,2017-06-01 05:13:15.476000
NYL000231,Brad Hoylman,Brad,,Hoylman,,,True,ny,upper,27,Democratic,https://www.nysenate.gov/sites/default/files/styles/160x160/public/bh_headshot.jpg?itok=HaIgi279,2013-01-04 10:24:15.354000,2017-06-01 05:13:15.404000
NYL000235,Kathleen A. Marchione,Kathleen,A.,Marchione,,,True,ny,upper,43,Republican,https://www.nysenate.gov/sites/default/files/styles/160x160/public/%2812-11-12%29%20Marchione-HS-015RET.jpg?itok=ZeEfpzO4,2013-01-04 10:24:15.479000,2017-06-01 05:13:15.449000
NYL000239,James Sanders,James,,Sanders,Jr.,,True,ny,upper,10,Democratic,https://www.nysenate.gov/sites/default/files/styles/160x160/public/%2812-10-12%29%20Sanders-HS-010.jpg?itok=C6aFck7O,2013-01-04 10:24:15.595000,2017-06-01 05:13:15.461000
NYL000329,Jesse Hamilton,Jesse,,Hamilton,,,True,ny,upper,20,Democratic,https://www.nysenate.gov/sites/default/files/styles/160x160/public/%2801-07-15%29%20Hamilton-HS-0025rt.jpg?itok=YcDm9FFN,2015-01-06 23:58:18.956000,2017-06-01 05:13:15.391000
NYL000333,Robert G. Ortt,Robert G.,,Ortt,,,True,ny,upper,62,Republican,https://www.nysenate.gov/sites/default/files/styles/160x160/public/%2803-19-15%29%20Ortt-HS-057.jpg?itok=ovaldghH,2015-01-06 23:58:19.151000,2017-06-01 05:13:15.465000
NYL000340,Sue Serino,Sue,,Serino,,,True,ny,upper,41,Republican,https://www.nysenate.gov/sites/default/files/styles/160x160/public/%2811-17-14%29%20Serino-075.jpg?itok=N9fWozn4,2015-01-06 23:58:19.766000,2017-06-01 05:13:15.330000
NYL000343,Thomas D. Croci,Thomas D.,,Croci,,,True,ny,upper,3,Republican,https://www.nysenate.gov/sites/default/files/styles/160x160/public/%2811-17-14%29%20Croci-030.jpg?itok=IETjEztE,2015-01-06 23:58:19.876000,2017-06-01 05:13:15.447000
NYL000350,Leroy Comrie,Leroy,,Comrie,,,True,ny,upper,14,Democratic,https://www.nysenate.gov/sites/default/files/styles/160x160/public/%2801-12-15%29%20Comrie-HS-079.jpg?itok=jDSnGnNI,2015-01-06 23:58:20.221000,2017-06-01 05:13:15.463000
NYL000351,Terrence Murphy,Terrence,,Murphy,,,True,ny,upper,40,Republican,https://www.nysenate.gov/sites/default/files/styles/160x160/public/new_york_state_senator_terrence_p._murphy.jpg?itok=ElSviRUt,2015-01-06 23:58:20.255000,2017-06-01 05:13:15.323000
NYL000352,Roxanne J. Persaud,Roxanne J.,,Persaud,,,True,ny,upper,19,Democratic,https://www.nysenate.gov/sites/default/files/styles/160x160/public/11-30-15_persaud-hs-013_0.jpg?itok=hzTS8H5T,2015-01-06 23:58:20.294000,2017-06-01 05:13:15.239000
NYL000353,Rich Funke,Rich,,Funke,,,True,ny,upper,55,Republican,https://www.nysenate.gov/sites/default/files/styles/160x160/public/%2811-17-14%29%20Funke-015.jpg?itok=onVX5KQp,2015-01-06 23:58:20.381000,2017-06-01 05:13:14.830000
NYL000419,Fred Akshar,Fred,,Akshar,,,True,ny,upper,52,Republican,https://www.nysenate.gov/sites/default/files/styles/160x160/public/official_akshar_headshot_-_fixed_2.jpg?itok=-CaLMEKo,2015-11-21 15:30:48.485000,2017-06-01 05:13:15.418000
NYL000424,Todd Kaminsky,Todd,,Kaminsky,,,True,ny,upper,9,Democratic,https://www.nysenate.gov/sites/default/files/styles/160x160/public/tk-newheadshot.jpg?itok=Egd8bOpE,2016-05-05 07:11:33.785000,2017-06-01 05:13:15.470000
NYL000449,Elaine Phillips,Elaine,,Phillips,,,True,ny,upper,7,Republican,https://www.nysenate.gov/sites/default/files/styles/160x160/public/senator_elaine_phillips.jpg?itok=HFnLPcEc,2017-01-03 05:08:01.154000,2017-06-01 05:13:15.365000
NYL000450,Marisol Alcantara,Marisol,,Alcantara,,,True,ny,upper,31,Democratic,https://www.nysenate.gov/sites/default/files/styles/160x160/public/marisol_alcantara.jpg?itok=NsyftGXk,2017-01-03 05:08:01.165000,2017-06-01 05:13:15.362000
NYL000451,John E. Brooks,John E.,,Brooks,,,True,ny,upper,8,Democratic,https://www.nysenate.gov/sites/default/files/styles/160x160/public/jb_headshot_3.jpg?itok=MRLN2s2d,2017-01-03 05:08:01.263000,2017-06-01 05:13:15.313000
NYL000452,Chris Jacobs,Chris,,Jacobs,,,True,ny,upper,60,Republican,https://www.nysenate.gov/sites/default/files/styles/160x160/public/chris-jacobs.jpg?itok=jyWBxlnN,2017-01-03 05:08:01.345000,2017-06-01 05:13:15.455000
NYL000453,Jamaal Bailey,Jamaal,,Bailey,,,True,ny,upper,36,Democratic,https://www.nysenate.gov/sites/default/files/styles/160x160/public/hs-senatorbailey_0.jpg?itok=m2it9dQX,2017-01-03 05:08:01.383000,2017-06-01 05:13:15.380000
NYL000454,Pamela Helming,Pamela,,Helming,,,True,ny,upper,54,Republican,https://www.nysenate.gov/sites/default/files/styles/160x160/public/01-03-17_helming-hs-018_0.jpg?itok=CxV5SE5Z,2017-01-03 05:08:01.540000,2017-06-01 05:13:15.388000
NYL000455,James Tedisco,James,,Tedisco,,,True,ny,upper,49,Republican,https://www.nysenate.gov/sites/default/files/styles/160x160/public/official_tedisco-hs.jpg?itok=tfsnmXHc,2017-01-03 05:08:01.561000,2017-06-01 05:13:15.401000
NYL000459,Andrew J. Lanza,Andrew J.,,Lanza,,,True,ny,upper,24,Republican,https://www.nysenate.gov/sites/default/files/styles/160x160/public/%2801-23-07%29%20Lanza-HS-029-8x10.jpg?itok=cXRljsMa,2017-05-25 07:29:30.399000,2017-06-01 05:09:02.300000
